[
    {
        "qa_idx": 0,
        "qa_task": "character-understanding",
        "question": "What is the main visual element in the frame at 941.0 seconds into the video?",
        "options": [
            "A. A close-up view of a textured, reddish-brown surface.",
            "B. A wide shot of a landscape.",
            "C. A close-up view of a person's face.",
            "D. A detailed view of a mechanical object."
        ],
        "answer": "A",
        "qa_level": "frame",
        "qa_type": "mcqa",
        "old_answer": "A"
    },
    {
        "qa_idx": 1,
        "qa_type": "qa",
        "qa_level": "frame",
        "qa_task": "object understanding",
        "question": "Is the rodent holding two colorful slug-like creatures in the video frame at 1465.0 seconds?",
        "answer": "Yes",
        "old_answer": "Yes"
    },
    {
        "qa_idx": 2,
        "qa_task": "character-understanding",
        "question": "What is the main feature of the scene at 1528.0 seconds into the video?",
        "options": [
            "A. A single, well-defined flower with delicate pink petals.",
            "B. A group of animals playing.",
            "C. A bustling cityscape.",
            "D. A person performing a dance."
        ],
        "answer": "A",
        "qa_level": "frame",
        "qa_type": "mcqa",
        "old_answer": "A"
    },
    {
        "qa_idx": 3,
        "qa_task": "descriptive-scene",
        "question": "Where is the animated vegetable character located at 964.0 seconds into the video?",
        "options": [
            "A. In a daytime rural setting.",
            "B. In a nighttime urban setting.",
            "C. In a brightly lit kitchen.",
            "D. In a forest."
        ],
        "answer": "B",
        "qa_level": "frame",
        "qa_type": "mcqa",
        "old_answer": "B"
    },
    {
        "qa_idx": 4,
        "qa_type": "qa",
        "qa_level": "within_event",
        "qa_task": "character-understanding",
        "question": "Was there a character resembling a brown worm wearing a headband and pink scarf emerging from the ground at the beginning of the sequence from 2192.0 to 2227.0 seconds?",
        "answer": "Yes",
        "old_answer": "Yes"
    },
    {
        "qa_idx": 5,
        "qa_task": "object understanding",
        "question": "What is the animated character holding at 1534.0 seconds into the video?",
        "options": [
            "A. A green tea packet.",
            "B. A white bottle cap.",
            "C. A red worm.",
            "D. A dragon illustration."
        ],
        "answer": "B",
        "qa_level": "frame",
        "qa_type": "mcqa",
        "old_answer": "B"
    },
    {
        "qa_idx": 8,
        "qa_type": "qa",
        "qa_level": "long_term",
        "qa_task": "object understanding",
        "question": "Is there a toy pirate-themed barrel present in the video from 14.0 to 2245.0 seconds?",
        "answer": "Yes",
        "old_answer": "Yes"
    },
    {
        "qa_idx": 9,
        "qa_task": "speed",
        "question": "Between the blue ball and the purple creature, which one is moving faster from 1782.0 to 1817.0 seconds?",
        "options": [
            "A. The blue ball.",
            "B. The purple creature.",
            "C. Both are moving at the same speed.",
            "D. None of the above."
        ],
        "answer": "B",
        "qa_level": "within_event",
        "qa_type": "mcqa",
        "old_answer": "B"
    },
    {
        "qa_idx": 10,
        "qa_task": "attribute-change",
        "question": "How does the scene change from the beginning to the end of the event from 415.0 to 475.0 seconds?",
        "options": [
            "A. The scene changes from a domestic kitchen setting to a playful and animated environment.",
            "B. The scene changes from a dark and gloomy setting to a brightly lit kitchen.",
            "C. The scene changes from an outdoor garden to an indoor kitchen.",
            "D. The scene changes from a living room to a storage area."
        ],
        "answer": "A",
        "qa_level": "cross_event",
        "qa_type": "mcqa",
        "old_answer": "A"
    },
    {
        "qa_idx": 11,
        "qa_task": "causal",
        "question": "Why does the scene transition from an urban cityscape to an underwater setting in the video event from 699.0 to 764.0 seconds?",
        "options": [
            "A. To depict a change in the environment and introduce new elements.",
            "B. To show the characters moving to a different location.",
            "C. To highlight the contrast between urban and underwater settings.",
            "D. To indicate a passage of time and change in the storyline."
        ],
        "answer": "A",
        "qa_level": "cross_event",
        "qa_type": "mcqa",
        "old_answer": "A"
    },
    {
        "qa_idx": 12,
        "qa_task": "spatial-relationship",
        "question": "Where is the yellow caterpillar-like creature with orange stripes located in the video from 14.0 to 2245.0 seconds?",
        "options": [
            "A. On a frozen, cracked ice surface.",
            "B. On a wooden surface.",
            "C. In a garden with large flowers.",
            "D. On a paved surface."
        ],
        "answer": "A",
        "qa_level": "long_term",
        "qa_type": "mcqa",
        "old_answer": "A"
    },
    {
        "qa_idx": 13,
        "qa_task": "descriptive-scene",
        "question": "Where do the animated characters interact with objects such as toys and sticks from 14.0 to 2245.0 seconds?",
        "options": [
            "A. In a snowy outdoor setting.",
            "B. In a sunny beach setting.",
            "C. In a desert setting.",
            "D. In a forest setting."
        ],
        "answer": "A",
        "qa_level": "long_term",
        "qa_type": "mcqa",
        "old_answer": "A"
    },
    {
        "qa_idx": 15,
        "qa_task": "camera-direction",
        "question": "How does the camera move in the video from 14.0 to 2245.0 seconds?",
        "options": [
            "A. The camera moves closer to the characters and objects.",
            "B. The camera moves away from the characters and objects.",
            "C. The camera remains static throughout the video.",
            "D. The camera moves around the characters and objects."
        ],
        "answer": "A",
        "qa_level": "long_term",
        "qa_type": "mcqa",
        "old_answer": "A"
    },
    {
        "qa_idx": 16,
        "qa_task": "speed",
        "question": "Which character moves faster in the video from 14.0 to 2245.0 seconds, the yellow caterpillar-like creature or the red and yellow-striped character?",
        "options": [
            "A. The yellow caterpillar-like creature.",
            "B. The red and yellow-striped character.",
            "C. Both move at the same speed.",
            "D. None of the above."
        ],
        "answer": "B",
        "qa_level": "long_term",
        "qa_type": "mcqa",
        "old_answer": "B"
    },
    {
        "qa_idx": 17,
        "qa_task": "attribute-change",
        "question": "How does the environment change from the beginning to the end of the video from 14.0 to 2245.0 seconds?",
        "options": [
            "A. The environment changes from a snowy, icy outdoor setting to a cluttered, urban indoor setting.",
            "B. The environment changes from a sunny, beach setting to a rainy, garden setting.",
            "C. The environment changes from a desert setting to a lush, forest setting.",
            "D. The environment changes from a mountainous setting to a coastal setting."
        ],
        "answer": "A",
        "qa_level": "long_term",
        "qa_type": "mcqa",
        "old_answer": "A"
    },
    {
        "qa_idx": 18,
        "qa_task": "time-order",
        "question": "In which order do the events occur in the video from 14.0 to 2245.0 seconds?",
        "options": [
            "A. The video starts with an urban winter scene, transitions to animated characters interacting on icy terrain, then moves to a serene winter landscape with a swimming pool, followed by a circular stone fountain, and ends with a stylized cityscape featuring the Statue of Liberty.",
            "B. The video starts with a stylized cityscape featuring the Statue of Liberty, transitions to animated characters interacting on icy terrain, then moves to a serene winter landscape with a swimming pool, followed by a circular stone fountain, and ends with an urban winter scene.",
            "C. The video starts with a serene winter landscape with a swimming pool, transitions to animated characters interacting on icy terrain, then moves to a circular stone fountain, followed by a stylized cityscape featuring the Statue of Liberty, and ends with an urban winter scene.",
            "D. The video starts with a circular stone fountain, transitions to animated characters interacting on icy terrain, then moves to a serene winter landscape with a swimming pool, followed by a stylized cityscape featuring the Statue of Liberty, and ends with an urban winter scene."
        ],
        "answer": "A",
        "qa_level": "long_term",
        "qa_type": "mcqa",
        "old_answer": "A"
    },
    {
        "qa_idx": 19,
        "qa_task": "descriptive-scene",
        "question": "What is the primary setting of the video from 14.0 to 2245.0 seconds?",
        "options": [
            "A. A bustling urban winter scene with animated characters and snowy backdrops.",
            "B. A serene beach with animated sea creatures.",
            "C. A dense forest with animated animals.",
            "D. A desert with animated cacti and sand dunes."
        ],
        "answer": "A",
        "qa_level": "long_term",
        "qa_type": "mcqa",
        "old_answer": "A"
    }
]