[
    {
        "qa_idx": 0,
        "qa_type": "qa",
        "qa_level": "frame",
        "qa_task": "object understanding",
        "question": "Is there a pink kettle on the kitchen counter in the video frame at 1298.0 seconds?",
        "answer": "Yes",
        "old_answer": "Yes"
    },
    {
        "qa_idx": 2,
        "qa_type": "qa",
        "qa_level": "within_event",
        "qa_task": "action-understanding",
        "question": "In the video segment from 186.0 to 322.0 seconds, does the girl in the blue top and skirt perform a dance routine near the building?",
        "answer": "No",
        "old_answer": "No"
    },
    {
        "qa_idx": 3,
        "qa_type": "qa",
        "qa_level": "within_event",
        "qa_task": "action-understanding",
        "question": "Between 400.0 and 464.0 seconds, does the woman place the wooden tray on a table and start painting the framed painting?",
        "answer": "No",
        "old_answer": "No"
    },
    {
        "qa_idx": 4,
        "qa_type": "qa",
        "qa_level": "cross_event",
        "qa_task": "object understanding",
        "question": "Is there a framed painting in the background in both events from 394.0 to 399.0 and 400.0 to 464.0 seconds?",
        "answer": "Yes",
        "old_answer": "Yes"
    },
    {
        "qa_idx": 5,
        "qa_type": "qa",
        "qa_level": "long_term",
        "qa_task": "character-understanding",
        "question": "Does the video feature multiple women in various indoor and outdoor settings from 8.0 to 2584.0 seconds?",
        "answer": "Yes",
        "old_answer": "Yes"
    },
    {
        "qa_idx": 6,
        "qa_task": "camera-direction",
        "question": "During the video event from 1680.0 to 1723.0 seconds, how does the camera movement change when focusing on the individuals?",
        "options": [
            "A. The camera remains static throughout the scene.",
            "B. The camera alternates between close-ups of individuals and broader views of the environment.",
            "C. The camera only focuses on the broader views of the environment.",
            "D. The camera only focuses on close-ups of the individuals."
        ],
        "answer": "B",
        "qa_level": "within_event",
        "qa_type": "mcqa",
        "old_answer": "B"
    },
    {
        "qa_idx": 8,
        "qa_task": "time-order",
        "question": "In which order do the events occur in the video from 8.0 to 2584.0 seconds?",
        "options": [
            "A. The video begins with a text disclaimer in Indonesian, followed by a logo display, and then transitions to an outdoor environment where a man is carrying another person.",
            "B. The video begins with a woman holding a wooden tray, followed by a scene with a girl standing in a twilight outdoor setting near a building, and then transitions to a man wearing a necklace in an indoor setting.",
            "C. The video begins with a woman in a red outfit, followed by a scene with a woman in a flowing white garment, and then transitions to a man in a striped shirt conversing on a mobile phone.",
            "D. The video begins with a centered advertisement for 'Amidis,' followed by a scene with a man in a red shirt, and then transitions to a woman in a detailed outfit with jewelry."
        ],
        "answer": "A",
        "qa_level": "long_term",
        "qa_type": "mcqa",
        "old_answer": "A"
    },
    {
        "qa_idx": 10,
        "qa_task": "speed",
        "question": "Which character is depicted moving faster in the video between 8.0 and 2584.0 seconds?",
        "options": [
            "A. The man in a multicolored plaid shirt indoors.",
            "B. The woman in a red dress standing outdoors with a bicycle.",
            "C. The girl standing in a twilight outdoor setting near a building.",
            "D. The man in a light-colored shirt and beaded necklace indoors."
        ],
        "answer": "B",
        "qa_level": "long_term",
        "qa_type": "mcqa",
        "old_answer": "B"
    },
    {
        "qa_idx": 11,
        "qa_task": "attribute-change",
        "question": "How does the setting change from the beginning to the end of the video from 8.0 to 2584.0 seconds?",
        "options": [
            "A. From an outdoor environment to a nighttime indoor setting.",
            "B. From a daytime outdoor setting to a nighttime outdoor setting.",
            "C. From an indoor setting to a medical setting.",
            "D. From a formal indoor setting to a casual indoor setting."
        ],
        "answer": "A",
        "qa_level": "long_term",
        "qa_type": "mcqa",
        "old_answer": "A"
    },
    {
        "qa_idx": 12,
        "qa_task": "object understanding",
        "question": "What kind of objects are seen in the indoor settings throughout the video from 8.0 to 2584.0 seconds?",
        "options": [
            "A. Vases, lamps, and framed pictures.",
            "B. Sports equipment and trophies.",
            "C. Musical instruments and speakers.",
            "D. Kitchen utensils and appliances."
        ],
        "answer": "A",
        "qa_level": "long_term",
        "qa_type": "mcqa",
        "old_answer": "A"
    }
]