[
    {
        "qa_idx": 0,
        "qa_type": "qa",
        "qa_level": "frame",
        "qa_task": "character-understanding",
        "question": "Is there a person silhouetted against the brightly lit background at the 511.0-second mark?",
        "answer": "Yes",
        "old_answer": "Yes"
    },
    {
        "qa_idx": 2,
        "qa_type": "qa",
        "qa_level": "frame",
        "qa_task": "character-understanding",
        "question": "Is one of the individuals holding a child on their lap at 1398.0 seconds?",
        "answer": "Yes",
        "old_answer": "Yes"
    },
    {
        "qa_idx": 3,
        "qa_task": "character-understanding",
        "question": "What is the girl doing on the stage at 652.0 seconds into the video?",
        "options": [
            "A. Dancing.",
            "B. Singing.",
            "C. Acting.",
            "D. Giving a speech."
        ],
        "answer": "B",
        "qa_level": "frame",
        "qa_type": "mcqa",
        "old_answer": "B"
    },
    {
        "qa_idx": 4,
        "qa_type": "qa",
        "qa_level": "within_event",
        "qa_task": "plot-understanding",
        "question": "Does the scene transition from an intimate setting to a lively social setting between 2236.0 seconds and 2265.0 seconds?",
        "answer": "Yes",
        "old_answer": "Yes"
    },
    {
        "qa_idx": 5,
        "qa_type": "qa",
        "qa_level": "within_event",
        "qa_task": "action-understanding",
        "question": "During the concert from 1033.0 to 1097.0 seconds, do the performers on stage start painting a mural on the backdrop?",
        "answer": "No",
        "old_answer": "No"
    },
    {
        "qa_idx": 7,
        "qa_type": "qa",
        "qa_level": "cross_event",
        "qa_task": "camera-direction",
        "question": "From the time of 1945.0 to 2002.0 and 2029.0 to 2058.0, does the camera focus on the central figures and their interactions with the audience during the concert performances?",
        "answer": "Yes",
        "old_answer": "Yes"
    },
    {
        "qa_idx": 8,
        "qa_task": "attribute-change",
        "question": "How does the lighting in the room change from 1234.0 seconds to 1256.0 seconds?",
        "options": [
            "A. The room becomes darker.",
            "B. The room becomes brighter.",
            "C. The lighting remains the same.",
            "D. The room changes from well-lit to dimly lit."
        ],
        "answer": "D",
        "qa_level": "within_event",
        "qa_type": "mcqa",
        "old_answer": "D"
    },
    {
        "qa_idx": 10,
        "qa_type": "qa",
        "qa_level": "long_term",
        "qa_task": "action-understanding",
        "question": "During the concert scenes from 851.0 to 1029.0 seconds, did the performers engage in a cooking demonstration on stage?",
        "answer": "No",
        "old_answer": "No"
    },
    {
        "qa_idx": 12,
        "qa_task": "camera-direction",
        "question": "Does the camera shift focus to a central girl in front of a microphone during the video event from 676.0 to 703.0 seconds?",
        "options": [
            "A. Yes, the camera shifts focus to a central girl in front of a microphone.",
            "B. No, the camera remains focused on the entire stage.",
            "C. The camera shifts focus to the audience.",
            "D. The camera shifts focus to the band members."
        ],
        "answer": "A",
        "qa_level": "within_event",
        "qa_type": "mcqa",
        "old_answer": "A"
    },
    {
        "qa_idx": 14,
        "qa_task": "temporal-relationship",
        "question": "What happens immediately after the scene from 965.0 to 1029.0 seconds in the video?",
        "options": [
            "A. The central performer leaves the stage.",
            "B. The audience starts to leave the concert venue.",
            "C. The focus shifts to a side view of a woman illuminated by focused light, wearing an earpiece.",
            "D. The concert ends and the lights go out."
        ],
        "answer": "C",
        "qa_level": "cross_event",
        "qa_type": "mcqa",
        "old_answer": "C"
    },
    {
        "qa_idx": 15,
        "qa_task": "spatial-relationship",
        "question": "Where were the three individuals seated closely together at the beginning and end of the video?",
        "options": [
            "A. On a bed.",
            "B. On a couch.",
            "C. On a stage.",
            "D. In a car."
        ],
        "answer": "A",
        "qa_level": "long_term",
        "qa_type": "mcqa",
        "old_answer": "A"
    },
    {
        "qa_idx": 19,
        "qa_task": "speed",
        "question": "Which event occurs faster, the intimate indoor discussion or the vibrant concert performance?",
        "options": [
            "A. The intimate indoor discussion.",
            "B. The vibrant concert performance.",
            "C. Both events occur at the same speed.",
            "D. None of the above."
        ],
        "answer": "B",
        "qa_level": "long_term",
        "qa_type": "mcqa",
        "old_answer": "B"
    },
    {
        "qa_idx": 22,
        "qa_task": "descriptive-scene",
        "question": "Where does the event transition from a large public gathering to a more intimate setting?",
        "options": [
            "A. From a concert to a bedroom.",
            "B. From a park to a living room.",
            "C. From a beach to a kitchen.",
            "D. From a theater to a garden."
        ],
        "answer": "A",
        "qa_level": "long_term",
        "qa_type": "mcqa",
        "old_answer": "A"
    }
]