[
    {
        "qa_idx": 1,
        "qa_type": "qa",
        "qa_level": "frame",
        "qa_task": "object understanding",
        "question": "Is there a tall, rounded, arched structure with an opening to the right of the characters at 859.0 seconds into the video?",
        "answer": "Yes",
        "old_answer": "Yes"
    },
    {
        "qa_idx": 2,
        "qa_task": "spatial-relationship",
        "question": "What is prominently rising into the sky in the background at 1994.0 seconds?",
        "options": [
            "A. Skyscrapers.",
            "B. Palm trees.",
            "C. Mountains.",
            "D. Wind turbines."
        ],
        "answer": "B",
        "qa_level": "frame",
        "qa_type": "mcqa",
        "old_answer": "B"
    },
    {
        "qa_idx": 3,
        "qa_type": "qa",
        "qa_level": "within_event",
        "qa_task": "object understanding",
        "question": "Is there a pink cartoon dog lying on its back in the beginning of the video event from 769.0 to 872.0 seconds?",
        "answer": "Yes",
        "old_answer": "Yes"
    },
    {
        "qa_idx": 4,
        "qa_type": "qa",
        "qa_level": "within_event",
        "qa_task": "camera-direction",
        "question": "Does the camera remain stationary while the three anthropomorphic cartoon mice peek over the sandy hill from 873.0 to 930.0 seconds?",
        "answer": "No",
        "old_answer": "No"
    },
    {
        "qa_idx": 5,
        "qa_type": "qa",
        "qa_level": "cross_event",
        "qa_task": "plot-understanding",
        "question": "Do both video events feature animated characters engaging in high-speed activities in outdoor settings from the time of 1918.0 to 1955.0 and 1965.0 to 2032.0?",
        "answer": "Yes",
        "old_answer": "Yes"
    },
    {
        "qa_idx": 6,
        "qa_type": "qa",
        "qa_level": "long_term",
        "qa_task": "character-understanding",
        "question": "Did the pink dog character interact with other characters in both indoor and outdoor settings throughout the video from 1.0 to 2576.0 seconds?",
        "answer": "Yes",
        "old_answer": "Yes"
    },
    {
        "qa_idx": 7,
        "qa_task": "speed",
        "question": "Between 2305.0 and 2369.0 seconds, which character appears to be moving with a sense of urgency or conflict?",
        "options": [
            "A. The green bear-like character wearing a military cap.",
            "B. The pink character interacting with a striped barrier.",
            "C. The smaller red dog-like character.",
            "D. The beaver-like character in a green uniform."
        ],
        "answer": "B",
        "qa_level": "within_event",
        "qa_type": "mcqa",
        "old_answer": "B"
    },
    {
        "qa_idx": 8,
        "qa_task": "character-understanding",
        "question": "What are the main actions of the characters in the video from 708.0 to 768.0 seconds and H to e seconds?",
        "options": [
            "A. The pink animated dog-like character is holding a remote control and two pink hands emerge from the ground, while three animated characters reminiscent of mice are seated around a bowl of chips and a large remote control.",
            "B. The pink animated dog-like character is running around the grassy area, while three animated characters reminiscent of mice are playing outside.",
            "C. The pink animated dog-like character is sleeping on the grass, while three animated characters reminiscent of mice are cooking in the kitchen.",
            "D. The pink animated dog-like character is flying in the sky, while three animated characters reminiscent of mice are dancing in the living room."
        ],
        "answer": "A",
        "qa_level": "cross_event",
        "qa_type": "mcqa",
        "old_answer": "A"
    },
    {
        "qa_idx": 9,
        "qa_task": "speed",
        "question": "Between the time of 936.0 to 999.0 seconds and H to e seconds, which character's speed of activity is most likely to be faster?",
        "options": [
            "A. The pink anthropomorphic dog.",
            "B. The red, blob-like creature.",
            "C. The smaller animated rat.",
            "D. The small gray rodent."
        ],
        "answer": "C",
        "qa_level": "cross_event",
        "qa_type": "mcqa",
        "old_answer": "C"
    },
    {
        "qa_idx": 10,
        "qa_task": "time-order",
        "question": "Which event occurs first in the video between 2305.0 seconds to 2369.0 seconds?",
        "options": [
            "A. A green character lies on the railway track.",
            "B. A character emerges from a manhole.",
            "C. Two characters sit on a log under the night sky.",
            "D. Characters interact under a colorful tent in a circus-like setting."
        ],
        "answer": "A",
        "qa_level": "cross_event",
        "qa_type": "mcqa",
        "old_answer": "A"
    },
    {
        "qa_idx": 11,
        "qa_task": "temporal-relationship",
        "question": "What happens after the pink dog character holds a spoon and enjoys a meal?",
        "options": [
            "A. The scene shifts to a well-lit room with a pink bird in a nest.",
            "B. The scene transitions to a vibrant street with a yellow biplane flying.",
            "C. The scene shows a pink dog character swinging across an urban background.",
            "D. The scene depicts a serene outdoor environment with a hammock."
        ],
        "answer": "A",
        "qa_level": "long_term",
        "qa_type": "mcqa",
        "old_answer": "A"
    },
    {
        "qa_idx": 12,
        "qa_task": "causal",
        "question": "Why did the pink dog character hold a spoon and enjoy a meal towards the end of the event sequence from 1.0 to 2576.0 seconds?",
        "options": [
            "A. The pink dog character was celebrating a successful adventure.",
            "B. The pink dog character was hungry after various activities.",
            "C. The pink dog character was preparing for a new journey.",
            "D. The pink dog character was interacting with other characters."
        ],
        "answer": "B",
        "qa_level": "long_term",
        "qa_type": "mcqa",
        "old_answer": "B"
    },
    {
        "qa_idx": 14,
        "qa_task": "camera-direction",
        "question": "How does the camera movement change from the outdoor suburban neighborhood to the indoor scenes in the video from 1.0 to 2576.0 seconds?",
        "options": [
            "A. The camera zooms in from the outdoor scene to the indoor scenes.",
            "B. The camera pans from left to right.",
            "C. The camera remains static.",
            "D. The camera zooms out from the indoor scenes to the outdoor scene."
        ],
        "answer": "A",
        "qa_level": "long_term",
        "qa_type": "mcqa",
        "old_answer": "A"
    },
    {
        "qa_idx": 15,
        "qa_task": "speed",
        "question": "Which is faster, the yellow biplane or the kite in the video from 1.0 to 2576.0 seconds?",
        "options": [
            "A. The kite.",
            "B. The yellow biplane.",
            "C. Both are at the same speed.",
            "D. None of the above."
        ],
        "answer": "B",
        "qa_level": "long_term",
        "qa_type": "mcqa",
        "old_answer": "B"
    },
    {
        "qa_idx": 16,
        "qa_task": "attribute-change",
        "question": "How does the setting change from the beginning to the end of the video event sequence from 1.0 to 2576.0 seconds?",
        "options": [
            "A. From a serene suburban neighborhood to a dynamic racing event.",
            "B. From a serene suburban neighborhood to a vibrant animated laboratory.",
            "C. From a serene suburban neighborhood to a lively theater setting.",
            "D. From a serene suburban neighborhood to an underwater exploration."
        ],
        "answer": "A",
        "qa_level": "long_term",
        "qa_type": "mcqa",
        "old_answer": "A"
    },
    {
        "qa_idx": 17,
        "qa_task": "descriptive-scene",
        "question": "Where do the animated characters interact with various kitchen items and display a colorful and animated atmosphere?",
        "options": [
            "A. In a suburban neighborhood.",
            "B. In a brightly lit room with pastel yellow walls.",
            "C. In a kitchen with a blue refrigerator and pink character.",
            "D. In a serene suburban neighborhood."
        ],
        "answer": "C",
        "qa_level": "long_term",
        "qa_type": "mcqa",
        "old_answer": "C"
    }
]