[
    {
        "qa_idx": 0,
        "qa_type": "qa",
        "qa_level": "frame",
        "qa_task": "character-understanding",
        "question": "Is the man actively engaging with a blue bag at 1475.0 seconds into the video?",
        "answer": "Yes",
        "old_answer": "Yes"
    },
    {
        "qa_idx": 1,
        "qa_type": "qa",
        "qa_level": "frame",
        "qa_task": "object understanding",
        "question": "Are there any bottles visible on a metal shelving unit in the frame at 1689.0 seconds?",
        "answer": "Yes",
        "old_answer": "Yes"
    },
    {
        "qa_idx": 2,
        "qa_type": "qa",
        "qa_level": "within_event",
        "qa_task": "action-understanding",
        "question": "Between 1075.0 and 1135.0 seconds, does the motorcyclist move towards the explosion?",
        "answer": "No",
        "old_answer": "No"
    },
    {
        "qa_idx": 3,
        "qa_type": "qa",
        "qa_level": "within_event",
        "qa_task": "action-understanding",
        "question": "During the event from 1821.0 to 1837.0 seconds, do the individuals in the industrial room start dancing around the large, jagged hole in the floor?",
        "answer": "No",
        "old_answer": "No"
    },
    {
        "qa_idx": 4,
        "qa_task": "descriptive-scene",
        "question": "Where does the confrontation in the video take place at the 1580.0-second mark?",
        "options": [
            "A. In a park or open space.",
            "B. In a dark alley.",
            "C. Inside a building.",
            "D. On a rooftop."
        ],
        "answer": "A",
        "qa_level": "frame",
        "qa_type": "mcqa",
        "old_answer": "A"
    },
    {
        "qa_idx": 5,
        "qa_type": "qa",
        "qa_level": "cross_event",
        "qa_task": "plot-understanding",
        "question": "Does the person in the technologically advanced suit in the first event interact with control panels and machinery in a high-tech environment from 673.0 to 733.0?",
        "answer": "Yes",
        "old_answer": "Yes"
    },
    {
        "qa_idx": 6,
        "qa_task": "character-understanding",
        "question": "What is the individual in the gold and black armored suit holding at the end of the video event from 1280.0 to 1340.0 seconds?",
        "options": [
            "A. A sword.",
            "B. A shield.",
            "C. A gun.",
            "D. A staff."
        ],
        "answer": "B",
        "qa_level": "within_event",
        "qa_type": "mcqa",
        "old_answer": "B"
    },
    {
        "qa_idx": 7,
        "qa_task": "descriptive-scene",
        "question": "What is the primary setting of the video events from 444.0 to 504.0 seconds?",
        "options": [
            "A. A peaceful countryside.",
            "B. A bustling city market.",
            "C. A post-apocalyptic environment.",
            "D. A serene beach."
        ],
        "answer": "C",
        "qa_level": "cross_event",
        "qa_type": "mcqa",
        "old_answer": "C"
    },
    {
        "qa_idx": 8,
        "qa_task": "scene-understanding",
        "question": "What is the primary setting of the events described in both video descriptions from 1075.0 to 1135.0 seconds and H to e seconds?",
        "options": [
            "A. A spacious, open area with a mixture of gravel and sparse vegetation.",
            "B. An indoor industrial environment.",
            "C. A dense forest with a rocky cliff.",
            "D. A modern building with a clear blue sky."
        ],
        "answer": "A",
        "qa_level": "cross_event",
        "qa_type": "mcqa",
        "old_answer": "A"
    },
    {
        "qa_idx": 9,
        "qa_task": "spatial-relationship",
        "question": "In the event from 786.0 to 846.5 seconds, where is the large robotic figure with multiple blue-eyed facets and a flame exiting its head positioned?",
        "options": [
            "A. In an indoor setting with modern architecture.",
            "B. In an outdoor environment with a large tree and a building with vertical windows.",
            "C. In an urban setting with pavement and greenery.",
            "D. In a lush green area with a concrete planter."
        ],
        "answer": "B",
        "qa_level": "cross_event",
        "qa_type": "mcqa",
        "old_answer": "B"
    },
    {
        "qa_idx": 11,
        "qa_task": "object-direction",
        "question": "In the video sequence from 1.0 to 1837.0 seconds, which direction does the motorcyclist move relative to the explosion?",
        "options": [
            "A. Towards the explosion.",
            "B. Away from the explosion.",
            "C. To the right of the explosion.",
            "D. To the left of the explosion."
        ],
        "answer": "D",
        "qa_level": "long_term",
        "qa_type": "mcqa",
        "old_answer": "D"
    },
    {
        "qa_idx": 12,
        "qa_task": "attribute-change",
        "question": "How does the environment change from the beginning to the end of the video from 1.0 to 1837.0 seconds?",
        "options": [
            "A. The environment changes from a high-tech, futuristic setting to a serene park environment.",
            "B. The environment changes from a serene park environment to a high-tech, futuristic setting.",
            "C. The environment remains consistently high-tech and futuristic throughout.",
            "D. The environment changes from an industrial setting to a serene park environment."
        ],
        "answer": "A",
        "qa_level": "long_term",
        "qa_type": "mcqa",
        "old_answer": "A"
    },
    {
        "qa_idx": 14,
        "qa_task": "time-order",
        "question": "In which order do the events occur in the video from 1.0 to 1837.0 seconds?",
        "options": [
            "A. The video starts with a dynamic scene of a toy, transitions to a nighttime cityscape, and then showcases individuals in a technologically advanced control room.",
            "B. The video begins with a person in a futuristic suit in a high-tech environment, followed by a scene with a person in blue attire, and then shifts to a person in a gold-colored helmet.",
            "C. The video starts with a dynamic scene of a toy, transitions to a nighttime cityscape, and then showcases individuals in a technologically advanced control room. It then features a person in a futuristic suit in a high-tech environment, followed by a scene with a person in blue attire, and then shifts to a person in a gold-colored helmet.",
            "D. The video begins with a person in a futuristic suit in a high-tech environment, followed by a scene with a person in blue attire, and then shifts to a person in a gold-colored helmet. It then starts with a dynamic scene of a toy, transitions to a nighttime cityscape, and then showcases individuals in a technologically advanced control room."
        ],
        "answer": "C",
        "qa_level": "long_term",
        "qa_type": "mcqa",
        "old_answer": "C"
    },
    {
        "qa_idx": 15,
        "qa_task": "descriptive-scene",
        "question": "Where do the individuals in the video interact with high-tech control panels and machinery?",
        "options": [
            "A. In a futuristic control room.",
            "B. In a park.",
            "C. In a kitchen.",
            "D. In a classroom."
        ],
        "answer": "A",
        "qa_level": "long_term",
        "qa_type": "mcqa",
        "old_answer": "A"
    }
]