[
    {
        "qa_idx": 0,
        "qa_type": "qa",
        "qa_level": "frame",
        "qa_task": "character-understanding",
        "question": "Is there a monitor lizard lying on the carpet at 2125.0 seconds into the video?",
        "answer": "Yes",
        "old_answer": "Yes"
    },
    {
        "qa_idx": 1,
        "qa_type": "qa",
        "qa_level": "frame",
        "qa_task": "character-understanding",
        "question": "Are there any humans visible in the frame at 1104.0 seconds?",
        "answer": "No",
        "old_answer": "No"
    },
    {
        "qa_idx": 2,
        "qa_task": "object understanding",
        "question": "What is the setting of the scene at 1658.0 seconds into the video?",
        "options": [
            "A. A textured beige towel in a controlled environment.",
            "B. A grassy outdoor area.",
            "C. A wooden table in a dark room.",
            "D. A sandy beach."
        ],
        "answer": "A",
        "qa_level": "frame",
        "qa_type": "mcqa",
        "old_answer": "A"
    },
    {
        "qa_idx": 3,
        "qa_type": "qa",
        "qa_level": "within_event",
        "qa_task": "camera-direction",
        "question": "Does the camera follow the person as they move around the room from 1250.0 to 1310.0 seconds?",
        "answer": "No",
        "old_answer": "No"
    },
    {
        "qa_idx": 4,
        "qa_type": "qa",
        "qa_level": "within_event",
        "qa_task": "speed",
        "question": "From 1615.0 to 1636.0 seconds, is the application of the substance to the scaled surface done quickly?",
        "answer": "No",
        "old_answer": "No"
    },
    {
        "qa_idx": 5,
        "qa_task": "spatial-relationship",
        "question": "What is the pangolin resting on at 1639.0 seconds into the video?",
        "options": [
            "A. A dark-colored blanket.",
            "B. A light-colored, textured towel.",
            "C. A wooden table.",
            "D. A metal tray."
        ],
        "answer": "B",
        "qa_level": "frame",
        "qa_type": "mcqa",
        "old_answer": "B"
    },
    {
        "qa_idx": 6,
        "qa_type": "qa",
        "qa_level": "cross_event",
        "qa_task": "character-understanding",
        "question": "In both events from 655.0 to 761.0 and 948.0 to 976.0, was there a man interacting with an animal in a domestic indoor setting?",
        "answer": "Yes",
        "old_answer": "Yes"
    },
    {
        "qa_idx": 7,
        "qa_task": "descriptive-scene",
        "question": "What is the setting of the video frame at 1497.0 seconds?",
        "options": [
            "A. A kitchen.",
            "B. A veterinary or rescue context.",
            "C. A classroom.",
            "D. A garden."
        ],
        "answer": "B",
        "qa_level": "frame",
        "qa_type": "mcqa",
        "old_answer": "B"
    },
    {
        "qa_idx": 8,
        "qa_type": "qa",
        "qa_level": "cross_event",
        "qa_task": "action-understanding",
        "question": "In the scene from 1462.0 to 1527.0, does the man prepare a meal for the animals after handling the scaly animal?",
        "answer": "No",
        "old_answer": "No"
    },
    {
        "qa_idx": 10,
        "qa_type": "qa",
        "qa_level": "long_term",
        "qa_task": "character-understanding",
        "question": "Is the man seen interacting with a small animal in multiple indoor settings between 208.0 and 2647.0 seconds?",
        "answer": "Yes",
        "old_answer": "Yes"
    },
    {
        "qa_idx": 11,
        "qa_task": "descriptive-scene",
        "question": "Where is the scene taking place at the timestamp of 1923.0 seconds in the video?",
        "options": [
            "A. In a park.",
            "B. In a moving car.",
            "C. In a restaurant.",
            "D. In a hospital."
        ],
        "answer": "B",
        "qa_level": "frame",
        "qa_type": "mcqa",
        "old_answer": "B"
    },
    {
        "qa_idx": 12,
        "qa_task": "spatial-relationship",
        "question": "What is prominently in the center of the scene at 2061.0 seconds?",
        "options": [
            "A. A woven rug.",
            "B. A small animal.",
            "C. A vertical, cylindrical object wrapped in textured material.",
            "D. A pair of hands."
        ],
        "answer": "C",
        "qa_level": "frame",
        "qa_type": "mcqa",
        "old_answer": "C"
    },
    {
        "qa_idx": 15,
        "qa_task": "object understanding",
        "question": "What is the pangolin resting on inside the clear plastic container at 1714.0 seconds into the video?",
        "options": [
            "A. A soft, beige towel.",
            "B. A patterned, woven material.",
            "C. A white light.",
            "D. A metal surface."
        ],
        "answer": "A",
        "qa_level": "frame",
        "qa_type": "mcqa",
        "old_answer": "A"
    },
    {
        "qa_idx": 16,
        "qa_task": "spatial-relationship",
        "question": "Where is the man resting his right arm at 530.0 seconds into the video?",
        "options": [
            "A. On a table.",
            "B. On the armrest of the sofa.",
            "C. On his lap.",
            "D. On a cushion."
        ],
        "answer": "B",
        "qa_level": "frame",
        "qa_type": "mcqa",
        "old_answer": "B"
    },
    {
        "qa_idx": 18,
        "qa_task": "scene-understanding",
        "question": "What is the setting of the scene from 524.0 to 593.0 seconds?",
        "options": [
            "A. A busy office.",
            "B. A domestic setting with a large, beige couch.",
            "C. A public park.",
            "D. A classroom."
        ],
        "answer": "B",
        "qa_level": "within_event",
        "qa_type": "mcqa",
        "old_answer": "B"
    },
    {
        "qa_idx": 19,
        "qa_task": "scene-understanding",
        "question": "What is the setting of the scene at 1952.0 seconds in the video event from 1951.0 to 2026.0 seconds?",
        "options": [
            "A. A tranquil park with a man standing near a white vehicle.",
            "B. An indoor room with various objects and furniture.",
            "C. A medical examination room.",
            "D. A busy city street."
        ],
        "answer": "A",
        "qa_level": "within_event",
        "qa_type": "mcqa",
        "old_answer": "A"
    },
    {
        "qa_idx": 20,
        "qa_task": "attribute-change",
        "question": "How does the setting change from the beginning to the end of the video event from 594.0 to 654.0 seconds?",
        "options": [
            "A. The setting changes from a daytime outdoor scene to a nighttime indoor scene.",
            "B. The setting changes from a nighttime indoor scene to a daytime outdoor scene.",
            "C. The setting changes from a nighttime indoor scene to a nighttime outdoor scene.",
            "D. The setting changes from a daytime indoor scene to a nighttime indoor scene."
        ],
        "answer": "C",
        "qa_level": "within_event",
        "qa_type": "mcqa",
        "old_answer": "C"
    },
    {
        "qa_idx": 22,
        "qa_task": "speed",
        "question": "Between 1331.0 seconds and 1392.0 seconds, how does the man's movement change?",
        "options": [
            "A. The man remains in the same position throughout.",
            "B. The man moves from crouching to sitting on the floor and then to a living room setting.",
            "C. The man moves from sitting on the floor to crouching and then to a living room setting.",
            "D. The man moves from a living room setting to crouching and then to sitting on the floor."
        ],
        "answer": "B",
        "qa_level": "within_event",
        "qa_type": "mcqa",
        "old_answer": "B"
    },
    {
        "qa_idx": 24,
        "qa_task": "speed",
        "question": "From 208.0 to 219.0 seconds, which is moving faster, the man or the cat?",
        "options": [
            "A. The man.",
            "B. The cat.",
            "C. Both are moving at the same speed.",
            "D. None of the above."
        ],
        "answer": "B",
        "qa_level": "within_event",
        "qa_type": "mcqa",
        "old_answer": "B"
    },
    {
        "qa_idx": 26,
        "qa_task": "speed",
        "question": "Between the time of 524.0 seconds to 593.0 seconds and the second event, which activity is likely to involve a higher relative speed?",
        "options": [
            "A. The man checking messages or browsing on his smartphone.",
            "B. The man interacting with a small animal.",
            "C. The man lounging on the couch.",
            "D. The man surrounded by personal items."
        ],
        "answer": "B",
        "qa_level": "cross_event",
        "qa_type": "mcqa",
        "old_answer": "B"
    },
    {
        "qa_idx": 27,
        "qa_task": "temporal-relationship",
        "question": "What was the man doing before he started interacting with the small animal on his lap?",
        "options": [
            "A. He was holding a tablet.",
            "B. He was checking messages on his smartphone.",
            "C. He was interacting with a pangolin.",
            "D. He was kneeling on the floor."
        ],
        "answer": "B",
        "qa_level": "long_term",
        "qa_type": "mcqa",
        "old_answer": "B"
    },
    {
        "qa_idx": 28,
        "qa_task": "spatial-relationship",
        "question": "Where is the black cylindrical object located in relation to the man seated on the beige couch with striped cushions?",
        "options": [
            "A. On the floor next to the couch.",
            "B. On the couch next to the man.",
            "C. On a table in front of the couch.",
            "D. On a shelf behind the couch."
        ],
        "answer": "B",
        "qa_level": "long_term",
        "qa_type": "mcqa",
        "old_answer": "B"
    },
    {
        "qa_idx": 29,
        "qa_task": "descriptive-scene",
        "question": "Where does the interaction with the pangolin primarily take place from 208.0 to 2647.0 seconds?",
        "options": [
            "A. In a veterinary clinic.",
            "B. In a domestic indoor setting.",
            "C. In a garden.",
            "D. In a laboratory."
        ],
        "answer": "B",
        "qa_level": "long_term",
        "qa_type": "mcqa",
        "old_answer": "B"
    },
    {
        "qa_idx": 31,
        "qa_task": "camera-direction",
        "question": "How does the camera movement change from the indoor to the outdoor scenes between 208.0 seconds and 2647.0 seconds?",
        "options": [
            "A. The camera moves from a close-up of a man on a couch to a wide shot of a nighttime residential parking area.",
            "B. The camera moves from a close-up of a pangolin to a wide shot of a garden.",
            "C. The camera moves from a close-up of a man on a couch to a wide shot of a garden.",
            "D. The camera moves from a close-up of a man on a couch to a wide shot of a clinical environment."
        ],
        "answer": "A",
        "qa_level": "long_term",
        "qa_type": "mcqa",
        "old_answer": "A"
    },
    {
        "qa_idx": 32,
        "qa_task": "speed",
        "question": "Which is faster, the white car or the man holding a box near a well-lit area from 208.0 to 2647.0 seconds?",
        "options": [
            "A. The white car.",
            "B. The man holding a box.",
            "C. Both are at the same speed.",
            "D. None of the above."
        ],
        "answer": "A",
        "qa_level": "long_term",
        "qa_type": "mcqa",
        "old_answer": "A"
    },
    {
        "qa_idx": 33,
        "qa_task": "attribute-change",
        "question": "How does the setting change from the beginning to the end of the video from 208.0 to 2647.0 seconds?",
        "options": [
            "A. From a relaxed indoor setting to a nighttime outdoor scene.",
            "B. From a cozy living room to a clinical environment.",
            "C. From an indoor workspace to an outdoor garden.",
            "D. From a domestic setting to a veterinary clinic."
        ],
        "answer": "C",
        "qa_level": "long_term",
        "qa_type": "mcqa",
        "old_answer": "C"
    },
    {
        "qa_idx": 35,
        "qa_task": "object understanding",
        "question": "What objects are seen on the beige couch with striped cushions in the indoor setting from 208.0 to 2647.0 seconds?",
        "options": [
            "A. A pillow, smartphone, and a black cylindrical object.",
            "B. A book, a cup, and a remote control.",
            "C. A laptop, a pen, and a notebook.",
            "D. A hat, a scarf, and a pair of glasses."
        ],
        "answer": "A",
        "qa_level": "long_term",
        "qa_type": "mcqa",
        "old_answer": "A"
    },
    {
        "qa_idx": 36,
        "qa_task": "descriptive-scene",
        "question": "Where does the interaction with the pangolin take place in the video from 208.0 to 2647.0 seconds?",
        "options": [
            "A. In a clinical environment.",
            "B. In a domestic indoor setting.",
            "C. In an outdoor garden.",
            "D. In a car."
        ],
        "answer": "B",
        "qa_level": "long_term",
        "qa_type": "mcqa",
        "old_answer": "B"
    }
]