[
    {
        "qa_idx": 0,
        "qa_task": "object understanding",
        "question": "What is the primary element depicted in the frame at 941.0 seconds into the video?",
        "options": [
            "A. A large metal pot filled with a bubbling pink liquid.",
            "B. A wooden surface with various cooking utensils.",
            "C. A close-up view of a steaming kettle.",
            "D. A dark-colored pot with a lid on it."
        ],
        "answer": "A",
        "qa_level": "frame",
        "qa_type": "mcqa",
        "old_answer": "A"
    },
    {
        "qa_idx": 1,
        "qa_type": "qa",
        "qa_level": "within_event",
        "qa_task": "action-understanding",
        "question": "Does the bear wear a pink apron while standing beside the stove in the kitchen scene from 557.0 to 640.0 seconds?",
        "answer": "Yes",
        "old_answer": "Yes"
    },
    {
        "qa_idx": 2,
        "qa_task": "spatial-relationship",
        "question": "What is the bear standing beside in the kitchen at 678.0 seconds into the video?",
        "options": [
            "A. A refrigerator.",
            "B. A pot with the lid partially open.",
            "C. A green lamp.",
            "D. A cabinet."
        ],
        "answer": "B",
        "qa_level": "frame",
        "qa_type": "mcqa",
        "old_answer": "B"
    },
    {
        "qa_idx": 3,
        "qa_task": "spatial-relationship",
        "question": "What is the wolf on the left doing at 1755.0 seconds into the video?",
        "options": [
            "A. Raising its arm and pointing to its head.",
            "B. Looking at the other wolf.",
            "C. Driving a vehicle.",
            "D. Standing alone."
        ],
        "answer": "B",
        "qa_level": "frame",
        "qa_type": "mcqa",
        "old_answer": "B"
    },
    {
        "qa_idx": 4,
        "qa_type": "qa",
        "qa_level": "cross_event",
        "qa_task": "camera-direction",
        "question": "Does the camera in the event from 1420.0 to 1480.0 seconds move to capture different areas of the room, such as the kitchen, bookshelf, and cozy interior spaces?",
        "answer": "Yes",
        "old_answer": "Yes"
    },
    {
        "qa_idx": 6,
        "qa_task": "camera-direction",
        "question": "During the video event from 1618.0 to 1693.0 seconds, does the camera move closer to the chessboard or does it stay stationary?",
        "options": [
            "A. The camera moves closer to the chessboard.",
            "B. The camera stays stationary.",
            "C. The camera moves away from the chessboard.",
            "D. The camera moves closer to the refrigerator."
        ],
        "answer": "A",
        "qa_level": "within_event",
        "qa_type": "mcqa",
        "old_answer": "A"
    },
    {
        "qa_idx": 7,
        "qa_type": "qa",
        "qa_level": "long_term",
        "qa_task": "speed",
        "question": "Did the bear move quickly while interacting with the environment in the room filled with personal items from 31.0 to 1940.0 seconds?",
        "answer": "No",
        "old_answer": "No"
    },
    {
        "qa_idx": 8,
        "qa_task": "scene-understanding",
        "question": "How does the scene transition from the children's room to the kitchen-like setting between 1208.0 seconds and 1349.0 seconds?",
        "options": [
            "A. The scene transitions from a children's room to a kitchen-like setting with a bear character interacting with kitchen elements.",
            "B. The scene transitions from a children's room to a garden with various plants and flowers.",
            "C. The scene transitions from a children's room to a living room with a television and sofa.",
            "D. The scene transitions from a children's room to a bedroom with a bed and wardrobe."
        ],
        "answer": "A",
        "qa_level": "cross_event",
        "qa_type": "mcqa",
        "old_answer": "A"
    },
    {
        "qa_idx": 10,
        "qa_task": "attribute-change",
        "question": "How does the lighting in the scenes change from the beginning to the end of the event from 418.0 seconds to 487.0 seconds?",
        "options": [
            "A. The lighting remains constant throughout the scenes.",
            "B. The lighting changes from natural light to artificial light.",
            "C. The lighting changes from dim to bright.",
            "D. The lighting changes from bright to dim."
        ],
        "answer": "B",
        "qa_level": "cross_event",
        "qa_type": "mcqa",
        "old_answer": "B"
    },
    {
        "qa_idx": 11,
        "qa_task": "time-order",
        "question": "What is the correct sequence of events from the given descriptions between 1135.0 seconds to 1196.0 seconds and H seconds to e seconds?",
        "options": [
            "A. The scene starts with a cozy bedroom, transitions to a serene natural scene, and ends with an inviting indoor living space.",
            "B. The scene starts with a serene natural scene, transitions to a cozy bedroom, and ends with an inviting indoor living space.",
            "C. The scene starts with an inviting indoor living space, transitions to a cozy bedroom, and ends with a serene natural scene.",
            "D. The scene starts with a cozy bedroom, transitions to an inviting indoor living space, and ends with a serene natural scene."
        ],
        "answer": "B",
        "qa_level": "cross_event",
        "qa_type": "mcqa",
        "old_answer": "B"
    },
    {
        "qa_idx": 12,
        "qa_task": "temporal-relationship",
        "question": "What was the bear doing before it was seen holding a colorful mug in a well-furnished study or living room?",
        "options": [
            "A. The bear was standing in front of a plaid curtain holding a trombone.",
            "B. The bear was interacting with a small child dressed in magenta.",
            "C. The bear was seen near a window with checkered curtains.",
            "D. The bear was playing checkers."
        ],
        "answer": "A",
        "qa_level": "long_term",
        "qa_type": "mcqa",
        "old_answer": "A"
    },
    {
        "qa_idx": 13,
        "qa_task": "spatial-relationship",
        "question": "Where is the large brown bear seated in the cozy, rustic room?",
        "options": [
            "A. On a striped armchair.",
            "B. On a wooden chair.",
            "C. On a sofa.",
            "D. On the floor."
        ],
        "answer": "A",
        "qa_level": "long_term",
        "qa_type": "mcqa",
        "old_answer": "A"
    },
    {
        "qa_idx": 15,
        "qa_task": "speed",
        "question": "Which character is moving faster in the video from 31.0 to 1940.0 seconds?",
        "options": [
            "A. The bear.",
            "B. The child in the magenta outfit.",
            "C. The rabbit.",
            "D. The wolf."
        ],
        "answer": "B",
        "qa_level": "long_term",
        "qa_type": "mcqa",
        "old_answer": "B"
    },
    {
        "qa_idx": 16,
        "qa_task": "attribute-change",
        "question": "How does the setting change from the beginning to the end of the video event from 31.0 to 1940.0 seconds?",
        "options": [
            "A. The setting changes from a cozy indoor environment to a serene outdoor forest.",
            "B. The setting changes from a vibrant outdoor scene to a cluttered indoor kitchen.",
            "C. The setting changes from a rustic indoor room to a minimalistic white background.",
            "D. The setting changes from a playful children's room to a tranquil forest."
        ],
        "answer": "C",
        "qa_level": "long_term",
        "qa_type": "mcqa",
        "old_answer": "C"
    },
    {
        "qa_idx": 17,
        "qa_task": "time-order",
        "question": "In which order do the events occur in the video from 31.0 to 1940.0 seconds?",
        "options": [
            "A. The bear is seen holding a colorful mug, the scene transitions to an outdoor setting depicting a lush forest, the bear and a small child interact near a wooden structure, the scene shifts back to domestic comfort with a large shelf filled with books, the bear is seen in a cozy room with a striped armchair and a fireplace.",
            "B. The bear is seen holding a colorful mug, the scene shifts back to domestic comfort with a large shelf filled with books, the bear and a small child interact near a wooden structure, the scene transitions to an outdoor setting depicting a lush forest, the bear is seen in a cozy room with a striped armchair and a fireplace.",
            "C. The bear and a small child interact near a wooden structure, the scene transitions to an outdoor setting depicting a lush forest, the bear is seen holding a colorful mug, the scene shifts back to domestic comfort with a large shelf filled with books, the bear is seen in a cozy room with a striped armchair and a fireplace.",
            "D. The bear is seen in a cozy room with a striped armchair and a fireplace, the scene transitions to an outdoor setting depicting a lush forest, the bear and a small child interact near a wooden structure, the bear is seen holding a colorful mug, the scene shifts back to domestic comfort with a large shelf filled with books."
        ],
        "answer": "A",
        "qa_level": "long_term",
        "qa_type": "mcqa",
        "old_answer": "A"
    }
]