[
    {
        "qa_idx": 0,
        "qa_type": "qa",
        "qa_level": "frame",
        "qa_task": "character-understanding",
        "question": "At 2169.0 seconds into the video, are the two individuals engaged in a conversation or interaction?",
        "answer": "Yes",
        "old_answer": "Yes"
    },
    {
        "qa_idx": 1,
        "qa_type": "qa",
        "qa_level": "frame",
        "qa_task": "object understanding",
        "question": "Is there a houseplant in a silver pot to the right of the woman at 913.0 seconds into the video?",
        "answer": "Yes",
        "old_answer": "Yes"
    },
    {
        "qa_idx": 2,
        "qa_task": "object understanding",
        "question": "What shape is the illuminated marquee sign in the foreground at 2798.0 seconds into the video?",
        "options": [
            "A. A star.",
            "B. A heart.",
            "C. A number 2.",
            "D. A letter A."
        ],
        "answer": "C",
        "qa_level": "frame",
        "qa_type": "mcqa",
        "old_answer": "C"
    },
    {
        "qa_idx": 3,
        "qa_task": "descriptive-scene",
        "question": "What is the overall appearance of the scene at 3080.0 seconds into the video?",
        "options": [
            "A. Dark and cluttered.",
            "B. White and bright.",
            "C. Colorful and vibrant.",
            "D. Dim and shadowy."
        ],
        "answer": "B",
        "qa_level": "frame",
        "qa_type": "mcqa",
        "old_answer": "B"
    },
    {
        "qa_idx": 4,
        "qa_type": "qa",
        "qa_level": "within_event",
        "qa_task": "action-understanding",
        "question": "During the event from 392.0 to 484.0 seconds, do the individuals engage in a group dance performance?",
        "answer": "No",
        "old_answer": "No"
    },
    {
        "qa_idx": 5,
        "qa_task": "counting",
        "question": "How many people are visible in the airport arrival area at 569.0 seconds into the video?",
        "options": [
            "A. 1.",
            "B. 2.",
            "C. 3.",
            "D. More than 3."
        ],
        "answer": "D",
        "qa_level": "frame",
        "qa_type": "mcqa",
        "old_answer": "D"
    },
    {
        "qa_idx": 6,
        "qa_task": "attribute-change",
        "question": "How does the lighting inside the car change from 1312.0 seconds to 1376.0 seconds?",
        "options": [
            "A. The lighting remains consistently bright.",
            "B. The lighting changes from dark to dimly lit.",
            "C. The lighting changes from dimly lit to bright.",
            "D. The lighting remains consistently dark."
        ],
        "answer": "B",
        "qa_level": "within_event",
        "qa_type": "mcqa",
        "old_answer": "B"
    },
    {
        "qa_idx": 7,
        "qa_type": "qa",
        "qa_level": "cross_event",
        "qa_task": "action-understanding",
        "question": "In the event from 2482.0 to 2545.0, does the scene transition from the interior of a vehicle to an outdoor nighttime urban environment?",
        "answer": "Yes",
        "old_answer": "Yes"
    },
    {
        "qa_idx": 8,
        "qa_type": "qa",
        "qa_level": "long_term",
        "qa_task": "object understanding",
        "question": "Is there a red lamp visible in the indoor scenes from 1.0 to 3109.0 seconds?",
        "answer": "Yes",
        "old_answer": "Yes"
    },
    {
        "qa_idx": 10,
        "qa_type": "qa",
        "qa_level": "long_term",
        "qa_task": "object understanding",
        "question": "Is there a red table lamp present in the indoor scenes described between 1.0 and 3109.0 seconds?",
        "answer": "Yes",
        "old_answer": "Yes"
    },
    {
        "qa_idx": 11,
        "qa_task": "plot-understanding",
        "question": "What is the primary activity taking place in the scenes described between 1854.0 to 1925.0 seconds and H to e seconds?",
        "options": [
            "A. A casual social gathering.",
            "B. A formal verification process at a secure entry point.",
            "C. A recreational event in a park.",
            "D. A shopping spree in a mall."
        ],
        "answer": "B",
        "qa_level": "cross_event",
        "qa_type": "mcqa",
        "old_answer": "B"
    },
    {
        "qa_idx": 13,
        "qa_task": "temporal-relationship",
        "question": "What happens after the scene with the jellyfish floating against a deep blue background?",
        "options": [
            "A. The scene transitions to a bustling nighttime urban scene with illuminated buildings.",
            "B. The scene transitions to a brightly illuminated composition featuring large, overlapping shapes.",
            "C. The scene transitions to a serene and softly lit moment featuring a woman in a cozy bedroom setting.",
            "D. The scene transitions to a person riding a bicycle past dense trees and shrubs."
        ],
        "answer": "A",
        "qa_level": "long_term",
        "qa_type": "mcqa",
        "old_answer": "A"
    },
    {
        "qa_idx": 14,
        "qa_task": "spatial-relationship",
        "question": "Where are the string lights positioned in the cozy indoor setting described from 1.0 to 3109.0 seconds?",
        "options": [
            "A. On the right side of the room.",
            "B. On the left side of the room.",
            "C. Above the bed.",
            "D. On the floor."
        ],
        "answer": "B",
        "qa_level": "long_term",
        "qa_type": "mcqa",
        "old_answer": "B"
    },
    {
        "qa_idx": 15,
        "qa_task": "plot-understanding",
        "question": "What is the main theme of the video from 1.0 to 3109.0 seconds?",
        "options": [
            "A. A series of abstract and dynamic visual effects transitioning to various urban and indoor scenes.",
            "B. A continuous depiction of a single outdoor event.",
            "C. A documentary about wildlife in different environments.",
            "D. A cooking tutorial in a cozy kitchen setting."
        ],
        "answer": "A",
        "qa_level": "long_term",
        "qa_type": "mcqa",
        "old_answer": "A"
    },
    {
        "qa_idx": 16,
        "qa_task": "camera-direction",
        "question": "What is the camera doing when the scene transitions from the vibrant, overlapping abstract shapes to the underwater scene with a jellyfish floating against a deep blue background?",
        "options": [
            "A. The camera is zooming in on the shapes.",
            "B. The camera is panning to the left.",
            "C. The camera is moving closer to the jellyfish.",
            "D. The camera is zooming out from the shapes."
        ],
        "answer": "C",
        "qa_level": "long_term",
        "qa_type": "mcqa",
        "old_answer": "C"
    },
    {
        "qa_idx": 17,
        "qa_task": "speed",
        "question": "Which mode of transportation is faster in the video from 1.0 to 3109.0 seconds?",
        "options": [
            "A. The cyclist.",
            "B. The red double-decker bus.",
            "C. The emergency vehicle.",
            "D. The person walking."
        ],
        "answer": "B",
        "qa_level": "long_term",
        "qa_type": "mcqa",
        "old_answer": "B"
    },
    {
        "qa_idx": 18,
        "qa_task": "attribute-change",
        "question": "How does the lighting and ambiance change from the beginning to the end of the video event from 1.0 to 3109.0 seconds?",
        "options": [
            "A. From vibrant and dynamic to serene and intimate.",
            "B. From dark and gloomy to bright and festive.",
            "C. From calm and peaceful to chaotic and busy.",
            "D. From cold and industrial to warm and cozy."
        ],
        "answer": "A",
        "qa_level": "long_term",
        "qa_type": "mcqa",
        "old_answer": "A"
    },
    {
        "qa_idx": 19,
        "qa_task": "character-understanding",
        "question": "What is the woman doing in the cozy bedroom setting adorned with ambient lighting from string lights and a red table lamp?",
        "options": [
            "A. She is reading a book.",
            "B. She is interacting with a mobile phone.",
            "C. She is resting.",
            "D. She is cooking."
        ],
        "answer": "C",
        "qa_level": "long_term",
        "qa_type": "mcqa",
        "old_answer": "C"
    },
    {
        "qa_idx": 20,
        "qa_task": "object understanding",
        "question": "What objects are featured in the cozy bedroom setting with ambient lighting from string lights and a red table lamp?",
        "options": [
            "A. A poster reading 'KEEP CALM AND CARRY ON' and an illuminated computer screen.",
            "B. A large digital display board and a suitcase.",
            "C. A police motorcycle and a 'POLICE' sign.",
            "D. A patterned bedspread and a Ferris wheel."
        ],
        "answer": "A",
        "qa_level": "long_term",
        "qa_type": "mcqa",
        "old_answer": "A"
    },
    {
        "qa_idx": 21,
        "qa_task": "time-order",
        "question": "In which order do the events occur in the video from 1.0 to 3109.0 seconds?",
        "options": [
            "A. Abstract shapes, underwater scene, nighttime urban scene, indoor cozy room, airport terminal, modern building interior, car interior, dressing room, vintage-style telephone conversation.",
            "B. Underwater scene, abstract shapes, nighttime urban scene, indoor cozy room, airport terminal, modern building interior, car interior, dressing room, vintage-style telephone conversation.",
            "C. Nighttime urban scene, abstract shapes, underwater scene, indoor cozy room, airport terminal, modern building interior, car interior, dressing room, vintage-style telephone conversation.",
            "D. Abstract shapes, underwater scene, indoor cozy room, nighttime urban scene, airport terminal, modern building interior, car interior, dressing room, vintage-style telephone conversation."
        ],
        "answer": "A",
        "qa_level": "long_term",
        "qa_type": "mcqa",
        "old_answer": "A"
    }
]