[
    {
        "qa_idx": 0,
        "qa_type": "qa",
        "qa_level": "frame",
        "qa_task": "object understanding",
        "question": "Is one of the characters holding a parchment map at 567.0 seconds into the video?",
        "answer": "Yes",
        "old_answer": "Yes"
    },
    {
        "qa_idx": 1,
        "qa_task": "object understanding",
        "question": "What types of treats are present on the table in the kitchen scene at 354.0 seconds?",
        "options": [
            "A. Sandwiches, fruit salad, and tea.",
            "B. Red gelatin dessert, cupcakes, cookies, and drinks.",
            "C. Pizza, ice cream, and soda.",
            "D. Pasta, bread, and wine."
        ],
        "answer": "B",
        "qa_level": "frame",
        "qa_type": "mcqa",
        "old_answer": "B"
    },
    {
        "qa_idx": 2,
        "qa_task": "character-understanding",
        "question": "What is the person in the video doing at 564.0 seconds?",
        "options": [
            "A. The person is drawing a map.",
            "B. The person is marking a map.",
            "C. The person is reading a book.",
            "D. The person is writing a letter."
        ],
        "answer": "B",
        "qa_level": "frame",
        "qa_type": "mcqa",
        "old_answer": "B"
    },
    {
        "qa_idx": 3,
        "qa_type": "qa",
        "qa_level": "within_event",
        "qa_task": "character-understanding",
        "question": "Was the family of anthropomorphic pigs seen engaging with one another around the sofa in the living room from 1651.0 to 1718.0 seconds?",
        "answer": "Yes",
        "old_answer": "Yes"
    },
    {
        "qa_idx": 4,
        "qa_type": "qa",
        "qa_level": "within_event",
        "qa_task": "character-understanding",
        "question": "Was the central character behind the counter a white rabbit in the scene from 1371.0 to 1438.0 seconds?",
        "answer": "Yes",
        "old_answer": "Yes"
    },
    {
        "qa_idx": 5,
        "qa_task": "descriptive-scene",
        "question": "Where is the pink anthropomorphic character positioned at 841.0 seconds into the video?",
        "options": [
            "A. In front of an open container with colorful compartments.",
            "B. Inside a house.",
            "C. On a beach.",
            "D. In a park."
        ],
        "answer": "A",
        "qa_level": "frame",
        "qa_type": "mcqa",
        "old_answer": "A"
    },
    {
        "qa_idx": 6,
        "qa_task": "scene-understanding",
        "question": "What is the setting of the video event from 1446.0 to 1505.0 seconds?",
        "options": [
            "A. A vibrant store displaying various fruits.",
            "B. A dark and gloomy forest.",
            "C. A busy city street.",
            "D. A quiet library."
        ],
        "answer": "A",
        "qa_level": "within_event",
        "qa_type": "mcqa",
        "old_answer": "A"
    },
    {
        "qa_idx": 7,
        "qa_type": "qa",
        "qa_level": "cross_event",
        "qa_task": "camera-direction",
        "question": "Does the camera remain stationary while capturing the characters in the outdoor garden environment from 1152.0 to 1212.0?",
        "answer": "Yes",
        "old_answer": "Yes"
    },
    {
        "qa_idx": 8,
        "qa_task": "scene-understanding",
        "question": "What is the setting of the video event from 1086.0 to 1147.0 seconds?",
        "options": [
            "A. A tranquil forest.",
            "B. A bustling city.",
            "C. A sunny beach.",
            "D. A snowy mountain."
        ],
        "answer": "C",
        "qa_level": "within_event",
        "qa_type": "mcqa",
        "old_answer": "C"
    },
    {
        "qa_idx": 9,
        "qa_type": "qa",
        "qa_level": "long_term",
        "qa_task": "action-understanding",
        "question": "Do the characters in the video engage in a cooking competition at any point between 1.0 and 1829.0 seconds?",
        "answer": "No",
        "old_answer": "No"
    },
    {
        "qa_idx": 11,
        "qa_type": "qa",
        "qa_level": "long_term",
        "qa_task": "plot-understanding",
        "question": "Does the video depict a consistent theme of playful and joyful interactions among anthropomorphic characters from 1.0 to 1829.0 seconds?",
        "answer": "Yes",
        "old_answer": "Yes"
    },
    {
        "qa_idx": 12,
        "qa_task": "camera-direction",
        "question": "During the event from 631.0 to 741.0 seconds, does the camera focus on the older rabbit figure in the center or move to show the entire group of cartoon characters in the forest?",
        "options": [
            "A. The camera focuses on the older rabbit figure in the center.",
            "B. The camera moves to show the entire group of cartoon characters in the forest.",
            "C. The camera zooms in on the background trees.",
            "D. The camera stays static on a single character."
        ],
        "answer": "B",
        "qa_level": "within_event",
        "qa_type": "mcqa",
        "old_answer": "B"
    },
    {
        "qa_idx": 13,
        "qa_task": "scene-understanding",
        "question": "What is the primary setting of the events described in both video sequences from 1086.0 to 1147.0 seconds and H to e seconds?",
        "options": [
            "A. A bustling cityscape.",
            "B. A tranquil beach environment.",
            "C. A dense forest.",
            "D. A snowy mountain range."
        ],
        "answer": "B",
        "qa_level": "cross_event",
        "qa_type": "mcqa",
        "old_answer": "B"
    },
    {
        "qa_idx": 14,
        "qa_task": "time-order",
        "question": "What is the correct sequence of events from the time of 1218.0 seconds to 1289.0 seconds?",
        "options": [
            "A. The event begins with an animated outdoor environment, followed by a lively character interacting with a blue object, then a cheerful outdoor celebration, and finally characters enjoying chocolate and conversing.",
            "B. The event begins with characters enjoying chocolate, followed by a lively character interacting with a blue object, then a cheerful outdoor celebration, and finally an animated outdoor environment.",
            "C. The event begins with a cheerful outdoor celebration, followed by characters enjoying chocolate, then an animated outdoor environment, and finally a lively character interacting with a blue object.",
            "D. The event begins with characters conversing, followed by a lively character interacting with a blue object, then an animated outdoor environment, and finally a cheerful outdoor celebration."
        ],
        "answer": "A",
        "qa_level": "cross_event",
        "qa_type": "mcqa",
        "old_answer": "A"
    },
    {
        "qa_idx": 15,
        "qa_task": "plot-understanding",
        "question": "What is the primary setting of the events described in both video descriptions from 1651.0 to 1718.0 seconds and H to e seconds?",
        "options": [
            "A. A bustling city street.",
            "B. A cozy living room and other domestic settings.",
            "C. A school classroom.",
            "D. A park with various activities."
        ],
        "answer": "B",
        "qa_level": "cross_event",
        "qa_type": "mcqa",
        "old_answer": "B"
    },
    {
        "qa_idx": 17,
        "qa_task": "spatial-relationship",
        "question": "Where are the characters standing when they are near a yellow building with a door?",
        "options": [
            "A. On a grassy field.",
            "B. On a paved surface.",
            "C. In a kitchen.",
            "D. In a forest."
        ],
        "answer": "A",
        "qa_level": "long_term",
        "qa_type": "mcqa",
        "old_answer": "A"
    },
    {
        "qa_idx": 19,
        "qa_task": "camera-direction",
        "question": "What does the camera do when the characters are seen playing and interacting in front of a yellow building with a door from 1.0 to 1829.0 seconds?",
        "options": [
            "A. The camera zooms in on the characters.",
            "B. The camera pans across the scene.",
            "C. The camera remains stationary.",
            "D. The camera zooms out to show more characters."
        ],
        "answer": "B",
        "qa_level": "long_term",
        "qa_type": "mcqa",
        "old_answer": "B"
    },
    {
        "qa_idx": 20,
        "qa_task": "speed",
        "question": "Which character moves faster during the playful activities in the grassy field from 1.0 to 1829.0 seconds?",
        "options": [
            "A. The pink character in a red dress.",
            "B. The white character in a pink dress.",
            "C. The larger pig in a sailor hat.",
            "D. The rabbit in a yellow outfit."
        ],
        "answer": "A",
        "qa_level": "long_term",
        "qa_type": "mcqa",
        "old_answer": "A"
    },
    {
        "qa_idx": 22,
        "qa_task": "object understanding",
        "question": "What objects are present in the scene where the pig character is holding a yellow basket?",
        "options": [
            "A. A garden trowel and a flowerpot.",
            "B. A soccer ball and a scooter.",
            "C. A toy horse and a pond.",
            "D. A green bucket and a shovel."
        ],
        "answer": "A",
        "qa_level": "long_term",
        "qa_type": "mcqa",
        "old_answer": "A"
    }
]