[
    {
        "qa_idx": 0,
        "qa_type": "qa",
        "qa_level": "frame",
        "qa_task": "object understanding",
        "question": "Is there an easel displaying a painting of a tree in the background at 849.0 seconds into the video?",
        "answer": "Yes",
        "old_answer": "Yes"
    },
    {
        "qa_idx": 1,
        "qa_type": "qa",
        "qa_level": "frame",
        "qa_task": "character-understanding",
        "question": "Is one of the adult pigs holding a manual lawnmower at 1948.0 seconds into the video?",
        "answer": "Yes",
        "old_answer": "Yes"
    },
    {
        "qa_idx": 2,
        "qa_task": "descriptive-scene",
        "question": "Where is the family having their picnic at 2225.0 seconds into the video?",
        "options": [
            "A. In a park.",
            "B. On a beach.",
            "C. On a boat.",
            "D. In a garden."
        ],
        "answer": "C",
        "qa_level": "frame",
        "qa_type": "mcqa",
        "old_answer": "C"
    },
    {
        "qa_idx": 3,
        "qa_type": "qa",
        "qa_level": "within_event",
        "qa_task": "character-understanding",
        "question": "Were there animated characters in the car during the nighttime scene from 3201.0 to 3219.0 seconds?",
        "answer": "Yes",
        "old_answer": "Yes"
    },
    {
        "qa_idx": 4,
        "qa_task": "character-understanding",
        "question": "What are the two cartoon characters doing at 997.0 seconds into the video?",
        "options": [
            "A. They are hiking.",
            "B. They are setting up a campfire.",
            "C. They are engaged in an interaction near a blue tent.",
            "D. They are fishing."
        ],
        "answer": "C",
        "qa_level": "frame",
        "qa_type": "mcqa",
        "old_answer": "C"
    },
    {
        "qa_idx": 5,
        "qa_type": "qa",
        "qa_level": "within_event",
        "qa_task": "action-understanding",
        "question": "Does the scene transition from a day-time setting to a night-time camping scene under a starry sky with a crescent moon between 971.0 and 1039.0 seconds?",
        "answer": "Yes",
        "old_answer": "Yes"
    },
    {
        "qa_idx": 6,
        "qa_task": "descriptive-scene",
        "question": "What is the overall environment of the scene at 1352.0 seconds into the video?",
        "options": [
            "A. A dark and stormy night.",
            "B. A colorful and lively outdoor setting.",
            "C. A quiet indoor room.",
            "D. A busy city street."
        ],
        "answer": "B",
        "qa_level": "frame",
        "qa_type": "mcqa",
        "old_answer": "B"
    },
    {
        "qa_idx": 7,
        "qa_type": "qa",
        "qa_level": "cross_event",
        "qa_task": "plot-understanding",
        "question": "Do both events take place in an outdoor setting under a clear blue sky from the time of 491.0 to 553.0 and 554.0 to 614.0?",
        "answer": "Yes",
        "old_answer": "Yes"
    },
    {
        "qa_idx": 8,
        "qa_task": "character-understanding",
        "question": "What are the toy figures doing in the video from 2507.0 to 2608.0 seconds?",
        "options": [
            "A. Playing basketball.",
            "B. Ice skating.",
            "C. Riding bicycles.",
            "D. Playing soccer."
        ],
        "answer": "B",
        "qa_level": "within_event",
        "qa_type": "mcqa",
        "old_answer": "B"
    },
    {
        "qa_idx": 9,
        "qa_task": "descriptive-scene",
        "question": "Where does the event from 212.0 to 272.0 seconds primarily take place?",
        "options": [
            "A. A classical-style building with ornate elements.",
            "B. A modern skyscraper.",
            "C. A beach.",
            "D. A forest."
        ],
        "answer": "A",
        "qa_level": "cross_event",
        "qa_type": "mcqa",
        "old_answer": "A"
    },
    {
        "qa_idx": 10,
        "qa_task": "temporal-relationship",
        "question": "What happens after the hot air balloon gets tangled among branches?",
        "options": [
            "A. The characters continue their journey in the hot air balloon.",
            "B. The characters land the hot air balloon and explore the ground.",
            "C. The characters start a picnic near the hot air balloon.",
            "D. The characters abandon the hot air balloon and walk away."
        ],
        "answer": "A",
        "qa_level": "long_term",
        "qa_type": "mcqa",
        "old_answer": "A"
    },
    {
        "qa_idx": 11,
        "qa_task": "spatial-relationship",
        "question": "Where is the hot air balloon in relation to the treetops during the flight?",
        "options": [
            "A. Above the treetops.",
            "B. Below the treetops.",
            "C. At the same level as the treetops.",
            "D. Far away from the treetops."
        ],
        "answer": "A",
        "qa_level": "long_term",
        "qa_type": "mcqa",
        "old_answer": "A"
    },
    {
        "qa_idx": 14,
        "qa_task": "camera-direction",
        "question": "How does the camera move as the hot air balloon with the colorful canopy and cheerful passengers floats above the lush green landscape from 14.0 to 3374.0 seconds?",
        "options": [
            "A. The camera moves closer to the hot air balloon.",
            "B. The camera moves away from the hot air balloon.",
            "C. The camera remains stationary.",
            "D. The camera moves around the hot air balloon."
        ],
        "answer": "A",
        "qa_level": "long_term",
        "qa_type": "mcqa",
        "old_answer": "A"
    },
    {
        "qa_idx": 15,
        "qa_task": "speed",
        "question": "Which is faster, the hot air balloon or the red convertible car, as depicted in the video from 14.0 to 3374.0 seconds?",
        "options": [
            "A. The hot air balloon.",
            "B. The red convertible car.",
            "C. Both are at the same speed.",
            "D. None of the above."
        ],
        "answer": "B",
        "qa_level": "long_term",
        "qa_type": "mcqa",
        "old_answer": "B"
    },
    {
        "qa_idx": 17,
        "qa_task": "object understanding",
        "question": "What objects are featured in the kitchen scene with the pig family?",
        "options": [
            "A. A purple dinosaur toy, a stovetop, and a sink.",
            "B. A blue table, a rotary telephone, and a washing machine.",
            "C. A yellow basket, a map, and a fishing rod.",
            "D. A red car, a flag, and a chandelier."
        ],
        "answer": "A",
        "qa_level": "long_term",
        "qa_type": "mcqa",
        "old_answer": "A"
    },
    {
        "qa_idx": 18,
        "qa_task": "time-order",
        "question": "In which order do the events occur in the video from 14.0 to 3374.0 seconds?",
        "options": [
            "A. The hot air balloon ride, the kitchen scene, the museum visit, the dental check-up, the playground activities, the camping trip, the boating adventure, the nighttime stargazing, the family meal, the imaginative play.",
            "B. The kitchen scene, the hot air balloon ride, the museum visit, the dental check-up, the playground activities, the camping trip, the boating adventure, the nighttime stargazing, the family meal, the imaginative play.",
            "C. The hot air balloon ride, the dental check-up, the museum visit, the kitchen scene, the playground activities, the camping trip, the boating adventure, the nighttime stargazing, the family meal, the imaginative play.",
            "D. The hot air balloon ride, the kitchen scene, the dental check-up, the museum visit, the playground activities, the camping trip, the boating adventure, the nighttime stargazing, the family meal, the imaginative play."
        ],
        "answer": "A",
        "qa_level": "long_term",
        "qa_type": "mcqa",
        "old_answer": "A"
    },
    {
        "qa_idx": 19,
        "qa_task": "descriptive-scene",
        "question": "What is the main setting of the video from 14.0 to 3374.0 seconds?",
        "options": [
            "A. A hot air balloon ride.",
            "B. A kitchen.",
            "C. A playground.",
            "D. A forest."
        ],
        "answer": "A",
        "qa_level": "long_term",
        "qa_type": "mcqa",
        "old_answer": "A"
    }
]