[
    {
        "qa_idx": 0,
        "qa_task": "descriptive-scene",
        "question": "What is the environment like in the video frame at 1050.0 seconds?",
        "options": [
            "A. A sunny day with clear skies.",
            "B. A rainy or watery environment.",
            "C. A snowy landscape.",
            "D. An indoor setting."
        ],
        "answer": "B",
        "qa_level": "frame",
        "qa_type": "mcqa",
        "old_answer": "B"
    },
    {
        "qa_idx": 1,
        "qa_task": "spatial-relationship",
        "question": "What is positioned near the left side of the frame at 1567.0 seconds into the video?",
        "options": [
            "A. A large window.",
            "B. A wooden table with a round top.",
            "C. A pink armchair.",
            "D. A small radiator."
        ],
        "answer": "B",
        "qa_level": "frame",
        "qa_type": "mcqa",
        "old_answer": "B"
    },
    {
        "qa_idx": 2,
        "qa_type": "qa",
        "qa_level": "within_event",
        "qa_task": "object understanding",
        "question": "Are there ducks present in the scene from 1083.0 to 1103.0 seconds?",
        "answer": "Yes",
        "old_answer": "Yes"
    },
    {
        "qa_idx": 3,
        "qa_type": "qa",
        "qa_level": "cross_event",
        "qa_task": "speed",
        "question": "From the time of 319.0 to 359.0 seconds, do the animated characters move at a slower pace compared to their movements from 363.0 to 426.0 seconds?",
        "answer": "Yes",
        "old_answer": "Yes"
    },
    {
        "qa_idx": 4,
        "qa_type": "qa",
        "qa_level": "cross_event",
        "qa_task": "object understanding",
        "question": "Is there a vintage telephone present in the indoor setting from the time of 1452.0 to 1519.0?",
        "answer": "Yes",
        "old_answer": "Yes"
    },
    {
        "qa_idx": 6,
        "qa_task": "speed",
        "question": "From 996.0 to 1054.0 seconds, which character appears to be moving slower in the video?",
        "options": [
            "A. The mouse-like character.",
            "B. The worm-like characters.",
            "C. Both are moving at the same speed.",
            "D. None of the above."
        ],
        "answer": "A",
        "qa_level": "within_event",
        "qa_type": "mcqa",
        "old_answer": "A"
    },
    {
        "qa_idx": 7,
        "qa_task": "plot-understanding",
        "question": "What is the main theme of the events described in the two video scenes from 1691.0 to 1759.0 seconds and H to e seconds?",
        "options": [
            "A. A group of characters preparing for a battle.",
            "B. A birthday celebration involving anthropomorphic characters.",
            "C. A rescue mission in an urban setting.",
            "D. A treasure hunt in a backyard."
        ],
        "answer": "B",
        "qa_level": "cross_event",
        "qa_type": "mcqa",
        "old_answer": "B"
    },
    {
        "qa_idx": 8,
        "qa_task": "speed",
        "question": "Between 752.0 seconds and 814.0 seconds, which character showed the fastest reaction to a sudden change in the environment?",
        "options": [
            "A. The worm-like character near the transparent bottle.",
            "B. The snail-like character outside the green clear bottle.",
            "C. The yellow-orange striped caterpillar.",
            "D. The cheerful banana-like character."
        ],
        "answer": "C",
        "qa_level": "cross_event",
        "qa_type": "mcqa",
        "old_answer": "C"
    },
    {
        "qa_idx": 9,
        "qa_task": "temporal-relationship",
        "question": "What happens after the scene with the large green frog positioned prominently in the foreground against a dim, murky environment with cracked walls and overgrown vegetation?",
        "options": [
            "A. The scene transitions to a tranquil night scene in a swamp or marshland with two animated characters interacting amidst tall dense grass and murky water.",
            "B. The scene shifts to a colorful and whimsical animated environment featuring vibrant houses, sunflowers, and quirky characters.",
            "C. The scene shows a detailed view of multiple computer keyboards arranged on or integrated into a surface within an organized workspace.",
            "D. The scene transitions to a serene outdoor scene featuring a small animated character relaxing in a lush garden."
        ],
        "answer": "A",
        "qa_level": "long_term",
        "qa_type": "mcqa",
        "old_answer": "A"
    },
    {
        "qa_idx": 10,
        "qa_task": "spatial-relationship",
        "question": "Where is the yellow character when it is startled?",
        "options": [
            "A. Near a discarded bottle in a dimly lit environment.",
            "B. On a circular platform with a guitar in the background.",
            "C. In a cozy room with a retro green radio.",
            "D. In a lush garden near a water feature."
        ],
        "answer": "A",
        "qa_level": "long_term",
        "qa_type": "mcqa",
        "old_answer": "A"
    },
    {
        "qa_idx": 12,
        "qa_task": "camera-direction",
        "question": "How does the camera movement change from 1.0 to 1823.0 seconds in the video?",
        "options": [
            "A. The camera remains static throughout the video.",
            "B. The camera moves closer to the animated characters and objects.",
            "C. The camera zooms out to show a wider view of the scenes.",
            "D. The camera pans left and right to follow the characters."
        ],
        "answer": "B",
        "qa_level": "long_term",
        "qa_type": "mcqa",
        "old_answer": "B"
    },
    {
        "qa_idx": 13,
        "qa_task": "speed",
        "question": "Which character is faster in the video sequence from 1.0 to 1823.0 seconds?",
        "options": [
            "A. The yellow worm-like character.",
            "B. The red worm-like character.",
            "C. Both characters move at the same speed.",
            "D. None of the above."
        ],
        "answer": "A",
        "qa_level": "long_term",
        "qa_type": "mcqa",
        "old_answer": "A"
    },
    {
        "qa_idx": 14,
        "qa_task": "attribute-change",
        "question": "How does the environment change from the beginning to the end of the video segment from 1.0 to 1823.0 seconds?",
        "options": [
            "A. From a clean and organized space to a cluttered and neglected environment.",
            "B. From a cluttered and neglected environment to a clean and organized space.",
            "C. From a bright and sunny outdoor setting to a dark and rainy indoor setting.",
            "D. From a dark and rainy indoor setting to a bright and sunny outdoor setting."
        ],
        "answer": "A",
        "qa_level": "long_term",
        "qa_type": "mcqa",
        "old_answer": "A"
    },
    {
        "qa_idx": 15,
        "qa_task": "descriptive-scene",
        "question": "Where do the animated worm-like characters interact with each other in the video from 1.0 to 1823.0 seconds?",
        "options": [
            "A. In a cozy, vintage-themed room.",
            "B. In a dimly lit, cluttered environment.",
            "C. In a serene outdoor garden.",
            "D. In a bustling urban cityscape."
        ],
        "answer": "B",
        "qa_level": "long_term",
        "qa_type": "mcqa",
        "old_answer": "B"
    }
]