[
    {
        "qa_idx": 1,
        "qa_type": "qa",
        "qa_level": "frame",
        "qa_task": "character-understanding",
        "question": "Is the man wearing a green and black graphic-patterned shirt at 1688.0 seconds into the video?",
        "answer": "Yes",
        "old_answer": "Yes"
    },
    {
        "qa_idx": 4,
        "qa_type": "qa",
        "qa_level": "cross_event",
        "qa_task": "speed",
        "question": "Did the subscriber count for the channel 'Luisito Comunica' increase rapidly between the events from 2047.0 to 2122.0 and 2219.0 to 2269.0?",
        "answer": "No",
        "old_answer": "No"
    },
    {
        "qa_idx": 5,
        "qa_type": "qa",
        "qa_level": "cross_event",
        "qa_task": "action-understanding",
        "question": "In both video events from 223.0 to 1010.0 and 1022.0 to 1089.0, does the individual wearing a green patterned shirt interact with the YouTube subscriber count for the channel 'Luisito Comunica'?",
        "answer": "Yes",
        "old_answer": "Yes"
    },
    {
        "qa_idx": 7,
        "qa_type": "qa",
        "qa_level": "long_term",
        "qa_task": "action-understanding",
        "question": "Does the person in the green patterned shirt ever turn off the computer monitor displaying the YouTube subscriber count for 'Luisito Comunica' during the video from 21.0 to 2494.0 seconds?",
        "answer": "No",
        "old_answer": "No"
    },
    {
        "qa_idx": 9,
        "qa_task": "spatial-relationship",
        "question": "In the indoor environment described from 1240.0 to 1304.0 seconds, where is the computer monitor displaying the YouTube subscriber count for 'Luisito Comunica' located in relation to the person in the patterned green shirt?",
        "options": [
            "A. In the background, on a desk.",
            "B. In the foreground, next to the person.",
            "C. On the wall, above the person.",
            "D. On the floor, beside the desk."
        ],
        "answer": "A",
        "qa_level": "cross_event",
        "qa_type": "mcqa",
        "old_answer": "A"
    },
    {
        "qa_idx": 16,
        "qa_task": "speed",
        "question": "How does the YouTube subscriber count for 'Luisito Comunica' change from 21.0 seconds to 2494.0 seconds?",
        "options": [
            "A. It decreases gradually.",
            "B. It remains constant.",
            "C. It increases gradually.",
            "D. It fluctuates without a clear trend."
        ],
        "answer": "C",
        "qa_level": "long_term",
        "qa_type": "mcqa",
        "old_answer": "C"
    },
    {
        "qa_idx": 19,
        "qa_task": "object understanding",
        "question": "What kind of artwork is prominently featured in the background of the room?",
        "options": [
            "A. A painting of a chameleon.",
            "B. A painting of a zebra.",
            "C. A painting of a lion.",
            "D. A painting of a tiger."
        ],
        "answer": "A",
        "qa_level": "long_term",
        "qa_type": "mcqa",
        "old_answer": "A"
    }
]