[
    {
        "qa_idx": 0,
        "qa_type": "qa",
        "qa_level": "frame",
        "qa_task": "character-understanding",
        "question": "Are the characters in the frame exhibiting expressions of surprise or shock at 1298.0 seconds?",
        "answer": "Yes",
        "old_answer": "Yes"
    },
    {
        "qa_idx": 1,
        "qa_task": "spatial-relationship",
        "question": "Where are the two chairs located in the frame at 1272.0 seconds?",
        "options": [
            "A. Toward the left side of the frame.",
            "B. Toward the right side of the frame.",
            "C. In the center of the frame.",
            "D. Behind the person."
        ],
        "answer": "B",
        "qa_level": "frame",
        "qa_type": "mcqa",
        "old_answer": "B"
    },
    {
        "qa_idx": 3,
        "qa_type": "qa",
        "qa_level": "within_event",
        "qa_task": "object understanding",
        "question": "Is there a sticker displaying an unhappy face on the helmet of the animated toy character in the classroom setting from 1370.0 to 1438.0 seconds?",
        "answer": "Yes",
        "old_answer": "Yes"
    },
    {
        "qa_idx": 5,
        "qa_type": "qa",
        "qa_level": "within_event",
        "qa_task": "character-understanding",
        "question": "Is there a toy character dressed as a doctor in the scene from 4129.0 to 4130.0 seconds?",
        "answer": "Yes",
        "old_answer": "Yes"
    },
    {
        "qa_idx": 6,
        "qa_task": "descriptive-scene",
        "question": "Where is the toy positioned in the video frame at 3606.0 seconds?",
        "options": [
            "A. On a table.",
            "B. On the floor.",
            "C. On a shelf.",
            "D. On a bed."
        ],
        "answer": "B",
        "qa_level": "frame",
        "qa_type": "mcqa",
        "old_answer": "B"
    },
    {
        "qa_idx": 7,
        "qa_type": "qa",
        "qa_level": "cross_event",
        "qa_task": "object understanding",
        "question": "Is there a character with blue hair using crutches in the video event from 242.0 to 314.0 seconds?",
        "answer": "Yes",
        "old_answer": "Yes"
    },
    {
        "qa_idx": 8,
        "qa_task": "scene-understanding",
        "question": "How does the setting change from the beginning to the end of the event from 3582.0 to 3646.0 seconds?",
        "options": [
            "A. From a garden or farm setting to an indoor setting with a large blue character.",
            "B. From an indoor setting to a garden or farm setting with toys.",
            "C. From a night-time outdoor setting to a vibrant indoor setting.",
            "D. From a blue-lit indoor setting to a subdued-lit garden setting."
        ],
        "answer": "A",
        "qa_level": "cross_event",
        "qa_type": "mcqa",
        "old_answer": "A"
    },
    {
        "qa_idx": 10,
        "qa_task": "camera-direction",
        "question": "How does the camera movement emphasize the interaction between characters in the classroom scene from 2869.0 to 2933.0 seconds?",
        "options": [
            "A. The camera zooms in on the Rubik's cube to highlight the playful interaction.",
            "B. The camera pans across the room to show the educational posters and drawings.",
            "C. The camera remains static, focusing on the entire classroom setting.",
            "D. The camera follows the blue-haired character as they move around the room."
        ],
        "answer": "A",
        "qa_level": "cross_event",
        "qa_type": "mcqa",
        "old_answer": "A"
    },
    {
        "qa_idx": 11,
        "qa_task": "attribute-change",
        "question": "How does the attribute of the animated character's environment change from the beginning to the end of the video events between 2790.0 to 2850.0 seconds and H to e seconds?",
        "options": [
            "A. The environment changes from an outdoor setting to an indoor setting.",
            "B. The environment changes from a dark and gloomy setting to a bright and colorful setting.",
            "C. The environment remains consistently indoor with wooden elements and red curtains throughout.",
            "D. The environment changes from a stage performance setup to a mechanical workshop."
        ],
        "answer": "C",
        "qa_level": "cross_event",
        "qa_type": "mcqa",
        "old_answer": "C"
    },
    {
        "qa_idx": 12,
        "qa_task": "speed",
        "question": "Between the time of 2089.0 seconds to 2149.0 seconds and H seconds to e seconds, which character's actions suggest a higher relative speed?",
        "options": [
            "A. The blue-haired character blowing through a red tube.",
            "B. The animated toy against panelled walls and a red curtain.",
            "C. The character with animal prints.",
            "D. The whimsical characters reflected in the mirror."
        ],
        "answer": "A",
        "qa_level": "cross_event",
        "qa_type": "mcqa",
        "old_answer": "A"
    },
    {
        "qa_idx": 13,
        "qa_task": "temporal-relationship",
        "question": "What happened after the scene featuring a blue creature with a clover on its head in a cozy room with multicolored cabinets and educational posters?",
        "options": [
            "A. The scene transitions to a dimly lit room with blue-hued lockers and a night sky visible through a window.",
            "B. The scene transitions to a classroom featuring wooden tables, chairs, and a chalkboard with a clock above it.",
            "C. The scene transitions to an outdoor setting at night, highlighting a brick house with an arched window and a prominent clock under a full moon.",
            "D. The scene transitions to a bathroom featuring multiple sinks and mirrors."
        ],
        "answer": "A",
        "qa_level": "long_term",
        "qa_type": "mcqa",
        "old_answer": "A"
    },
    {
        "qa_idx": 15,
        "qa_task": "camera-direction",
        "question": "What does the camera do when the scene transitions from the classroom to the dimly lit room with blue-hued lockers and a night sky visible through a window (70.0 to 4130.0 seconds)?",
        "options": [
            "A. The camera zooms in on the characters.",
            "B. The camera pans to the left.",
            "C. The camera moves closer to the lockers.",
            "D. The camera remains stationary."
        ],
        "answer": "C",
        "qa_level": "long_term",
        "qa_type": "mcqa",
        "old_answer": "C"
    },
    {
        "qa_idx": 16,
        "qa_task": "attribute-change",
        "question": "How does the setting change from the beginning to the end of the video from 1.0 to 4130.0 seconds?",
        "options": [
            "A. From a stationary indoor scene to a dynamic and whimsical animated environment.",
            "B. From a classroom setting to a dark and eerie outdoor scene.",
            "C. From a kitchen environment to a medical-themed setup.",
            "D. From a playful indoor setting to a serene underwater scene."
        ],
        "answer": "A",
        "qa_level": "long_term",
        "qa_type": "mcqa",
        "old_answer": "A"
    }
]