[
    {
        "qa_idx": 0,
        "qa_type": "qa",
        "qa_level": "frame",
        "qa_task": "object understanding",
        "question": "Is there a red motorcycle parked on the sidewalk at 987.0 seconds into the video?",
        "answer": "Yes",
        "old_answer": "Yes"
    },
    {
        "qa_idx": 1,
        "qa_type": "qa",
        "qa_level": "frame",
        "qa_task": "character-understanding",
        "question": "Are there three cartoon mice on the countertop in the animated kitchen scene at 3410.0 seconds?",
        "answer": "Yes",
        "old_answer": "Yes"
    },
    {
        "qa_idx": 2,
        "qa_type": "qa",
        "qa_level": "within_event",
        "qa_task": "speed",
        "question": "Did the characters in diving helmets swim slowly in the blue backdrop from 1952.0 to 2014.0 seconds?",
        "answer": "No",
        "old_answer": "No"
    },
    {
        "qa_idx": 3,
        "qa_task": "character-understanding",
        "question": "What is the setting of the scene at 2288.0 seconds into the video?",
        "options": [
            "A. A bustling cityscape.",
            "B. A tranquil tropical environment.",
            "C. A snowy mountain range.",
            "D. A desert landscape."
        ],
        "answer": "B",
        "qa_level": "frame",
        "qa_type": "mcqa",
        "old_answer": "B"
    },
    {
        "qa_idx": 4,
        "qa_type": "qa",
        "qa_level": "within_event",
        "qa_task": "plot-understanding",
        "question": "Do the characters wearing yellow helmets appear to be in distress or panic in the dark, murky liquid from 2175.0 to 2238.0 seconds?",
        "answer": "Yes",
        "old_answer": "Yes"
    },
    {
        "qa_idx": 5,
        "qa_task": "object understanding",
        "question": "What are the animated characters resembling in the video frame at 1868.0 seconds?",
        "options": [
            "A. Anthropomorphic mice.",
            "B. Anthropomorphic cats.",
            "C. Anthropomorphic dogs.",
            "D. Anthropomorphic birds."
        ],
        "answer": "A",
        "qa_level": "frame",
        "qa_type": "mcqa",
        "old_answer": "A"
    },
    {
        "qa_idx": 6,
        "qa_task": "speed",
        "question": "Between 878.0 seconds and 963.0 seconds, which character appears to move more quickly in the video?",
        "options": [
            "A. The cartoonish character peering over the edge.",
            "B. The animated mouse character.",
            "C. The pink animal holding a magnifying glass.",
            "D. The larger green animated character."
        ],
        "answer": "B",
        "qa_level": "within_event",
        "qa_type": "mcqa",
        "old_answer": "B"
    },
    {
        "qa_idx": 7,
        "qa_type": "qa",
        "qa_level": "cross_event",
        "qa_task": "camera-direction",
        "question": "Does the camera remain stationary while capturing the underwater scenes from 2015.0 to 2103.0 and 2110.0 to 2170.0?",
        "answer": "No",
        "old_answer": "No"
    },
    {
        "qa_idx": 8,
        "qa_type": "qa",
        "qa_level": "long_term",
        "qa_task": "action-understanding",
        "question": "After the characters explored the cave and found the glowing flask, did they immediately start a campfire outside the cave to celebrate their discovery? (Time: 2.0 - 3510.0 seconds)",
        "answer": "No",
        "old_answer": "No"
    },
    {
        "qa_idx": 9,
        "qa_task": "descriptive-scene",
        "question": "What type of environment is depicted at the beginning of the video from 2239.0 to 2296.0 seconds?",
        "options": [
            "A. A bustling cityscape.",
            "B. A serene desert environment.",
            "C. A dense forest.",
            "D. A snowy mountain range."
        ],
        "answer": "B",
        "qa_level": "within_event",
        "qa_type": "mcqa",
        "old_answer": "B"
    },
    {
        "qa_idx": 10,
        "qa_type": "qa",
        "qa_level": "long_term",
        "qa_task": "object understanding",
        "question": "Is there a glowing chest inside the cave from 2.0 to 3510.0 seconds?",
        "answer": "Yes",
        "old_answer": "Yes"
    },
    {
        "qa_idx": 11,
        "qa_task": "time-order",
        "question": "What is the correct sequence of events in the two video descriptions from the time of 2371.0 seconds to 2432.0 seconds and H seconds to e seconds?",
        "options": [
            "A. The green bear and red dog traverse the desert landscape, followed by interactions among various animals including camels and elephants.",
            "B. The anthropomorphic owl points forward with a stern expression, followed by the green bear and red dog traversing the desert landscape.",
            "C. Various animals including camels and elephants interact peacefully, followed by the green bear and red dog traversing the desert landscape.",
            "D. The green bear and red dog traverse the desert landscape, followed by the anthropomorphic owl pointing forward with a stern expression."
        ],
        "answer": "D",
        "qa_level": "cross_event",
        "qa_type": "mcqa",
        "old_answer": "D"
    },
    {
        "qa_idx": 12,
        "qa_task": "speed",
        "question": "How does the speed of the green petrol container moving through the sandy landscape compare to the speed of the two dogs standing in shallow water from the time of 2619.0 to 2686.0 seconds?",
        "options": [
            "A. The green petrol container moves faster than the two dogs.",
            "B. The green petrol container moves slower than the two dogs.",
            "C. The green petrol container and the two dogs move at the same speed.",
            "D. The speed of the green petrol container and the two dogs is not shown."
        ],
        "answer": "A",
        "qa_level": "cross_event",
        "qa_type": "mcqa",
        "old_answer": "A"
    },
    {
        "qa_idx": 13,
        "qa_task": "descriptive-scene",
        "question": "Where do the events in the video primarily take place from 2175.0 to 2238.0 seconds and H to e seconds?",
        "options": [
            "A. In a dark, murky liquid and an underwater setting.",
            "B. In a suburban neighborhood and a construction site.",
            "C. In a tunnel-like environment and a warmly colored room.",
            "D. All of the above."
        ],
        "answer": "D",
        "qa_level": "cross_event",
        "qa_type": "mcqa",
        "old_answer": "D"
    },
    {
        "qa_idx": 14,
        "qa_task": "temporal-relationship",
        "question": "What did the anthropomorphic dog in formal wear do after examining the glowing flask in the cave?",
        "options": [
            "A. The dog held a baby pig wrapped in a blanket.",
            "B. The dog interacted with a green bear-like character.",
            "C. The dog engaged in a playful interaction with a mouse.",
            "D. The dog continued exploring the cave."
        ],
        "answer": "A",
        "qa_level": "long_term",
        "qa_type": "mcqa",
        "old_answer": "A"
    },
    {
        "qa_idx": 15,
        "qa_task": "spatial-relationship",
        "question": "Where did the anthropomorphic dog in formal wear hold the baby pig wrapped in a blanket?",
        "options": [
            "A. In a lush forest.",
            "B. Inside a dark, rocky cave.",
            "C. In a quiet suburban area.",
            "D. In a vibrant supermarket."
        ],
        "answer": "C",
        "qa_level": "long_term",
        "qa_type": "mcqa",
        "old_answer": "C"
    },
    {
        "qa_idx": 16,
        "qa_task": "causal",
        "question": "Why did the anthropomorphic dog in formal wear hold a baby pig wrapped in a blanket and proceed through a quiet suburban area?",
        "options": [
            "A. The dog was taking the baby pig to a safe place after finding it in the cave.",
            "B. The dog was showing the baby pig to other characters in the neighborhood.",
            "C. The dog was trying to find the baby pig's parents.",
            "D. The dog was taking the baby pig for a walk."
        ],
        "answer": "A",
        "qa_level": "long_term",
        "qa_type": "mcqa",
        "old_answer": "A"
    },
    {
        "qa_idx": 17,
        "qa_task": "plot-understanding",
        "question": "What is the main theme of the video from 2.0 to 3510.0 seconds?",
        "options": [
            "A. Exploration and discovery.",
            "B. Cooking and food preparation.",
            "C. Space exploration.",
            "D. Sports competition."
        ],
        "answer": "A",
        "qa_level": "long_term",
        "qa_type": "mcqa",
        "old_answer": "A"
    },
    {
        "qa_idx": 18,
        "qa_task": "camera-direction",
        "question": "How does the camera move as the characters transition from the forest to the cave and then to the suburban area from 2.0 to 3510.0 seconds?",
        "options": [
            "A. The camera moves closer to the characters as they transition from the forest to the cave and then to the suburban area.",
            "B. The camera moves away from the characters as they transition from the forest to the cave and then to the suburban area.",
            "C. The camera remains stationary as the characters transition from the forest to the cave and then to the suburban area.",
            "D. The camera moves in a circular motion around the characters as they transition from the forest to the cave and then to the suburban area."
        ],
        "answer": "A",
        "qa_level": "long_term",
        "qa_type": "mcqa",
        "old_answer": "A"
    },
    {
        "qa_idx": 19,
        "qa_task": "speed",
        "question": "Which character moves faster in the video from 2.0 to 3510.0 seconds, the green bear-like character or the pink dog-like character?",
        "options": [
            "A. The green bear-like character.",
            "B. The pink dog-like character.",
            "C. Both move at the same speed.",
            "D. None of the above."
        ],
        "answer": "A",
        "qa_level": "long_term",
        "qa_type": "mcqa",
        "old_answer": "A"
    },
    {
        "qa_idx": 20,
        "qa_task": "attribute-change",
        "question": "How does the setting change from the beginning to the end of the video event from 2.0 to 3510.0 seconds?",
        "options": [
            "A. From a lush forest to a quiet suburban area.",
            "B. From a desert to an underwater scene.",
            "C. From a bustling city to a serene countryside.",
            "D. From a snowy landscape to a sunny beach."
        ],
        "answer": "A",
        "qa_level": "long_term",
        "qa_type": "mcqa",
        "old_answer": "A"
    },
    {
        "qa_idx": 21,
        "qa_task": "time-order",
        "question": "In which order do the events occur in the video from 2.0 to 3510.0 seconds?",
        "options": [
            "A. The characters journey through a lush forest, encounter a glowing cave, explore the cave, transition to a suburban area, interact in various indoor settings, and end with a nighttime bedroom scene.",
            "B. The characters start in a suburban area, journey through a lush forest, explore a glowing cave, interact in various indoor settings, and end with a nighttime bedroom scene.",
            "C. The characters explore a glowing cave, journey through a lush forest, transition to a suburban area, interact in various indoor settings, and end with a nighttime bedroom scene.",
            "D. The characters start in a suburban area, interact in various indoor settings, journey through a lush forest, explore a glowing cave, and end with a nighttime bedroom scene."
        ],
        "answer": "A",
        "qa_level": "long_term",
        "qa_type": "mcqa",
        "old_answer": "A"
    },
    {
        "qa_idx": 22,
        "qa_task": "descriptive-scene",
        "question": "Where do the characters find themselves after exploring the forest and cave?",
        "options": [
            "A. In a quiet suburban area.",
            "B. In a bustling city.",
            "C. In a desert.",
            "D. In a snowy mountain."
        ],
        "answer": "A",
        "qa_level": "long_term",
        "qa_type": "mcqa",
        "old_answer": "A"
    }
]