[
    {
        "qa_idx": 0,
        "qa_task": "descriptive-scene",
        "question": "Where does the scene at 104.0 seconds into the video take place?",
        "options": [
            "A. In a park.",
            "B. In an indoor area with large windows.",
            "C. In a garden.",
            "D. In a forest."
        ],
        "answer": "B",
        "qa_level": "frame",
        "qa_type": "mcqa",
        "old_answer": "B"
    },
    {
        "qa_idx": 2,
        "qa_type": "qa",
        "qa_level": "within_event",
        "qa_task": "object understanding",
        "question": "Is there a stone well with a pulley system in the scene from 616.0 to 660.0 seconds?",
        "answer": "Yes",
        "old_answer": "Yes"
    },
    {
        "qa_idx": 3,
        "qa_task": "object understanding",
        "question": "What are the characters in front of the large wooden door wearing at 249.0 seconds into the video?",
        "options": [
            "A. The female is dressed in a light blue gown with gloves, and the male is in a red and blue outfit.",
            "B. The female is dressed in a green dress, and the male is in a black suit.",
            "C. The female is dressed in a yellow gown, and the male is in a white outfit.",
            "D. The female is dressed in a red dress, and the male is in a blue suit."
        ],
        "answer": "A",
        "qa_level": "frame",
        "qa_type": "mcqa",
        "old_answer": "A"
    },
    {
        "qa_idx": 4,
        "qa_type": "qa",
        "qa_level": "within_event",
        "qa_task": "camera-direction",
        "question": "Does the camera capture a close-up perspective of a brightly colored toy in a yellow outfit against the grassy terrain between 433.0 seconds and 493.0 seconds?",
        "answer": "Yes",
        "old_answer": "Yes"
    },
    {
        "qa_idx": 5,
        "qa_task": "spatial-relationship",
        "question": "Where is the toy with the yellow helmet located in the frame at 1380.0 seconds?",
        "options": [
            "A. Upper-right portion.",
            "B. Lower-left portion.",
            "C. Center.",
            "D. Upper-left portion."
        ],
        "answer": "B",
        "qa_level": "frame",
        "qa_type": "mcqa",
        "old_answer": "B"
    },
    {
        "qa_idx": 6,
        "qa_type": "qa",
        "qa_level": "cross_event",
        "qa_task": "character-understanding",
        "question": "Was there a human interacting with animated toys in both events from 433.0 to 493.0 and 494.0 to 551.0?",
        "answer": "Yes",
        "old_answer": "Yes"
    },
    {
        "qa_idx": 7,
        "qa_task": "camera-direction",
        "question": "Does the camera move closer to the yellow mechanical arm with the blue drill bit or does it stay stationary in the video from 195.0 to 230.0 seconds?",
        "options": [
            "A. The camera moves closer to the yellow mechanical arm.",
            "B. The camera stays stationary.",
            "C. The camera moves away from the yellow mechanical arm.",
            "D. The camera pans to the left."
        ],
        "answer": "A",
        "qa_level": "within_event",
        "qa_type": "mcqa",
        "old_answer": "A"
    },
    {
        "qa_idx": 8,
        "qa_task": "spatial-relationship",
        "question": "In the video events from 131.0 to 191.0 seconds and H to e seconds, what is the spatial relationship between the yellow construction vehicles and the other vehicles?",
        "options": [
            "A. The yellow construction vehicles are always leading the other vehicles.",
            "B. The yellow construction vehicles are always following the other vehicles.",
            "C. The yellow construction vehicles are sometimes leading and sometimes following the other vehicles.",
            "D. The yellow construction vehicles are stationary while the other vehicles move around them."
        ],
        "answer": "C",
        "qa_level": "cross_event",
        "qa_type": "mcqa",
        "old_answer": "C"
    },
    {
        "qa_idx": 9,
        "qa_task": "spatial-relationship",
        "question": "In the events from 1270.0 to 1330.0 seconds and H to e seconds, where is the toy dog positioned in the outdoor scene compared to the large tree?",
        "options": [
            "A. To the left of the large tree.",
            "B. To the right of the large tree.",
            "C. Under the large tree.",
            "D. In front of the large tree."
        ],
        "answer": "B",
        "qa_level": "cross_event",
        "qa_type": "mcqa",
        "old_answer": "B"
    },
    {
        "qa_idx": 11,
        "qa_task": "temporal-relationship",
        "question": "What happens after the scene with the animated toy dog in rescue-themed attire positioned against a background with illuminated geometric patterns on dark wooden panels?",
        "options": [
            "A. The scene transitions to a brightly lit bridge where a land vehicle moves towards a distant shore.",
            "B. The scene transitions to a dimly lit room with two animated toy dogs equipped with futuristic gear.",
            "C. The scene transitions to a vibrant outdoor environment with a large rock formation and characters in construction attire.",
            "D. The scene transitions to a high-tech control room aboard a spaceship with a toy-like character interacting with a control panel."
        ],
        "answer": "B",
        "qa_level": "long_term",
        "qa_type": "mcqa",
        "old_answer": "B"
    },
    {
        "qa_idx": 12,
        "qa_task": "spatial-relationship",
        "question": "Where is the animated puppy character wearing a navy blue helmet with purple accents positioned in relation to the purple snowboard with yellow bindings?",
        "options": [
            "A. On top of the purple snowboard.",
            "B. Next to the purple snowboard.",
            "C. Under the purple snowboard.",
            "D. Far away from the purple snowboard."
        ],
        "answer": "B",
        "qa_level": "long_term",
        "qa_type": "mcqa",
        "old_answer": "B"
    },
    {
        "qa_idx": 13,
        "qa_task": "camera-direction",
        "question": "What is the camera movement when the scene transitions from the outdoor snowy adventures to the indoor settings with large windows?",
        "options": [
            "A. The camera moves closer to the characters.",
            "B. The camera zooms out to show the entire scene.",
            "C. The camera pans from left to right.",
            "D. The camera remains stationary."
        ],
        "answer": "A",
        "qa_level": "long_term",
        "qa_type": "mcqa",
        "old_answer": "A"
    },
    {
        "qa_idx": 14,
        "qa_task": "attribute-change",
        "question": "How does the environment change from the beginning to the end of the video between 1.0 and 1827.0 seconds?",
        "options": [
            "A. From a brightly colored toy on a snowboard to a high-tech control room.",
            "B. From a snowy mountain landscape to a rural agricultural setting.",
            "C. From a serene outdoor scene to a vibrant town square.",
            "D. From a dark, cavernous environment to a playful indoor setting."
        ],
        "answer": "A",
        "qa_level": "long_term",
        "qa_type": "mcqa",
        "old_answer": "A"
    },
    {
        "qa_idx": 15,
        "qa_task": "character-understanding",
        "question": "What is the person in a red and white jacket with teal accents doing in the video between 1.0 and 1827.0 seconds?",
        "options": [
            "A. Interacting playfully with an animated toy dog mid-air.",
            "B. Driving a construction vehicle.",
            "C. Standing still in a forest.",
            "D. Cooking in a kitchen."
        ],
        "answer": "A",
        "qa_level": "long_term",
        "qa_type": "mcqa",
        "old_answer": "A"
    },
    {
        "qa_idx": 16,
        "qa_task": "object understanding",
        "question": "What kind of vehicle is prominently featured in the nighttime scenes of the video?",
        "options": [
            "A. A yellow construction vehicle.",
            "B. A red sports car.",
            "C. A blue motorcycle.",
            "D. A green bicycle."
        ],
        "answer": "A",
        "qa_level": "long_term",
        "qa_type": "mcqa",
        "old_answer": "A"
    },
    {
        "qa_idx": 17,
        "qa_task": "descriptive-scene",
        "question": "Where do the animated toy characters interact in the video from 1.0 to 1827.0 seconds?",
        "options": [
            "A. In a snowy outdoor environment.",
            "B. In a brightly lit indoor environment with large windows.",
            "C. In a dark cave with icy stalagmites.",
            "D. In a futuristic spaceship control room."
        ],
        "answer": "B",
        "qa_level": "long_term",
        "qa_type": "mcqa",
        "old_answer": "B"
    }
]