[
    {
        "qa_idx": 0,
        "qa_type": "qa",
        "qa_level": "frame",
        "qa_task": "object understanding",
        "question": "Is there a small, cylindrical white object on the floor at 782.0 seconds into the video?",
        "answer": "Yes",
        "old_answer": "Yes"
    },
    {
        "qa_idx": 1,
        "qa_type": "qa",
        "qa_level": "frame",
        "qa_task": "object understanding",
        "question": "Is the animated object in the frame at 872.0 seconds footwear?",
        "answer": "Yes",
        "old_answer": "Yes"
    },
    {
        "qa_idx": 2,
        "qa_task": "spatial-relationship",
        "question": "Where is the large, cartoonish dog riding a bicycle located in the frame at 1163.0 seconds?",
        "options": [
            "A. Upper right.",
            "B. Lower left.",
            "C. Center.",
            "D. Upper left."
        ],
        "answer": "B",
        "qa_level": "frame",
        "qa_type": "mcqa",
        "old_answer": "B"
    },
    {
        "qa_idx": 3,
        "qa_task": "object understanding",
        "question": "What material is the window frame and paneling made of in the video frame at 1279.0 seconds?",
        "options": [
            "A. Dark-colored material.",
            "B. Light-colored material.",
            "C. Metallic material.",
            "D. Wooden material."
        ],
        "answer": "B",
        "qa_level": "frame",
        "qa_type": "mcqa",
        "old_answer": "B"
    },
    {
        "qa_idx": 4,
        "qa_task": "descriptive-scene",
        "question": "What is the overall environment of the room at 603.0 seconds into the video?",
        "options": [
            "A. Busy and cluttered.",
            "B. Dark and gloomy.",
            "C. Cozy and peaceful.",
            "D. Cold and sterile."
        ],
        "answer": "C",
        "qa_level": "frame",
        "qa_type": "mcqa",
        "old_answer": "C"
    },
    {
        "qa_idx": 5,
        "qa_type": "qa",
        "qa_level": "long_term",
        "qa_task": "action-understanding",
        "question": "After the animated characters interacted with the steaming pile of noodles, did they clean up the spilled contents from the overturned box on the wooden bench? (Time: 1192.0 seconds to 2085.0 seconds)",
        "answer": "No",
        "old_answer": "No"
    },
    {
        "qa_idx": 6,
        "qa_task": "camera-direction",
        "question": "During the video event from 456.0 to 488.0 seconds, how does the camera movement change the focus of the scene?",
        "options": [
            "A. The camera moves away from the toy snail to reveal the cluttered environment.",
            "B. The camera zooms in on the toy snail, ignoring the background.",
            "C. The camera shifts to an animated scene of a two-headed snail and then to toy figures interacting.",
            "D. The camera remains static, focusing only on the toy snail."
        ],
        "answer": "C",
        "qa_level": "within_event",
        "qa_type": "mcqa",
        "old_answer": "C"
    },
    {
        "qa_idx": 7,
        "qa_task": "speed",
        "question": "Between 1.0 and 38.0 seconds, which scene transition occurs the fastest?",
        "options": [
            "A. From the 'TUBA' text to the 'Larva in New York' poster.",
            "B. From the 'Larva in New York' poster to the urban cityscape.",
            "C. From the urban cityscape to the outdoor environment with greenery.",
            "D. From the outdoor environment to the serene water feature."
        ],
        "answer": "A",
        "qa_level": "within_event",
        "qa_type": "mcqa",
        "old_answer": "A"
    },
    {
        "qa_idx": 9,
        "qa_task": "descriptive-scene",
        "question": "Where do the events in the video take place from the time of 1686.0 seconds to 1749.0 seconds and H seconds to e seconds?",
        "options": [
            "A. In a street-like setting with a concrete wall and a large rusted pipe visible.",
            "B. In a dense forest with lush vegetation.",
            "C. Inside a house with modern furniture.",
            "D. In a desert with sand dunes."
        ],
        "answer": "A",
        "qa_level": "cross_event",
        "qa_type": "mcqa",
        "old_answer": "A"
    },
    {
        "qa_idx": 11,
        "qa_task": "time-order",
        "question": "In which order do the events occur in the video from 1.0 to 2085.0 seconds?",
        "options": [
            "A. The video begins with the text 'TUBA' and transitions to an urban cityscape, followed by animated insect characters interacting near a fountain, and then a snow-covered environment with animated characters.",
            "B. The video begins with animated insect characters interacting near a fountain, transitions to an urban cityscape, followed by the text 'TUBA', and then a snow-covered environment with animated characters.",
            "C. The video begins with a snow-covered environment with animated characters, transitions to the text 'TUBA', followed by an urban cityscape, and then animated insect characters interacting near a fountain.",
            "D. The video begins with an urban cityscape, transitions to the text 'TUBA', followed by animated insect characters interacting near a fountain, and then a snow-covered environment with animated characters."
        ],
        "answer": "A",
        "qa_level": "long_term",
        "qa_type": "mcqa",
        "old_answer": "A"
    },
    {
        "qa_idx": 14,
        "qa_task": "speed",
        "question": "Which character moved faster in the video from 1.0 to 2085.0 seconds?",
        "options": [
            "A. The yellow character.",
            "B. The red character.",
            "C. The blue character.",
            "D. The green character."
        ],
        "answer": "A",
        "qa_level": "long_term",
        "qa_type": "mcqa",
        "old_answer": "A"
    },
    {
        "qa_idx": 15,
        "qa_task": "attribute-change",
        "question": "How does the environment change from the beginning to the end of the video from 1.0 to 2085.0 seconds?",
        "options": [
            "A. From a serene indoor setting to a bustling urban cityscape.",
            "B. From a minimalistic scene with text to a dynamic animated garden scene.",
            "C. From a snowy environment to a warm indoor setting.",
            "D. From a playful animated scene to a serene underwater environment."
        ],
        "answer": "B",
        "qa_level": "long_term",
        "qa_type": "mcqa",
        "old_answer": "B"
    },
    {
        "qa_idx": 16,
        "qa_task": "descriptive-scene",
        "question": "Where does the scene take place at 113 seconds, 1192.0 seconds, and 1230.0 seconds?",
        "options": [
            "A. In a garden.",
            "B. In an urban cityscape.",
            "C. In a kitchen.",
            "D. In a bathroom."
        ],
        "answer": "B",
        "qa_level": "long_term",
        "qa_type": "mcqa",
        "old_answer": "B"
    }
]