[
    {
        "qa_idx": 0,
        "qa_type": "qa",
        "qa_level": "frame",
        "qa_task": "character-understanding",
        "question": "At 3774.0 seconds into the video, were the men engaged in a discussion or conversation?",
        "answer": "Yes",
        "old_answer": "Yes"
    },
    {
        "qa_idx": 1,
        "qa_task": "object understanding",
        "question": "What is the title of the article displayed on the web page from 'nintendolife.com' at 2951.0 seconds into the video?",
        "options": [
            "A. Guide: Nintendo Switch Online FAQ - Everything We Know So Far.",
            "B. Review: The Latest Nintendo Switch Games.",
            "C. Feature: Top 10 Nintendo Switch Accessories.",
            "D. News: Upcoming Nintendo Switch Releases."
        ],
        "answer": "A",
        "qa_level": "frame",
        "qa_type": "mcqa",
        "old_answer": "A"
    },
    {
        "qa_idx": 3,
        "qa_type": "qa",
        "qa_level": "within_event",
        "qa_task": "character-understanding",
        "question": "Were the two men engaged in a discussion or presentation from 2773.0 to 2894.0 seconds?",
        "answer": "Yes",
        "old_answer": "Yes"
    },
    {
        "qa_idx": 4,
        "qa_task": "object understanding",
        "question": "What is the backdrop color in the studio setting at 3293.0 seconds into the video?",
        "options": [
            "A. Blue and white.",
            "B. Green and yellow.",
            "C. Orange and white.",
            "D. Red and black."
        ],
        "answer": "C",
        "qa_level": "frame",
        "qa_type": "mcqa",
        "old_answer": "C"
    },
    {
        "qa_idx": 5,
        "qa_type": "qa",
        "qa_level": "cross_event",
        "qa_task": "camera-direction",
        "question": "In the event from 2951.0 to 3043.0, does the camera move to show the details of the computer screens the two men are looking at?",
        "answer": "Yes",
        "old_answer": "Yes"
    },
    {
        "qa_idx": 6,
        "qa_task": "object-direction",
        "question": "In which direction is the blocky character navigating the boat through the swampy waters from 84.0 to 102.0 seconds?",
        "options": [
            "A. Upstream.",
            "B. Downstream.",
            "C. Left.",
            "D. Right."
        ],
        "answer": "B",
        "qa_level": "within_event",
        "qa_type": "mcqa",
        "old_answer": "B"
    },
    {
        "qa_idx": 7,
        "qa_task": "speed",
        "question": "During the video event from 1022.0 to 1066.0 seconds, which element on the YouTube page is likely to change the fastest?",
        "options": [
            "A. The number of views on the video.",
            "B. The number of subscribers to the channel.",
            "C. The advertisement playing.",
            "D. The background of the studio setup."
        ],
        "answer": "A",
        "qa_level": "within_event",
        "qa_type": "mcqa",
        "old_answer": "A"
    },
    {
        "qa_idx": 8,
        "qa_task": "camera-direction",
        "question": "Does the camera move closer to the blocky character on the boat or does it shift to a different scene in the video from 84.0 to 102.0 seconds?",
        "options": [
            "A. The camera moves closer to the blocky character on the boat.",
            "B. The camera shifts to a different scene.",
            "C. The camera zooms out from the blocky character on the boat.",
            "D. The camera remains static on the blocky character on the boat."
        ],
        "answer": "B",
        "qa_level": "within_event",
        "qa_type": "mcqa",
        "old_answer": "B"
    },
    {
        "qa_idx": 13,
        "qa_task": "temporal-relationship",
        "question": "What happens after the scene transitions from the pixelated, animated landscape set in a dense, green forest?",
        "options": [
            "A. The view shifts to an indoor environment featuring two men seated in a recording setup with laptops and microphones.",
            "B. The character navigates through swampy, green waters.",
            "C. The scene transitions to a laboratory or industrial setting featuring a robotic quadruped known as SpotMini.",
            "D. The scene opens with a YouTube page showcasing a video titled 'Getting some air, Atlas?' by Boston Dynamics."
        ],
        "answer": "A",
        "qa_level": "long_term",
        "qa_type": "mcqa",
        "old_answer": "A"
    },
    {
        "qa_idx": 17,
        "qa_task": "object-direction",
        "question": "In the video from 84.0 to 4774.0 seconds, which direction does the blocky character navigate the boat in the pixelated, animated landscape?",
        "options": [
            "A. Upstream.",
            "B. Downstream.",
            "C. Through swampy, green waters.",
            "D. Across a desert."
        ],
        "answer": "C",
        "qa_level": "long_term",
        "qa_type": "mcqa",
        "old_answer": "C"
    },
    {
        "qa_idx": 18,
        "qa_task": "camera-direction",
        "question": "How does the camera movement transition between the scenes from 84.0 to 4774.0 seconds?",
        "options": [
            "A. The camera moves from an outdoor forest scene to an indoor recording setup.",
            "B. The camera moves from an indoor recording setup to an outdoor forest scene.",
            "C. The camera remains static throughout the scenes.",
            "D. The camera moves from a recording setup to a laboratory setting."
        ],
        "answer": "A",
        "qa_level": "long_term",
        "qa_type": "mcqa",
        "old_answer": "A"
    },
    {
        "qa_idx": 19,
        "qa_task": "speed",
        "question": "Which character navigates through the swampy, green waters faster, the blocky character on the boat or the robotic quadruped SpotMini?",
        "options": [
            "A. The blocky character on the boat.",
            "B. The robotic quadruped SpotMini.",
            "C. Both move at the same speed.",
            "D. None of the above."
        ],
        "answer": "A",
        "qa_level": "long_term",
        "qa_type": "mcqa",
        "old_answer": "A"
    },
    {
        "qa_idx": 20,
        "qa_task": "attribute-change",
        "question": "How does the setting change from the beginning to the end of the video event from 84.0 to 4774.0 seconds?",
        "options": [
            "A. From a pixelated, animated landscape to a tech-centric recording setup.",
            "B. From a tech-centric recording setup to a pixelated, animated landscape.",
            "C. From a laboratory setting to a tech-centric recording setup.",
            "D. From a tech-centric recording setup to a laboratory setting."
        ],
        "answer": "A",
        "qa_level": "long_term",
        "qa_type": "mcqa",
        "old_answer": "A"
    }
]