[
    {
        "qa_idx": 0,
        "qa_type": "qa",
        "qa_level": "frame",
        "qa_task": "object understanding",
        "question": "Is there a red and yellow boat in the background at 1239.0 seconds into the video?",
        "answer": "Yes",
        "old_answer": "Yes"
    },
    {
        "qa_idx": 1,
        "qa_task": "descriptive-scene",
        "question": "Where does the scene at 39.0 seconds take place?",
        "options": [
            "A. In a living room.",
            "B. In a children's bedroom.",
            "C. In a kitchen.",
            "D. In a garden."
        ],
        "answer": "B",
        "qa_level": "frame",
        "qa_type": "mcqa",
        "old_answer": "B"
    },
    {
        "qa_idx": 2,
        "qa_type": "qa",
        "qa_level": "within_event",
        "qa_task": "speed",
        "question": "From 1059.0 to 1094.0 seconds, are the cartoon characters playing their musical instruments at a fast pace?",
        "answer": "No",
        "old_answer": "No"
    },
    {
        "qa_idx": 3,
        "qa_type": "qa",
        "qa_level": "within_event",
        "qa_task": "action-understanding",
        "question": "Do the animated characters eat cookies against a plain light blue background towards the end of the event from 1714.0 to 1774.0 seconds?",
        "answer": "Yes",
        "old_answer": "Yes"
    },
    {
        "qa_idx": 4,
        "qa_task": "spatial-relationship",
        "question": "Where is the toy dressed in firefighter attire positioned at 1453.0 seconds into the video?",
        "options": [
            "A. On a ladder.",
            "B. Holding a fire extinguisher.",
            "C. Close to the side of the frame.",
            "D. Higher up, interacting with the ladder."
        ],
        "answer": "A",
        "qa_level": "frame",
        "qa_type": "mcqa",
        "old_answer": "A"
    },
    {
        "qa_idx": 5,
        "qa_type": "qa",
        "qa_level": "cross_event",
        "qa_task": "action-understanding",
        "question": "In the first event from 350.0 to 411.0, does the pig character wear a sailor's hat while floating with a parrot on its head?",
        "answer": "Yes",
        "old_answer": "Yes"
    },
    {
        "qa_idx": 7,
        "qa_task": "camera-direction",
        "question": "During the event from 1714.0 to 1774.0 seconds, how does the camera movement contribute to the playful atmosphere?",
        "options": [
            "A. The camera remains static throughout the event.",
            "B. The camera moves closer to the characters to emphasize their expressions.",
            "C. The camera pans across the scene to show different characters and settings.",
            "D. The camera zooms out to show the entire setting at once."
        ],
        "answer": "C",
        "qa_level": "within_event",
        "qa_type": "mcqa",
        "old_answer": "C"
    },
    {
        "qa_idx": 8,
        "qa_task": "temporal-relationship",
        "question": "What happens after the scene where Peppa Pig is seen in a cheerful animated sequence on a light blue background?",
        "options": [
            "A. The scene transitions to a nighttime setting with a deep purple sky featuring stars and a crescent moon.",
            "B. Peppa Pig is seen walking through a bright, green landscape with a clear blue sky.",
            "C. The scene transitions to a brightly lit dining area with a round table set for a meal.",
            "D. The scene transitions to a vibrant classroom filled with toys and educational materials."
        ],
        "answer": "A",
        "qa_level": "long_term",
        "qa_type": "mcqa",
        "old_answer": "A"
    },
    {
        "qa_idx": 9,
        "qa_task": "plot-understanding",
        "question": "What is the main theme of the video from 3.0 to 1916.0 seconds?",
        "options": [
            "A. A pirate adventure.",
            "B. A bedtime routine.",
            "C. A grocery shopping trip.",
            "D. A musical performance."
        ],
        "answer": "B",
        "qa_level": "long_term",
        "qa_type": "mcqa",
        "old_answer": "B"
    },
    {
        "qa_idx": 10,
        "qa_task": "speed",
        "question": "Which character moves faster in the video from 3.0 to 1916.0 seconds, the pig in a hat with a feather or the fish near the boat?",
        "options": [
            "A. The pig in a hat with a feather.",
            "B. The fish near the boat.",
            "C. Both move at the same speed.",
            "D. None of the above."
        ],
        "answer": "B",
        "qa_level": "long_term",
        "qa_type": "mcqa",
        "old_answer": "B"
    },
    {
        "qa_idx": 11,
        "qa_task": "attribute-change",
        "question": "How does the scene transition from the beginning to the end of the video from 3.0 to 1916.0 seconds?",
        "options": [
            "A. From a cheerful animated sequence to a nighttime scene with a deep purple sky.",
            "B. From a nighttime scene with a deep purple sky to a lively outdoor setting under a clear blue sky.",
            "C. From a lively outdoor setting under a clear blue sky to a title card for the animated television show 'Peppa Pig'.",
            "D. From a title card for the animated television show 'Peppa Pig' to a cheerful animated sequence."
        ],
        "answer": "C",
        "qa_level": "long_term",
        "qa_type": "mcqa",
        "old_answer": "C"
    },
    {
        "qa_idx": 12,
        "qa_task": "character-understanding",
        "question": "What is the adult figure doing in the children's bedroom at nighttime from 3.0 to 1916.0 seconds?",
        "options": [
            "A. The adult figure is reading to the children.",
            "B. The adult figure is playing with toys.",
            "C. The adult figure is cooking.",
            "D. The adult figure is cleaning the room."
        ],
        "answer": "A",
        "qa_level": "long_term",
        "qa_type": "mcqa",
        "old_answer": "A"
    },
    {
        "qa_idx": 13,
        "qa_task": "object understanding",
        "question": "What kind of toys are seen in the children's bedroom at nighttime from 3.0 to 1916.0 seconds?",
        "options": [
            "A. Teddy bears and dinosaurs.",
            "B. Cars and robots.",
            "C. Dolls and action figures.",
            "D. Trains and planes."
        ],
        "answer": "A",
        "qa_level": "long_term",
        "qa_type": "mcqa",
        "old_answer": "A"
    },
    {
        "qa_idx": 14,
        "qa_task": "time-order",
        "question": "In which order do the events occur in the video from 3.0 to 1916.0 seconds?",
        "options": [
            "A. Introduction of Peppa Pig, nighttime scene with a yellow house, indoor bedtime scenes, outdoor scene with a pig in a hat, whimsical castle, children's bedroom, family meal setup, whimsical frames with a floating castle, cozy nighttime scene, cheerful children's bedroom, grocery store, outdoor scene with a tree, lively classroom, musical activity, Peppa Pig title card.",
            "B. Introduction of Peppa Pig, whimsical castle, nighttime scene with a yellow house, indoor bedtime scenes, outdoor scene with a pig in a hat, children's bedroom, family meal setup, whimsical frames with a floating castle, cozy nighttime scene, cheerful children's bedroom, grocery store, outdoor scene with a tree, lively classroom, musical activity, Peppa Pig title card.",
            "C. Introduction of Peppa Pig, nighttime scene with a yellow house, whimsical castle, indoor bedtime scenes, outdoor scene with a pig in a hat, children's bedroom, family meal setup, whimsical frames with a floating castle, cozy nighttime scene, cheerful children's bedroom, grocery store, outdoor scene with a tree, lively classroom, musical activity, Peppa Pig title card.",
            "D. Introduction of Peppa Pig, nighttime scene with a yellow house, indoor bedtime scenes, whimsical castle, outdoor scene with a pig in a hat, children's bedroom, family meal setup, whimsical frames with a floating castle, cozy nighttime scene, cheerful children's bedroom, grocery store, outdoor scene with a tree, lively classroom, musical activity, Peppa Pig title card."
        ],
        "answer": "A",
        "qa_level": "long_term",
        "qa_type": "mcqa",
        "old_answer": "A"
    },
    {
        "qa_idx": 15,
        "qa_task": "descriptive-scene",
        "question": "Where do the characters spend most of their time in the video from 3.0 to 1916.0 seconds?",
        "options": [
            "A. In a children's bedroom.",
            "B. In a grocery store.",
            "C. In a classroom.",
            "D. In a kitchen."
        ],
        "answer": "A",
        "qa_level": "long_term",
        "qa_type": "mcqa",
        "old_answer": "A"
    }
]