[
    {
        "qa_idx": 0,
        "qa_task": "character-understanding",
        "question": "What are the anthropomorphic pigs doing at 3034.0 seconds into the video?",
        "options": [
            "A. Cooking a meal.",
            "B. Cleaning the kitchen.",
            "C. Enjoying a meal with cake.",
            "D. Playing with a toy."
        ],
        "answer": "C",
        "qa_level": "frame",
        "qa_type": "mcqa",
        "old_answer": "C"
    },
    {
        "qa_idx": 1,
        "qa_task": "object understanding",
        "question": "What are the two cartoon pig characters wearing in the scene at 3372.0 seconds into the video?",
        "options": [
            "A. One is wearing a red dress, and the other is dressed in blue.",
            "B. Both are wearing red dresses.",
            "C. One is wearing a green dress, and the other is dressed in yellow.",
            "D. Both are dressed in blue."
        ],
        "answer": "A",
        "qa_level": "frame",
        "qa_type": "mcqa",
        "old_answer": "A"
    },
    {
        "qa_idx": 2,
        "qa_type": "qa",
        "qa_level": "within_event",
        "qa_task": "action-understanding",
        "question": "During the scene from 1501.0 to 1551.0 seconds, do the characters in the library or bookstore engage in a dance performance?",
        "answer": "No",
        "old_answer": "No"
    },
    {
        "qa_idx": 4,
        "qa_type": "qa",
        "qa_level": "within_event",
        "qa_task": "speed",
        "question": "Is the drawing on the white object with the pink tipped black marker done quickly from 2588.0 to 2643.0 seconds?",
        "answer": "No",
        "old_answer": "No"
    },
    {
        "qa_idx": 5,
        "qa_task": "descriptive-scene",
        "question": "Where does the event primarily take place from 2370.0 to 2435.0 seconds?",
        "options": [
            "A. In a dark forest.",
            "B. In a vibrant playground setting.",
            "C. In a classroom.",
            "D. In a shopping mall."
        ],
        "answer": "B",
        "qa_level": "within_event",
        "qa_type": "mcqa",
        "old_answer": "B"
    },
    {
        "qa_idx": 6,
        "qa_type": "qa",
        "qa_level": "long_term",
        "qa_task": "object understanding",
        "question": "Is there a tree with purple fruits in the video from 3.0 to 3713.0 seconds?",
        "answer": "Yes",
        "old_answer": "Yes"
    },
    {
        "qa_idx": 7,
        "qa_task": "object understanding",
        "question": "What is the main object of interest in the outdoor scene from 281.0 to 343.0 seconds?",
        "options": [
            "A. A ball stuck in the tree branches.",
            "B. A kite flying in the sky.",
            "C. A bird nest on the ground.",
            "D. A pond with fish."
        ],
        "answer": "A",
        "qa_level": "cross_event",
        "qa_type": "mcqa",
        "old_answer": "A"
    },
    {
        "qa_idx": 8,
        "qa_task": "attribute-change",
        "question": "How does the scene's atmosphere and character interaction change from the beginning to the end of the video events between 491.0 to 560.0 seconds and H to e seconds?",
        "options": [
            "A. The scene starts with a vibrant and colorful outdoor setting with characters interacting cheerfully, and transitions to a more tranquil and idyllic ambiance with characters engaging in leisurely activities.",
            "B. The scene starts with a dark and gloomy atmosphere with characters in conflict, and transitions to a bright and cheerful setting with characters celebrating.",
            "C. The scene starts with characters in a cityscape environment, and transitions to a rural setting with characters working on a farm.",
            "D. The scene starts with a quiet and empty landscape, and transitions to a bustling market with characters shopping and trading."
        ],
        "answer": "A",
        "qa_level": "cross_event",
        "qa_type": "mcqa",
        "old_answer": "A"
    },
    {
        "qa_idx": 9,
        "qa_task": "spatial-relationship",
        "question": "Where is the rabbit character standing when the pig-like character with glasses is seen falling backward?",
        "options": [
            "A. Near a tree with purple fruits.",
            "B. In front of a yellow building.",
            "C. On a grassy field with small yellow flowers.",
            "D. Under a clear blue sky with a single white cloud."
        ],
        "answer": "A",
        "qa_level": "long_term",
        "qa_type": "mcqa",
        "old_answer": "A"
    },
    {
        "qa_idx": 10,
        "qa_task": "plot-understanding",
        "question": "What is the main activity the characters are engaged in from 3.0 to 3713.0 seconds?",
        "options": [
            "A. Playing sports and engaging in outdoor activities.",
            "B. Cooking and eating in the kitchen.",
            "C. Attending a school or educational event.",
            "D. Traveling and exploring different places."
        ],
        "answer": "A",
        "qa_level": "long_term",
        "qa_type": "mcqa",
        "old_answer": "A"
    },
    {
        "qa_idx": 12,
        "qa_task": "speed",
        "question": "Which character is faster in the soccer game, the pig with glasses or the rabbit?",
        "options": [
            "A. The pig with glasses.",
            "B. The rabbit.",
            "C. Both are at the same speed.",
            "D. None of the above."
        ],
        "answer": "B",
        "qa_level": "long_term",
        "qa_type": "mcqa",
        "old_answer": "B"
    }
]