[
    {
        "qa_idx": 0,
        "qa_type": "qa",
        "qa_level": "frame",
        "qa_task": "character-understanding",
        "question": "Is the animated character resembling a pig looking into the oven at 927.0 seconds?",
        "answer": "Yes",
        "old_answer": "Yes"
    },
    {
        "qa_idx": 2,
        "qa_type": "qa",
        "qa_level": "frame",
        "qa_task": "character-understanding",
        "question": "At 356.0 seconds into the video, are the anthropomorphic pigs in the kitchen?",
        "answer": "Yes",
        "old_answer": "Yes"
    },
    {
        "qa_idx": 3,
        "qa_task": "character-understanding",
        "question": "What is the pink anthropomorphic pig character wearing in the video frame at 1533.0 seconds?",
        "options": [
            "A. A blue dress.",
            "B. A red dress.",
            "C. A green dress.",
            "D. A yellow dress."
        ],
        "answer": "B",
        "qa_level": "frame",
        "qa_type": "mcqa",
        "old_answer": "B"
    },
    {
        "qa_idx": 4,
        "qa_type": "qa",
        "qa_level": "within_event",
        "qa_task": "object understanding",
        "question": "Is there a green cabinet with a yellow countertop in the background of the video from 77.0 to 122.0 seconds?",
        "answer": "Yes",
        "old_answer": "Yes"
    },
    {
        "qa_idx": 5,
        "qa_type": "qa",
        "qa_level": "within_event",
        "qa_task": "speed",
        "question": "From 388.0 to 451.0 seconds, do the animated characters move at a fast pace during the celebratory scene in the kitchen?",
        "answer": "No",
        "old_answer": "No"
    },
    {
        "qa_idx": 6,
        "qa_type": "qa",
        "qa_level": "cross_event",
        "qa_task": "character-understanding",
        "question": "Were there animated pig characters interacting in front of the house in the first event from 452.0 to 562.0?",
        "answer": "Yes",
        "old_answer": "Yes"
    },
    {
        "qa_idx": 7,
        "qa_type": "qa",
        "qa_level": "cross_event",
        "qa_task": "action-understanding",
        "question": "During the event from 996.0 to 1059.0, do the cartoon characters in the red car stop to have a meal at a roadside diner?",
        "answer": "No",
        "old_answer": "No"
    },
    {
        "qa_idx": 8,
        "qa_task": "camera-direction",
        "question": "As the family of pigs drives through the countryside in the red convertible car, does the camera move closer to the car or does the car move away from the camera from 935.0 to 993.0 seconds?",
        "options": [
            "A. The camera moves closer to the car.",
            "B. The car moves away from the camera.",
            "C. The camera remains stationary.",
            "D. The car remains stationary."
        ],
        "answer": "A",
        "qa_level": "within_event",
        "qa_type": "mcqa",
        "old_answer": "A"
    },
    {
        "qa_idx": 9,
        "qa_task": "descriptive-scene",
        "question": "What is the primary setting of the video event from 123.0 to 134.0 seconds?",
        "options": [
            "A. A kitchen.",
            "B. A classroom.",
            "C. A playground.",
            "D. A living room."
        ],
        "answer": "B",
        "qa_level": "within_event",
        "qa_type": "mcqa",
        "old_answer": "B"
    },
    {
        "qa_idx": 10,
        "qa_type": "qa",
        "qa_level": "long_term",
        "qa_task": "action-understanding",
        "question": "After the characters finish their meal in the kitchen, do they immediately start playing a game of soccer outside? (Time: 1730.0 to 1929.0 seconds)",
        "answer": "No",
        "old_answer": "No"
    },
    {
        "qa_idx": 11,
        "qa_task": "plot-understanding",
        "question": "What is the main setting and who are the main characters in the events from 628.0 to 688.0 seconds and H to e seconds?",
        "options": [
            "A. A lively classroom with children and a teacher, and a fine-grained action understanding scene.",
            "B. A playground with children playing, and a fine-grained action understanding scene.",
            "C. A library with children reading, and a fine-grained action understanding scene.",
            "D. A park with families having a picnic, and a fine-grained action understanding scene."
        ],
        "answer": "A",
        "qa_level": "cross_event",
        "qa_type": "mcqa",
        "old_answer": "A"
    },
    {
        "qa_idx": 12,
        "qa_task": "object understanding",
        "question": "What are the main objects found in the sandbox in the outdoor scene from 1525.0 to 1596.0 seconds?",
        "options": [
            "A. Green and orange buckets, small shovels, and colorful play objects.",
            "B. Blue and red balls, toy cars, and building blocks.",
            "C. Books, pencils, and paper.",
            "D. Food items, plates, and cups."
        ],
        "answer": "A",
        "qa_level": "cross_event",
        "qa_type": "mcqa",
        "old_answer": "A"
    },
    {
        "qa_idx": 13,
        "qa_task": "temporal-relationship",
        "question": "What happens after the characters are seen engaging in playful activities in the grassy field under a clear blue sky?",
        "options": [
            "A. The scene transitions to a classroom filled with educational materials and toys.",
            "B. The characters gather around a breakfast tray in a bright bedroom.",
            "C. The characters are seen preparing to light candles on a chocolate cake in a kitchen.",
            "D. The characters are seen driving in a red convertible car through a countryside setting."
        ],
        "answer": "B",
        "qa_level": "long_term",
        "qa_type": "mcqa",
        "old_answer": "B"
    },
    {
        "qa_idx": 14,
        "qa_task": "spatial-relationship",
        "question": "Where is the pink pig character with glasses and a beard located in the indoor setting?",
        "options": [
            "A. Near a window with light green curtains.",
            "B. Near a door with a red roof.",
            "C. Near a table with a chocolate cake.",
            "D. Near a bookshelf with educational materials."
        ],
        "answer": "A",
        "qa_level": "long_term",
        "qa_type": "mcqa",
        "old_answer": "A"
    },
    {
        "qa_idx": 15,
        "qa_task": "speed",
        "question": "Which character joined the scene faster, the rabbit wearing an orange coat and purple boots or the light purple elephant character in a yellow coat and green boots?",
        "options": [
            "A. The rabbit wearing an orange coat and purple boots.",
            "B. The light purple elephant character in a yellow coat and green boots.",
            "C. Both joined at the same time.",
            "D. Neither of them joined the scene."
        ],
        "answer": "A",
        "qa_level": "long_term",
        "qa_type": "mcqa",
        "old_answer": "A"
    },
    {
        "qa_idx": 17,
        "qa_task": "object understanding",
        "question": "What objects are featured on the blue table in the light turquoise background at the beginning of the event?",
        "options": [
            "A. A chocolate cake on a white plate with purple patterns.",
            "B. A vase with a flower and a container of colored pencils.",
            "C. A green rotary dial telephone and a washing machine.",
            "D. A red toy car and a clock."
        ],
        "answer": "A",
        "qa_level": "long_term",
        "qa_type": "mcqa",
        "old_answer": "A"
    }
]