[
    {
        "qa_idx": 1,
        "qa_task": "spatial-relationship",
        "question": "Where is the yellow slug positioned in relation to the box at 783.0 seconds into the video?",
        "options": [
            "A. On the left side of the box.",
            "B. On the right side of the box.",
            "C. On top of the box.",
            "D. Behind the box."
        ],
        "answer": "B",
        "qa_level": "frame",
        "qa_type": "mcqa",
        "old_answer": "B"
    },
    {
        "qa_idx": 2,
        "qa_type": "qa",
        "qa_level": "within_event",
        "qa_task": "action-understanding",
        "question": "At any point between 1715.0 and 1778.0 seconds, does the animated insect-like character with bright green shoes perform a dance routine on stage?",
        "answer": "No",
        "old_answer": "No"
    },
    {
        "qa_idx": 3,
        "qa_task": "object understanding",
        "question": "What is the toy doing at 1800.0 seconds into the video?",
        "options": [
            "A. The toy is emitting a bright light, suggesting it might be firing a weapon or tool.",
            "B. The toy is being repaired by a person.",
            "C. The toy is being placed on a shelf.",
            "D. The toy is being painted."
        ],
        "answer": "A",
        "qa_level": "frame",
        "qa_type": "mcqa",
        "old_answer": "A"
    },
    {
        "qa_idx": 4,
        "qa_type": "qa",
        "qa_level": "cross_event",
        "qa_task": "action-understanding",
        "question": "In the event from 1477.0 to 1539.0, does the animated character suspended in mid-air eventually land on the ground and start dancing?",
        "answer": "No",
        "old_answer": "No"
    },
    {
        "qa_idx": 6,
        "qa_task": "character-understanding",
        "question": "What are the animated characters positioned in front of in the video from 758.0 to 761.0 seconds?",
        "options": [
            "A. A rectangular box.",
            "B. A round table.",
            "C. A green refrigerator.",
            "D. A vintage-styled kitchen."
        ],
        "answer": "A",
        "qa_level": "within_event",
        "qa_type": "mcqa",
        "old_answer": "A"
    },
    {
        "qa_idx": 7,
        "qa_task": "character-understanding",
        "question": "What is the color of the character with a large open mouth in the video from 770.0 to 794.0 seconds?",
        "options": [
            "A. Blue.",
            "B. Yellow.",
            "C. Brown.",
            "D. Multicolored."
        ],
        "answer": "B",
        "qa_level": "within_event",
        "qa_type": "mcqa",
        "old_answer": "B"
    },
    {
        "qa_idx": 8,
        "qa_task": "character-understanding",
        "question": "What are the main actions and settings depicted in the two video events from 1477.0 to 1539.0 seconds and H to e seconds?",
        "options": [
            "A. The first event features an animated character in a surreal urban landscape, transitioning to various cityscapes and ending with toys in a natural environment, while the second event focuses on a single character's journey through different indoor and outdoor settings.",
            "B. The first event shows a live-action character navigating a realistic city, while the second event features animated characters in a whimsical forest.",
            "C. Both events depict a continuous chase scene through various urban and rural settings.",
            "D. The first event is a documentary about city life, and the second event is an animated short about animals in the wild."
        ],
        "answer": "A",
        "qa_level": "cross_event",
        "qa_type": "mcqa",
        "old_answer": "A"
    },
    {
        "qa_idx": 9,
        "qa_task": "descriptive-scene",
        "question": "What is the primary setting of the video event from 320.0 to 390.0 seconds?",
        "options": [
            "A. A sepia-toned cityscape with cartoon characters and surreal elements.",
            "B. A bright, colorful animated environment with playful elements and cartoonish characters.",
            "C. An urban setting with a small pink house and modern buildings.",
            "D. A cozy room with a wooden table, books, and a toy airplane."
        ],
        "answer": "A",
        "qa_level": "cross_event",
        "qa_type": "mcqa",
        "old_answer": "A"
    },
    {
        "qa_idx": 11,
        "qa_task": "temporal-relationship",
        "question": "What happens after the scene featuring a cartoonish yellow and orange snail-like character lying on a textured, sandy or dirt ground?",
        "options": [
            "A. The scene transitions to a bright, colorful animated environment from 'Larva Season 2'.",
            "B. The scene transitions to a yellow and orange caterpillar with red cheeks, situated near a moss-covered stone in a garden setting.",
            "C. The scene transitions to a poster titled 'Confetti Poppers', showcasing an urban skyline with New York City elements.",
            "D. The scene transitions to an animated rodent character holding a cheese-like structure with a lit candle."
        ],
        "answer": "B",
        "qa_level": "long_term",
        "qa_type": "mcqa",
        "old_answer": "B"
    },
    {
        "qa_idx": 12,
        "qa_task": "spatial-relationship",
        "question": "Where is the yellow character resembling a banana interacting with objects?",
        "options": [
            "A. On a rooftop at sunset.",
            "B. In a rustic, possibly industrial setting.",
            "C. In a cozy room with a wooden table.",
            "D. In a garden setting near a moss-covered stone."
        ],
        "answer": "B",
        "qa_level": "long_term",
        "qa_type": "mcqa",
        "old_answer": "B"
    },
    {
        "qa_idx": 13,
        "qa_task": "causal",
        "question": "Why does the yellow character with a red ribbon and antenna-like extensions appear inside the letter 'T' in the video at the beginning?",
        "options": [
            "A. To add animation and color to the scene.",
            "B. To introduce the character for the upcoming scenes.",
            "C. To emphasize the branding of 'TUBA'.",
            "D. To create a playful and whimsical narrative context."
        ],
        "answer": "A",
        "qa_level": "long_term",
        "qa_type": "mcqa",
        "old_answer": "A"
    },
    {
        "qa_idx": 16,
        "qa_task": "camera-direction",
        "question": "How does the camera move when the scene transitions from the 'TUBA' logo to the poster titled 'Confetti Poppers' showcasing an urban skyline?",
        "options": [
            "A. The camera zooms in on the 'TUBA' logo.",
            "B. The camera pans to the right to reveal the poster.",
            "C. The camera zooms out to show the entire scene.",
            "D. The camera tilts upwards to reveal the poster."
        ],
        "answer": "B",
        "qa_level": "long_term",
        "qa_type": "mcqa",
        "old_answer": "B"
    },
    {
        "qa_idx": 17,
        "qa_task": "speed",
        "question": "Which character is faster in the video from 1.0 to 2524.0 seconds, the yellow character resembling a banana or the red and yellow striped worm?",
        "options": [
            "A. The yellow character resembling a banana.",
            "B. The red and yellow striped worm.",
            "C. Both are at the same speed.",
            "D. None of the above."
        ],
        "answer": "A",
        "qa_level": "long_term",
        "qa_type": "mcqa",
        "old_answer": "A"
    },
    {
        "qa_idx": 18,
        "qa_task": "attribute-change",
        "question": "How does the background of the video change from the beginning to the end?",
        "options": [
            "A. From a white background with animated letters to a cluttered urban environment.",
            "B. From a garden setting to an indoor kitchen.",
            "C. From a serene ocean scene to a bustling cityscape.",
            "D. From a dark indoor setting to a bright outdoor scene."
        ],
        "answer": "A",
        "qa_level": "long_term",
        "qa_type": "mcqa",
        "old_answer": "A"
    },
    {
        "qa_idx": 20,
        "qa_task": "descriptive-scene",
        "question": "Where do the animated characters interact with objects in a rustic, possibly industrial setting, and later in a cluttered outdoor environment with natural daylight casting shadows?",
        "options": [
            "A. In a garden.",
            "B. On a rooftop.",
            "C. In an urban setting.",
            "D. In a kitchen."
        ],
        "answer": "C",
        "qa_level": "long_term",
        "qa_type": "mcqa",
        "old_answer": "C"
    }
]