[
    {
        "qa_idx": 0,
        "qa_type": "qa",
        "qa_level": "frame",
        "qa_task": "object understanding",
        "question": "Is there a round metal door knocker on the door at 1979.0 seconds into the video?",
        "answer": "Yes",
        "old_answer": "Yes"
    },
    {
        "qa_idx": 1,
        "qa_task": "spatial-relationship",
        "question": "What is in the background of the animated character at 1066.0 seconds into the video?",
        "options": [
            "A. A park.",
            "B. A laundromat.",
            "C. A grocery store.",
            "D. A library."
        ],
        "answer": "B",
        "qa_level": "frame",
        "qa_type": "mcqa",
        "old_answer": "B"
    },
    {
        "qa_idx": 2,
        "qa_type": "qa",
        "qa_level": "within_event",
        "qa_task": "speed",
        "question": "Did the characters move quickly during the interaction around the high-tech device from 2055.0 to 2115.0 seconds?",
        "answer": "No",
        "old_answer": "No"
    },
    {
        "qa_idx": 4,
        "qa_type": "qa",
        "qa_level": "cross_event",
        "qa_task": "camera-direction",
        "question": "In the event from 1400.0 to 1463.0, does the camera follow the characters as they move across the ship's deck?",
        "answer": "Yes",
        "old_answer": "Yes"
    },
    {
        "qa_idx": 5,
        "qa_type": "qa",
        "qa_level": "long_term",
        "qa_task": "character-understanding",
        "question": "Is there a character actively engaged in musical activities both indoors and outdoors throughout the video from 1.0 to 2124.0 seconds?",
        "answer": "Yes",
        "old_answer": "Yes"
    },
    {
        "qa_idx": 6,
        "qa_task": "speed",
        "question": "Between the time of 559.0 seconds to 620.0 seconds and H seconds to e seconds, which object or character is likely to have the highest relative speed?",
        "options": [
            "A. The person in blue overalls with a brown head covering.",
            "B. The roller coaster with multiple loops.",
            "C. The pumpkin positioned on a white triangular structure.",
            "D. The telescope-like object."
        ],
        "answer": "B",
        "qa_level": "cross_event",
        "qa_type": "mcqa",
        "old_answer": "B"
    },
    {
        "qa_idx": 8,
        "qa_task": "descriptive-scene",
        "question": "Where do the events in the video from 1552.0 to 1617.0 seconds primarily take place?",
        "options": [
            "A. A serene natural outdoor setting with a sandy foreground and lush green foliage.",
            "B. A bustling cityscape with tall buildings and busy streets.",
            "C. A quiet indoor room with minimal decorations.",
            "D. A snowy mountain landscape with icy peaks and cold winds."
        ],
        "answer": "A",
        "qa_level": "cross_event",
        "qa_type": "mcqa",
        "old_answer": "A"
    },
    {
        "qa_idx": 9,
        "qa_task": "spatial-relationship",
        "question": "Where is the pink panther character seen playing a guitar?",
        "options": [
            "A. In a cozy living room with various animated elements.",
            "B. In a suburban neighborhood with well-maintained lawns.",
            "C. In a vibrant room with a modern keyboard.",
            "D. In a whimsical animated setting with a DJ setup."
        ],
        "answer": "A",
        "qa_level": "long_term",
        "qa_type": "mcqa",
        "old_answer": "A"
    },
    {
        "qa_idx": 11,
        "qa_task": "camera-direction",
        "question": "At what point does the camera shift focus to an entrance with a yellow door, decorative trim, and a black box with a red musical note on the steps?",
        "options": [
            "A. 1.0 seconds.",
            "B. 10.0 seconds.",
            "C. 20.0 seconds.",
            "D. 30.0 seconds."
        ],
        "answer": "C",
        "qa_level": "long_term",
        "qa_type": "mcqa",
        "old_answer": "C"
    },
    {
        "qa_idx": 12,
        "qa_task": "speed",
        "question": "Which character is moving faster in the video event from 1.0 to 2124.0 seconds, the pink panther or the white dog?",
        "options": [
            "A. The pink panther.",
            "B. The white dog.",
            "C. Both are moving at the same speed.",
            "D. None of the above."
        ],
        "answer": "A",
        "qa_level": "long_term",
        "qa_type": "mcqa",
        "old_answer": "A"
    },
    {
        "qa_idx": 13,
        "qa_task": "attribute-change",
        "question": "How does the scene change from the beginning at 1.0 seconds to the end at 2124.0 seconds?",
        "options": [
            "A. From a dark, low-light stage-like atmosphere to a vibrant, animated fairground setting.",
            "B. From a suburban neighborhood to a serene beach.",
            "C. From a cozy indoor room to a chaotic laundromat.",
            "D. From a musical environment to a medieval castle."
        ],
        "answer": "A",
        "qa_level": "long_term",
        "qa_type": "mcqa",
        "old_answer": "A"
    },
    {
        "qa_idx": 14,
        "qa_task": "time-order",
        "question": "In which order do the events occur in the video from 1.0 to 2124.0 seconds?",
        "options": [
            "A. The video begins with a dark scene, transitions to a vibrant blue-toned animated setting, then to a suburban setting, followed by various indoor and outdoor scenes featuring musical and gardening activities, and concludes with a detailed shot of a loudspeaker emitting a musical note.",
            "B. The video begins with a suburban setting, transitions to a dark scene, then to a vibrant blue-toned animated setting, followed by various indoor and outdoor scenes featuring musical and gardening activities, and concludes with a detailed shot of a loudspeaker emitting a musical note.",
            "C. The video begins with a vibrant blue-toned animated setting, transitions to a dark scene, then to a suburban setting, followed by various indoor and outdoor scenes featuring musical and gardening activities, and concludes with a detailed shot of a loudspeaker emitting a musical note.",
            "D. The video begins with a detailed shot of a loudspeaker emitting a musical note, transitions to a dark scene, then to a vibrant blue-toned animated setting, followed by various indoor and outdoor scenes featuring musical and gardening activities, and concludes with a suburban setting."
        ],
        "answer": "A",
        "qa_level": "long_term",
        "qa_type": "mcqa",
        "old_answer": "A"
    },
    {
        "qa_idx": 15,
        "qa_task": "descriptive-scene",
        "question": "Where does the video event take place from 1.0 to 2124.0 seconds?",
        "options": [
            "A. In a suburban neighborhood with houses and gardens.",
            "B. In a vibrant and animated outdoor fair or carnival.",
            "C. In a cozy indoor setting with musical elements.",
            "D. In a medieval castle-like environment."
        ],
        "answer": "B",
        "qa_level": "long_term",
        "qa_type": "mcqa",
        "old_answer": "B"
    }
]