[
    {
        "qa_idx": 0,
        "qa_type": "qa",
        "qa_level": "frame",
        "qa_task": "object understanding",
        "question": "Is there a central blank space in the middle of the frame at 1148.0 seconds into the video?",
        "answer": "Yes",
        "old_answer": "Yes"
    },
    {
        "qa_idx": 2,
        "qa_type": "qa",
        "qa_level": "frame",
        "qa_task": "object understanding",
        "question": "Are there four individuals performing drawing activities in the frame at 3648.0 seconds?",
        "answer": "Yes",
        "old_answer": "Yes"
    },
    {
        "qa_idx": 3,
        "qa_type": "qa",
        "qa_level": "within_event",
        "qa_task": "character-understanding",
        "question": "Were the participants seated at their desks during the event from 1397.0 to 1458.0 seconds?",
        "answer": "Yes",
        "old_answer": "Yes"
    },
    {
        "qa_idx": 4,
        "qa_type": "qa",
        "qa_level": "within_event",
        "qa_task": "camera-direction",
        "question": "Does the camera move to focus on the comic panels on the right side of the screen from 1147.0 to 1199.0 seconds?",
        "answer": "No",
        "old_answer": "No"
    },
    {
        "qa_idx": 5,
        "qa_type": "qa",
        "qa_level": "cross_event",
        "qa_task": "camera-direction",
        "question": "Does the camera remain stationary while showing the four participants and their creative activities from 397.0 to 647.0 seconds?",
        "answer": "Yes",
        "old_answer": "Yes"
    },
    {
        "qa_idx": 6,
        "qa_task": "speed",
        "question": "From 1397.0 to 1458.0 seconds, which participant appears to be drawing or creating artwork the fastest?",
        "options": [
            "A. Kris.",
            "B. Rob.",
            "C. Dave.",
            "D. Joel."
        ],
        "answer": "A",
        "qa_level": "within_event",
        "qa_type": "mcqa",
        "old_answer": "A"
    },
    {
        "qa_idx": 7,
        "qa_type": "qa",
        "qa_level": "cross_event",
        "qa_task": "action-understanding",
        "question": "During the event from 397.0 to 647.0 seconds, do the participants engage in a cooking competition?",
        "answer": "No",
        "old_answer": "No"
    },
    {
        "qa_idx": 10,
        "qa_type": "qa",
        "qa_level": "long_term",
        "qa_task": "action-understanding",
        "question": "During the 'Drawing A Blank' live stream event from 4.0 to 4251.0 seconds, did the participants engage in a cooking competition?",
        "answer": "No",
        "old_answer": "No"
    },
    {
        "qa_idx": 12,
        "qa_task": "spatial-relationship",
        "question": "Where is the comic strip displayed in the 'Drawing A Blank' show?",
        "options": [
            "A. On the left side of the screen.",
            "B. On the right side of the screen.",
            "C. In the center of the screen.",
            "D. At the bottom of the screen."
        ],
        "answer": "B",
        "qa_level": "long_term",
        "qa_type": "mcqa",
        "old_answer": "B"
    },
    {
        "qa_idx": 16,
        "qa_task": "object-direction",
        "question": "In which direction is the comic strip displayed relative to the video feeds of Kris, Rob, Dave, and Joel in the 'Drawing A Blank' show from 4.0 to 4251.0 seconds?",
        "options": [
            "A. To the left.",
            "B. To the right.",
            "C. Above.",
            "D. Below."
        ],
        "answer": "B",
        "qa_level": "long_term",
        "qa_type": "mcqa",
        "old_answer": "B"
    }
]