[
    {
        "qa_idx": 0,
        "qa_type": "qa",
        "qa_level": "frame",
        "qa_task": "character-understanding",
        "question": "Is the character exiting through a small, partially open door at 364.0 seconds into the video?",
        "answer": "Yes",
        "old_answer": "Yes"
    },
    {
        "qa_idx": 1,
        "qa_type": "qa",
        "qa_level": "frame",
        "qa_task": "character-understanding",
        "question": "Is there an animated sun with facial features in the frame at 74.0 seconds?",
        "answer": "Yes",
        "old_answer": "Yes"
    },
    {
        "qa_idx": 2,
        "qa_task": "object understanding",
        "question": "What are the colors of the large appendages visible in the foreground at 861.0 seconds into the video?",
        "options": [
            "A. Red and yellow.",
            "B. Pink and green.",
            "C. Blue and white.",
            "D. Black and orange."
        ],
        "answer": "B",
        "qa_level": "frame",
        "qa_type": "mcqa",
        "old_answer": "B"
    },
    {
        "qa_idx": 3,
        "qa_type": "qa",
        "qa_level": "within_event",
        "qa_task": "object understanding",
        "question": "Is there a character wearing a red helmet piloting the aircraft in the video from 3224.0 to 3284.0 seconds?",
        "answer": "Yes",
        "old_answer": "Yes"
    },
    {
        "qa_idx": 4,
        "qa_task": "character-understanding",
        "question": "What is the animated character doing in the video frame at 2252.0 seconds?",
        "options": [
            "A. The character is painting a picture.",
            "B. The character is placing or adjusting a garment on a mannequin.",
            "C. The character is reading a book.",
            "D. The character is cooking a meal."
        ],
        "answer": "B",
        "qa_level": "frame",
        "qa_type": "mcqa",
        "old_answer": "B"
    },
    {
        "qa_idx": 5,
        "qa_type": "qa",
        "qa_level": "within_event",
        "qa_task": "action-understanding",
        "question": "During the event from 702.0 to 762.0 seconds, does the yellow-brown cow-like character start flying in the sky?",
        "answer": "No",
        "old_answer": "No"
    },
    {
        "qa_idx": 6,
        "qa_type": "qa",
        "qa_level": "cross_event",
        "qa_task": "action-understanding",
        "question": "In the event from 702.0 to 762.0, do the characters engage in a cooking competition in the vibrant landscape?",
        "answer": "No",
        "old_answer": "No"
    },
    {
        "qa_idx": 7,
        "qa_task": "character-understanding",
        "question": "What is the green bear character wearing in the video from 574.0 to 631.0 seconds?",
        "options": [
            "A. A red hat with a blue star.",
            "B. A black hat with a yellow star and dog tag.",
            "C. A blue hat with a green star.",
            "D. A white hat with a red star."
        ],
        "answer": "B",
        "qa_level": "within_event",
        "qa_type": "mcqa",
        "old_answer": "B"
    },
    {
        "qa_idx": 8,
        "qa_type": "qa",
        "qa_level": "long_term",
        "qa_task": "character-understanding",
        "question": "Does the pink animated dog appear in both indoor and outdoor settings throughout the video from 3.0 to 3510.0 seconds?",
        "answer": "Yes",
        "old_answer": "Yes"
    },
    {
        "qa_idx": 9,
        "qa_task": "speed",
        "question": "From 1382.0 to 1443.0 seconds, which character is depicted entering a room faster?",
        "options": [
            "A. The human-like dog with black patches.",
            "B. The pink dog.",
            "C. The mouse.",
            "D. The green anthropomorphic character in a military-style hat."
        ],
        "answer": "A",
        "qa_level": "within_event",
        "qa_type": "mcqa",
        "old_answer": "A"
    },
    {
        "qa_idx": 10,
        "qa_task": "descriptive-scene",
        "question": "Where do the events in the video from 3224.0 to 3284.0 seconds and H to e seconds primarily take place?",
        "options": [
            "A. Inside an animated aircraft and a racetrack environment.",
            "B. Inside a house and a garden.",
            "C. In a forest and a beach.",
            "D. In a city and a park."
        ],
        "answer": "A",
        "qa_level": "cross_event",
        "qa_type": "mcqa",
        "old_answer": "A"
    },
    {
        "qa_idx": 11,
        "qa_task": "temporal-relationship",
        "question": "What happens after the pink animated dog is seen holding a handheld fan to cool itself in the lush green yard under clear skies?",
        "options": [
            "A. The dog is now standing on the grassy ground, appearing focused or reacting to something off-screen near the lounge chair and red table.",
            "B. The dog is seen lounging comfortably on the orange couch with geometric patterns.",
            "C. The dog is seen interacting with three animated mice around a vividly detailed table holding glasses of beverages.",
            "D. The dog is seen reading a comic book beside a small blue television."
        ],
        "answer": "A",
        "qa_level": "long_term",
        "qa_type": "mcqa",
        "old_answer": "A"
    },
    {
        "qa_idx": 12,
        "qa_task": "descriptive-scene",
        "question": "Where do the animated characters interact with each other in the video from 3.0 to 3510.0 seconds?",
        "options": [
            "A. In a vibrant living room with an orange couch and a window with green framing.",
            "B. In a serene outdoor scene with a bright yellow sun and green shrubs.",
            "C. In a suburban neighborhood with three houses and a bird in flight.",
            "D. In a cozy kitchen with a green countertop and various kitchen items."
        ],
        "answer": "A",
        "qa_level": "long_term",
        "qa_type": "mcqa",
        "old_answer": "A"
    },
    {
        "qa_idx": 14,
        "qa_task": "camera-direction",
        "question": "In the video event from 3.0 to 3510.0 seconds, what is the camera movement when the scene transitions from the serene outdoor scene with a clear blue sky to the suburban neighborhood?",
        "options": [
            "A. The camera moves closer to the flower.",
            "B. The camera zooms out to show the suburban neighborhood.",
            "C. The camera pans to the left to reveal the suburban neighborhood.",
            "D. The camera tilts upwards to show the sky."
        ],
        "answer": "B",
        "qa_level": "long_term",
        "qa_type": "mcqa",
        "old_answer": "B"
    },
    {
        "qa_idx": 15,
        "qa_task": "attribute-change",
        "question": "How does the sky change throughout the video from 3.0 to 3510.0 seconds?",
        "options": [
            "A. The sky remains clear and blue throughout.",
            "B. The sky changes from clear blue to a sunset with an orange hue.",
            "C. The sky changes from cloudy to clear blue.",
            "D. The sky changes from night to day."
        ],
        "answer": "B",
        "qa_level": "long_term",
        "qa_type": "mcqa",
        "old_answer": "B"
    },
    {
        "qa_idx": 16,
        "qa_task": "character-understanding",
        "question": "What is the pink animated dog doing in the living room scene from 3.0 to 3510.0 seconds?",
        "options": [
            "A. The pink animated dog is reading a comic book.",
            "B. The pink animated dog is cooking.",
            "C. The pink animated dog is playing with a ball.",
            "D. The pink animated dog is sleeping."
        ],
        "answer": "A",
        "qa_level": "long_term",
        "qa_type": "mcqa",
        "old_answer": "A"
    },
    {
        "qa_idx": 17,
        "qa_task": "object understanding",
        "question": "What object is the pink animated dog holding while sitting on a blue lounge chair in the lush green yard under clear skies?",
        "options": [
            "A. A handheld fan.",
            "B. A comic book.",
            "C. A remote control.",
            "D. A piece of paper."
        ],
        "answer": "A",
        "qa_level": "long_term",
        "qa_type": "mcqa",
        "old_answer": "A"
    },
    {
        "qa_idx": 18,
        "qa_task": "time-order",
        "question": "In which order do the events occur in the video from 3.0 to 3510.0 seconds?",
        "options": [
            "A. Serene outdoor scene with a bright yellow sun -> Suburban neighborhood -> Indoor living room with vibrant orange couch -> Outdoor scene with three animated characters -> Three animated mice around a table.",
            "B. Pink animated dog sitting on a blue lounge chair -> Dog standing on grassy ground -> Dog gesturing dramatically with its right paw -> Indoor scene with mechanical ceiling fan -> Pink dog reading a comic book.",
            "C. Cozy living room with orange couch -> Pink animated character asleep on the couch -> Air conditioning unit operating at 16°C -> Pink character holding a remote control -> Characters interacting dynamically in the living room.",
            "D. Courtyard-like area with a building and tree -> Outdoor setting with three cartoon-like animals -> Characters holding a sticker card -> Serene suburban setting with three houses -> Indoor scene with a mobile phone and air conditioning unit."
        ],
        "answer": "A",
        "qa_level": "long_term",
        "qa_type": "mcqa",
        "old_answer": "A"
    },
    {
        "qa_idx": 19,
        "qa_task": "descriptive-scene",
        "question": "Where does the event featuring a pink animated dog sitting on a blue lounge chair take place?",
        "options": [
            "A. In a lush green yard under clear skies.",
            "B. In a cozy living room with an orange couch.",
            "C. In a suburban neighborhood with three houses.",
            "D. In a vibrant circus tent with red and yellow stripes."
        ],
        "answer": "A",
        "qa_level": "long_term",
        "qa_type": "mcqa",
        "old_answer": "A"
    }
]