[
    {
        "qa_idx": 0,
        "qa_type": "qa",
        "qa_level": "frame",
        "qa_task": "character-understanding",
        "question": "Are the hippopotamuses partially submerged in the water at 1649.0 seconds into the video?",
        "answer": "Yes",
        "old_answer": "Yes"
    },
    {
        "qa_idx": 1,
        "qa_type": "qa",
        "qa_level": "frame",
        "qa_task": "character-understanding",
        "question": "Are there three men noticeable in the frame at 955.0 seconds?",
        "answer": "Yes",
        "old_answer": "Yes"
    },
    {
        "qa_idx": 2,
        "qa_task": "object understanding",
        "question": "What type of vehicle is visible in the middle right foreground of the frame at 696.0 seconds into the video?",
        "options": [
            "A. A red truck.",
            "B. A blue motorcycle.",
            "C. A silver van.",
            "D. A yellow bus."
        ],
        "answer": "C",
        "qa_level": "frame",
        "qa_type": "mcqa",
        "old_answer": "C"
    },
    {
        "qa_idx": 3,
        "qa_type": "qa",
        "qa_level": "within_event",
        "qa_task": "camera-direction",
        "question": "Is the camera following the woman in a patterned light-colored garment as she stands with her back to the camera from 283.0 to 299.0 seconds?",
        "answer": "No",
        "old_answer": "No"
    },
    {
        "qa_idx": 4,
        "qa_task": "object understanding",
        "question": "What is the central focus of the scene at 198.0 seconds into the video?",
        "options": [
            "A. A group of elephants on a grassy plain.",
            "B. A visible hippopotamus partially submerged in water.",
            "C. A lion resting on a rocky outcrop.",
            "D. A flock of birds flying over a forest."
        ],
        "answer": "B",
        "qa_level": "frame",
        "qa_type": "mcqa",
        "old_answer": "B"
    },
    {
        "qa_idx": 5,
        "qa_type": "qa",
        "qa_level": "cross_event",
        "qa_task": "action-understanding",
        "question": "In the event from 2056.0 to 2126.0, does the person navigating through the rocky landscape use a headlamp?",
        "answer": "Yes",
        "old_answer": "Yes"
    },
    {
        "qa_idx": 6,
        "qa_type": "qa",
        "qa_level": "long_term",
        "qa_task": "plot-understanding",
        "question": "Did the video depict a transition from a coastal scene with a helicopter to a serene outdoor dining experience in a grassy field? (8.0 to 2941.0 seconds)",
        "answer": "Yes",
        "old_answer": "Yes"
    },
    {
        "qa_idx": 7,
        "qa_task": "camera-direction",
        "question": "Does the camera move towards the swimming pool or towards the natural savannah environment from 652.0 to 674.0 seconds?",
        "options": [
            "A. The camera moves towards the swimming pool.",
            "B. The camera moves towards the natural savannah environment.",
            "C. The camera stays focused on the swimming pool.",
            "D. The camera stays focused on the natural savannah environment."
        ],
        "answer": "B",
        "qa_level": "within_event",
        "qa_type": "mcqa",
        "old_answer": "B"
    },
    {
        "qa_idx": 8,
        "qa_task": "camera-direction",
        "question": "Does the camera move closer to the woman in a patterned light-colored garment or does it stay stationary in the video from 283.0 to 299.0 seconds?",
        "options": [
            "A. The camera moves closer to the woman.",
            "B. The camera stays stationary.",
            "C. The camera moves away from the woman.",
            "D. The camera pans to the left."
        ],
        "answer": "A",
        "qa_level": "within_event",
        "qa_type": "mcqa",
        "old_answer": "A"
    },
    {
        "qa_idx": 9,
        "qa_task": "character-understanding",
        "question": "What is the woman doing near the parked khaki-colored van in the video event from 1475.0 to 1539.0 seconds?",
        "options": [
            "A. She is standing with arms outstretched.",
            "B. She is gesturing near the van.",
            "C. She is sitting inside the van.",
            "D. She is walking away from the van."
        ],
        "answer": "B",
        "qa_level": "cross_event",
        "qa_type": "mcqa",
        "old_answer": "B"
    },
    {
        "qa_idx": 10,
        "qa_task": "plot-understanding",
        "question": "How does the setting transition from the beginning to the end of the first video event from 1403.0 to 1467.0 seconds?",
        "options": [
            "A. From a natural environment with dense vegetation to a rural dirt road with sparse vegetation.",
            "B. From an indoor setting to a dense forested environment.",
            "C. From a rocky terrain to a lush green field.",
            "D. From a safari jeep to a bustling city street."
        ],
        "answer": "A",
        "qa_level": "cross_event",
        "qa_type": "mcqa",
        "old_answer": "A"
    },
    {
        "qa_idx": 11,
        "qa_task": "speed",
        "question": "Between the time of 1013.0 to 1078.0 seconds and the second event, which group of people showed more dynamic and faster interactions?",
        "options": [
            "A. The group in the first event at the outdoor market.",
            "B. The group in the second event.",
            "C. Both groups showed the same level of dynamic interactions.",
            "D. Neither group showed dynamic interactions."
        ],
        "answer": "A",
        "qa_level": "cross_event",
        "qa_type": "mcqa",
        "old_answer": "A"
    },
    {
        "qa_idx": 12,
        "qa_task": "time-order",
        "question": "What is the correct sequence of events from the two video descriptions between 740.0 seconds to 804.0 seconds and H seconds to e seconds?",
        "options": [
            "A. The woman walks along the wooden railing pathway, then the scene transitions to a closer look at the tree with a black bird, followed by interior shots of the lodge.",
            "B. The scene starts with a close-up of the tree with a black bird, then the woman walks along the wooden railing pathway, followed by interior shots of the lodge.",
            "C. The woman stands on the wooden balcony, then the scene transitions to interior shots of the lodge, followed by a close-up of the tree with a black bird.",
            "D. The scene starts with interior shots of the lodge, then the woman walks along the wooden railing pathway, followed by a close-up of the tree with a black bird."
        ],
        "answer": "A",
        "qa_level": "cross_event",
        "qa_type": "mcqa",
        "old_answer": "A"
    },
    {
        "qa_idx": 13,
        "qa_task": "temporal-relationship",
        "question": "What did the woman do after she walked away from the helicopter?",
        "options": [
            "A. She stood in front of the helicopter with spinning rotors.",
            "B. She sat at a circular table in a relaxed setting.",
            "C. She enjoyed a drink at the table.",
            "D. She engaged in a conversation with another woman."
        ],
        "answer": "A",
        "qa_level": "long_term",
        "qa_type": "mcqa",
        "old_answer": "A"
    },
    {
        "qa_idx": 14,
        "qa_task": "spatial-relationship",
        "question": "Where were the two women seen near a large elephant statue?",
        "options": [
            "A. Near a helipad adjacent to a cliffside.",
            "B. In an outdoor park or garden setting.",
            "C. In a modern, spacious interior.",
            "D. At Kilimanjaro Airport."
        ],
        "answer": "B",
        "qa_level": "long_term",
        "qa_type": "mcqa",
        "old_answer": "B"
    },
    {
        "qa_idx": 15,
        "qa_task": "causal",
        "question": "Why did the woman sit at a circular table in a relaxed setting with chairs around?",
        "options": [
            "A. She was waiting for a helicopter to land.",
            "B. She was enjoying a drink.",
            "C. She was preparing for a meeting.",
            "D. She was taking a break from a conversation."
        ],
        "answer": "B",
        "qa_level": "long_term",
        "qa_type": "mcqa",
        "old_answer": "B"
    },
    {
        "qa_idx": 16,
        "qa_task": "time-order",
        "question": "In which order do the events occur in the video from 8.0 to 2941.0 seconds?",
        "options": [
            "A. Coastal scene with helicopter landing, woman at circular table, modern spacious interior, two women in urban setting, park with elephant statue, satellite image of Tanzania, Kilimanjaro Airport, outdoor parking area, bus interior, savannah with elephants, rural village, sunset scene, nighttime exploration, hot air balloon flight, volcanic crater, hot air balloon over savannah, rugged mountainous landscape, outdoor dining scene.",
            "B. Coastal scene with helicopter landing, woman at circular table, modern spacious interior, two women in urban setting, park with elephant statue, Kilimanjaro Airport, satellite image of Tanzania, outdoor parking area, bus interior, savannah with elephants, rural village, sunset scene, nighttime exploration, hot air balloon flight, volcanic crater, hot air balloon over savannah, rugged mountainous landscape, outdoor dining scene.",
            "C. Coastal scene with helicopter landing, woman at circular table, modern spacious interior, two women in urban setting, park with elephant statue, satellite image of Tanzania, Kilimanjaro Airport, outdoor parking area, bus interior, savannah with elephants, rural village, sunset scene, nighttime exploration, hot air balloon flight, volcanic crater, rugged mountainous landscape, hot air balloon over savannah, outdoor dining scene.",
            "D. Coastal scene with helicopter landing, woman at circular table, modern spacious interior, two women in urban setting, park with elephant statue, satellite image of Tanzania, Kilimanjaro Airport, outdoor parking area, bus interior, savannah with elephants, rural village, sunset scene, nighttime exploration, hot air balloon flight, volcanic crater, hot air balloon over savannah, rugged mountainous landscape, outdoor dining scene."
        ],
        "answer": "A",
        "qa_level": "long_term",
        "qa_type": "mcqa",
        "old_answer": "A"
    },
    {
        "qa_idx": 17,
        "qa_task": "plot-understanding",
        "question": "What is the main theme of the video from 8.0 to 2941.0 seconds?",
        "options": [
            "A. A series of serene and picturesque outdoor scenes featuring wildlife and natural landscapes.",
            "B. A bustling urban environment with various activities and interactions.",
            "C. A detailed exploration of indoor settings and architectural elements.",
            "D. A focus on technological advancements and modern infrastructure."
        ],
        "answer": "A",
        "qa_level": "long_term",
        "qa_type": "mcqa",
        "old_answer": "A"
    },
    {
        "qa_idx": 18,
        "qa_task": "camera-direction",
        "question": "What is the camera doing when the scene transitions from the coastal helicopter landing to the woman seated at a circular table in a picturesque mountainous landscape (8.0 to 2941.0 seconds)?",
        "options": [
            "A. The camera is zooming in on the helicopter.",
            "B. The camera is panning from the helicopter to the woman at the table.",
            "C. The camera is moving closer to the woman at the table.",
            "D. The camera is zooming out to show the entire landscape."
        ],
        "answer": "B",
        "qa_level": "long_term",
        "qa_type": "mcqa",
        "old_answer": "B"
    },
    {
        "qa_idx": 19,
        "qa_task": "speed",
        "question": "Which mode of transportation was faster in the video events from 223.0 to 2941.0 seconds?",
        "options": [
            "A. Helicopter.",
            "B. Bus.",
            "C. Car.",
            "D. Hot air balloon."
        ],
        "answer": "A",
        "qa_level": "long_term",
        "qa_type": "mcqa",
        "old_answer": "A"
    },
    {
        "qa_idx": 20,
        "qa_task": "attribute-change",
        "question": "How does the setting change from the beginning to the end of the video from 8.0 to 2941.0 seconds?",
        "options": [
            "A. From a coastal scene to a bustling market.",
            "B. From a coastal scene to a serene outdoor dining experience.",
            "C. From a park setting to a bustling market.",
            "D. From a park setting to a serene outdoor dining experience."
        ],
        "answer": "B",
        "qa_level": "long_term",
        "qa_type": "mcqa",
        "old_answer": "B"
    },
    {
        "qa_idx": 21,
        "qa_task": "character-understanding",
        "question": "What is the woman in a black outfit doing at the beginning of the video from 8.0 to 2941.0 seconds?",
        "options": [
            "A. Walking away from a helicopter.",
            "B. Standing near a large elephant statue.",
            "C. Engaging in a conversation near a sculpted structure.",
            "D. Sitting at a circular table enjoying a drink."
        ],
        "answer": "A",
        "qa_level": "long_term",
        "qa_type": "mcqa",
        "old_answer": "A"
    },
    {
        "qa_idx": 22,
        "qa_task": "object understanding",
        "question": "What objects are featured on the table during the outdoor dining scene in the grassy field?",
        "options": [
            "A. A bowl of soup, an orange beverage, and dining utensils.",
            "B. A laptop, a coffee mug, and a notebook.",
            "C. A vase of flowers, a book, and a candle.",
            "D. A camera, a map, and a pair of sunglasses."
        ],
        "answer": "A",
        "qa_level": "long_term",
        "qa_type": "mcqa",
        "old_answer": "A"
    },
    {
        "qa_idx": 23,
        "qa_task": "descriptive-scene",
        "question": "Where does the event featuring a woman in a black outfit walking away from a helicopter take place?",
        "options": [
            "A. In a coastal scene near a large helipad adjacent to a cliffside.",
            "B. In an indoor setting with a large wooden table and several chairs.",
            "C. In a bustling outdoor market with various individuals and livestock.",
            "D. In a serene savannah landscape with tall, golden-brown grass."
        ],
        "answer": "A",
        "qa_level": "long_term",
        "qa_type": "mcqa",
        "old_answer": "A"
    }
]