[
    {
        "qa_idx": 1,
        "qa_type": "qa",
        "qa_level": "frame",
        "qa_task": "object understanding",
        "question": "Is the cartoon fox character holding a white cage with a black chicken inside at 941.0 seconds into the video?",
        "answer": "Yes",
        "old_answer": "Yes"
    },
    {
        "qa_idx": 2,
        "qa_task": "descriptive-scene",
        "question": "What is the setting of the scene at 74.0 seconds into the video?",
        "options": [
            "A. A busy street.",
            "B. A tranquil garden.",
            "C. A crowded park.",
            "D. An indoor room."
        ],
        "answer": "B",
        "qa_level": "frame",
        "qa_type": "mcqa",
        "old_answer": "B"
    },
    {
        "qa_idx": 3,
        "qa_type": "qa",
        "qa_level": "within_event",
        "qa_task": "action-understanding",
        "question": "Between 1767.0 and 1821.0 seconds, do the animated pig characters engage in a dance routine in the kitchen?",
        "answer": "No",
        "old_answer": "No"
    },
    {
        "qa_idx": 4,
        "qa_task": "character-understanding",
        "question": "What is the animated pig character doing at 1454.0 seconds into the video?",
        "options": [
            "A. The pig is eating.",
            "B. The pig is sleeping.",
            "C. The pig is engaging in a phone call.",
            "D. The pig is dancing."
        ],
        "answer": "C",
        "qa_level": "frame",
        "qa_type": "mcqa",
        "old_answer": "C"
    },
    {
        "qa_idx": 5,
        "qa_type": "qa",
        "qa_level": "within_event",
        "qa_task": "camera-direction",
        "question": "Does the camera remain stationary while the characters are cycling and interacting from 1035.0 to 1097.0 seconds?",
        "answer": "No",
        "old_answer": "No"
    },
    {
        "qa_idx": 6,
        "qa_type": "qa",
        "qa_level": "cross_event",
        "qa_task": "character-understanding",
        "question": "In both events from 115.0 to 177.0 and 197.0 to 227.0, were there animated characters holding colorful eggs?",
        "answer": "Yes",
        "old_answer": "Yes"
    },
    {
        "qa_idx": 7,
        "qa_type": "qa",
        "qa_level": "long_term",
        "qa_task": "plot-understanding",
        "question": "Do the animated characters engage in a variety of activities both indoors and outdoors throughout the video from 21.0 to 1828.0 seconds?",
        "answer": "Yes",
        "old_answer": "Yes"
    },
    {
        "qa_idx": 8,
        "qa_task": "object understanding",
        "question": "What are some of the festive objects seen in the scene from 304.0 to 364.0 seconds?",
        "options": [
            "A. Colorful ornaments, bowls of desserts, crackers, wrapped candies, and empty drinking glasses.",
            "B. Books, laptops, and office supplies.",
            "C. Sports equipment, trophies, and medals.",
            "D. Gardening tools, plants, and soil."
        ],
        "answer": "A",
        "qa_level": "cross_event",
        "qa_type": "mcqa",
        "old_answer": "A"
    },
    {
        "qa_idx": 9,
        "qa_task": "character-understanding",
        "question": "What are the main activities of the anthropomorphic pig characters in the video from 758.0 to 819.0 seconds?",
        "options": [
            "A. Playing musical instruments and singing.",
            "B. Berry-picking, riding tricycles, and playing with paper airplanes.",
            "C. Cooking and eating together.",
            "D. Building a house and painting."
        ],
        "answer": "B",
        "qa_level": "cross_event",
        "qa_type": "mcqa",
        "old_answer": "B"
    },
    {
        "qa_idx": 10,
        "qa_task": "character-understanding",
        "question": "What are the main activities of the anthropomorphic pig characters in the video events from 304.0 to 364.0 seconds?",
        "options": [
            "A. Engaging in a festive celebration with holiday decorations and playful activities.",
            "B. Participating in a serious meeting with formal attire.",
            "C. Engaging in a sports competition with athletic gear.",
            "D. Attending a school class with educational materials."
        ],
        "answer": "A",
        "qa_level": "cross_event",
        "qa_type": "mcqa",
        "old_answer": "A"
    },
    {
        "qa_idx": 11,
        "qa_task": "temporal-relationship",
        "question": "What were the characters doing before the scene transitioned to the cozy children's bedroom at nighttime?",
        "options": [
            "A. Engaging in a sociable tea gathering.",
            "B. Celebrating an event by holding colorful, decorated eggs.",
            "C. Interacting in a brightly lit communal kitchen.",
            "D. Engaging in playful activities near a large berry-laden bush."
        ],
        "answer": "B",
        "qa_level": "long_term",
        "qa_type": "mcqa",
        "old_answer": "B"
    },
    {
        "qa_idx": 13,
        "qa_task": "object-direction",
        "question": "In the video from 21.0 to 1828.0 seconds, which direction does the pig character with a sailor's hat and a parrot on its head move relative to the boat?",
        "options": [
            "A. Towards the boat.",
            "B. Away from the boat.",
            "C. Around the boat.",
            "D. Under the boat."
        ],
        "answer": "A",
        "qa_level": "long_term",
        "qa_type": "mcqa",
        "old_answer": "A"
    },
    {
        "qa_idx": 14,
        "qa_task": "speed",
        "question": "Which character is depicted in motion near a tree in the outdoor setting at 21.0 to 1828.0 seconds?",
        "options": [
            "A. The rabbit character.",
            "B. The fox character.",
            "C. The pig character.",
            "D. The elephant character."
        ],
        "answer": "B",
        "qa_level": "long_term",
        "qa_type": "mcqa",
        "old_answer": "B"
    },
    {
        "qa_idx": 15,
        "qa_task": "descriptive-scene",
        "question": "Where do the animated characters gather for a tea gathering and egg hunt in the video from 21.0 to 1828.0 seconds?",
        "options": [
            "A. In a cozy kitchen.",
            "B. On a grassy hill.",
            "C. In a vibrant garden.",
            "D. In a classroom."
        ],
        "answer": "C",
        "qa_level": "long_term",
        "qa_type": "mcqa",
        "old_answer": "C"
    }
]