[
    {
        "qa_idx": 0,
        "qa_task": "spatial-relationship",
        "question": "What is located on the right edge of the frame at 2201.0 seconds into the video?",
        "options": [
            "A. A large tree.",
            "B. A partially visible figure.",
            "C. A blue wooden marker.",
            "D. A stone monument."
        ],
        "answer": "B",
        "qa_level": "frame",
        "qa_type": "mcqa",
        "old_answer": "B"
    },
    {
        "qa_idx": 1,
        "qa_type": "qa",
        "qa_level": "within_event",
        "qa_task": "camera-direction",
        "question": "Does the camera remain stationary while capturing the individuals gathered around the large reptile from 1508.0 to 1563.0 seconds?",
        "answer": "No",
        "old_answer": "No"
    },
    {
        "qa_idx": 3,
        "qa_type": "qa",
        "qa_level": "within_event",
        "qa_task": "action-understanding",
        "question": "Does the video show the biologist working alone throughout the entire event from 345.0 to 367.0 seconds?",
        "answer": "No",
        "old_answer": "No"
    },
    {
        "qa_idx": 4,
        "qa_type": "qa",
        "qa_level": "cross_event",
        "qa_task": "action-understanding",
        "question": "During the event from 1349.0 to 1421.0, do the individuals engage in a dance around the perforated metal container in the forested area?",
        "answer": "No",
        "old_answer": "No"
    },
    {
        "qa_idx": 5,
        "qa_type": "qa",
        "qa_level": "cross_event",
        "qa_task": "speed",
        "question": "From 2217.0 to 2297.0, were the children in the village setting moving at a fast pace during their activities?",
        "answer": "No",
        "old_answer": "No"
    },
    {
        "qa_idx": 6,
        "qa_task": "object-direction",
        "question": "In which direction is the individual handling the object bound by a red strap moving relative to the metallic structure at the beginning of the event sequence from 1429.0 to 1485.0 seconds?",
        "options": [
            "A. Towards the metallic structure.",
            "B. Away from the metallic structure.",
            "C. Parallel to the metallic structure.",
            "D. Circling around the metallic structure."
        ],
        "answer": "A",
        "qa_level": "within_event",
        "qa_type": "mcqa",
        "old_answer": "A"
    },
    {
        "qa_idx": 7,
        "qa_type": "qa",
        "qa_level": "long_term",
        "qa_task": "object understanding",
        "question": "Is there a boat with blue sails prominently featured in the video between 6.0 and 2389.0 seconds?",
        "answer": "Yes",
        "old_answer": "Yes"
    },
    {
        "qa_idx": 8,
        "qa_task": "object-direction",
        "question": "In which direction does the individual step when approaching the residential porch from the outdoor scene in the video event from 935.0 to 997.0 seconds?",
        "options": [
            "A. Up the porch steps.",
            "B. Down the porch steps.",
            "C. To the left of the porch.",
            "D. To the right of the porch."
        ],
        "answer": "A",
        "qa_level": "within_event",
        "qa_type": "mcqa",
        "old_answer": "A"
    },
    {
        "qa_idx": 9,
        "qa_type": "qa",
        "qa_level": "long_term",
        "qa_task": "plot-understanding",
        "question": "Does the video depict a journey that includes both natural and human interactions, spanning from serene coastal scenes to detailed close-ups of reptiles and collaborative human activities in a forest setting from 6.0 to 2389.0 seconds?",
        "answer": "Yes",
        "old_answer": "Yes"
    },
    {
        "qa_idx": 11,
        "qa_task": "plot-understanding",
        "question": "What is the main activity depicted in the second half of the event from 1041.0 to 1104.0 seconds?",
        "options": [
            "A. Individuals are engaged in maintenance and recreational activities around the dock and boat.",
            "B. Individuals are preparing for a fishing expedition.",
            "C. Individuals are participating in a beach cleanup.",
            "D. Individuals are setting up a picnic on the shore."
        ],
        "answer": "A",
        "qa_level": "cross_event",
        "qa_type": "mcqa",
        "old_answer": "A"
    },
    {
        "qa_idx": 12,
        "qa_task": "causal",
        "question": "Why is the Komodo dragon highlighted in various coastal and hillside landscapes in the video from 204.0 to 2389.0 seconds?",
        "options": [
            "A. To showcase its natural habitat and interaction with the environment.",
            "B. To demonstrate its hunting techniques.",
            "C. To show its interaction with humans.",
            "D. To highlight its feeding habits."
        ],
        "answer": "A",
        "qa_level": "long_term",
        "qa_type": "mcqa",
        "old_answer": "A"
    },
    {
        "qa_idx": 15,
        "qa_task": "speed",
        "question": "Which is faster, the school of fish or the Komodo dragon, as depicted in the video from 6.0 to 2389.0 seconds?",
        "options": [
            "A. The school of fish.",
            "B. The Komodo dragon.",
            "C. Both are at the same speed.",
            "D. None of the above."
        ],
        "answer": "A",
        "qa_level": "long_term",
        "qa_type": "mcqa",
        "old_answer": "A"
    },
    {
        "qa_idx": 16,
        "qa_task": "attribute-change",
        "question": "How does the environment change from the beginning to the end of the video from 6.0 to 2389.0 seconds?",
        "options": [
            "A. From a vibrant cultural gathering to a serene coastal scene.",
            "B. From a dense forest to a bustling village.",
            "C. From a tranquil oceanic environment to a rugged natural landscape.",
            "D. From a serene beach to a lively indoor setting."
        ],
        "answer": "C",
        "qa_level": "long_term",
        "qa_type": "mcqa",
        "old_answer": "C"
    },
    {
        "qa_idx": 17,
        "qa_task": "character-understanding",
        "question": "What is the biologist affiliated with in the video from 204.0 to 2216.0 seconds?",
        "options": [
            "A. Komodo Survival Program.",
            "B. Marine Biology Institute.",
            "C. Wildlife Conservation Society.",
            "D. National Geographic."
        ],
        "answer": "A",
        "qa_level": "long_term",
        "qa_type": "mcqa",
        "old_answer": "A"
    },
    {
        "qa_idx": 18,
        "qa_task": "descriptive-scene",
        "question": "Where does the event take place at 204.0 seconds, 1210.0 seconds, and 2161.0 seconds?",
        "options": [
            "A. In a forest.",
            "B. On a beach.",
            "C. In a village.",
            "D. On a boat."
        ],
        "answer": "A",
        "qa_level": "long_term",
        "qa_type": "mcqa",
        "old_answer": "A"
    }
]