[
    {
        "qa_idx": 0,
        "qa_task": "spatial-relationship",
        "question": "What is positioned to the left of the man at 731.0 seconds into the video?",
        "options": [
            "A. A lineup of smartphones.",
            "B. A large microphone.",
            "C. A laptop.",
            "D. Boxes for a Samsung Galaxy Note8 and an Apple iPhone X."
        ],
        "answer": "C",
        "qa_level": "frame",
        "qa_type": "mcqa",
        "old_answer": "C"
    },
    {
        "qa_idx": 1,
        "qa_task": "descriptive-scene",
        "question": "Where is the person located in the video frame at 2002.0 seconds?",
        "options": [
            "A. On the left side of the frame.",
            "B. In the center of the frame.",
            "C. On the right side of the frame.",
            "D. Outside the frame."
        ],
        "answer": "C",
        "qa_level": "frame",
        "qa_type": "mcqa",
        "old_answer": "C"
    },
    {
        "qa_idx": 2,
        "qa_type": "qa",
        "qa_level": "within_event",
        "qa_task": "speed",
        "question": "Did the person handle the mobile phones quickly during the event from 282.0 to 485.0 seconds?",
        "answer": "No",
        "old_answer": "No"
    },
    {
        "qa_idx": 3,
        "qa_task": "character-understanding",
        "question": "What is the person primarily interacting with in the video frame at 863.0 seconds?",
        "options": [
            "A. A laptop.",
            "B. A tablet.",
            "C. A mobile phone.",
            "D. A desktop computer."
        ],
        "answer": "C",
        "qa_level": "frame",
        "qa_type": "mcqa",
        "old_answer": "C"
    },
    {
        "qa_idx": 4,
        "qa_type": "qa",
        "qa_level": "within_event",
        "qa_task": "action-understanding",
        "question": "Between 2117.0 and 2267.0 seconds, does the person interact with a computer keyboard at any point?",
        "answer": "No",
        "old_answer": "No"
    },
    {
        "qa_idx": 7,
        "qa_task": "attribute-change",
        "question": "How does the background setup change throughout the video event from 1831.0 to 2088.0 seconds?",
        "options": [
            "A. The background changes from a modern setup to a predominantly black frame with 'MKBHD' branding.",
            "B. The background changes from a modern setup to a bright outdoor scene.",
            "C. The background changes from a modern setup to a cluttered room.",
            "D. The background remains the same throughout the video."
        ],
        "answer": "A",
        "qa_level": "within_event",
        "qa_type": "mcqa",
        "old_answer": "A"
    },
    {
        "qa_idx": 8,
        "qa_type": "qa",
        "qa_level": "cross_event",
        "qa_task": "speed",
        "question": "Did the person in the first event (1284.0 to 1300.0) interact with the mobile devices at a faster pace compared to the man in the second event (1549.0 to 1604.0)?",
        "answer": "No",
        "old_answer": "No"
    },
    {
        "qa_idx": 10,
        "qa_task": "camera-direction",
        "question": "Does the camera move closer to the person handling the mobile phones or does it stay stationary throughout the event from 282.0 to 485.0 seconds?",
        "options": [
            "A. The camera moves closer to the person.",
            "B. The camera stays stationary.",
            "C. The camera moves away from the person.",
            "D. The camera moves around the person."
        ],
        "answer": "A",
        "qa_level": "within_event",
        "qa_type": "mcqa",
        "old_answer": "A"
    },
    {
        "qa_idx": 11,
        "qa_type": "qa",
        "qa_level": "long_term",
        "qa_task": "object understanding",
        "question": "Is there a laptop present on the left side of the table throughout the video from 17.0 to 2456.0 seconds?",
        "answer": "Yes",
        "old_answer": "Yes"
    },
    {
        "qa_idx": 16,
        "qa_task": "spatial-relationship",
        "question": "Where is the laptop positioned relative to the man seated at the table from 17.0 to 2456.0 seconds?",
        "options": [
            "A. On his right.",
            "B. In front of him.",
            "C. On his left.",
            "D. Behind him."
        ],
        "answer": "C",
        "qa_level": "long_term",
        "qa_type": "mcqa",
        "old_answer": "C"
    },
    {
        "qa_idx": 20,
        "qa_task": "speed",
        "question": "Which device did the man handle first during the tech review session from 862.0 seconds to 1604.0 seconds?",
        "options": [
            "A. A laptop.",
            "B. A smartphone.",
            "C. A microphone.",
            "D. A smartphone box."
        ],
        "answer": "B",
        "qa_level": "long_term",
        "qa_type": "mcqa",
        "old_answer": "B"
    },
    {
        "qa_idx": 21,
        "qa_task": "attribute-change",
        "question": "How does the setting change from the beginning to the end of the video from 17.0 to 2456.0 seconds?",
        "options": [
            "A. The man changes his shirt color.",
            "B. The number of smartphones on the table increases.",
            "C. The background changes from a grid pattern to a plain wall.",
            "D. The microphone is removed from the table."
        ],
        "answer": "B",
        "qa_level": "long_term",
        "qa_type": "mcqa",
        "old_answer": "B"
    },
    {
        "qa_idx": 22,
        "qa_task": "character-understanding",
        "question": "What is the man wearing while he is engaged in the tech review or discussion?",
        "options": [
            "A. A blue shirt with white stripes.",
            "B. A red T-shirt with 'Seattle Sockeye' written on it.",
            "C. A green hoodie.",
            "D. A black suit."
        ],
        "answer": "B",
        "qa_level": "long_term",
        "qa_type": "mcqa",
        "old_answer": "B"
    }
]