[
    {
        "qa_idx": 0,
        "qa_type": "qa",
        "qa_level": "frame",
        "qa_task": "character-understanding",
        "question": "Is the person using a professional camera to take a photograph of the girl at 619.0 seconds into the video?",
        "answer": "Yes",
        "old_answer": "Yes"
    },
    {
        "qa_idx": 3,
        "qa_type": "qa",
        "qa_level": "within_event",
        "qa_task": "object understanding",
        "question": "Is there a camera being held by one of the individuals in the video event from 1091.0 to 1151.0 seconds?",
        "answer": "Yes",
        "old_answer": "Yes"
    },
    {
        "qa_idx": 4,
        "qa_task": "object understanding",
        "question": "What is prominently visible in the foreground of the frame at 551.0 seconds into the video?",
        "options": [
            "A. A utility pole.",
            "B. A range of mountains.",
            "C. A tent.",
            "D. A cloudy sky."
        ],
        "answer": "C",
        "qa_level": "frame",
        "qa_type": "mcqa",
        "old_answer": "C"
    },
    {
        "qa_idx": 5,
        "qa_task": "camera-direction",
        "question": "Does the camera move from the schoolyard to the classroom or from the classroom to the schoolyard in the video from 1816.0 to 1898.0 seconds?",
        "options": [
            "A. From the schoolyard to the classroom.",
            "B. From the classroom to the schoolyard.",
            "C. The camera stays in the schoolyard.",
            "D. The camera stays in the classroom."
        ],
        "answer": "A",
        "qa_level": "within_event",
        "qa_type": "mcqa",
        "old_answer": "A"
    },
    {
        "qa_idx": 6,
        "qa_type": "qa",
        "qa_level": "cross_event",
        "qa_task": "action-understanding",
        "question": "In the event from 2380.0 to 2445.0, do the men on the raft use makeshift oars to navigate through the water?",
        "answer": "Yes",
        "old_answer": "Yes"
    },
    {
        "qa_idx": 7,
        "qa_task": "attribute-change",
        "question": "How does the lighting in the room change from the beginning to the end of the event from 2050.0 to 2116.0 seconds?",
        "options": [
            "A. The lighting becomes brighter.",
            "B. The lighting becomes dimmer.",
            "C. The lighting remains soft and consistent.",
            "D. The lighting changes to a harsh, bright light."
        ],
        "answer": "C",
        "qa_level": "within_event",
        "qa_type": "mcqa",
        "old_answer": "C"
    },
    {
        "qa_idx": 8,
        "qa_task": "speed",
        "question": "From 777.0 to 803.0 seconds, which element in the video is depicted as moving?",
        "options": [
            "A. The river.",
            "B. The tank.",
            "C. The photographer.",
            "D. The rocky terrain."
        ],
        "answer": "A",
        "qa_level": "within_event",
        "qa_type": "mcqa",
        "old_answer": "A"
    },
    {
        "qa_idx": 9,
        "qa_task": "object understanding",
        "question": "What is the appearance and function of the electronic device held by a hand in the outdoor, rustic setting in the first video event from 649.0 to 711.0 seconds?",
        "options": [
            "A. A small, handheld device with a screen, possibly a smartphone or GPS device.",
            "B. A large, bulky device with multiple buttons, possibly a radio.",
            "C. A sleek, metallic device with a single button, possibly a remote control.",
            "D. A rectangular device with a keyboard, possibly a calculator."
        ],
        "answer": "A",
        "qa_level": "cross_event",
        "qa_type": "mcqa",
        "old_answer": "A"
    },
    {
        "qa_idx": 10,
        "qa_task": "camera-direction",
        "question": "How does the camera movement direction change from the beginning to the end of the event between 348.0 seconds and 409.0 seconds?",
        "options": [
            "A. The camera starts indoors, moves outdoors, and then returns indoors.",
            "B. The camera starts indoors, transitions to various indoor and outdoor settings, and ends outdoors.",
            "C. The camera remains indoors throughout the event.",
            "D. The camera starts outdoors, moves indoors, and then returns outdoors."
        ],
        "answer": "B",
        "qa_level": "cross_event",
        "qa_type": "mcqa",
        "old_answer": "B"
    },
    {
        "qa_idx": 11,
        "qa_task": "spatial-relationship",
        "question": "Where is the man positioned when he is prominently seen holding a camera and taking a photograph against a backdrop of a wall with visible bullet holes?",
        "options": [
            "A. On the left side of the frame.",
            "B. On the right side of the frame.",
            "C. In the center of the frame.",
            "D. In the background."
        ],
        "answer": "B",
        "qa_level": "long_term",
        "qa_type": "mcqa",
        "old_answer": "B"
    },
    {
        "qa_idx": 12,
        "qa_task": "plot-understanding",
        "question": "What is the main theme of the video from 1.0 to 2986.0 seconds?",
        "options": [
            "A. The exploration of various cultural and historical settings.",
            "B. A documentary on modern urban life.",
            "C. A tutorial on photography techniques.",
            "D. A fictional story set in a futuristic world."
        ],
        "answer": "A",
        "qa_level": "long_term",
        "qa_type": "mcqa",
        "old_answer": "A"
    },
    {
        "qa_idx": 13,
        "qa_task": "speed",
        "question": "Which mode of transportation is depicted as moving faster in the video from 1.0 to 2986.0 seconds?",
        "options": [
            "A. The raft in the river.",
            "B. The bustling vehicular traffic in the city.",
            "C. The tanks moving through rugged, snowy terrain.",
            "D. The car and motorcyclist traveling along a winding road."
        ],
        "answer": "B",
        "qa_level": "long_term",
        "qa_type": "mcqa",
        "old_answer": "B"
    },
    {
        "qa_idx": 14,
        "qa_task": "attribute-change",
        "question": "How does the environment change from the beginning to the end of the video from 1.0 seconds to 2986.0 seconds?",
        "options": [
            "A. From a hazy, barren landscape to a bustling urban environment.",
            "B. From a bustling urban environment to a serene rural setting.",
            "C. From a serene rural setting to a rugged, mountainous landscape.",
            "D. From a rugged, mountainous landscape to a bustling urban environment."
        ],
        "answer": "C",
        "qa_level": "long_term",
        "qa_type": "mcqa",
        "old_answer": "C"
    },
    {
        "qa_idx": 15,
        "qa_task": "time-order",
        "question": "In which order do the events occur in the video from 1.0 seconds to 2986.0 seconds?",
        "options": [
            "A. The video begins with a hazy scene viewed from a high vantage point, then transitions to a man holding a camera, followed by a bustling city square, and ends with a group of men examining a large photograph.",
            "B. The video begins with a bustling city square, then transitions to a man holding a camera, followed by a hazy scene viewed from a high vantage point, and ends with a group of men examining a large photograph.",
            "C. The video begins with a group of men examining a large photograph, then transitions to a bustling city square, followed by a man holding a camera, and ends with a hazy scene viewed from a high vantage point.",
            "D. The video begins with a man holding a camera, then transitions to a hazy scene viewed from a high vantage point, followed by a bustling city square, and ends with a group of men examining a large photograph."
        ],
        "answer": "A",
        "qa_level": "long_term",
        "qa_type": "mcqa",
        "old_answer": "A"
    }
]