[
    {
        "qa_idx": 0,
        "qa_task": "character-understanding",
        "question": "What are the animated characters resembling in the video frame at 3318.0 seconds?",
        "options": [
            "A. Cats.",
            "B. Dogs.",
            "C. Mice.",
            "D. Birds."
        ],
        "answer": "C",
        "qa_level": "frame",
        "qa_type": "mcqa",
        "old_answer": "C"
    },
    {
        "qa_idx": 1,
        "qa_type": "qa",
        "qa_level": "frame",
        "qa_task": "character-understanding",
        "question": "At 3500.0 seconds into the video, are there any ghostly characters depicted in the poster for 'The Haunted Mansion'?",
        "answer": "Yes",
        "old_answer": "Yes"
    },
    {
        "qa_idx": 2,
        "qa_task": "spatial-relationship",
        "question": "Where is the small animated rodent positioned in the kitchen at 2914.0 seconds?",
        "options": [
            "A. On the countertop.",
            "B. Inside a cupboard.",
            "C. On the floor.",
            "D. On a shelf."
        ],
        "answer": "C",
        "qa_level": "frame",
        "qa_type": "mcqa",
        "old_answer": "C"
    },
    {
        "qa_idx": 4,
        "qa_type": "qa",
        "qa_level": "within_event",
        "qa_task": "speed",
        "question": "Did the characters involved in the tug-of-war with the wooden stick move quickly from 127.0 to 157.0 seconds?",
        "answer": "No",
        "old_answer": "No"
    },
    {
        "qa_idx": 5,
        "qa_type": "qa",
        "qa_level": "cross_event",
        "qa_task": "object understanding",
        "question": "Is there a black-and-white checkered background present in both video events from 374.0 to 434.0 and 435.0 to 495.0?",
        "answer": "Yes",
        "old_answer": "Yes"
    },
    {
        "qa_idx": 6,
        "qa_type": "qa",
        "qa_level": "cross_event",
        "qa_task": "object understanding",
        "question": "Is there a green dinosaur present in both events from 198.0 to 258.0 and 260.0 to 321.0?",
        "answer": "Yes",
        "old_answer": "Yes"
    },
    {
        "qa_idx": 7,
        "qa_type": "qa",
        "qa_level": "long_term",
        "qa_task": "action-understanding",
        "question": "After the characters in the desert landscape with rolling sand dunes and palm trees (1.0 seconds) transitioned to the vibrant market scene with large green watermelons and yellow pineapples (198.0 seconds), did the characters engage in a detailed cooking session in the market?",
        "answer": "No",
        "old_answer": "No"
    },
    {
        "qa_idx": 8,
        "qa_task": "temporal-relationship",
        "question": "What happens immediately after the scene featuring the yellow anthropomorphic celestial body against a dark blue background in the first event (1700.0 to 1766.0 seconds)?",
        "options": [
            "A. A vibrant green tree is prominently featured on the left foreground.",
            "B. Two animated characters are partially submerged in an expansive body of water.",
            "C. An underwater setting is highlighted with aquatic plants, bubbles, and an 'RDX' labeled torpedo-like object.",
            "D. A muscular green anthropomorphic animal is lounging on a wooden chair on the beach."
        ],
        "answer": "B",
        "qa_level": "cross_event",
        "qa_type": "mcqa",
        "old_answer": "B"
    },
    {
        "qa_idx": 9,
        "qa_task": "scene-understanding",
        "question": "What is the primary setting transition observed in the video event from 2349.0 to 2415.0 seconds?",
        "options": [
            "A. From a clothing store to a forest.",
            "B. From an indoor clothing store to outdoor animated scenes.",
            "C. From a beach to a mountain.",
            "D. From a cityscape to a desert."
        ],
        "answer": "B",
        "qa_level": "cross_event",
        "qa_type": "mcqa",
        "old_answer": "B"
    },
    {
        "qa_idx": 10,
        "qa_task": "spatial-relationship",
        "question": "Where are the palm trees positioned in the initial desert landscape?",
        "options": [
            "A. Towards the left and center-right of the frame.",
            "B. Towards the right and center-left of the frame.",
            "C. Towards the center and far right of the frame.",
            "D. Towards the left and far right of the frame."
        ],
        "answer": "A",
        "qa_level": "long_term",
        "qa_type": "mcqa",
        "old_answer": "A"
    },
    {
        "qa_idx": 11,
        "qa_task": "time-order",
        "question": "In which order do the events occur in the video from 1.0 to 3535.0 seconds?",
        "options": [
            "A. Serene desert landscapes with rolling sand dunes and palm trees, followed by animated characters in a desert setting, then a vibrant market scene with anthropomorphic animals, and concluding with a bustling street scene with a large yellow diamond being transported.",
            "B. A bustling street scene with a large yellow diamond being transported, followed by serene desert landscapes with rolling sand dunes and palm trees, then a vibrant market scene with anthropomorphic animals, and concluding with animated characters in a desert setting.",
            "C. A vibrant market scene with anthropomorphic animals, followed by serene desert landscapes with rolling sand dunes and palm trees, then a bustling street scene with a large yellow diamond being transported, and concluding with animated characters in a desert setting.",
            "D. Animated characters in a desert setting, followed by a bustling street scene with a large yellow diamond being transported, then serene desert landscapes with rolling sand dunes and palm trees, and concluding with a vibrant market scene with anthropomorphic animals."
        ],
        "answer": "A",
        "qa_level": "long_term",
        "qa_type": "mcqa",
        "old_answer": "A"
    },
    {
        "qa_idx": 13,
        "qa_task": "speed",
        "question": "Which character is moving faster in the video event from 1.0 to 3535.0 seconds, the horse-riding cartoon figures or the anthropomorphic camel characters?",
        "options": [
            "A. Horse-riding cartoon figures.",
            "B. Anthropomorphic camel characters.",
            "C. Both are moving at the same speed.",
            "D. None of the above."
        ],
        "answer": "A",
        "qa_level": "long_term",
        "qa_type": "mcqa",
        "old_answer": "A"
    },
    {
        "qa_idx": 14,
        "qa_task": "attribute-change",
        "question": "How does the environment change from the beginning to the end of the video event from 1.0 to 3535.0 seconds?",
        "options": [
            "A. The environment changes from a serene desert landscape to a bustling urban market.",
            "B. The environment changes from a bustling urban market to a serene desert landscape.",
            "C. The environment remains the same throughout the video.",
            "D. The environment changes from a forested setting to a bustling urban market."
        ],
        "answer": "A",
        "qa_level": "long_term",
        "qa_type": "mcqa",
        "old_answer": "A"
    }
]