[
    {
        "qa_idx": 0,
        "qa_type": "qa",
        "qa_level": "frame",
        "qa_task": "object understanding",
        "question": "Are the icicles in the foreground of the video frame at 7.0 seconds?",
        "answer": "Yes",
        "old_answer": "Yes"
    },
    {
        "qa_idx": 1,
        "qa_task": "descriptive-scene",
        "question": "What is prominently featured in the video frame at 106.0 seconds?",
        "options": [
            "A. A character's eyes.",
            "B. A character's teeth.",
            "C. A character's hands.",
            "D. A character's ears."
        ],
        "answer": "B",
        "qa_level": "frame",
        "qa_type": "mcqa",
        "old_answer": "B"
    },
    {
        "qa_idx": 2,
        "qa_type": "qa",
        "qa_level": "within_event",
        "qa_task": "camera-direction",
        "question": "Does the camera remain stationary while capturing the bear and the child in the classroom from 982.0 to 1046.0 seconds?",
        "answer": "No",
        "old_answer": "No"
    },
    {
        "qa_idx": 4,
        "qa_type": "qa",
        "qa_level": "cross_event",
        "qa_task": "action-understanding",
        "question": "Between the time of 65.0 to 130.0, does the bear character interact with water in any form?",
        "answer": "Yes",
        "old_answer": "Yes"
    },
    {
        "qa_idx": 6,
        "qa_type": "qa",
        "qa_level": "cross_event",
        "qa_task": "action-understanding",
        "question": "In the event from 666.0 to 730.0, does the bear hold a glowing lantern while interacting with the forest environment at night?",
        "answer": "Yes",
        "old_answer": "Yes"
    },
    {
        "qa_idx": 7,
        "qa_type": "qa",
        "qa_level": "long_term",
        "qa_task": "plot-understanding",
        "question": "Does the bear interact with both natural and man-made elements throughout the video from 3.0 to 1889.0 seconds?",
        "answer": "Yes",
        "old_answer": "Yes"
    },
    {
        "qa_idx": 8,
        "qa_task": "speed",
        "question": "Between the time frames of 756.0 to 816.0 seconds and H to e seconds, which character is depicted as being more engaged in a slower, detailed activity?",
        "options": [
            "A. The bear in the cozy, well-furnished interior room.",
            "B. Another character in a pink outfit.",
            "C. Both characters are engaged in fast-paced activities.",
            "D. None of the characters are engaged in any activity."
        ],
        "answer": "A",
        "qa_level": "cross_event",
        "qa_type": "mcqa",
        "old_answer": "A"
    },
    {
        "qa_idx": 11,
        "qa_task": "temporal-relationship",
        "question": "What was the bear doing before it was seen comfortably asleep in a bed with a checkered blanket?",
        "options": [
            "A. The bear was juggling sausages and spinning a plate with its mouth.",
            "B. The bear was interacting with parrots and other woodland creatures.",
            "C. The bear was holding a bouquet of flowers.",
            "D. The bear was sitting on a log."
        ],
        "answer": "A",
        "qa_level": "long_term",
        "qa_type": "mcqa",
        "old_answer": "A"
    },
    {
        "qa_idx": 12,
        "qa_task": "spatial-relationship",
        "question": "Where is the bear seen standing while holding a bouquet of flowers?",
        "options": [
            "A. In a cozy indoor room with a fireplace.",
            "B. On a dirt path in a dense forest.",
            "C. Near a wooden house with icicles.",
            "D. In a classroom with educational posters."
        ],
        "answer": "B",
        "qa_level": "long_term",
        "qa_type": "mcqa",
        "old_answer": "B"
    },
    {
        "qa_idx": 13,
        "qa_task": "causal",
        "question": "Why did the bear hold a bouquet of flowers while walking along the forest path?",
        "options": [
            "A. To give it to the small character in a purple hooded outfit.",
            "B. To decorate the forest.",
            "C. To feed the woodland creatures.",
            "D. To use it as a balancing tool."
        ],
        "answer": "A",
        "qa_level": "long_term",
        "qa_type": "mcqa",
        "old_answer": "A"
    },
    {
        "qa_idx": 14,
        "qa_task": "counting",
        "question": "How many bears are seen interacting in the forest scenes from 3.0 to 1889.0 seconds?",
        "options": [
            "A. One bear.",
            "B. Two bears.",
            "C. Three bears.",
            "D. Four bears."
        ],
        "answer": "B",
        "qa_level": "long_term",
        "qa_type": "mcqa",
        "old_answer": "B"
    },
    {
        "qa_idx": 15,
        "qa_task": "plot-understanding",
        "question": "What is the main theme of the video from 3.0 to 1889.0 seconds?",
        "options": [
            "A. The bear's interactions with nature and various characters in a forest setting.",
            "B. The bear's journey through different seasons and environments.",
            "C. The bear's participation in a festive celebration and indoor activities.",
            "D. The bear's educational activities and interactions in a classroom setting."
        ],
        "answer": "A",
        "qa_level": "long_term",
        "qa_type": "mcqa",
        "old_answer": "A"
    },
    {
        "qa_idx": 16,
        "qa_task": "object-direction",
        "question": "In which direction does the bear move along the dirt path in the forest from 3.0 to 1889.0 seconds?",
        "options": [
            "A. Left to right.",
            "B. Right to left.",
            "C. Up to down.",
            "D. Down to up."
        ],
        "answer": "A",
        "qa_level": "long_term",
        "qa_type": "mcqa",
        "old_answer": "A"
    },
    {
        "qa_idx": 18,
        "qa_task": "speed",
        "question": "Which character moves faster in the video from 3.0 to 1889.0 seconds, the bear or the small character in a purple outfit?",
        "options": [
            "A. The bear.",
            "B. The small character in a purple outfit.",
            "C. Both move at the same speed.",
            "D. None of the above."
        ],
        "answer": "A",
        "qa_level": "long_term",
        "qa_type": "mcqa",
        "old_answer": "A"
    },
    {
        "qa_idx": 19,
        "qa_task": "attribute-change",
        "question": "How does the environment change from the beginning to the end of the video from 3.0 to 1889.0 seconds?",
        "options": [
            "A. The environment changes from a wintery scene to a vibrant spring forest.",
            "B. The environment changes from a summer scene to a snowy winter landscape.",
            "C. The environment changes from a desert scene to a rainy urban setting.",
            "D. The environment changes from a beach scene to a mountainous terrain."
        ],
        "answer": "A",
        "qa_level": "long_term",
        "qa_type": "mcqa",
        "old_answer": "A"
    },
    {
        "qa_idx": 20,
        "qa_task": "character-understanding",
        "question": "What is the bear wearing while performing on the balancing board and juggling sausages?",
        "options": [
            "A. A red bow tie.",
            "B. A blue hat.",
            "C. A green scarf.",
            "D. A yellow jacket."
        ],
        "answer": "A",
        "qa_level": "long_term",
        "qa_type": "mcqa",
        "old_answer": "A"
    },
    {
        "qa_idx": 21,
        "qa_task": "object understanding",
        "question": "What objects are featured in the cozy, well-furnished room with the bear at the wooden coffee table?",
        "options": [
            "A. A model of a ship and books.",
            "B. A television and a fireplace.",
            "C. A chalkboard and a clock.",
            "D. A bouquet of flowers and a chocolate box."
        ],
        "answer": "A",
        "qa_level": "long_term",
        "qa_type": "mcqa",
        "old_answer": "A"
    },
    {
        "qa_idx": 22,
        "qa_task": "time-order",
        "question": "In which order do the events occur in the video from 3.0 to 1889.0 seconds?",
        "options": [
            "A. The bear juggles sausages and spins a plate, the bear is seen comfortably asleep, the bear interacts with nature, the bear holds a bouquet of flowers, the bear holds a glowing lantern, the bear examines an open book, the bear holds a handwritten list, the bear stands by a wooden desk, the bear is at the helm of a ship-like structure, the bear lies on a bed.",
            "B. The bear is seen comfortably asleep, the bear juggles sausages and spins a plate, the bear interacts with nature, the bear holds a bouquet of flowers, the bear holds a glowing lantern, the bear examines an open book, the bear holds a handwritten list, the bear stands by a wooden desk, the bear is at the helm of a ship-like structure, the bear lies on a bed.",
            "C. The bear juggles sausages and spins a plate, the bear interacts with nature, the bear is seen comfortably asleep, the bear holds a bouquet of flowers, the bear holds a glowing lantern, the bear examines an open book, the bear holds a handwritten list, the bear stands by a wooden desk, the bear is at the helm of a ship-like structure, the bear lies on a bed.",
            "D. The bear juggles sausages and spins a plate, the bear is seen comfortably asleep, the bear interacts with nature, the bear holds a bouquet of flowers, the bear holds a glowing lantern, the bear examines an open book, the bear holds a handwritten list, the bear stands by a wooden desk, the bear lies on a bed, the bear is at the helm of a ship-like structure."
        ],
        "answer": "A",
        "qa_level": "long_term",
        "qa_type": "mcqa",
        "old_answer": "A"
    }
]