[
    {
        "qa_idx": 0,
        "qa_type": "qa",
        "qa_level": "frame",
        "qa_task": "object understanding",
        "question": "Is there a microphone between the two men at 3398.0 seconds into the video?",
        "answer": "Yes",
        "old_answer": "Yes"
    },
    {
        "qa_idx": 1,
        "qa_task": "object understanding",
        "question": "What is the content of the web page displayed on the screen at 2931.0 seconds into the video?",
        "options": [
            "A. A news article about the latest smartphone release.",
            "B. A tutorial on how to build a gaming PC.",
            "C. Content about testing Radeon and GeForce together in DirectX 12 from PCWorld.",
            "D. A review of the best laptops for 2021."
        ],
        "answer": "C",
        "qa_level": "frame",
        "qa_type": "mcqa",
        "old_answer": "C"
    },
    {
        "qa_idx": 2,
        "qa_task": "object understanding",
        "question": "What is the title of the article displayed in the web browser window at 3434.0 seconds into the video?",
        "options": [
            "A. PS VR; Console Effectively 60% More Powerful Than Equally Specced PC.",
            "B. The Future of Gaming: PlayStation VR.",
            "C. Sony's New VR Innovations.",
            "D. PlayStation VR: A Comprehensive Review."
        ],
        "answer": "A",
        "qa_level": "frame",
        "qa_type": "mcqa",
        "old_answer": "A"
    },
    {
        "qa_idx": 3,
        "qa_type": "qa",
        "qa_level": "within_event",
        "qa_task": "speed",
        "question": "Is the switching between different onscreen content happening quickly during the event from 3671.0 to 3704.0 seconds?",
        "answer": "Yes",
        "old_answer": "Yes"
    },
    {
        "qa_idx": 4,
        "qa_type": "qa",
        "qa_level": "within_event",
        "qa_task": "speed",
        "question": "Is the pace of the discussion about the Samsung Galaxy S7 and S7 Edge fast from 197.0 to 258.0 seconds?",
        "answer": "No",
        "old_answer": "No"
    },
    {
        "qa_idx": 5,
        "qa_task": "character-understanding",
        "question": "What is the person in the video doing at the 108.0-second mark?",
        "options": [
            "A. The person is fishing.",
            "B. The person is navigating a boat with a long pole.",
            "C. The person is swimming.",
            "D. The person is hiking."
        ],
        "answer": "B",
        "qa_level": "frame",
        "qa_type": "mcqa",
        "old_answer": "B"
    },
    {
        "qa_idx": 6,
        "qa_type": "qa",
        "qa_level": "cross_event",
        "qa_task": "action-understanding",
        "question": "In both video segments from 1595.0 to 1635.0 and 1884.0 to 1968.0, are the two individuals seated in front of microphones?",
        "answer": "Yes",
        "old_answer": "Yes"
    },
    {
        "qa_idx": 7,
        "qa_type": "qa",
        "qa_level": "long_term",
        "qa_task": "speed",
        "question": "Did the individuals in 'The WAN Show' consistently maintain a fast-paced discussion throughout the video segments from 154.0 seconds to 3819.0 seconds?",
        "answer": "No",
        "old_answer": "No"
    },
    {
        "qa_idx": 8,
        "qa_task": "scene-understanding",
        "question": "What is the setting of the video event from 3015.0 to 3115.0 seconds?",
        "options": [
            "A. A performance comparison chart presentation.",
            "B. A technical discussion or review setup.",
            "C. A studio setup with a conversation recording.",
            "D. All of the above."
        ],
        "answer": "D",
        "qa_level": "within_event",
        "qa_type": "mcqa",
        "old_answer": "D"
    },
    {
        "qa_idx": 10,
        "qa_task": "object understanding",
        "question": "What are some of the objects seen in the industrial-style room during 'The WAN Show' event from 508.0 to 668.0 seconds?",
        "options": [
            "A. A colorful helmet, a vase, and containers.",
            "B. A microphone, a vase, and a laptop.",
            "C. A colorful helmet, a microphone, and promotional overlay texts.",
            "D. A laptop, a microphone, and a vase."
        ],
        "answer": "C",
        "qa_level": "cross_event",
        "qa_type": "mcqa",
        "old_answer": "C"
    },
    {
        "qa_idx": 11,
        "qa_task": "spatial-relationship",
        "question": "In the video event from 2893.0 to 2968.0 seconds, where are the two individuals seated in relation to each other?",
        "options": [
            "A. One is standing while the other is seated.",
            "B. They are seated side by side.",
            "C. They are seated across from each other.",
            "D. One is seated and the other is not visible."
        ],
        "answer": "B",
        "qa_level": "cross_event",
        "qa_type": "mcqa",
        "old_answer": "B"
    },
    {
        "qa_idx": 13,
        "qa_task": "temporal-relationship",
        "question": "What happens after the scene featuring a man seated in a branded MAXNOMIC chair dressed in an orange and black hoodie within an industrial backdrop?",
        "options": [
            "A. The scene transitions to a pixelated animation of a person standing on a small orange wooden boat in a dense green forest.",
            "B. The scene transitions to a webpage titled 'Straw Poll' prominently displayed.",
            "C. The scene transitions to a performance comparison chart titled 'Ashes of The Singularity Explicit Multi-GPU Mode (fps)'.",
            "D. The scene transitions to a close-up of a webpage from The Verge displaying an article titled 'Samsung's Galaxy S7 and S7 Edge bring refinement to a proven design.'."
        ],
        "answer": "A",
        "qa_level": "long_term",
        "qa_type": "mcqa",
        "old_answer": "A"
    },
    {
        "qa_idx": 15,
        "qa_task": "causal",
        "question": "Why did the scene transition to a pixelated animation of a person standing on a small orange wooden boat in a dense green forest after the man was seated in a branded MAXNOMIC chair?",
        "options": [
            "A. To emphasize a cohesive visual element.",
            "B. To introduce a serene natural environment.",
            "C. To highlight a promotional banner for 'The Store'.",
            "D. To showcase a tech-centric theme."
        ],
        "answer": "B",
        "qa_level": "long_term",
        "qa_type": "mcqa",
        "old_answer": "B"
    },
    {
        "qa_idx": 17,
        "qa_task": "camera-direction",
        "question": "In the video segment from 105.0 to 3819.0 seconds, what direction does the camera move when transitioning from the industrial backdrop with the man in the MAXNOMIC chair to the pixelated scene of a person on a small orange wooden boat?",
        "options": [
            "A. The camera moves closer to the man in the MAXNOMIC chair.",
            "B. The camera zooms out to reveal the entire industrial backdrop.",
            "C. The camera transitions to a pixelated animation scene.",
            "D. The camera pans to the left to show more of the industrial backdrop."
        ],
        "answer": "C",
        "qa_level": "long_term",
        "qa_type": "mcqa",
        "old_answer": "C"
    },
    {
        "qa_idx": 18,
        "qa_task": "speed",
        "question": "Which individual is faster in changing their attire during 'The WAN Show' from 105.0 to 3819.0 seconds?",
        "options": [
            "A. The individual in the purple Twitch shirt.",
            "B. The individual in the black and orange hoodie.",
            "C. Both individuals change their attire at the same speed.",
            "D. Neither individual changes their attire."
        ],
        "answer": "D",
        "qa_level": "long_term",
        "qa_type": "mcqa",
        "old_answer": "D"
    },
    {
        "qa_idx": 19,
        "qa_task": "attribute-change",
        "question": "How does the setting change from the beginning to the end of the video segment from 105.0 to 3819.0 seconds?",
        "options": [
            "A. From an industrial tech setup to a pixelated forest and back to a tech studio.",
            "B. From a tech studio to a sports event and back to a tech studio.",
            "C. From a kitchen setup to a tech studio and back to a kitchen setup.",
            "D. From a tech studio to a beach scene and back to a tech studio."
        ],
        "answer": "A",
        "qa_level": "long_term",
        "qa_type": "mcqa",
        "old_answer": "A"
    },
    {
        "qa_idx": 20,
        "qa_task": "object understanding",
        "question": "What items are visible on the shelves in the background during 'The WAN Show' segments from 508.0 seconds to 3819.0 seconds?",
        "options": [
            "A. A vase, containers, and a colorful helmet.",
            "B. A laptop, a phone, and a tablet.",
            "C. Books, magazines, and newspapers.",
            "D. A television, a radio, and a speaker."
        ],
        "answer": "A",
        "qa_level": "long_term",
        "qa_type": "mcqa",
        "old_answer": "A"
    }
]