[
    {
        "qa_idx": 0,
        "qa_type": "qa",
        "qa_level": "frame",
        "qa_task": "object understanding",
        "question": "Is the man holding onto a white rope at 1931.0 seconds into the video?",
        "answer": "Yes",
        "old_answer": "Yes"
    },
    {
        "qa_idx": 1,
        "qa_task": "spatial-relationship",
        "question": "What is scattered across the water at 398.0 seconds into the video?",
        "options": [
            "A. White sailboats.",
            "B. Fishing boats.",
            "C. Cargo ships.",
            "D. Jet skis."
        ],
        "answer": "A",
        "qa_level": "frame",
        "qa_type": "mcqa",
        "old_answer": "A"
    },
    {
        "qa_idx": 2,
        "qa_task": "character-understanding",
        "question": "What is the woman in the video doing at 1346.0 seconds?",
        "options": [
            "A. The woman is sitting on the beach.",
            "B. The woman is swimming in the water.",
            "C. The woman is standing still.",
            "D. The woman is in mid-stride, suggesting movement."
        ],
        "answer": "D",
        "qa_level": "frame",
        "qa_type": "mcqa",
        "old_answer": "D"
    },
    {
        "qa_idx": 3,
        "qa_type": "qa",
        "qa_level": "within_event",
        "qa_task": "action-understanding",
        "question": "During the event from 2134.0 to 2186.0 seconds, does the person with the yellow helmet and backpack set up a tent beside the river?",
        "answer": "No",
        "old_answer": "No"
    },
    {
        "qa_idx": 5,
        "qa_type": "qa",
        "qa_level": "cross_event",
        "qa_task": "action-understanding",
        "question": "Between 13.0 to 65.0 and 66.0 to 104.0, do the man and woman perform a dance routine in the busy airport terminal?",
        "answer": "No",
        "old_answer": "No"
    },
    {
        "qa_idx": 7,
        "qa_type": "qa",
        "qa_level": "cross_event",
        "qa_task": "character-understanding",
        "question": "Was the woman in the first event seated at a table during the outdoor dining scene from 992.0 to 1058.0 seconds?",
        "answer": "Yes",
        "old_answer": "Yes"
    },
    {
        "qa_idx": 9,
        "qa_task": "attribute-change",
        "question": "How does the ambiance of the outdoor dining scene change from the beginning to the end of the event from 2530.0 to 2599.0 seconds?",
        "options": [
            "A. The scene becomes darker and quieter.",
            "B. The scene remains consistently vibrant and lively.",
            "C. The scene transitions to an indoor setting.",
            "D. The scene becomes less crowded and more serene."
        ],
        "answer": "B",
        "qa_level": "within_event",
        "qa_type": "mcqa",
        "old_answer": "B"
    },
    {
        "qa_idx": 10,
        "qa_task": "attribute-change",
        "question": "How does the lighting in the environment change from the beginning to the end of the event from 1502.0 to 1562.0 seconds?",
        "options": [
            "A. The lighting becomes brighter.",
            "B. The lighting remains constant.",
            "C. The lighting becomes dimmer.",
            "D. The lighting changes to a blue hue."
        ],
        "answer": "C",
        "qa_level": "within_event",
        "qa_type": "mcqa",
        "old_answer": "C"
    },
    {
        "qa_idx": 11,
        "qa_task": "camera-direction",
        "question": "How does the camera movement emphasize the scenic maritime environment in the first event from 414.0 to 475.0 seconds?",
        "options": [
            "A. The camera moves forward to focus on the details of the boats and the surrounding maritime structures.",
            "B. The camera remains static, capturing a single view of the maritime environment.",
            "C. The camera moves backward to show a wider view of the coastal setting.",
            "D. The camera pans left and right to capture the entire scene."
        ],
        "answer": "A",
        "qa_level": "cross_event",
        "qa_type": "mcqa",
        "old_answer": "A"
    },
    {
        "qa_idx": 12,
        "qa_task": "temporal-relationship",
        "question": "What happens after the scene showing the Dalaman Domestic & International Terminal?",
        "options": [
            "A. An aerial view of a serene coastal area with lush, green islands.",
            "B. A close-up of a directional sign indicating a bank.",
            "C. A bustling marina scene set at a lively dock area.",
            "D. An indoor setting viewed from inside a vehicle, possibly a moving bus or train."
        ],
        "answer": "A",
        "qa_level": "long_term",
        "qa_type": "mcqa",
        "old_answer": "A"
    },
    {
        "qa_idx": 13,
        "qa_task": "spatial-relationship",
        "question": "Where is the woman in a turquoise dress standing in the busy airport terminal scene?",
        "options": [
            "A. In a marked pedestrian area outside the terminal.",
            "B. Near the baggage claim area.",
            "C. At the check-in counter.",
            "D. Inside a coffee shop."
        ],
        "answer": "A",
        "qa_level": "long_term",
        "qa_type": "mcqa",
        "old_answer": "A"
    },
    {
        "qa_idx": 14,
        "qa_task": "plot-understanding",
        "question": "What is the main theme of the video from 13.0 to 2699.0 seconds?",
        "options": [
            "A. A serene coastal town and its various activities.",
            "B. A bustling airport terminal and its surroundings.",
            "C. A lively marina and its social interactions.",
            "D. A rugged canyon and adventurous exploration."
        ],
        "answer": "A",
        "qa_level": "long_term",
        "qa_type": "mcqa",
        "old_answer": "A"
    },
    {
        "qa_idx": 15,
        "qa_task": "camera-direction",
        "question": "How does the camera movement change from the airport terminal scene at 13.0 seconds to the serene coastal area at 2699.0 seconds?",
        "options": [
            "A. The camera moves from a close-up view to an aerial view.",
            "B. The camera moves from an aerial view to a close-up view.",
            "C. The camera remains stationary throughout.",
            "D. The camera moves from a side view to a top-down view."
        ],
        "answer": "A",
        "qa_level": "long_term",
        "qa_type": "mcqa",
        "old_answer": "A"
    },
    {
        "qa_idx": 16,
        "qa_task": "speed",
        "question": "Which mode of transportation is faster in the video from 13.0 to 2699.0 seconds, the bus or the boat?",
        "options": [
            "A. The bus.",
            "B. The boat.",
            "C. Both are at the same speed.",
            "D. None of the above."
        ],
        "answer": "A",
        "qa_level": "long_term",
        "qa_type": "mcqa",
        "old_answer": "A"
    },
    {
        "qa_idx": 17,
        "qa_task": "attribute-change",
        "question": "How does the environment change from the airport terminal to the coastal town?",
        "options": [
            "A. From a busy, dynamic airport terminal to a serene, picturesque coastal town.",
            "B. From a quiet, empty airport terminal to a bustling, crowded coastal town.",
            "C. From a dark, indoor airport terminal to a bright, indoor coastal town.",
            "D. From a rural, agricultural airport terminal to an industrial, urban coastal town."
        ],
        "answer": "A",
        "qa_level": "long_term",
        "qa_type": "mcqa",
        "old_answer": "A"
    },
    {
        "qa_idx": 18,
        "qa_task": "character-understanding",
        "question": "What is the woman wearing while walking in the airport terminal and interacting with the man?",
        "options": [
            "A. A white shirt.",
            "B. A teal dress.",
            "C. A red dress.",
            "D. A black jacket."
        ],
        "answer": "B",
        "qa_level": "long_term",
        "qa_type": "mcqa",
        "old_answer": "B"
    },
    {
        "qa_idx": 19,
        "qa_task": "time-order",
        "question": "In which order do the events occur in the video from 13.0 to 2699.0 seconds?",
        "options": [
            "A. The video captures a lively scene set at an airport terminal, followed by a close-up view of two hands interacting, then an aerial view of a serene coastal area, and finally a close-up scene of a hand reaching for strawberries on a white plate.",
            "B. The video captures a lively scene set at an airport terminal, followed by a close-up view of two hands interacting, then an aerial view of a serene coastal area, and finally a bustling marina scene.",
            "C. The video captures a lively scene set at an airport terminal, followed by a close-up view of two hands interacting, then an aerial view of a serene coastal area, and finally a scene featuring a rugged natural cave interior.",
            "D. The video captures a lively scene set at an airport terminal, followed by a close-up view of two hands interacting, then an aerial view of a serene coastal area, and finally a vibrant nighttime urban scene."
        ],
        "answer": "B",
        "qa_level": "long_term",
        "qa_type": "mcqa",
        "old_answer": "B"
    },
    {
        "qa_idx": 20,
        "qa_task": "descriptive-scene",
        "question": "Where do the events from 13.0 to 2699.0 seconds primarily take place?",
        "options": [
            "A. At an airport terminal.",
            "B. In a coastal town.",
            "C. In a modern commercial building.",
            "D. In a marina."
        ],
        "answer": "A",
        "qa_level": "long_term",
        "qa_type": "mcqa",
        "old_answer": "A"
    }
]