[
    {
        "qa_idx": 0,
        "qa_type": "qa",
        "qa_level": "frame",
        "qa_task": "character-understanding",
        "question": "Is the hand wearing a purple watch in the frame at 934.0 seconds?",
        "answer": "Yes",
        "old_answer": "Yes"
    },
    {
        "qa_idx": 1,
        "qa_type": "qa",
        "qa_level": "frame",
        "qa_task": "object understanding",
        "question": "Is the liquid being released from the pipe bright green in color at 2653.0 seconds into the video?",
        "answer": "Yes",
        "old_answer": "Yes"
    },
    {
        "qa_idx": 2,
        "qa_task": "object understanding",
        "question": "What is the theme of the booth prominently displayed in the frame at 2286.0 seconds into the video?",
        "options": [
            "A. A food stall.",
            "B. A game booth.",
            "C. A space-themed attraction.",
            "D. A haunted house."
        ],
        "answer": "C",
        "qa_level": "frame",
        "qa_type": "mcqa",
        "old_answer": "C"
    },
    {
        "qa_idx": 3,
        "qa_type": "qa",
        "qa_level": "within_event",
        "qa_task": "character-understanding",
        "question": "Was the pink creature distressed in the chaotic kitchen environment from 338.0 to 398.0 seconds?",
        "answer": "Yes",
        "old_answer": "Yes"
    },
    {
        "qa_idx": 4,
        "qa_task": "camera-direction",
        "question": "During the video segment from 2181.0 to 2248.0 seconds, what is the initial camera movement when the red-colored character's hand is shown?",
        "options": [
            "A. The camera moves away from the hand.",
            "B. The camera moves closer to the hand.",
            "C. The camera remains stationary.",
            "D. The camera moves to the side of the hand."
        ],
        "answer": "B",
        "qa_level": "within_event",
        "qa_type": "mcqa",
        "old_answer": "B"
    },
    {
        "qa_idx": 6,
        "qa_task": "character-understanding",
        "question": "What is the expression of the red animated dog holding a gray animated mouse in the video from 1562.0 to 1624.0 seconds?",
        "options": [
            "A. Happy.",
            "B. Tense or surprised.",
            "C. Angry.",
            "D. Sad."
        ],
        "answer": "B",
        "qa_level": "within_event",
        "qa_type": "mcqa",
        "old_answer": "B"
    },
    {
        "qa_idx": 7,
        "qa_task": "spatial-relationship",
        "question": "What is to the right of the pink house with a red roof in the suburban scene at the beginning of the video?",
        "options": [
            "A. A beige house.",
            "B. A tree with lush green foliage.",
            "C. A blue garage door.",
            "D. A red car."
        ],
        "answer": "B",
        "qa_level": "long_term",
        "qa_type": "mcqa",
        "old_answer": "B"
    },
    {
        "qa_idx": 10,
        "qa_task": "attribute-change",
        "question": "How does the setting change from the beginning to the end of the video from 2.0 to 3184.0 seconds?",
        "options": [
            "A. From a suburban scene to a vibrant indoor setting.",
            "B. From a vibrant indoor setting to a snowy landscape.",
            "C. From a snowy landscape to a vibrant indoor setting.",
            "D. From a vibrant indoor setting to a suburban scene."
        ],
        "answer": "B",
        "qa_level": "long_term",
        "qa_type": "mcqa",
        "old_answer": "B"
    },
    {
        "qa_idx": 11,
        "qa_task": "time-order",
        "question": "In which order do the events occur in the video from 2.0 to 3184.0 seconds?",
        "options": [
            "A. The video begins with a tranquil suburban scene showcasing a pink house with a red roof, followed by an indoor setting featuring a spacious room with retro-modern decor. Next, an animated setting is introduced with a person dressed in a suit and tie, followed by a playful scene of three animated characters. The sequence includes various urban and indoor scenes, culminating in a 'Superhero Costume Contest' and a dramatic moment focused on an animated superhero character.",
            "B. The video begins with an animated kitchen scene featuring a vividly-colored interior and a large window, followed by various scenes involving anthropomorphic characters in different settings, including a park, a kitchen, and a stage performance. The sequence includes a whimsical animated scene with a colorful train and concludes with a vibrant kitchen scene.",
            "C. The video begins with a cozy indoor scene involving a pair of gloved hands preparing a tea-time setup, followed by various scenes featuring animated characters in different settings, including a tea stall, a kitchen, and a rural road. The sequence includes a dynamic cooking scene and concludes with a lively kitchen environment.",
            "D. The video begins with a suburban residential scene featuring two houses, followed by various animated sequences set in whimsical bathroom environments, urban settings, and a carnival. The sequence includes scenes of animated characters interacting in different settings and concludes with a vibrant and lively fairground."
        ],
        "answer": "A",
        "qa_level": "long_term",
        "qa_type": "mcqa",
        "old_answer": "A"
    }
]