[
    {
        "qa_idx": 0,
        "qa_type": "qa",
        "qa_level": "frame",
        "qa_task": "character-understanding",
        "question": "Is the man on the left side of the frame wearing a headband at 1822.0 seconds?",
        "answer": "Yes",
        "old_answer": "Yes"
    },
    {
        "qa_idx": 2,
        "qa_task": "character-understanding",
        "question": "What are the two men doing at 1615.0 seconds into the video?",
        "options": [
            "A. They are fighting.",
            "B. They are shaking hands.",
            "C. They are eating.",
            "D. They are dancing."
        ],
        "answer": "B",
        "qa_level": "frame",
        "qa_type": "mcqa",
        "old_answer": "B"
    },
    {
        "qa_idx": 3,
        "qa_type": "qa",
        "qa_level": "within_event",
        "qa_task": "object understanding",
        "question": "Is there a man wearing a black jacket with a 'PRESIDENTE' patch in the video from 362.0 to 420.0 seconds?",
        "answer": "Yes",
        "old_answer": "Yes"
    },
    {
        "qa_idx": 4,
        "qa_task": "character-understanding",
        "question": "What is the person on the right wearing in the video frame at 154.0 seconds?",
        "options": [
            "A. A light-colored shirt.",
            "B. A black outfit including a jacket and a head covering.",
            "C. A jacket over a light-colored shirt.",
            "D. A white dress."
        ],
        "answer": "B",
        "qa_level": "frame",
        "qa_type": "mcqa",
        "old_answer": "B"
    },
    {
        "qa_idx": 6,
        "qa_task": "attribute-change",
        "question": "How does the setting change from the beginning to the end of the event from 91.0 to 130.0 seconds?",
        "options": [
            "A. It starts in a bright outdoor area and ends in a dim indoor setting.",
            "B. It starts in a dim indoor setting and transitions to various outdoor and indoor locations.",
            "C. It starts in a cemetery and ends in a bright indoor setting.",
            "D. It starts in a bright indoor setting and transitions to a nighttime urban environment."
        ],
        "answer": "B",
        "qa_level": "within_event",
        "qa_type": "mcqa",
        "old_answer": "B"
    },
    {
        "qa_idx": 7,
        "qa_type": "qa",
        "qa_level": "long_term",
        "qa_task": "plot-understanding",
        "question": "Does the video depict a consistent theme of social interactions and interviews in various indoor and outdoor settings from 5.0 to 2284.0 seconds?",
        "answer": "Yes",
        "old_answer": "Yes"
    },
    {
        "qa_idx": 8,
        "qa_task": "camera-direction",
        "question": "During the interaction between the two men from 1793.0 to 1841.0 seconds, how is the camera positioned in relation to the men?",
        "options": [
            "A. The camera is moving around the men.",
            "B. The camera is focused on the man in the dark outfit only.",
            "C. The camera is focused on the man in the light blue shirt only.",
            "D. The camera is consistently focused on both men."
        ],
        "answer": "D",
        "qa_level": "within_event",
        "qa_type": "mcqa",
        "old_answer": "D"
    },
    {
        "qa_idx": 9,
        "qa_task": "speed",
        "question": "How does the speed of the individuals' movements and interactions change between the two events from 1153.0 to 1249.0 seconds and H to e seconds?",
        "options": [
            "A. The speed of movements and interactions remains constant throughout both events.",
            "B. The speed of movements and interactions increases significantly in the second event compared to the first.",
            "C. The speed of movements and interactions decreases significantly in the second event compared to the first.",
            "D. The speed of movements and interactions varies randomly without a clear pattern."
        ],
        "answer": "A",
        "qa_level": "cross_event",
        "qa_type": "mcqa",
        "old_answer": "A"
    },
    {
        "qa_idx": 10,
        "qa_task": "attribute-change",
        "question": "How does the lighting condition change between the two events from 1681.0 to 1749.0 seconds and H to e seconds?",
        "options": [
            "A. The lighting condition changes from well-lit to dimly lit.",
            "B. The lighting condition remains well-lit throughout both events.",
            "C. The lighting condition changes from dimly lit to well-lit.",
            "D. The lighting condition changes from well-lit to dark."
        ],
        "answer": "B",
        "qa_level": "cross_event",
        "qa_type": "mcqa",
        "old_answer": "B"
    },
    {
        "qa_idx": 11,
        "qa_task": "attribute-change",
        "question": "How does the attribute of the environment change between the two video events from 1969.0 to 2036.0 seconds and H to e seconds?",
        "options": [
            "A. The environment changes from an indoor setting to an outdoor setting.",
            "B. The lighting changes from evenly lit to dimly lit.",
            "C. The background changes from plain walls to a decorated background.",
            "D. The environment remains consistently neutral and indoor."
        ],
        "answer": "D",
        "qa_level": "cross_event",
        "qa_type": "mcqa",
        "old_answer": "D"
    },
    {
        "qa_idx": 12,
        "qa_task": "spatial-relationship",
        "question": "Where are the two men standing closely together in a dimly lit environment with neon signage visible in the background?",
        "options": [
            "A. In a cemetery.",
            "B. In a nightclub or bar.",
            "C. In a restaurant.",
            "D. In an office."
        ],
        "answer": "B",
        "qa_level": "long_term",
        "qa_type": "mcqa",
        "old_answer": "B"
    },
    {
        "qa_idx": 14,
        "qa_task": "time-order",
        "question": "In which order do the events occur in the video from 5.0 to 2284.0 seconds?",
        "options": [
            "A. A man enters a doorway in a dim indoor setting, then interacts with another man in an urban nighttime environment, followed by a scene in a cemetery at night, and finally a man speaks into a microphone in an indoor setting.",
            "B. A man speaks into a microphone in an indoor setting, then interacts with another man in an urban nighttime environment, followed by a scene in a cemetery at night, and finally a man enters a doorway in a dim indoor setting.",
            "C. A man interacts with another man in an urban nighttime environment, then enters a doorway in a dim indoor setting, followed by a scene in a cemetery at night, and finally a man speaks into a microphone in an indoor setting.",
            "D. A man enters a doorway in a dim indoor setting, then speaks into a microphone in an indoor setting, followed by a scene in a cemetery at night, and finally interacts with another man in an urban nighttime environment."
        ],
        "answer": "A",
        "qa_level": "long_term",
        "qa_type": "mcqa",
        "old_answer": "A"
    },
    {
        "qa_idx": 16,
        "qa_task": "speed",
        "question": "How does the speed of interactions change from the beginning to the end of the video event sequence from 5.0 to 2284.0 seconds?",
        "options": [
            "A. The interactions start slow and become faster.",
            "B. The interactions start fast and become slower.",
            "C. The interactions maintain a consistent speed throughout.",
            "D. The interactions start slow, become faster, and then slow down again."
        ],
        "answer": "A",
        "qa_level": "long_term",
        "qa_type": "mcqa",
        "old_answer": "A"
    },
    {
        "qa_idx": 17,
        "qa_task": "attribute-change",
        "question": "How does the man's attire change from the beginning to the end of the video from 5.0 to 2284.0 seconds?",
        "options": [
            "A. The man starts with a black jacket and T-shirt, then changes to various dark jackets, hoodies, leather vests, and headbands.",
            "B. The man starts with a white shirt and ends with a black jacket.",
            "C. The man starts with a suit and ends with casual attire.",
            "D. The man starts with a red jacket and ends with a blue hoodie."
        ],
        "answer": "A",
        "qa_level": "long_term",
        "qa_type": "mcqa",
        "old_answer": "A"
    },
    {
        "qa_idx": 18,
        "qa_task": "character-understanding",
        "question": "What is the man frequently seen holding during his interactions in the video from 5.0 to 2284.0 seconds?",
        "options": [
            "A. A microphone.",
            "B. A book.",
            "C. A drink.",
            "D. A phone."
        ],
        "answer": "A",
        "qa_level": "long_term",
        "qa_type": "mcqa",
        "old_answer": "A"
    }
]