[
    {
        "qa_idx": 0,
        "qa_task": "spatial-relationship",
        "question": "What is on the wall to the right in the scene at 1381.0 seconds?",
        "options": [
            "A. A jail cell with potted plants.",
            "B. A bulletin board with various papers and three 'wanted' posters.",
            "C. A modern office setting with bookshelves and filing boxes.",
            "D. A monitor displaying the word 'KAPOL PAK'."
        ],
        "answer": "B",
        "qa_level": "frame",
        "qa_type": "mcqa",
        "old_answer": "B"
    },
    {
        "qa_idx": 1,
        "qa_type": "qa",
        "qa_level": "frame",
        "qa_task": "object understanding",
        "question": "Is there a television screen displaying the text 'LAPOR PAK!' in the video frame at 1460.0 seconds?",
        "answer": "Yes",
        "old_answer": "Yes"
    },
    {
        "qa_idx": 2,
        "qa_type": "qa",
        "qa_level": "within_event",
        "qa_task": "action-understanding",
        "question": "During the event from 976.0 to 993.0 seconds, does the uniformed person walk past the table where the individuals are seated?",
        "answer": "Yes",
        "old_answer": "Yes"
    },
    {
        "qa_idx": 3,
        "qa_task": "object understanding",
        "question": "What is the man wearing at 1644.0 seconds into the video?",
        "options": [
            "A. A red t-shirt.",
            "B. A blue button-up shirt.",
            "C. A green sweater.",
            "D. A black jacket."
        ],
        "answer": "B",
        "qa_level": "frame",
        "qa_type": "mcqa",
        "old_answer": "B"
    },
    {
        "qa_idx": 4,
        "qa_task": "character-understanding",
        "question": "What is the man in the video wearing at 347.0 seconds?",
        "options": [
            "A. A red sweater over a white-collared shirt.",
            "B. A blue sweater over a white-collared shirt.",
            "C. A green sweater over a white-collared shirt.",
            "D. A black sweater over a white-collared shirt."
        ],
        "answer": "B",
        "qa_level": "frame",
        "qa_type": "mcqa",
        "old_answer": "B"
    },
    {
        "qa_idx": 5,
        "qa_type": "qa",
        "qa_level": "cross_event",
        "qa_task": "object understanding",
        "question": "Is there a green rotary phone present in both events from 504.0 to 573.0 and 574.0 to 634.0?",
        "answer": "Yes",
        "old_answer": "Yes"
    },
    {
        "qa_idx": 6,
        "qa_type": "qa",
        "qa_level": "cross_event",
        "qa_task": "plot-understanding",
        "question": "Do both video events from 1457.0 to 1529.0 and 1570.0 to 1634.0 take place in an investigative or office environment?",
        "answer": "Yes",
        "old_answer": "Yes"
    },
    {
        "qa_idx": 7,
        "qa_type": "qa",
        "qa_level": "long_term",
        "qa_task": "speed",
        "question": "Did the individuals in the office scenes from 7.0 to 2296.0 seconds move at a fast pace?",
        "answer": "No",
        "old_answer": "No"
    },
    {
        "qa_idx": 8,
        "qa_task": "object understanding",
        "question": "What are the objects present on the central table in the dimly lit room from 375.0 to 439.0 seconds?",
        "options": [
            "A. A green telephone, a document, and a pen.",
            "B. A laptop, a coffee mug, and a notebook.",
            "C. A projector, a stack of papers, and a stapler.",
            "D. A lamp, a book, and a calculator."
        ],
        "answer": "A",
        "qa_level": "cross_event",
        "qa_type": "mcqa",
        "old_answer": "A"
    },
    {
        "qa_idx": 10,
        "qa_task": "time-order",
        "question": "What is the correct sequence of events from the two video descriptions between the time of 574.0 to 634.0 seconds and H to e seconds?",
        "options": [
            "A. The event begins with a man seated at a table in a media setting, transitions to a formal security environment, and then to an interrogation room.",
            "B. The event begins with a formal security environment, transitions to a media setting, and then to an interrogation room.",
            "C. The event begins with an interrogation room, transitions to a media setting, and then to a formal security environment.",
            "D. The event begins with a media setting, transitions to an interrogation room, and then to a formal security environment."
        ],
        "answer": "A",
        "qa_level": "cross_event",
        "qa_type": "mcqa",
        "old_answer": "A"
    },
    {
        "qa_idx": 11,
        "qa_task": "temporal-relationship",
        "question": "What happens after the scene with the man in a uniform with star symbols on his shoulder patches in a dimly lit environment with the 'TRANSMEDIA' logo and 'LAPOR PAK' overlay text?",
        "options": [
            "A. The scene shifts to an outdoor setting focused on a red brick house with a black metal gate.",
            "B. The scene transitions to a room set up like an office or interrogation room with several key elements.",
            "C. The scene shows a man in a uniform standing next to a man in an orange shirt marked 'TAHANAN'.",
            "D. The scene captures a man in a white shirt and black tie holding a toy-like cactus."
        ],
        "answer": "B",
        "qa_level": "long_term",
        "qa_type": "mcqa",
        "old_answer": "B"
    },
    {
        "qa_idx": 12,
        "qa_task": "spatial-relationship",
        "question": "What is positioned above the seated man in the small, confined room?",
        "options": [
            "A. A hanging lamp and a surveillance camera.",
            "B. A bookshelf and a bulletin board.",
            "C. A window and a filing cabinet.",
            "D. A door labeled 'RUANGAN DETEKTIF'."
        ],
        "answer": "A",
        "qa_level": "long_term",
        "qa_type": "mcqa",
        "old_answer": "A"
    },
    {
        "qa_idx": 15,
        "qa_task": "speed",
        "question": "Which individual is observed to be moving faster in the video from 7.0 to 2296.0 seconds?",
        "options": [
            "A. The man in the uniform.",
            "B. The man in the orange shirt.",
            "C. The woman holding a potted plant.",
            "D. The man in the white shirt with dark suspenders."
        ],
        "answer": "B",
        "qa_level": "long_term",
        "qa_type": "mcqa",
        "old_answer": "B"
    },
    {
        "qa_idx": 16,
        "qa_task": "attribute-change",
        "question": "How does the setting change from the beginning to the end of the video from 7.0 to 2296.0 seconds?",
        "options": [
            "A. The setting changes from an indoor office environment to an outdoor residential area.",
            "B. The setting changes from a dimly lit room to a brightly lit room.",
            "C. The setting changes from a professional office environment to a casual outdoor setting.",
            "D. The setting changes from a media production setting to a police interrogation room."
        ],
        "answer": "A",
        "qa_level": "long_term",
        "qa_type": "mcqa",
        "old_answer": "A"
    },
    {
        "qa_idx": 17,
        "qa_task": "object understanding",
        "question": "What objects are present on the central table in the dimly lit room with geometric-patterned walls and subdued lighting from a ceiling lamp, as described from 784.0 to 2296.0 seconds?",
        "options": [
            "A. A green rotary phone, documents, and a pen.",
            "B. A laptop, a coffee mug, and a notepad.",
            "C. A vase, a picture frame, and a book.",
            "D. A tablet, a water bottle, and a newspaper."
        ],
        "answer": "A",
        "qa_level": "long_term",
        "qa_type": "mcqa",
        "old_answer": "A"
    },
    {
        "qa_idx": 18,
        "qa_task": "time-order",
        "question": "In which order do the events occur in the video from 7.0 to 2296.0 seconds?",
        "options": [
            "A. Informational message about COVID-19 tests, indoor scenes with office settings, outdoor scene with a red brick house, dimly lit room with serious discussion, man in uniform with vintage equipment, formal interaction with a detainee, office-like scenes with potted plants, and a professional setting with a green telephone.",
            "B. Informational message about COVID-19 tests, outdoor scene with a red brick house, indoor scenes with office settings, dimly lit room with serious discussion, man in uniform with vintage equipment, formal interaction with a detainee, office-like scenes with potted plants, and a professional setting with a green telephone.",
            "C. Informational message about COVID-19 tests, indoor scenes with office settings, dimly lit room with serious discussion, outdoor scene with a red brick house, man in uniform with vintage equipment, formal interaction with a detainee, office-like scenes with potted plants, and a professional setting with a green telephone.",
            "D. Informational message about COVID-19 tests, indoor scenes with office settings, dimly lit room with serious discussion, man in uniform with vintage equipment, outdoor scene with a red brick house, formal interaction with a detainee, office-like scenes with potted plants, and a professional setting with a green telephone."
        ],
        "answer": "A",
        "qa_level": "long_term",
        "qa_type": "mcqa",
        "old_answer": "A"
    }
]