[
    {
        "qa_idx": 0,
        "qa_type": "qa",
        "qa_level": "frame",
        "qa_task": "object understanding",
        "question": "Is the girl wearing a pink headband in the video frame at 157.0 seconds?",
        "answer": "Yes",
        "old_answer": "Yes"
    },
    {
        "qa_idx": 2,
        "qa_type": "qa",
        "qa_level": "frame",
        "qa_task": "object understanding",
        "question": "Is there a toy character in yellow and orange attire in the frame at 1653.0 seconds?",
        "answer": "Yes",
        "old_answer": "Yes"
    },
    {
        "qa_idx": 3,
        "qa_task": "object understanding",
        "question": "What accessories and gear does the centrally positioned toy have at 1040.0 seconds into the video?",
        "options": [
            "A. Bright, neon green accessories and gear, including a helmet.",
            "B. Red and blue accessories with a cape.",
            "C. Yellow and black accessories with a hat.",
            "D. Purple and orange accessories with a scarf."
        ],
        "answer": "A",
        "qa_level": "frame",
        "qa_type": "mcqa",
        "old_answer": "A"
    },
    {
        "qa_idx": 4,
        "qa_type": "qa",
        "qa_level": "within_event",
        "qa_task": "character-understanding",
        "question": "Was there a girl prominently featured among the group of humans in the scene from 1736.0 to 1797.0 seconds?",
        "answer": "Yes",
        "old_answer": "Yes"
    },
    {
        "qa_idx": 6,
        "qa_type": "qa",
        "qa_level": "cross_event",
        "qa_task": "action-understanding",
        "question": "In the event from 1736.0 to 1797.0, do the toy figures perform with musical instruments on stage?",
        "answer": "Yes",
        "old_answer": "Yes"
    },
    {
        "qa_idx": 8,
        "qa_type": "qa",
        "qa_level": "cross_event",
        "qa_task": "speed",
        "question": "Did the communal activities in the desert landscape from 1450.0 to 1519.0 take place at a faster pace compared to the western-themed outdoor gathering from 1521.0 to 1588.0?",
        "answer": "No",
        "old_answer": "No"
    },
    {
        "qa_idx": 10,
        "qa_task": "spatial-relationship",
        "question": "What is present around the bleachers in the video frame at 1824.0 seconds?",
        "options": [
            "A. Multiple toys.",
            "B. Food stalls.",
            "C. Sports equipment.",
            "D. Musical instruments."
        ],
        "answer": "A",
        "qa_level": "frame",
        "qa_type": "mcqa",
        "old_answer": "A"
    },
    {
        "qa_idx": 11,
        "qa_task": "character-understanding",
        "question": "What is the toy character wearing in the video frame at 1477.0 seconds?",
        "options": [
            "A. A blue jacket and a hat.",
            "B. A yellow vest and a badge.",
            "C. A red shirt and a tie.",
            "D. A green uniform and a cap."
        ],
        "answer": "B",
        "qa_level": "frame",
        "qa_type": "mcqa",
        "old_answer": "B"
    },
    {
        "qa_idx": 12,
        "qa_task": "counting",
        "question": "How many toys are there on the deck at 124.0 seconds into the video?",
        "options": [
            "A. 3.",
            "B. 5.",
            "C. 7.",
            "D. 9."
        ],
        "answer": "C",
        "qa_level": "frame",
        "qa_type": "mcqa",
        "old_answer": "C"
    },
    {
        "qa_idx": 13,
        "qa_task": "object understanding",
        "question": "What objects and elements are featured in the park area at 917.0 seconds into the video?",
        "options": [
            "A. A fountain, a bench, and a bicycle.",
            "B. A statue, trimmed hedges, and a paved pathway.",
            "C. A playground, a picnic table, and a sandbox.",
            "D. A pond, a bridge, and a gazebo."
        ],
        "answer": "B",
        "qa_level": "frame",
        "qa_type": "mcqa",
        "old_answer": "B"
    },
    {
        "qa_idx": 14,
        "qa_task": "character-understanding",
        "question": "What time of day is depicted in the video frame at 1216.0 seconds?",
        "options": [
            "A. Morning.",
            "B. Afternoon.",
            "C. Evening or night.",
            "D. Midday."
        ],
        "answer": "C",
        "qa_level": "frame",
        "qa_type": "mcqa",
        "old_answer": "C"
    },
    {
        "qa_idx": 17,
        "qa_task": "descriptive-scene",
        "question": "Where does the scene at 1083.0 seconds into the video take place?",
        "options": [
            "A. In a sunny, open field.",
            "B. In a dense forest.",
            "C. In a busy city park.",
            "D. In a mountainous region."
        ],
        "answer": "A",
        "qa_level": "frame",
        "qa_type": "mcqa",
        "old_answer": "A"
    },
    {
        "qa_idx": 18,
        "qa_task": "attribute-change",
        "question": "How does the setting change from the beginning to the end of the event from 1663.0 to 1729.0 seconds?",
        "options": [
            "A. The setting changes from a lush, green forest to a dirt path in a forested landscape.",
            "B. The setting changes from a desert to a lush, green forest.",
            "C. The setting changes from a cityscape to a serene water setting.",
            "D. The setting changes from a snowy mountain to a swimming pool."
        ],
        "answer": "A",
        "qa_level": "within_event",
        "qa_type": "mcqa",
        "old_answer": "A"
    },
    {
        "qa_idx": 19,
        "qa_task": "scene-understanding",
        "question": "What is the setting of the scene from 1180.0 to 1246.0 seconds in the video?",
        "options": [
            "A. A small dog-like character engaged in a DJ setup with a lively background.",
            "B. A quiet library with bookshelves and a reading area.",
            "C. A beach with waves and people sunbathing.",
            "D. A forest with trees and wildlife."
        ],
        "answer": "A",
        "qa_level": "within_event",
        "qa_type": "mcqa",
        "old_answer": "A"
    },
    {
        "qa_idx": 20,
        "qa_task": "camera-direction",
        "question": "During the beachside celebration from 1295.0 to 1332.0 seconds, does the camera move closer to the DJ setup or does it stay stationary?",
        "options": [
            "A. The camera moves closer to the DJ setup.",
            "B. The camera stays stationary.",
            "C. The camera moves away from the DJ setup.",
            "D. The camera moves closer to the rock formations."
        ],
        "answer": "A",
        "qa_level": "within_event",
        "qa_type": "mcqa",
        "old_answer": "A"
    },
    {
        "qa_idx": 21,
        "qa_task": "speed",
        "question": "Between the individual operating the toy vehicle and the individual holding the purple object, who is moving faster in the scene from 1.0 to 57.0 seconds?",
        "options": [
            "A. The individual operating the toy vehicle.",
            "B. The individual holding the purple object.",
            "C. Both are moving at the same speed.",
            "D. None of the above."
        ],
        "answer": "A",
        "qa_level": "within_event",
        "qa_type": "mcqa",
        "old_answer": "A"
    },
    {
        "qa_idx": 23,
        "qa_task": "spatial-relationship",
        "question": "What is the spatial relationship between the indoor and outdoor settings in the two video events from 881.0 to 941.0 seconds?",
        "options": [
            "A. The indoor setting transitions directly to the outdoor setting, maintaining a continuous flow of action.",
            "B. The indoor setting and outdoor setting are shown simultaneously, with split-screen effects.",
            "C. The indoor setting is completely separate from the outdoor setting, with no transition between them.",
            "D. The indoor setting is shown briefly before the outdoor setting, with a clear break in the narrative."
        ],
        "answer": "A",
        "qa_level": "cross_event",
        "qa_type": "mcqa",
        "old_answer": "A"
    },
    {
        "qa_idx": 24,
        "qa_task": "spatial-relationship",
        "question": "What is the primary spatial relationship between the characters and their environment in the events from 1116.0 to 1177.0 seconds?",
        "options": [
            "A. The characters are primarily indoors, interacting with various objects.",
            "B. The characters are in a lush, green outdoor environment with rolling hills and a clear blue sky.",
            "C. The characters are in a dark, enclosed space with minimal interaction.",
            "D. The characters are in a bustling cityscape with tall buildings and busy streets."
        ],
        "answer": "B",
        "qa_level": "cross_event",
        "qa_type": "mcqa",
        "old_answer": "B"
    },
    {
        "qa_idx": 25,
        "qa_task": "scene-understanding",
        "question": "How does the atmosphere transition between the two video events from 520.0 to 580.0 seconds?",
        "options": [
            "A. From a serene night scene to a bright and playful nautical environment.",
            "B. From a chaotic stormy sea to a calm and peaceful night.",
            "C. From a busy cityscape to a quiet countryside.",
            "D. From a dark forest to a sunny beach."
        ],
        "answer": "A",
        "qa_level": "cross_event",
        "qa_type": "mcqa",
        "old_answer": "A"
    },
    {
        "qa_idx": 27,
        "qa_task": "attribute-change",
        "question": "How does the environment change from the beginning to the end of the scenes between 1450.0 seconds to 1519.0 seconds?",
        "options": [
            "A. The scene starts in a desert landscape and transitions to a log cabin with festive decorations.",
            "B. The scene starts in a forest and transitions to a beach with festive decorations.",
            "C. The scene starts in a cityscape and transitions to a desert with festive decorations.",
            "D. The scene starts in a snowy landscape and transitions to a log cabin with festive decorations."
        ],
        "answer": "A",
        "qa_level": "cross_event",
        "qa_type": "mcqa",
        "old_answer": "A"
    },
    {
        "qa_idx": 28,
        "qa_task": "temporal-relationship",
        "question": "What happens after the scene where the character in a red helmet operates a control panel accompanied by a toy with a yellow helmet in the event from 459.0 to 519.0 seconds?",
        "options": [
            "A. A nighttime underwater scene illuminated by a bright light from a hovering orange submersible.",
            "B. A scene with a toy and a person inside a vehicle-like structure.",
            "C. A scene featuring two toys floating or swimming amidst dim lighting.",
            "D. A scene with a brightly colored toy against a dark background."
        ],
        "answer": "A",
        "qa_level": "cross_event",
        "qa_type": "mcqa",
        "old_answer": "A"
    },
    {
        "qa_idx": 29,
        "qa_task": "spatial-relationship",
        "question": "In the scenes from 1736.0 to 1797.0 seconds and H to e seconds, where is the toy figure dressed in a colorful formal outfit positioned in relation to the blue curtains?",
        "options": [
            "A. Behind the blue curtains.",
            "B. In front of the blue curtains.",
            "C. To the left of the blue curtains.",
            "D. To the right of the blue curtains."
        ],
        "answer": "B",
        "qa_level": "cross_event",
        "qa_type": "mcqa",
        "old_answer": "B"
    },
    {
        "qa_idx": 30,
        "qa_task": "plot-understanding",
        "question": "What is the main theme of the events described between 459.0 to 519.0 seconds and H to e seconds?",
        "options": [
            "A. Space exploration.",
            "B. Deep-sea exploration.",
            "C. Desert adventure.",
            "D. Jungle expedition."
        ],
        "answer": "B",
        "qa_level": "cross_event",
        "qa_type": "mcqa",
        "old_answer": "B"
    },
    {
        "qa_idx": 31,
        "qa_task": "object understanding",
        "question": "What are the attributes of the moon in the scene from 581.0 to 641.0 seconds?",
        "options": [
            "A. A large yellow moon reflecting off a calm ocean surface.",
            "B. A small red moon with no reflection.",
            "C. A large blue moon with a turbulent ocean surface.",
            "D. A small green moon with a calm ocean surface."
        ],
        "answer": "A",
        "qa_level": "cross_event",
        "qa_type": "mcqa",
        "old_answer": "A"
    },
    {
        "qa_idx": 32,
        "qa_task": "spatial-relationship",
        "question": "What is the spatial relationship between the two main characters and the background structures in the scene from 139.0 to 214.0 seconds?",
        "options": [
            "A. The two main characters are in front of large structures and buildings with lit windows.",
            "B. The two main characters are behind the large structures and buildings with lit windows.",
            "C. The two main characters are on top of the large structures and buildings with lit windows.",
            "D. The two main characters are inside the large structures and buildings with lit windows."
        ],
        "answer": "A",
        "qa_level": "cross_event",
        "qa_type": "mcqa",
        "old_answer": "A"
    },
    {
        "qa_idx": 33,
        "qa_task": "object understanding",
        "question": "What is the appearance and function of the large speaker system in the first video event from 1009.0 to 1109.0 seconds?",
        "options": [
            "A. It is a small, handheld device emitting green waves, used for communication.",
            "B. It is a large speaker system emitting dynamic purple waves, suggesting it is part of an outdoor technological event.",
            "C. It is a medium-sized speaker emitting blue waves, used for indoor announcements.",
            "D. It is a large screen displaying colorful images, used for entertainment."
        ],
        "answer": "B",
        "qa_level": "cross_event",
        "qa_type": "mcqa",
        "old_answer": "B"
    },
    {
        "qa_idx": 34,
        "qa_task": "spatial-relationship",
        "question": "Where is the person in a red helmet standing in the outdoor scene?",
        "options": [
            "A. On a beach.",
            "B. In a grassy area close to the camera.",
            "C. On a ship's deck.",
            "D. In a desert landscape."
        ],
        "answer": "B",
        "qa_level": "long_term",
        "qa_type": "mcqa",
        "old_answer": "B"
    },
    {
        "qa_idx": 36,
        "qa_task": "counting",
        "question": "How many animated toy hippos are shown on the circular platform with a star design in the circus-like backdrop?",
        "options": [
            "A. One.",
            "B. Two.",
            "C. Three.",
            "D. Four."
        ],
        "answer": "C",
        "qa_level": "long_term",
        "qa_type": "mcqa",
        "old_answer": "C"
    },
    {
        "qa_idx": 38,
        "qa_task": "speed",
        "question": "Which is faster, the toy vehicle operated by the individual in a red and white outfit or the motorbike equipped with toy glasses?",
        "options": [
            "A. The toy vehicle operated by the individual in a red and white outfit.",
            "B. The motorbike equipped with toy glasses.",
            "C. Both are at the same speed.",
            "D. None of the above."
        ],
        "answer": "B",
        "qa_level": "long_term",
        "qa_type": "mcqa",
        "old_answer": "B"
    },
    {
        "qa_idx": 40,
        "qa_task": "character-understanding",
        "question": "What is the person wearing who is holding a green bowl and spoon near a wooden structure and benches with red and yellow stripes?",
        "options": [
            "A. A formal purple suit and top hat.",
            "B. A red and white outfit.",
            "C. A colorful outfit with star patterns.",
            "D. A blue outfit with yellow accents."
        ],
        "answer": "A",
        "qa_level": "long_term",
        "qa_type": "mcqa",
        "old_answer": "A"
    },
    {
        "qa_idx": 41,
        "qa_task": "object understanding",
        "question": "What object is the animated dog character interacting with in the scene featuring a drum set?",
        "options": [
            "A. A toy guitar.",
            "B. A toy keyboard.",
            "C. A drum set.",
            "D. A microphone."
        ],
        "answer": "C",
        "qa_level": "long_term",
        "qa_type": "mcqa",
        "old_answer": "C"
    },
    {
        "qa_idx": 42,
        "qa_task": "descriptive-scene",
        "question": "Where does the event featuring a communal cooking setup with animated characters and a festive atmosphere take place?",
        "options": [
            "A. In a desert landscape.",
            "B. On a beach.",
            "C. In a forest.",
            "D. In a suburban area."
        ],
        "answer": "A",
        "qa_level": "long_term",
        "qa_type": "mcqa",
        "old_answer": "A"
    }
]