[
    {
        "qa_idx": 1,
        "qa_type": "qa",
        "qa_level": "within_event",
        "qa_task": "speed",
        "question": "From 1808.0 to 1861.0 seconds, is the purple toy character preparing sushi at a fast pace?",
        "answer": "No",
        "old_answer": "No"
    },
    {
        "qa_idx": 3,
        "qa_type": "qa",
        "qa_level": "within_event",
        "qa_task": "character-understanding",
        "question": "Was there a character in a vibrant pink costume with striped antenna-like features interacting with a pink box between 331.0 and 395.0 seconds?",
        "answer": "Yes",
        "old_answer": "Yes"
    },
    {
        "qa_idx": 4,
        "qa_type": "qa",
        "qa_level": "cross_event",
        "qa_task": "plot-understanding",
        "question": "Do both events from 1710.0 to 1806.0 and 1808.0 to 1861.0 feature the 'Oddbods' logo prominently?",
        "answer": "Yes",
        "old_answer": "Yes"
    },
    {
        "qa_idx": 6,
        "qa_type": "qa",
        "qa_level": "long_term",
        "qa_task": "character-understanding",
        "question": "Do the animated characters in the video engage in musical performances at multiple points between 4.0 and 2606.0 seconds?",
        "answer": "Yes",
        "old_answer": "Yes"
    },
    {
        "qa_idx": 7,
        "qa_task": "attribute-change",
        "question": "How does the background change throughout the video event from 554.0 to 590.0 seconds?",
        "options": [
            "A. The background changes from purple to blue.",
            "B. The background remains a smooth gradient of purple.",
            "C. The background changes from purple to green.",
            "D. The background changes from purple to red."
        ],
        "answer": "B",
        "qa_level": "within_event",
        "qa_type": "mcqa",
        "old_answer": "B"
    },
    {
        "qa_idx": 8,
        "qa_task": "descriptive-scene",
        "question": "Where do the events in the video from 1515.0 to 1587.0 seconds primarily take place?",
        "options": [
            "A. In a dark room with a single light source.",
            "B. On a wooden dock under a clear blue sky.",
            "C. Inside a bustling city with tall buildings.",
            "D. In a forest with dense trees and wildlife."
        ],
        "answer": "B",
        "qa_level": "cross_event",
        "qa_type": "mcqa",
        "old_answer": "B"
    },
    {
        "qa_idx": 9,
        "qa_task": "temporal-relationship",
        "question": "What happens after the scene with the green toy character operating a hand truck stacked with various labeled boxes?",
        "options": [
            "A. The scene transitions to a vibrant and playful musical performance featuring several colorful toy characters.",
            "B. The scene shifts to a serene scene with an open water view under a clear blue sky.",
            "C. The scene shows a colorful animated scene featuring two characters: a toy in a red costume and a shark, both wearing gold medals.",
            "D. The scene transitions to a darker, more serious tone depicting a medical setting where a cartoon character lies in a hospital bed."
        ],
        "answer": "A",
        "qa_level": "long_term",
        "qa_type": "mcqa",
        "old_answer": "A"
    },
    {
        "qa_idx": 10,
        "qa_task": "spatial-relationship",
        "question": "Where are the animated characters seated while watching something off-frame in the video from 4.0 to 2606.0 seconds?",
        "options": [
            "A. In a hospital room.",
            "B. In an airplane cabin.",
            "C. In a movie theater.",
            "D. In a kitchen."
        ],
        "answer": "C",
        "qa_level": "long_term",
        "qa_type": "mcqa",
        "old_answer": "C"
    },
    {
        "qa_idx": 12,
        "qa_task": "speed",
        "question": "Which character was faster in the race, the red-costumed figure or the blue-costumed character, as seen from 4.0 to 2606.0 seconds?",
        "options": [
            "A. The red-costumed figure.",
            "B. The blue-costumed character.",
            "C. Both were equally fast.",
            "D. Neither participated in the race."
        ],
        "answer": "A",
        "qa_level": "long_term",
        "qa_type": "mcqa",
        "old_answer": "A"
    },
    {
        "qa_idx": 13,
        "qa_task": "attribute-change",
        "question": "How does the background change from the beginning to the end of the video from 4.0 to 2606.0 seconds?",
        "options": [
            "A. From a clear, light blue background to a dark background with stylized letters.",
            "B. From a dark background to a clear, light blue background.",
            "C. From a colorful animated scene to a serene outdoor scene.",
            "D. From a serene outdoor scene to a colorful animated scene."
        ],
        "answer": "A",
        "qa_level": "long_term",
        "qa_type": "mcqa",
        "old_answer": "A"
    }
]