[
    {
        "qa_idx": 0,
        "qa_type": "qa",
        "qa_level": "frame",
        "qa_task": "character-understanding",
        "question": "Is the person in the middle of the scene holding a small, fluffy dog at 2498.0 seconds into the video?",
        "answer": "Yes",
        "old_answer": "Yes"
    },
    {
        "qa_idx": 1,
        "qa_task": "object understanding",
        "question": "What items are visible on the shelving inside the building at 2096.0 seconds into the video?",
        "options": [
            "A. Books and magazines.",
            "B. Various products, suggesting a commercial space.",
            "C. Toys and games.",
            "D. Clothing and accessories."
        ],
        "answer": "B",
        "qa_level": "frame",
        "qa_type": "mcqa",
        "old_answer": "B"
    },
    {
        "qa_idx": 2,
        "qa_task": "object understanding",
        "question": "What is the primary subject of the frame at 2476.0 seconds into the video?",
        "options": [
            "A. A cat.",
            "B. A dog.",
            "C. A bird.",
            "D. A rabbit."
        ],
        "answer": "B",
        "qa_level": "frame",
        "qa_type": "mcqa",
        "old_answer": "B"
    },
    {
        "qa_idx": 3,
        "qa_type": "qa",
        "qa_level": "within_event",
        "qa_task": "speed",
        "question": "Did the individuals handle the small animal quickly during the medical procedure from 1868.0 to 1927.0 seconds?",
        "answer": "No",
        "old_answer": "No"
    },
    {
        "qa_idx": 4,
        "qa_task": "spatial-relationship",
        "question": "What is the dominant feature within the frame at 1641.0 seconds into the video?",
        "options": [
            "A. A tree.",
            "B. A flower.",
            "C. A bird.",
            "D. A mountain."
        ],
        "answer": "B",
        "qa_level": "frame",
        "qa_type": "mcqa",
        "old_answer": "B"
    },
    {
        "qa_idx": 5,
        "qa_type": "qa",
        "qa_level": "within_event",
        "qa_task": "camera-direction",
        "question": "From 1933.0 to 1991.0 seconds, does the camera follow the man and woman as they walk away?",
        "answer": "No",
        "old_answer": "No"
    },
    {
        "qa_idx": 7,
        "qa_task": "speed",
        "question": "During the event from 1868.0 to 1927.0 seconds, which scene transition occurs more quickly?",
        "options": [
            "A. The transition from the discussion or demonstration to the clinical or laboratory setting.",
            "B. The transition from the medical procedure to the well-lit medical room.",
            "C. The transition from the well-lit medical room to the hallway adorned with wall art and posters.",
            "D. The transition from the hands holding the puppy to the medical procedure."
        ],
        "answer": "A",
        "qa_level": "within_event",
        "qa_type": "mcqa",
        "old_answer": "A"
    },
    {
        "qa_idx": 8,
        "qa_type": "qa",
        "qa_level": "cross_event",
        "qa_task": "object understanding",
        "question": "Is there a dog present in both events from 979.0 to 1068.0 and 1075.0 to 1116.0?",
        "answer": "Yes",
        "old_answer": "Yes"
    },
    {
        "qa_idx": 10,
        "qa_type": "qa",
        "qa_level": "long_term",
        "qa_task": "object understanding",
        "question": "Is there a stethoscope visible in the veterinary clinic scenes between 33.0 and 2551.0 seconds?",
        "answer": "Yes",
        "old_answer": "Yes"
    },
    {
        "qa_idx": 11,
        "qa_task": "object-direction",
        "question": "In which direction is the man dressed in a white shirt positioned relative to the vaccination sign on the wall at the beginning of the event from 591.0 to 619.0 seconds?",
        "options": [
            "A. Left.",
            "B. Right.",
            "C. Above.",
            "D. Below."
        ],
        "answer": "A",
        "qa_level": "within_event",
        "qa_type": "mcqa",
        "old_answer": "A"
    },
    {
        "qa_idx": 12,
        "qa_type": "qa",
        "qa_level": "long_term",
        "qa_task": "action-understanding",
        "question": "In the scenes from 33.0 to 2551.0 seconds, do the human hands ever remove an IV line from a cat's foreleg?",
        "answer": "No",
        "old_answer": "No"
    },
    {
        "qa_idx": 14,
        "qa_task": "object understanding",
        "question": "What is the appearance and function of the setting where Pam is first seen in the video event from 2071.0 to 2141.0 seconds?",
        "options": [
            "A. Pam is seen against a green background, suggesting an interview setting.",
            "B. Pam is seen in a park, suggesting a casual outdoor setting.",
            "C. Pam is seen in a kitchen, suggesting a cooking show setting.",
            "D. Pam is seen in a classroom, suggesting an educational setting."
        ],
        "answer": "A",
        "qa_level": "cross_event",
        "qa_type": "mcqa",
        "old_answer": "A"
    },
    {
        "qa_idx": 15,
        "qa_task": "spatial-relationship",
        "question": "In the video from 54.0 to 115.0 seconds, where is the black cat primarily located during the examination and grooming scenes?",
        "options": [
            "A. On a light-colored towel.",
            "B. On a dark-colored towel.",
            "C. On a table without any towel.",
            "D. On the floor."
        ],
        "answer": "A",
        "qa_level": "cross_event",
        "qa_type": "mcqa",
        "old_answer": "A"
    },
    {
        "qa_idx": 16,
        "qa_task": "temporal-relationship",
        "question": "What happens after the scene of the black and white kitten's face being gently handled by human hands?",
        "options": [
            "A. A man in professional attire appears in an indoor clinical setting.",
            "B. The scene shifts to a cozy café named 'Zoran's' situated along a bustling sidewalk.",
            "C. A tranquil moment featuring a light-colored, fluffy dog being gently petted by a person's hand.",
            "D. A person is administering an intravenous (IV) line to a black and white cat."
        ],
        "answer": "A",
        "qa_level": "long_term",
        "qa_type": "mcqa",
        "old_answer": "A"
    },
    {
        "qa_idx": 19,
        "qa_task": "time-order",
        "question": "In which order do the events occur in the video from 33.0 to 2551.0 seconds?",
        "options": [
            "A. Veterinary clinic reception area, kitten's mouth examination, black cat grooming, dog on a beach, woman with blonde hair indoors, veterinary examination room, outdoor café scene, dog being petted indoors, newborn puppies being cared for, urban street scene, indoor domestic setting with dogs.",
            "B. Veterinary clinic reception area, kitten's mouth examination, black cat grooming, outdoor café scene, dog on a beach, woman with blonde hair indoors, veterinary examination room, dog being petted indoors, newborn puppies being cared for, urban street scene, indoor domestic setting with dogs.",
            "C. Veterinary clinic reception area, kitten's mouth examination, black cat grooming, dog on a beach, outdoor café scene, woman with blonde hair indoors, veterinary examination room, dog being petted indoors, newborn puppies being cared for, urban street scene, indoor domestic setting with dogs.",
            "D. Veterinary clinic reception area, kitten's mouth examination, black cat grooming, woman with blonde hair indoors, dog on a beach, outdoor café scene, veterinary examination room, dog being petted indoors, newborn puppies being cared for, urban street scene, indoor domestic setting with dogs."
        ],
        "answer": "A",
        "qa_level": "long_term",
        "qa_type": "mcqa",
        "old_answer": "A"
    },
    {
        "qa_idx": 21,
        "qa_task": "camera-direction",
        "question": "What direction does the camera move when transitioning from the veterinary clinic to the café named 'Zoran's'?",
        "options": [
            "A. The camera moves from inside the clinic to outside the café.",
            "B. The camera moves from outside the café to inside the clinic.",
            "C. The camera moves from the reception area to the examination room.",
            "D. The camera moves from the street to the veterinary clinic."
        ],
        "answer": "A",
        "qa_level": "long_term",
        "qa_type": "mcqa",
        "old_answer": "A"
    }
]