[
    {
        "qa_idx": 0,
        "qa_type": "qa",
        "qa_level": "frame",
        "qa_task": "object understanding",
        "question": "Is there a large potted plant with curving stems and leaves in the center of the frame at 863.0 seconds?",
        "answer": "Yes",
        "old_answer": "Yes"
    },
    {
        "qa_idx": 1,
        "qa_task": "object understanding",
        "question": "What is the color and pattern of the tablecloth on the table at 1527.0 seconds into the video?",
        "options": [
            "A. Blue and white striped.",
            "B. Pink and white checkered.",
            "C. Green and yellow polka-dotted.",
            "D. Red and black plaid."
        ],
        "answer": "B",
        "qa_level": "frame",
        "qa_type": "mcqa",
        "old_answer": "B"
    },
    {
        "qa_idx": 3,
        "qa_task": "character-understanding",
        "question": "What is the central focus of the animated scene at 890.0 seconds into the video?",
        "options": [
            "A. Three distinctively stylized sushi pieces with anthropomorphic features.",
            "B. A bowl of ramen noodles.",
            "C. A plate of sashimi.",
            "D. A traditional sushi chef preparing sushi."
        ],
        "answer": "A",
        "qa_level": "frame",
        "qa_type": "mcqa",
        "old_answer": "A"
    },
    {
        "qa_idx": 5,
        "qa_task": "object understanding",
        "question": "What is the expression of the yellow slug-like character in the frame captured at 159.0 seconds into the video?",
        "options": [
            "A. Happy.",
            "B. Angry.",
            "C. Surprised or shocked.",
            "D. Sad."
        ],
        "answer": "C",
        "qa_level": "frame",
        "qa_type": "mcqa",
        "old_answer": "C"
    },
    {
        "qa_idx": 6,
        "qa_type": "qa",
        "qa_level": "cross_event",
        "qa_task": "speed",
        "question": "Did the worm-like characters in the domestic setting from 1526.0 to 1589.0 interact with the objects at a fast pace?",
        "answer": "No",
        "old_answer": "No"
    },
    {
        "qa_idx": 8,
        "qa_type": "qa",
        "qa_level": "long_term",
        "qa_task": "action-understanding",
        "question": "After the animated characters interacted in the rainy outdoor environment, did they proceed to build a shelter to protect themselves from the rain? (Time: 1.0 to 1872.0 seconds)",
        "answer": "No",
        "old_answer": "No"
    },
    {
        "qa_idx": 9,
        "qa_task": "object understanding",
        "question": "What objects are prominently placed in the center of the kitchen countertop at 1305.0 seconds into the video?",
        "options": [
            "A. A clean glass jar with a lid and a spoon.",
            "B. A dirty metal can with two cartoonish, colorful worm-like characters on top.",
            "C. A plastic container with a green lid and a knife.",
            "D. A ceramic bowl with fruits and a napkin."
        ],
        "answer": "B",
        "qa_level": "frame",
        "qa_type": "mcqa",
        "old_answer": "B"
    },
    {
        "qa_idx": 10,
        "qa_type": "qa",
        "qa_level": "long_term",
        "qa_task": "character-understanding",
        "question": "Do the animated characters in the video interact with their environment in various outdoor and indoor settings from 1.0 to 1872.0 seconds?",
        "answer": "Yes",
        "old_answer": "Yes"
    },
    {
        "qa_idx": 13,
        "qa_task": "character-understanding",
        "question": "What is the expression of the character lying down in the video frame at 255.0 seconds?",
        "options": [
            "A. Happy.",
            "B. Alarmed.",
            "C. Sad.",
            "D. Angry."
        ],
        "answer": "B",
        "qa_level": "frame",
        "qa_type": "mcqa",
        "old_answer": "B"
    },
    {
        "qa_idx": 14,
        "qa_task": "object understanding",
        "question": "What is the central object depicted in the frame at 1621.0 seconds into the video?",
        "options": [
            "A. A wooden-framed window.",
            "B. A metal door.",
            "C. A glass table.",
            "D. A bookshelf."
        ],
        "answer": "A",
        "qa_level": "frame",
        "qa_type": "mcqa",
        "old_answer": "A"
    },
    {
        "qa_idx": 16,
        "qa_task": "camera-direction",
        "question": "How does the camera movement change from the beginning to the end of the event from 191.0 to 254.0 seconds?",
        "options": [
            "A. The camera starts with a close-up of characters and transitions to wide shots of outdoor settings.",
            "B. The camera remains static throughout the event.",
            "C. The camera starts with wide shots of outdoor settings and transitions to close-ups of characters.",
            "D. The camera continuously zooms in and out without any specific pattern."
        ],
        "answer": "A",
        "qa_level": "cross_event",
        "qa_type": "mcqa",
        "old_answer": "A"
    },
    {
        "qa_idx": 17,
        "qa_task": "attribute-change",
        "question": "How does the background change from the beginning to the end of the event from 591.0 seconds to 651.0 seconds?",
        "options": [
            "A. The background changes from a whimsical drawing with decorative motifs to a scene with vegetation and cartoonish worm-like characters.",
            "B. The background remains the same throughout the event.",
            "C. The background changes from a plain textured background to a modern, clean environment.",
            "D. The background changes from a whimsical drawing to a futuristic cityscape."
        ],
        "answer": "A",
        "qa_level": "cross_event",
        "qa_type": "mcqa",
        "old_answer": "A"
    },
    {
        "qa_idx": 18,
        "qa_task": "temporal-relationship",
        "question": "What happens after the scene featuring a slug-like creature lying on the ground amidst heavy rainfall?",
        "options": [
            "A. The scene shifts to depict a slug-like character reacting with urgency.",
            "B. The scene transitions to a bustling nighttime cityscape with illuminated skyscrapers.",
            "C. The scene shows a parrot among lush vegetation.",
            "D. The scene captures a whimsical animated environment with anthropomorphic characters."
        ],
        "answer": "A",
        "qa_level": "long_term",
        "qa_type": "mcqa",
        "old_answer": "A"
    },
    {
        "qa_idx": 19,
        "qa_task": "spatial-relationship",
        "question": "Where is the yellow slug-like creature lying on the ground amidst heavy rainfall?",
        "options": [
            "A. In a dense forest-like setting.",
            "B. In a bustling nighttime cityscape.",
            "C. In a dimly lit enclosed space.",
            "D. On a wooden bridge."
        ],
        "answer": "A",
        "qa_level": "long_term",
        "qa_type": "mcqa",
        "old_answer": "A"
    },
    {
        "qa_idx": 22,
        "qa_task": "camera-direction",
        "question": "What is the camera doing when the scene transitions from the underwater interaction between worm-like characters to the bustling nighttime cityscapes?",
        "options": [
            "A. The camera is zooming in on the characters.",
            "B. The camera is panning across the scene.",
            "C. The camera is moving closer to the cityscape.",
            "D. The camera is zooming out to show the entire cityscape."
        ],
        "answer": "C",
        "qa_level": "long_term",
        "qa_type": "mcqa",
        "old_answer": "C"
    },
    {
        "qa_idx": 23,
        "qa_task": "speed",
        "question": "Which character moves with urgency in the rainy outdoor environment between 1.0 and 1872.0 seconds?",
        "options": [
            "A. The yellow fish-like creature.",
            "B. The slug-like character.",
            "C. The parrot.",
            "D. The yellow caterpillar."
        ],
        "answer": "B",
        "qa_level": "long_term",
        "qa_type": "mcqa",
        "old_answer": "B"
    },
    {
        "qa_idx": 24,
        "qa_task": "attribute-change",
        "question": "How does the environment change from the beginning to the end of the video from 1.0 to 1872.0 seconds?",
        "options": [
            "A. From a minimalistic scene to a bustling urban landscape.",
            "B. From a rainy outdoor environment to a serene indoor setting.",
            "C. From a whimsical animated scene to a dark and eerie lakeside.",
            "D. From a natural garden setting to a chaotic urban environment."
        ],
        "answer": "C",
        "qa_level": "long_term",
        "qa_type": "mcqa",
        "old_answer": "C"
    },
    {
        "qa_idx": 25,
        "qa_task": "object understanding",
        "question": "What objects are featured in the kitchen scene with animated characters?",
        "options": [
            "A. A kettle, a box, and a fruit plate.",
            "B. A teapot, a toy, and a metal can.",
            "C. A large plastic straw, a syringe, and a tin can.",
            "D. A wooden mallet, a technical drawing, and a wooden boat."
        ],
        "answer": "A",
        "qa_level": "long_term",
        "qa_type": "mcqa",
        "old_answer": "A"
    },
    {
        "qa_idx": 26,
        "qa_task": "descriptive-scene",
        "question": "Where do the animated characters interact with various objects like a blue-lidded yellow interior box, a translucent plastic bottle, a large green leaf, and reddish objects from 1.0 to 1872.0 seconds?",
        "options": [
            "A. In a bustling nighttime cityscape.",
            "B. In a natural setting with lush backdrops.",
            "C. In an underwater environment.",
            "D. In a traditional Japanese-style eatery."
        ],
        "answer": "B",
        "qa_level": "long_term",
        "qa_type": "mcqa",
        "old_answer": "B"
    }
]