[
    {
        "qa_idx": 0,
        "qa_type": "qa",
        "qa_level": "frame",
        "qa_task": "object understanding",
        "question": "Is the central character wearing a red-and-pink striped hat with a yellow emblem at 697.0 seconds into the video?",
        "answer": "Yes",
        "old_answer": "Yes"
    },
    {
        "qa_idx": 2,
        "qa_type": "qa",
        "qa_level": "within_event",
        "qa_task": "camera-direction",
        "question": "Does the camera remain stationary while capturing the children enjoying the snow from 1003.0 to 1011.0 seconds?",
        "answer": "No",
        "old_answer": "No"
    },
    {
        "qa_idx": 3,
        "qa_task": "descriptive-scene",
        "question": "What is the setting of the video frame at 625.0 seconds?",
        "options": [
            "A. A sunny beach.",
            "B. A snowy outdoor scene.",
            "C. A bustling city street.",
            "D. A cozy indoor room."
        ],
        "answer": "B",
        "qa_level": "frame",
        "qa_type": "mcqa",
        "old_answer": "B"
    },
    {
        "qa_idx": 4,
        "qa_task": "descriptive-scene",
        "question": "Where is the Dalmatian-style dog positioned in the video frame at 1017.0 seconds?",
        "options": [
            "A. In a park.",
            "B. Under a wooden table.",
            "C. On a sofa.",
            "D. In a garden."
        ],
        "answer": "B",
        "qa_level": "frame",
        "qa_type": "mcqa",
        "old_answer": "B"
    },
    {
        "qa_idx": 5,
        "qa_type": "qa",
        "qa_level": "cross_event",
        "qa_task": "character-understanding",
        "question": "In both events from 257.0 to 307.0 and 319.0 to 379.0, were human faces visible?",
        "answer": "Yes",
        "old_answer": "Yes"
    },
    {
        "qa_idx": 6,
        "qa_type": "qa",
        "qa_level": "cross_event",
        "qa_task": "object understanding",
        "question": "In the event from 1190.0 to 1259.0, is there an anthropomorphic dog playing a trumpet?",
        "answer": "Yes",
        "old_answer": "Yes"
    },
    {
        "qa_idx": 7,
        "qa_task": "attribute-change",
        "question": "How does the scene change from the beginning to the end of the event between 1262.0 seconds to 1322.0 seconds?",
        "options": [
            "A. The scene changes from an exterior setting to an interior setting.",
            "B. The scene changes from a domestic setting to a bedroom scene with a caring interaction.",
            "C. The scene changes from a bedroom scene to an outdoor park.",
            "D. The scene changes from a kitchen setting to a living room setting."
        ],
        "answer": "B",
        "qa_level": "within_event",
        "qa_type": "mcqa",
        "old_answer": "B"
    },
    {
        "qa_idx": 8,
        "qa_type": "qa",
        "qa_level": "long_term",
        "qa_task": "character-understanding",
        "question": "Is there a young girl with red hair featured in multiple scenes from 12.0 to 1866.0 seconds?",
        "answer": "Yes",
        "old_answer": "Yes"
    },
    {
        "qa_idx": 9,
        "qa_task": "attribute-change",
        "question": "How does the scene change towards the end of the video from 62.0 to 122.0 seconds?",
        "options": [
            "A. The room becomes darker and the decorations are removed.",
            "B. The festive decorations are replaced with birthday decorations.",
            "C. The video highlights a cheerful, collective holiday celebration involving family members.",
            "D. The child with ponytails leaves the room."
        ],
        "answer": "C",
        "qa_level": "within_event",
        "qa_type": "mcqa",
        "old_answer": "C"
    },
    {
        "qa_idx": 10,
        "qa_task": "attribute-change",
        "question": "How does the scene change from the beginning to the end of the video event from 1190.0 seconds to 1259.0 seconds?",
        "options": [
            "A. The scene transitions from a vibrant, animated winter outdoor setting to a cozy indoor environment.",
            "B. The scene remains consistently outdoors with no change in setting.",
            "C. The scene transitions from a summer outdoor setting to a winter indoor environment.",
            "D. The scene transitions from a dark, gloomy setting to a bright, sunny environment."
        ],
        "answer": "A",
        "qa_level": "cross_event",
        "qa_type": "mcqa",
        "old_answer": "A"
    },
    {
        "qa_idx": 11,
        "qa_task": "character-understanding",
        "question": "What is the main activity of the young girl in the video event from 133.0 to 193.0 seconds?",
        "options": [
            "A. Standing near a Christmas tree and reflecting on a memory.",
            "B. Playing with a Dalmatian dog.",
            "C. Decorating the Christmas tree.",
            "D. Cleaning up broken glass."
        ],
        "answer": "A",
        "qa_level": "cross_event",
        "qa_type": "mcqa",
        "old_answer": "A"
    },
    {
        "qa_idx": 12,
        "qa_task": "temporal-relationship",
        "question": "What happens after the scene where a young girl is seen standing near a decorated Christmas tree adorned with colorful ornaments?",
        "options": [
            "A. The scene shifts to a wintery outdoor setting where children are engaging in winter activities.",
            "B. The scene transitions to a festive indoor setting with a decorated Christmas tree and various individuals, including a girl, a woman, and a man.",
            "C. The scene captures a lively and colorful winter setting featuring a group of children, a dog, and various winter activities.",
            "D. The scene shows a young girl interacting with a calendar marked November, suggesting educational activities enriched with festive imagery."
        ],
        "answer": "A",
        "qa_level": "long_term",
        "qa_type": "mcqa",
        "old_answer": "A"
    },
    {
        "qa_idx": 13,
        "qa_task": "spatial-relationship",
        "question": "Where is the Dalmatian dog seen resting in the festive indoor setting from 12.0 to 1866.0 seconds?",
        "options": [
            "A. Near the base of the Christmas tree.",
            "B. On a couch.",
            "C. By the fireplace.",
            "D. Next to a window."
        ],
        "answer": "A",
        "qa_level": "long_term",
        "qa_type": "mcqa",
        "old_answer": "A"
    },
    {
        "qa_idx": 16,
        "qa_task": "camera-direction",
        "question": "How does the camera move in the video from 257.0 to 1716.0 seconds?",
        "options": [
            "A. The camera moves closer to the characters and objects.",
            "B. The camera moves away from the characters and objects.",
            "C. The camera remains stationary.",
            "D. The camera moves around the characters and objects."
        ],
        "answer": "A",
        "qa_level": "long_term",
        "qa_type": "mcqa",
        "old_answer": "A"
    },
    {
        "qa_idx": 17,
        "qa_task": "speed",
        "question": "Which activity is depicted as being performed faster in the video from 812.0 to 1716.0 seconds?",
        "options": [
            "A. Building a snowman.",
            "B. Ice skating.",
            "C. Decorating a Christmas tree.",
            "D. Playing ice hockey."
        ],
        "answer": "D",
        "qa_level": "long_term",
        "qa_type": "mcqa",
        "old_answer": "D"
    },
    {
        "qa_idx": 18,
        "qa_task": "attribute-change",
        "question": "How does the scene change from the beginning to the end of the video event from 12.0 to 1866.0 seconds?",
        "options": [
            "A. From a colorful scene with a young girl and a teddy bear to a festive winter scene with children and a snowman.",
            "B. From a summer beach scene to a winter indoor scene with a Christmas tree.",
            "C. From a rainy day scene to a sunny outdoor picnic.",
            "D. From a desert landscape to a snowy mountain."
        ],
        "answer": "A",
        "qa_level": "long_term",
        "qa_type": "mcqa",
        "old_answer": "A"
    },
    {
        "qa_idx": 19,
        "qa_task": "character-understanding",
        "question": "What is the young girl with red hair doing in the video from 12.0 to 1866.0 seconds?",
        "options": [
            "A. She is holding a small brown teddy bear.",
            "B. She is interacting with a decorated Christmas tree.",
            "C. She is ice skating with a Dalmatian dog.",
            "D. All of the above."
        ],
        "answer": "D",
        "qa_level": "long_term",
        "qa_type": "mcqa",
        "old_answer": "D"
    },
    {
        "qa_idx": 21,
        "qa_task": "time-order",
        "question": "In which order do the events occur in the video from 12.0 to 1866.0 seconds?",
        "options": [
            "A. The event starts with a colorful scene dominated by shades of pink, transitions into a winter scene, and ends with a whimsical and colorful moment.",
            "B. The event starts with a festive indoor setting, transitions to a winter scene with children and a dog, and ends with a whimsical and colorful moment.",
            "C. The event starts with a winter scene featuring children and a dog, transitions to a festive indoor setting, and ends with a whimsical and colorful moment.",
            "D. The event starts with a whimsical and colorful moment, transitions to a winter scene, and ends with a festive indoor setting."
        ],
        "answer": "A",
        "qa_level": "long_term",
        "qa_type": "mcqa",
        "old_answer": "A"
    },
    {
        "qa_idx": 22,
        "qa_task": "descriptive-scene",
        "question": "Where do the events from 12.0 to 1866.0 seconds predominantly take place?",
        "options": [
            "A. In a wintery outdoor setting.",
            "B. In a festive indoor setting.",
            "C. In a café or ice cream parlor.",
            "D. In a snowy urban setting."
        ],
        "answer": "B",
        "qa_level": "long_term",
        "qa_type": "mcqa",
        "old_answer": "B"
    }
]