[
    {
        "qa_idx": 0,
        "qa_type": "qa",
        "qa_level": "frame",
        "qa_task": "character-understanding",
        "question": "Is there a bear wearing a purple helmet near the van at 1840.0 seconds?",
        "answer": "Yes",
        "old_answer": "Yes"
    },
    {
        "qa_idx": 1,
        "qa_task": "character-understanding",
        "question": "What animals are standing near the snowman in the video frame at 1191.0 seconds?",
        "options": [
            "A. A dog and a cat.",
            "B. A pig and a goat.",
            "C. A rabbit and a deer.",
            "D. A horse and a cow."
        ],
        "answer": "B",
        "qa_level": "frame",
        "qa_type": "mcqa",
        "old_answer": "B"
    },
    {
        "qa_idx": 2,
        "qa_task": "object understanding",
        "question": "What is the prominent feature illuminating the scene at 763.0 seconds into the video?",
        "options": [
            "A. A glowing moon-like pumpkin with a cheerful face.",
            "B. A bright street lamp.",
            "C. A large bonfire.",
            "D. A glowing lantern."
        ],
        "answer": "A",
        "qa_level": "frame",
        "qa_type": "mcqa",
        "old_answer": "A"
    },
    {
        "qa_idx": 3,
        "qa_type": "qa",
        "qa_level": "within_event",
        "qa_task": "character-understanding",
        "question": "Was there a child dressed in a light blue shirt and jumper in the video event from 447.0 to 506.0 seconds?",
        "answer": "Yes",
        "old_answer": "Yes"
    },
    {
        "qa_idx": 5,
        "qa_task": "object understanding",
        "question": "What objects are present in the child's play area at 1178.0 seconds into the video?",
        "options": [
            "A. Books, a ball, and a tricycle.",
            "B. A computer, a desk, and a chair.",
            "C. A television, a sofa, and a coffee table.",
            "D. A guitar, a piano, and a drum set."
        ],
        "answer": "A",
        "qa_level": "frame",
        "qa_type": "mcqa",
        "old_answer": "A"
    },
    {
        "qa_idx": 6,
        "qa_type": "qa",
        "qa_level": "cross_event",
        "qa_task": "character-understanding",
        "question": "Did the bear in the garden scene interact with pumpkin plants from 382.0 to 446.0?",
        "answer": "Yes",
        "old_answer": "Yes"
    },
    {
        "qa_idx": 7,
        "qa_task": "camera-direction",
        "question": "During the video event from 1405.0 to 1460.0 seconds, does the camera move closer to the character standing on the wooden platform or does it stay stationary?",
        "options": [
            "A. The camera moves closer to the character.",
            "B. The camera stays stationary.",
            "C. The camera moves away from the character.",
            "D. The camera moves around the character."
        ],
        "answer": "A",
        "qa_level": "within_event",
        "qa_type": "mcqa",
        "old_answer": "A"
    },
    {
        "qa_idx": 8,
        "qa_task": "attribute-change",
        "question": "How does the sky change from the beginning to the end of the event from 313.0 to 374.0 seconds?",
        "options": [
            "A. The sky remains bright and sunny throughout.",
            "B. The sky turns purplish, indicating dusk.",
            "C. The sky becomes cloudy and overcast.",
            "D. The sky changes to a stormy, dark appearance."
        ],
        "answer": "B",
        "qa_level": "within_event",
        "qa_type": "mcqa",
        "old_answer": "B"
    },
    {
        "qa_idx": 9,
        "qa_type": "qa",
        "qa_level": "long_term",
        "qa_task": "character-understanding",
        "question": "Does the video feature a child holding a pink balloon at any point between 4.0 and 1900.0 seconds?",
        "answer": "Yes",
        "old_answer": "Yes"
    },
    {
        "qa_idx": 12,
        "qa_task": "camera-direction",
        "question": "How does the camera movement emphasize the details of the environment from 1534.0 seconds to 1594.0 seconds?",
        "options": [
            "A. The camera remains static, focusing on a single point.",
            "B. The camera moves forward to capture the details of the trophies and awards.",
            "C. The camera pans quickly across the room, giving a brief overview.",
            "D. The camera zooms out to show the entire room at once."
        ],
        "answer": "B",
        "qa_level": "cross_event",
        "qa_type": "mcqa",
        "old_answer": "B"
    },
    {
        "qa_idx": 13,
        "qa_task": "character-understanding",
        "question": "What are the main actions of the characters in the video from 746.0 to 810.0 seconds and H to e seconds?",
        "options": [
            "A. The characters are engaged in a whimsical outdoor gathering, viewing a glowing pumpkin, and enjoying a serene winter night scene.",
            "B. The characters are playing with toys indoors, decorating a Christmas tree, and baking cookies.",
            "C. The characters are participating in a summer beach party, building sandcastles, and swimming in the ocean.",
            "D. The characters are attending a formal dinner party, dancing, and giving speeches."
        ],
        "answer": "A",
        "qa_level": "cross_event",
        "qa_type": "mcqa",
        "old_answer": "A"
    },
    {
        "qa_idx": 14,
        "qa_task": "temporal-relationship",
        "question": "What happens after the scene with the young girl exploring among tall sunflowers in the video event from 313.0 to 374.0 seconds?",
        "options": [
            "A. The scene transitions to an outdoor area with both natural and man-made elements, featuring a bright yellow house with a wooden porch.",
            "B. The scene shows a vibrant and lively outdoor scene characterized by lush greenery and a winding dirt path.",
            "C. The scene captures a serene moment with a person crouching near the edge of the sunflower field, obscured by large leaves.",
            "D. The scene culminates with a night-time scene where the sky turns purplish, indicating dusk."
        ],
        "answer": "A",
        "qa_level": "cross_event",
        "qa_type": "mcqa",
        "old_answer": "A"
    },
    {
        "qa_idx": 15,
        "qa_task": "temporal-relationship",
        "question": "What happens after the bear is seen holding a stack of colorful books in a well-lit room with blue-patterned wallpaper?",
        "options": [
            "A. The bear moves to a kitchen area and washes dishes.",
            "B. The bear interacts with a bookcase filled with books and scattered items.",
            "C. The bear is seen in motion, possibly using a broom or mop.",
            "D. The bear is seen holding a red telephone to its ear."
        ],
        "answer": "A",
        "qa_level": "long_term",
        "qa_type": "mcqa",
        "old_answer": "A"
    },
    {
        "qa_idx": 16,
        "qa_task": "spatial-relationship",
        "question": "Where is the large bear performing an intricate balancing act?",
        "options": [
            "A. On a yellow plank and wheel apparatus.",
            "B. On a sled with metal runners.",
            "C. On a wooden porch.",
            "D. On a rustic wooden structure."
        ],
        "answer": "A",
        "qa_level": "long_term",
        "qa_type": "mcqa",
        "old_answer": "A"
    },
    {
        "qa_idx": 18,
        "qa_task": "camera-direction",
        "question": "How does the camera movement change from the beginning to the end of the video from 4.0 to 1900.0 seconds?",
        "options": [
            "A. The camera moves from indoor scenes to outdoor scenes.",
            "B. The camera moves from outdoor scenes to indoor scenes.",
            "C. The camera remains static throughout the video.",
            "D. The camera moves from close-up shots to wide-angle shots."
        ],
        "answer": "B",
        "qa_level": "long_term",
        "qa_type": "mcqa",
        "old_answer": "B"
    },
    {
        "qa_idx": 19,
        "qa_task": "speed",
        "question": "Which character is moving faster in the video from 4.0 to 1900.0 seconds?",
        "options": [
            "A. The bear performing the balancing act.",
            "B. The small rabbit-like character.",
            "C. The girl exploring the sunflower field.",
            "D. The animated characters engaging in the festive indoor celebration."
        ],
        "answer": "A",
        "qa_level": "long_term",
        "qa_type": "mcqa",
        "old_answer": "A"
    },
    {
        "qa_idx": 20,
        "qa_task": "attribute-change",
        "question": "How does the setting change from the beginning to the end of the video from 4.0 to 1900.0 seconds?",
        "options": [
            "A. From a lively animated display to a serene winter landscape.",
            "B. From a cozy indoor setting to a vibrant autumn-themed garden.",
            "C. From a festive indoor celebration to a snowy outdoor scene.",
            "D. From a rustic wooden house to a lush green forest."
        ],
        "answer": "A",
        "qa_level": "long_term",
        "qa_type": "mcqa",
        "old_answer": "A"
    },
    {
        "qa_idx": 21,
        "qa_task": "object understanding",
        "question": "What objects are featured on the table during the indoor celebration at 4.0 to 1900.0 seconds?",
        "options": [
            "A. A samovar, teacups, saucers, and wrapped presents.",
            "B. A vase, a lamp, and a book.",
            "C. A computer, a mouse, and a keyboard.",
            "D. A basket, a hat, and a scarf."
        ],
        "answer": "A",
        "qa_level": "long_term",
        "qa_type": "mcqa",
        "old_answer": "A"
    }
]