[
    {
        "qa_idx": 0,
        "qa_type": "qa",
        "qa_level": "frame",
        "qa_task": "object understanding",
        "question": "Is there a child dressed in pink descending the slide at 2221.0 seconds into the video?",
        "answer": "Yes",
        "old_answer": "Yes"
    },
    {
        "qa_idx": 1,
        "qa_task": "character-understanding",
        "question": "What is the character wearing in the video frame at 336.0 seconds?",
        "options": [
            "A. A cowboy hat.",
            "B. A sailor's hat.",
            "C. A baseball cap.",
            "D. A helmet."
        ],
        "answer": "B",
        "qa_level": "frame",
        "qa_type": "mcqa",
        "old_answer": "B"
    },
    {
        "qa_idx": 2,
        "qa_type": "qa",
        "qa_level": "frame",
        "qa_task": "character-understanding",
        "question": "Were there several characters standing around a box on the floor at 77.0 seconds into the video?",
        "answer": "Yes",
        "old_answer": "Yes"
    },
    {
        "qa_idx": 3,
        "qa_type": "qa",
        "qa_level": "within_event",
        "qa_task": "action-understanding",
        "question": "Between 65.0 and 125.0 seconds, does the pink pig character cook a meal in the kitchen?",
        "answer": "No",
        "old_answer": "No"
    },
    {
        "qa_idx": 4,
        "qa_type": "qa",
        "qa_level": "long_term",
        "qa_task": "action-understanding",
        "question": "After the pig characters finished playing in the grassy field and interacting with the zebra mail carrier, did they immediately start painting the walls of their house? (1.0 seconds to 3554.0 seconds)",
        "answer": "No",
        "old_answer": "No"
    },
    {
        "qa_idx": 5,
        "qa_task": "character-understanding",
        "question": "What action does the pink pig in blue shorts perform during the event from 936.0 to 995.0 seconds?",
        "options": [
            "A. The pink pig in blue shorts sits quietly by the water.",
            "B. The pink pig in blue shorts joyfully raises its arms.",
            "C. The pink pig in blue shorts interacts with the red cartoon crab.",
            "D. The pink pig in blue shorts plays with toys in the sand."
        ],
        "answer": "B",
        "qa_level": "within_event",
        "qa_type": "mcqa",
        "old_answer": "B"
    },
    {
        "qa_idx": 6,
        "qa_type": "qa",
        "qa_level": "long_term",
        "qa_task": "object understanding",
        "question": "Is there a yellow toy horse with red wheels present in the scenes from 1.0 to 3554.0 seconds?",
        "answer": "Yes",
        "old_answer": "Yes"
    },
    {
        "qa_idx": 7,
        "qa_task": "plot-understanding",
        "question": "What is the main theme depicted in both video events from 3380.0 to 3449.0 seconds and H to e seconds?",
        "options": [
            "A. A family of pigs engaging in various playful activities.",
            "B. A group of pigs working on a construction project.",
            "C. A single pig exploring different environments alone.",
            "D. A family of pigs preparing for a big event."
        ],
        "answer": "A",
        "qa_level": "cross_event",
        "qa_type": "mcqa",
        "old_answer": "A"
    },
    {
        "qa_idx": 8,
        "qa_task": "spatial-relationship",
        "question": "Where is the large brown package box positioned at the beginning of the event?",
        "options": [
            "A. Against a yellow wall on a purple floor.",
            "B. In a kitchen environment.",
            "C. In a children's bedroom.",
            "D. In a grassy field."
        ],
        "answer": "A",
        "qa_level": "long_term",
        "qa_type": "mcqa",
        "old_answer": "A"
    },
    {
        "qa_idx": 9,
        "qa_task": "causal",
        "question": "Why did the pig character with glasses and a beard grip the reins of a small yellow horse toy with red wheels?",
        "options": [
            "A. To play with the toy.",
            "B. To prevent it from falling.",
            "C. To clean the toy.",
            "D. To give it to another character."
        ],
        "answer": "B",
        "qa_level": "long_term",
        "qa_type": "mcqa",
        "old_answer": "B"
    },
    {
        "qa_idx": 11,
        "qa_task": "camera-direction",
        "question": "How does the camera move when the scene transitions from the outdoor grassy hill with the yellow house to the indoor kitchen environment with a steaming cup on a table?",
        "options": [
            "A. The camera zooms in on the house and then cuts to the kitchen.",
            "B. The camera pans from the house to the kitchen.",
            "C. The camera moves through the door of the house into the kitchen.",
            "D. The camera cuts directly from the outdoor scene to the indoor kitchen."
        ],
        "answer": "D",
        "qa_level": "long_term",
        "qa_type": "mcqa",
        "old_answer": "D"
    },
    {
        "qa_idx": 12,
        "qa_task": "speed",
        "question": "Which character is faster in the video from 1.0 to 3554.0 seconds, the pig riding the yellow toy horse or the pig walking?",
        "options": [
            "A. The pig riding the yellow toy horse.",
            "B. The pig walking.",
            "C. Both are at the same speed.",
            "D. None of the above."
        ],
        "answer": "A",
        "qa_level": "long_term",
        "qa_type": "mcqa",
        "old_answer": "A"
    },
    {
        "qa_idx": 13,
        "qa_task": "attribute-change",
        "question": "How does the setting change from the beginning to the end of the video event from 1.0 to 3554.0 seconds?",
        "options": [
            "A. From a colorful animated sequence to a snowy outdoor environment.",
            "B. From a colorful animated sequence to a beach setting.",
            "C. From a colorful animated sequence to a classroom setting.",
            "D. From a colorful animated sequence to a boating excursion."
        ],
        "answer": "B",
        "qa_level": "long_term",
        "qa_type": "mcqa",
        "old_answer": "B"
    },
    {
        "qa_idx": 15,
        "qa_task": "object understanding",
        "question": "What object is prominently featured in the scenes involving the pig characters in the indoor settings?",
        "options": [
            "A. A yellow toy horse on red wheels.",
            "B. A blue car with its hood open.",
            "C. A green rotary phone.",
            "D. A red and yellow bus."
        ],
        "answer": "A",
        "qa_level": "long_term",
        "qa_type": "mcqa",
        "old_answer": "A"
    },
    {
        "qa_idx": 16,
        "qa_task": "time-order",
        "question": "In which order do the events occur in the video from 1.0 to 3554.0 seconds?",
        "options": [
            "A. The pig family enjoys a day at the beach, then they visit an aquarium, followed by a boating excursion, and finally, they engage in winter activities.",
            "B. The pig family engages in winter activities, then they visit an aquarium, followed by a boating excursion, and finally, they enjoy a day at the beach.",
            "C. The pig family visits an aquarium, then they enjoy a day at the beach, followed by a boating excursion, and finally, they engage in winter activities.",
            "D. The pig family enjoys a day at the beach, then they engage in winter activities, followed by a boating excursion, and finally, they visit an aquarium."
        ],
        "answer": "A",
        "qa_level": "long_term",
        "qa_type": "mcqa",
        "old_answer": "A"
    },
    {
        "qa_idx": 17,
        "qa_task": "descriptive-scene",
        "question": "Where do the characters interact with a zebra in a mail carrier's uniform delivering parcels?",
        "options": [
            "A. In a cozy children's bedroom.",
            "B. In a domestic staircase area.",
            "C. In an outdoor grassy field.",
            "D. In a kitchen environment."
        ],
        "answer": "B",
        "qa_level": "long_term",
        "qa_type": "mcqa",
        "old_answer": "B"
    }
]