[
    {
        "qa_idx": 0,
        "qa_type": "qa",
        "qa_level": "frame",
        "qa_task": "character-understanding",
        "question": "Is the woman in the video frame at 837.0 seconds addressing an audience?",
        "answer": "Yes",
        "old_answer": "Yes"
    },
    {
        "qa_idx": 2,
        "qa_type": "qa",
        "qa_level": "cross_event",
        "qa_task": "character-understanding",
        "question": "Was the woman dressed professionally in both events from 995.0 to 1121.0 and 1197.0 to 1258.0?",
        "answer": "Yes",
        "old_answer": "Yes"
    },
    {
        "qa_idx": 3,
        "qa_task": "time-order",
        "question": "In which order do the events occur in the video from 1978.0 to 2002.0 seconds?",
        "options": [
            "A. A woman stands near a large projector screen displaying an image of a lemur or a monkey eating a piece of celery with the word 'Questions?' at the top.",
            "B. The woman, dressed in dark and professional attire, is giving a presentation or talk.",
            "C. The room lighting is standard for indoor conditions, and a speaker is visible on the wall.",
            "D. The environment suggests a focus on wildlife education or awareness."
        ],
        "answer": "A",
        "qa_level": "within_event",
        "qa_type": "mcqa",
        "old_answer": "A"
    },
    {
        "qa_idx": 4,
        "qa_task": "attribute-change",
        "question": "How does the content of the presentation change from the beginning to the end of the event from 1389.0 seconds to 1499.0 seconds?",
        "options": [
            "A. The presentation starts with a focus on 'Carnivores - Fish Eaters' and shifts to 'Insectivores'.",
            "B. The presentation starts with a focus on 'Insectivores' and shifts to 'Carnivores - Fish Eaters'.",
            "C. The presentation maintains a consistent focus on 'Carnivores - Fish Eaters' throughout.",
            "D. The presentation maintains a consistent focus on 'Insectivores' throughout."
        ],
        "answer": "A",
        "qa_level": "cross_event",
        "qa_type": "mcqa",
        "old_answer": "A"
    },
    {
        "qa_idx": 7,
        "qa_task": "plot-understanding",
        "question": "What is the main focus of the educational presentations from 4.0 to 2002.0 seconds?",
        "options": [
            "A. The dietary needs and nutrition of various animals.",
            "B. The history of animal domestication.",
            "C. The behavioral patterns of wild animals.",
            "D. The conservation efforts for endangered species."
        ],
        "answer": "A",
        "qa_level": "long_term",
        "qa_type": "mcqa",
        "old_answer": "A"
    },
    {
        "qa_idx": 9,
        "qa_task": "camera-direction",
        "question": "How does the camera move during the presentation from 4.0 to 2002.0 seconds?",
        "options": [
            "A. The camera moves closer to the projection screen.",
            "B. The camera moves away from the projection screen.",
            "C. The camera remains stationary.",
            "D. The camera moves around the room."
        ],
        "answer": "C",
        "qa_level": "long_term",
        "qa_type": "mcqa",
        "old_answer": "C"
    },
    {
        "qa_idx": 10,
        "qa_task": "speed",
        "question": "Which topic was covered faster in the presentation, 'Zoo Animal Nutrition' or 'Diet Formulation'?",
        "options": [
            "A. Zoo Animal Nutrition.",
            "B. Diet Formulation.",
            "C. Both were covered at the same speed.",
            "D. Neither was covered."
        ],
        "answer": "A",
        "qa_level": "long_term",
        "qa_type": "mcqa",
        "old_answer": "A"
    },
    {
        "qa_idx": 11,
        "qa_task": "attribute-change",
        "question": "How does the background pattern of the presentation slides change throughout the event from 4.0 to 2002.0 seconds?",
        "options": [
            "A. From a plain background to a giraffe skin pattern.",
            "B. From a giraffe skin pattern to a plain background.",
            "C. From a zebra skin pattern to a giraffe skin pattern.",
            "D. From a plain background to a zebra skin pattern."
        ],
        "answer": "A",
        "qa_level": "long_term",
        "qa_type": "mcqa",
        "old_answer": "A"
    },
    {
        "qa_idx": 13,
        "qa_task": "object understanding",
        "question": "What kind of device is mentioned on the small table in the room where the presentation begins?",
        "options": [
            "A. StarTech device.",
            "B. Projector.",
            "C. Laptop.",
            "D. Microphone."
        ],
        "answer": "A",
        "qa_level": "long_term",
        "qa_type": "mcqa",
        "old_answer": "A"
    },
    {
        "qa_idx": 14,
        "qa_task": "descriptive-scene",
        "question": "What is the primary setting of the event described from 4.0 to 2002.0 seconds?",
        "options": [
            "A. A zoo exhibit.",
            "B. An educational seminar or lecture hall.",
            "C. A veterinary clinic.",
            "D. A wildlife reserve."
        ],
        "answer": "B",
        "qa_level": "long_term",
        "qa_type": "mcqa",
        "old_answer": "B"
    }
]