[
    {
        "qa_idx": 0,
        "qa_task": "descriptive-scene",
        "question": "Where are the animated characters situated in the video frame at 1435.0 seconds?",
        "options": [
            "A. In a classroom.",
            "B. In a playground.",
            "C. In a cozy indoor environment.",
            "D. In a park."
        ],
        "answer": "C",
        "qa_level": "frame",
        "qa_type": "mcqa",
        "old_answer": "C"
    },
    {
        "qa_idx": 1,
        "qa_type": "qa",
        "qa_level": "frame",
        "qa_task": "object understanding",
        "question": "Is the larger pig wearing a red dress at 1967.0 seconds into the video?",
        "answer": "Yes",
        "old_answer": "Yes"
    },
    {
        "qa_idx": 2,
        "qa_task": "object understanding",
        "question": "What are the distinctive features of the cartoon character's face at 1075.0 seconds into the video?",
        "options": [
            "A. A pink face, round glasses, and a beard.",
            "B. A blue face, square glasses, and a mustache.",
            "C. A green face, no glasses, and a beard.",
            "D. A yellow face, round glasses, and no beard."
        ],
        "answer": "A",
        "qa_level": "frame",
        "qa_type": "mcqa",
        "old_answer": "A"
    },
    {
        "qa_idx": 3,
        "qa_type": "qa",
        "qa_level": "within_event",
        "qa_task": "object understanding",
        "question": "Is there a globe in the child's bedroom in the video from 371.0 to 433.0 seconds?",
        "answer": "Yes",
        "old_answer": "Yes"
    },
    {
        "qa_idx": 4,
        "qa_type": "qa",
        "qa_level": "within_event",
        "qa_task": "object understanding",
        "question": "Is there a red car parked on the hill in the nighttime scene between 345.0 and 346.0 seconds?",
        "answer": "Yes",
        "old_answer": "Yes"
    },
    {
        "qa_idx": 5,
        "qa_task": "descriptive-scene",
        "question": "Where are the two animated pigs standing in the video frame at 1967.0 seconds?",
        "options": [
            "A. Outdoors in a park.",
            "B. Indoors against a purple and green background.",
            "C. In a forest.",
            "D. On a beach."
        ],
        "answer": "B",
        "qa_level": "frame",
        "qa_type": "mcqa",
        "old_answer": "B"
    },
    {
        "qa_idx": 6,
        "qa_type": "qa",
        "qa_level": "cross_event",
        "qa_task": "camera-direction",
        "question": "Does the camera remain stationary while capturing the characters celebrating with trophies from 805.0 to 865.0 seconds?",
        "answer": "No",
        "old_answer": "No"
    },
    {
        "qa_idx": 8,
        "qa_type": "qa",
        "qa_level": "cross_event",
        "qa_task": "action-understanding",
        "question": "In the event from 1946.0 to 2009.0, does the adult pig use the violin to play a lullaby for the smaller pigs?",
        "answer": "No",
        "old_answer": "No"
    },
    {
        "qa_idx": 9,
        "qa_task": "camera-direction",
        "question": "During the event sequence from 276.0 to 336.0 seconds, how does the camera transition from the introductory sequence to the scene with the white building labeled 'Teddy Playgroup'?",
        "options": [
            "A. The camera zooms out from the introductory sequence to reveal the building.",
            "B. The camera pans from left to right to show the building.",
            "C. The camera transitions with a cut from the introductory sequence to the building.",
            "D. The camera moves upward to reveal the building."
        ],
        "answer": "C",
        "qa_level": "within_event",
        "qa_type": "mcqa",
        "old_answer": "C"
    },
    {
        "qa_idx": 10,
        "qa_type": "qa",
        "qa_level": "long_term",
        "qa_task": "plot-understanding",
        "question": "Do the characters in the video engage in both underwater and terrestrial activities from 8.0 to 2189.0 seconds?",
        "answer": "Yes",
        "old_answer": "Yes"
    },
    {
        "qa_idx": 11,
        "qa_type": "qa",
        "qa_level": "long_term",
        "qa_task": "character-understanding",
        "question": "Did the characters wear pirate-themed outfits in multiple scenes from 8.0 to 2189.0 seconds?",
        "answer": "Yes",
        "old_answer": "Yes"
    },
    {
        "qa_idx": 12,
        "qa_task": "attribute-change",
        "question": "How does the setting change from the beginning to the end of the event between 606.0 seconds and 667.0 seconds?",
        "options": [
            "A. The setting changes from an indoor award ceremony to an outdoor playful interaction.",
            "B. The setting remains the same throughout the event.",
            "C. The setting changes from a dark room to a brightly lit room.",
            "D. The setting changes from a beach to a forest."
        ],
        "answer": "A",
        "qa_level": "cross_event",
        "qa_type": "mcqa",
        "old_answer": "A"
    },
    {
        "qa_idx": 13,
        "qa_task": "temporal-relationship",
        "question": "What happens after the scene with the yellow vehicle with passengers at Grampy Rabbit's Boatyard?",
        "options": [
            "A. The scene transitions to a serene countryside with green hills, trees, a yellow car with two characters, and a large blue boat with a pirate flag docked at a water body.",
            "B. The scene transitions to an underwater scene featuring a submarine's blue hull with circular portholes and marine features.",
            "C. The scene transitions to a playground structure with a railing in front of green hills and a clear blue sky.",
            "D. The scene transitions to a dockside area featuring a clear blue sky, with a chain-link fence and a crane suggesting nautical activities."
        ],
        "answer": "A",
        "qa_level": "long_term",
        "qa_type": "mcqa",
        "old_answer": "A"
    },
    {
        "qa_idx": 14,
        "qa_task": "spatial-relationship",
        "question": "Where is the yellow vehicle positioned in relation to the blue and white boat at Grampy Rabbit's Boatyard?",
        "options": [
            "A. On the right side of the frame.",
            "B. On the left side of the frame.",
            "C. In the center of the frame.",
            "D. Behind the blue and white boat."
        ],
        "answer": "B",
        "qa_level": "long_term",
        "qa_type": "mcqa",
        "old_answer": "B"
    },
    {
        "qa_idx": 15,
        "qa_task": "causal",
        "question": "Why did the characters gather near the dock and the junkyard?",
        "options": [
            "A. To inspect and maintain the metallic submarine.",
            "B. To have a picnic.",
            "C. To play musical instruments.",
            "D. To participate in a race."
        ],
        "answer": "A",
        "qa_level": "long_term",
        "qa_type": "mcqa",
        "old_answer": "A"
    },
    {
        "qa_idx": 16,
        "qa_task": "plot-understanding",
        "question": "What is the main theme of the video from 8.0 to 2189.0 seconds?",
        "options": [
            "A. A family picnic and outdoor activities.",
            "B. A pirate-themed adventure with anthropomorphic characters.",
            "C. A musical performance in a classroom setting.",
            "D. An eye examination and selection of eyeglasses."
        ],
        "answer": "B",
        "qa_level": "long_term",
        "qa_type": "mcqa",
        "old_answer": "B"
    },
    {
        "qa_idx": 17,
        "qa_task": "camera-direction",
        "question": "How does the camera move in the scene from 8.0 to 2189.0 seconds?",
        "options": [
            "A. The camera moves closer to the characters and objects.",
            "B. The camera moves away from the characters and objects.",
            "C. The camera remains stationary.",
            "D. The camera moves in a circular motion around the characters."
        ],
        "answer": "A",
        "qa_level": "long_term",
        "qa_type": "mcqa",
        "old_answer": "A"
    },
    {
        "qa_idx": 18,
        "qa_task": "speed",
        "question": "Which vehicle is faster in the video sequence from 8.0 to 2189.0 seconds?",
        "options": [
            "A. The yellow vehicle with passengers.",
            "B. The blue boat with a pirate flag.",
            "C. The orange tow truck.",
            "D. The submarine with a blue hull."
        ],
        "answer": "C",
        "qa_level": "long_term",
        "qa_type": "mcqa",
        "old_answer": "C"
    },
    {
        "qa_idx": 19,
        "qa_task": "attribute-change",
        "question": "How does the setting change from the beginning to the end of the video from 8.0 to 2189.0 seconds?",
        "options": [
            "A. From a boatyard to a music classroom.",
            "B. From a countryside to a junkyard.",
            "C. From a boatyard to a family picnic.",
            "D. From a boatyard to an optometrist's office."
        ],
        "answer": "A",
        "qa_level": "long_term",
        "qa_type": "mcqa",
        "old_answer": "A"
    },
    {
        "qa_idx": 20,
        "qa_task": "character-understanding",
        "question": "What is the character wearing who is steering the boat in the scene from 8.0 to 2189.0 seconds?",
        "options": [
            "A. A red cap with a car emblem.",
            "B. A sailor outfit with a colorful parrot.",
            "C. A purple sailor's hat with an anchor emblem.",
            "D. A pirate-themed outfit."
        ],
        "answer": "B",
        "qa_level": "long_term",
        "qa_type": "mcqa",
        "old_answer": "B"
    },
    {
        "qa_idx": 21,
        "qa_task": "object understanding",
        "question": "What objects are featured on the boat docked near the grassy area where three characters stand, one in a sailor outfit with a colorful parrot?",
        "options": [
            "A. A ladder, a bell, and a pirate flag.",
            "B. A telescope, a fishing net, and a lifebuoy.",
            "C. A cannon, a treasure chest, and a pirate hat.",
            "D. A steering wheel, a compass, and a map."
        ],
        "answer": "A",
        "qa_level": "long_term",
        "qa_type": "mcqa",
        "old_answer": "A"
    },
    {
        "qa_idx": 22,
        "qa_task": "time-order",
        "question": "In which order do the events occur in the video from 8.0 to 2189.0 seconds?",
        "options": [
            "A. The scene begins at Grampy Rabbit's Boatyard, transitions to a serene countryside, then to an underwater scene, and ends with a boat on a calm river.",
            "B. The scene begins with an underwater scene, transitions to a boat docked near a grassy area, then to a playground structure, and ends with a boat on a calm river.",
            "C. The scene begins with a playground structure, transitions to an underwater scene, then to a boat docked near a grassy area, and ends with a boat on a calm river.",
            "D. The scene begins with a boat on a calm river, transitions to a playground structure, then to an underwater scene, and ends with a boat docked near a grassy area."
        ],
        "answer": "A",
        "qa_level": "long_term",
        "qa_type": "mcqa",
        "old_answer": "A"
    }
]