[
    {
        "qa_idx": 0,
        "qa_task": "spatial-relationship",
        "question": "Where is the man seated in the frame at 918.0 seconds into the video?",
        "options": [
            "A. On the right side of the frame.",
            "B. On the left side of the frame.",
            "C. In the center of the frame.",
            "D. Behind the table."
        ],
        "answer": "B",
        "qa_level": "frame",
        "qa_type": "mcqa",
        "old_answer": "B"
    },
    {
        "qa_idx": 1,
        "qa_type": "qa",
        "qa_level": "frame",
        "qa_task": "character-understanding",
        "question": "Is the man on the left casually dressed in black at 1344.0 seconds into the video?",
        "answer": "Yes",
        "old_answer": "Yes"
    },
    {
        "qa_idx": 2,
        "qa_task": "character-understanding",
        "question": "What is the man wearing in the video frame at 1461.0 seconds?",
        "options": [
            "A. A gray suit with a black shirt.",
            "B. A floral-patterned shirt.",
            "C. A blue suit with a white shirt.",
            "D. A black suit with a red shirt."
        ],
        "answer": "A",
        "qa_level": "frame",
        "qa_type": "mcqa",
        "old_answer": "A"
    },
    {
        "qa_idx": 3,
        "qa_task": "object understanding",
        "question": "What objects are arranged around the two people standing in the foreground at 91.0 seconds into the video?",
        "options": [
            "A. Chairs and a coffee table.",
            "B. Sofas and tables.",
            "C. Desks and lamps.",
            "D. Benches and stools."
        ],
        "answer": "B",
        "qa_level": "frame",
        "qa_type": "mcqa",
        "old_answer": "B"
    },
    {
        "qa_idx": 4,
        "qa_type": "qa",
        "qa_level": "within_event",
        "qa_task": "speed",
        "question": "Did the participants in the studio move quickly during the discussions from 1043.0 to 1120.0 seconds?",
        "answer": "No",
        "old_answer": "No"
    },
    {
        "qa_idx": 5,
        "qa_task": "attribute-change",
        "question": "How does the background lighting change throughout the video event from 897.0 to 965.0 seconds?",
        "options": [
            "A. The lighting changes from vibrant to dim.",
            "B. The lighting remains consistently vibrant with hues of pink and blue.",
            "C. The lighting changes from blue to green.",
            "D. The lighting becomes darker and more subdued."
        ],
        "answer": "B",
        "qa_level": "within_event",
        "qa_type": "mcqa",
        "old_answer": "B"
    },
    {
        "qa_idx": 6,
        "qa_type": "qa",
        "qa_level": "cross_event",
        "qa_task": "camera-direction",
        "question": "Does the camera remain stationary throughout the events from 1408.0 to 1477.0 and 1479.0 to 1574.0?",
        "answer": "No",
        "old_answer": "No"
    },
    {
        "qa_idx": 7,
        "qa_type": "qa",
        "qa_level": "long_term",
        "qa_task": "action-understanding",
        "question": "Between 13.0 seconds and 2273.0 seconds, does the video show any individual removing their face shield?",
        "answer": "No",
        "old_answer": "No"
    },
    {
        "qa_idx": 8,
        "qa_task": "object-direction",
        "question": "In the event from 348.0 to 410.0 seconds, what direction does the turquoise pillow move?",
        "options": [
            "A. From the man's couch to the woman's couch.",
            "B. From the woman's couch to the man's couch.",
            "C. It remains on the man's couch.",
            "D. It is placed on the table between them."
        ],
        "answer": "C",
        "qa_level": "cross_event",
        "qa_type": "mcqa",
        "old_answer": "C"
    },
    {
        "qa_idx": 10,
        "qa_task": "speed",
        "question": "Between the time of 699.0 seconds to 896.0 seconds and the second event, which event likely involved a faster pace of activity?",
        "options": [
            "A. The first event with the discussion or interview on a television set.",
            "B. The second event with unspecified speed.",
            "C. Both events had the same pace.",
            "D. Neither event involved any noticeable speed."
        ],
        "answer": "B",
        "qa_level": "cross_event",
        "qa_type": "mcqa",
        "old_answer": "B"
    },
    {
        "qa_idx": 11,
        "qa_task": "spatial-relationship",
        "question": "In the event from 966.0 to 1028.0 seconds, where are the three individuals seated during the talk show or discussion panel?",
        "options": [
            "A. All three individuals are seated on a sofa bed.",
            "B. Two individuals are seated on a sofa bed and one on a separate chair.",
            "C. All three individuals are seated on separate chairs.",
            "D. Two individuals are seated on separate chairs and one on a sofa bed."
        ],
        "answer": "B",
        "qa_level": "cross_event",
        "qa_type": "mcqa",
        "old_answer": "B"
    },
    {
        "qa_idx": 12,
        "qa_task": "temporal-relationship",
        "question": "What event is shown after the scene featuring a person in a bold red outfit against a bright green backdrop?",
        "options": [
            "A. A scene with three men against colorful backgrounds with 'IGUN' displayed.",
            "B. A severe flooding scene in Jakarta.",
            "C. A motivational message 'MARI BERJUANG LAGI DI TAHUN 2021'.",
            "D. A bustling street scene in Bogor, Jawa Barat."
        ],
        "answer": "A",
        "qa_level": "long_term",
        "qa_type": "mcqa",
        "old_answer": "A"
    },
    {
        "qa_idx": 14,
        "qa_task": "time-order",
        "question": "In which order do the events occur in the video from 2.0 to 2273.0 seconds?",
        "options": [
            "A. A person in a red outfit stands against a green backdrop, followed by a severe flooding scene in Jakarta, then a bustling street scene in Bogor, and finally a vibrant television studio setting.",
            "B. A severe flooding scene in Jakarta, followed by a person in a red outfit stands against a green backdrop, then a bustling street scene in Bogor, and finally a vibrant television studio setting.",
            "C. A bustling street scene in Bogor, followed by a severe flooding scene in Jakarta, then a person in a red outfit stands against a green backdrop, and finally a vibrant television studio setting.",
            "D. A vibrant television studio setting, followed by a severe flooding scene in Jakarta, then a bustling street scene in Bogor, and finally a person in a red outfit stands against a green backdrop."
        ],
        "answer": "A",
        "qa_level": "long_term",
        "qa_type": "mcqa",
        "old_answer": "A"
    },
    {
        "qa_idx": 16,
        "qa_task": "object-direction",
        "question": "In the video event sequence from 2.0 to 2273.0 seconds, which direction did the man in a grey suit and black turtleneck walk towards before exiting the scene relative to the camera?",
        "options": [
            "A. Left.",
            "B. Right.",
            "C. Up.",
            "D. Down."
        ],
        "answer": "A",
        "qa_level": "long_term",
        "qa_type": "mcqa",
        "old_answer": "A"
    },
    {
        "qa_idx": 17,
        "qa_task": "speed",
        "question": "Which event occurs faster, the transition from the vibrant studio setting to the severe flooding scene in Jakarta or the transition from the bustling street scene in Bogor to the motivational message?",
        "options": [
            "A. The transition from the vibrant studio setting to the severe flooding scene in Jakarta.",
            "B. The transition from the bustling street scene in Bogor to the motivational message.",
            "C. Both transitions occur at the same speed.",
            "D. None of the above."
        ],
        "answer": "A",
        "qa_level": "long_term",
        "qa_type": "mcqa",
        "old_answer": "A"
    },
    {
        "qa_idx": 18,
        "qa_task": "attribute-change",
        "question": "How does the background change from the beginning to the end of the video event sequence from 2.0 to 2273.0 seconds?",
        "options": [
            "A. From a bright green backdrop to a vibrant studio setting with colorful lighting.",
            "B. From a severe flooding scene to a bustling street scene in Bogor.",
            "C. From a motivational message to a studio setting with several individuals.",
            "D. From a public protest scene to a talk show studio with vibrant lighting."
        ],
        "answer": "A",
        "qa_level": "long_term",
        "qa_type": "mcqa",
        "old_answer": "A"
    },
    {
        "qa_idx": 19,
        "qa_task": "object understanding",
        "question": "What kind of decorative elements are present in the studio setting from 181.0 seconds to 2273.0 seconds?",
        "options": [
            "A. Small tables with objects and bookshelves with items like a small llama figure.",
            "B. Light-colored sofas adorned with turquoise throw pillows.",
            "C. Bright yellow chairs and a large screen displaying visual content.",
            "D. All of the above."
        ],
        "answer": "D",
        "qa_level": "long_term",
        "qa_type": "mcqa",
        "old_answer": "D"
    }
]