[
    {
        "qa_idx": 0,
        "qa_type": "qa",
        "qa_level": "frame",
        "qa_task": "object understanding",
        "question": "Is one of the smaller pig characters holding a green toy dinosaur at 1498.0 seconds into the video?",
        "answer": "Yes",
        "old_answer": "Yes"
    },
    {
        "qa_idx": 1,
        "qa_task": "spatial-relationship",
        "question": "Where are the names of the 'animation team leaders' positioned in the frame at 2844.0 seconds?",
        "options": [
            "A. At the bottom of the frame.",
            "B. In the middle of the frame.",
            "C. At the top of the frame.",
            "D. On the left side of the frame."
        ],
        "answer": "C",
        "qa_level": "frame",
        "qa_type": "mcqa",
        "old_answer": "C"
    },
    {
        "qa_idx": 2,
        "qa_type": "qa",
        "qa_level": "cross_event",
        "qa_task": "camera-direction",
        "question": "In the event from 1344.0 to 1415.0, does the camera alternate between inside and outside views of the airplane?",
        "answer": "Yes",
        "old_answer": "Yes"
    },
    {
        "qa_idx": 3,
        "qa_task": "speed",
        "question": "From 669.0 to 740.0 seconds, which activity are the children engaged in more quickly?",
        "options": [
            "A. Crafting activity.",
            "B. Playing with toys.",
            "C. Reading books.",
            "D. Watching a video."
        ],
        "answer": "A",
        "qa_level": "within_event",
        "qa_type": "mcqa",
        "old_answer": "A"
    },
    {
        "qa_idx": 5,
        "qa_task": "object understanding",
        "question": "What is on top of the black taxi in the video event from 1220.0 to 1287.0 seconds?",
        "options": [
            "A. A large red suitcase.",
            "B. A bicycle.",
            "C. A surfboard.",
            "D. A small green bag."
        ],
        "answer": "A",
        "qa_level": "within_event",
        "qa_type": "mcqa",
        "old_answer": "A"
    },
    {
        "qa_idx": 6,
        "qa_task": "spatial-relationship",
        "question": "Where are the characters gathered around a blue table?",
        "options": [
            "A. In a kitchen.",
            "B. In a classroom.",
            "C. In a playroom.",
            "D. In a garden."
        ],
        "answer": "A",
        "qa_level": "long_term",
        "qa_type": "mcqa",
        "old_answer": "A"
    },
    {
        "qa_idx": 7,
        "qa_task": "plot-understanding",
        "question": "What is the main theme of the video from 3.0 to 3771.0 seconds?",
        "options": [
            "A. A family preparing for a journey.",
            "B. A community parade and celebration.",
            "C. A classroom learning environment.",
            "D. A boating and picnic outing."
        ],
        "answer": "B",
        "qa_level": "long_term",
        "qa_type": "mcqa",
        "old_answer": "B"
    },
    {
        "qa_idx": 8,
        "qa_task": "object-direction",
        "question": "In the video event from 3.0 to 3771.0 seconds, which direction is the blue car moving?",
        "options": [
            "A. Ascending the hill.",
            "B. Descending the hill.",
            "C. Moving horizontally.",
            "D. Stationary."
        ],
        "answer": "A",
        "qa_level": "long_term",
        "qa_type": "mcqa",
        "old_answer": "A"
    },
    {
        "qa_idx": 9,
        "qa_task": "camera-direction",
        "question": "In the video event from 3.0 to 3771.0 seconds, what direction does the camera move when focusing on the blue car ascending the hill?",
        "options": [
            "A. The camera moves closer to the blue car.",
            "B. The camera moves away from the blue car.",
            "C. The camera remains stationary.",
            "D. The camera moves to the side of the blue car."
        ],
        "answer": "A",
        "qa_level": "long_term",
        "qa_type": "mcqa",
        "old_answer": "A"
    },
    {
        "qa_idx": 10,
        "qa_task": "speed",
        "question": "Which vehicle is faster in the video events from 3.0 to 3771.0 seconds, the blue car or the black taxi?",
        "options": [
            "A. The blue car.",
            "B. The black taxi.",
            "C. Both are at the same speed.",
            "D. None of the above."
        ],
        "answer": "A",
        "qa_level": "long_term",
        "qa_type": "mcqa",
        "old_answer": "A"
    },
    {
        "qa_idx": 11,
        "qa_task": "attribute-change",
        "question": "How does the setting change from the beginning to the end of the video event from 3.0 to 3771.0 seconds?",
        "options": [
            "A. From a cheerful indoor setting to a vibrant outdoor parade.",
            "B. From a tranquil outdoor setting to a lively classroom environment.",
            "C. From a serene lakeside scene to a bustling airport terminal.",
            "D. From a playful classroom to a serene lakeside scene."
        ],
        "answer": "A",
        "qa_level": "long_term",
        "qa_type": "mcqa",
        "old_answer": "A"
    }
]