[
    {
        "qa_idx": 0,
        "qa_type": "qa",
        "qa_level": "frame",
        "qa_task": "object understanding",
        "question": "Are there two trees positioned closely to each other in the frame at the 2103.0 second mark of the video?",
        "answer": "Yes",
        "old_answer": "Yes"
    },
    {
        "qa_idx": 1,
        "qa_task": "character-understanding",
        "question": "What are the animated characters doing at 1881.0 seconds into the video?",
        "options": [
            "A. The characters are playing in the snow.",
            "B. The characters are building a snowman.",
            "C. The characters are enjoying ice cream.",
            "D. The characters are having a snowball fight."
        ],
        "answer": "C",
        "qa_level": "frame",
        "qa_type": "mcqa",
        "old_answer": "C"
    },
    {
        "qa_idx": 2,
        "qa_task": "character-understanding",
        "question": "What is the primary character wearing in the video frame at 1031.0 seconds?",
        "options": [
            "A. A red hat, scarf, and coat.",
            "B. A blue hat, scarf, and coat.",
            "C. A green hat, scarf, and coat.",
            "D. A yellow hat, scarf, and coat."
        ],
        "answer": "C",
        "qa_level": "frame",
        "qa_type": "mcqa",
        "old_answer": "C"
    },
    {
        "qa_idx": 3,
        "qa_type": "qa",
        "qa_level": "within_event",
        "qa_task": "plot-understanding",
        "question": "Are the characters in the video depicted as animated toys engaged in an ice-skating activity from 1430.0 to 1490.0 seconds?",
        "answer": "Yes",
        "old_answer": "Yes"
    },
    {
        "qa_idx": 4,
        "qa_task": "character-understanding",
        "question": "What is the facial expression of the pigs in the video frame at 2230.0 seconds?",
        "options": [
            "A. Happy.",
            "B. Sad.",
            "C. Neutral.",
            "D. Angry."
        ],
        "answer": "C",
        "qa_level": "frame",
        "qa_type": "mcqa",
        "old_answer": "C"
    },
    {
        "qa_idx": 5,
        "qa_type": "qa",
        "qa_level": "within_event",
        "qa_task": "character-understanding",
        "question": "Was the adult pig wearing glasses while driving the vehicle between 2619.0 and 2684.0 seconds?",
        "answer": "Yes",
        "old_answer": "Yes"
    },
    {
        "qa_idx": 6,
        "qa_type": "qa",
        "qa_level": "cross_event",
        "qa_task": "plot-understanding",
        "question": "Do both video events from 150.0 to 195.0 and 242.0 to 315.0 depict a cheerful and colorful environment involving pig characters?",
        "answer": "Yes",
        "old_answer": "Yes"
    },
    {
        "qa_idx": 7,
        "qa_task": "descriptive-scene",
        "question": "Where does the event primarily take place from 1781.0 to 1849.0 seconds?",
        "options": [
            "A. In a kitchen.",
            "B. In a construction site.",
            "C. Inside and around a blue bus.",
            "D. In a garden."
        ],
        "answer": "C",
        "qa_level": "within_event",
        "qa_type": "mcqa",
        "old_answer": "C"
    },
    {
        "qa_idx": 8,
        "qa_task": "character-understanding",
        "question": "What are the main actions of the anthropomorphic pig characters in the video events from 1717.0 to 1777.0 seconds?",
        "options": [
            "A. Descending a staircase, holding colorful pillows, and interacting with a construction vehicle.",
            "B. Cooking in the kitchen, playing outside, and reading a book.",
            "C. Shopping at a market, driving a car, and painting a picture.",
            "D. Swimming in a pool, riding bicycles, and having a picnic."
        ],
        "answer": "A",
        "qa_level": "cross_event",
        "qa_type": "mcqa",
        "old_answer": "A"
    },
    {
        "qa_idx": 9,
        "qa_task": "temporal-relationship",
        "question": "What were the anthropomorphic pig characters doing before they gathered around the table set for a celebration in the kitchen?",
        "options": [
            "A. They were interacting warmly in a cozy bedroom.",
            "B. They were playing outside near a yellow house.",
            "C. They were ice-skating in a rink.",
            "D. They were driving in a red convertible car."
        ],
        "answer": "A",
        "qa_level": "long_term",
        "qa_type": "mcqa",
        "old_answer": "A"
    },
    {
        "qa_idx": 10,
        "qa_task": "spatial-relationship",
        "question": "Where is the purple couch located in the video?",
        "options": [
            "A. In the bedroom with pink walls.",
            "B. In the kitchen with green walls.",
            "C. In the room with green walls and framed artwork.",
            "D. In the hallway with a coat rack."
        ],
        "answer": "C",
        "qa_level": "long_term",
        "qa_type": "mcqa",
        "old_answer": "C"
    },
    {
        "qa_idx": 11,
        "qa_task": "causal",
        "question": "Why are the anthropomorphic pig characters gathered around a table with a chocolate cake with candles in the kitchen at 3.0 to 2868.0 seconds?",
        "options": [
            "A. They are celebrating Mummy Pig's Birthday.",
            "B. They are having a regular family dinner.",
            "C. They are preparing for a picnic.",
            "D. They are playing a game."
        ],
        "answer": "A",
        "qa_level": "long_term",
        "qa_type": "mcqa",
        "old_answer": "A"
    },
    {
        "qa_idx": 13,
        "qa_task": "object-direction",
        "question": "In the video from 3.0 to 2868.0 seconds, which direction does the red car move relative to the hill?",
        "options": [
            "A. Up the hill.",
            "B. Down the hill.",
            "C. Around the hill.",
            "D. Away from the hill."
        ],
        "answer": "A",
        "qa_level": "long_term",
        "qa_type": "mcqa",
        "old_answer": "A"
    },
    {
        "qa_idx": 14,
        "qa_task": "speed",
        "question": "Which character is faster in the video from 3.0 to 2868.0 seconds, the pig character in winter attire or the pig character in the red dress?",
        "options": [
            "A. The pig character in winter attire.",
            "B. The pig character in the red dress.",
            "C. Both are at the same speed.",
            "D. None of the above."
        ],
        "answer": "B",
        "qa_level": "long_term",
        "qa_type": "mcqa",
        "old_answer": "B"
    },
    {
        "qa_idx": 15,
        "qa_task": "attribute-change",
        "question": "How does the setting change from the beginning to the end of the video from 3.0 to 2868.0 seconds?",
        "options": [
            "A. From a bright and colorful scene to a snowy winter scene.",
            "B. From a cozy bedroom to a lively kitchen.",
            "C. From an outdoor autumn scene to an indoor puppet show.",
            "D. From a winter outdoor scene to a family mealtime in the kitchen."
        ],
        "answer": "A",
        "qa_level": "long_term",
        "qa_type": "mcqa",
        "old_answer": "A"
    },
    {
        "qa_idx": 17,
        "qa_task": "descriptive-scene",
        "question": "Where does the birthday celebration for Mummy Pig take place in the video from 3.0 to 2868.0 seconds?",
        "options": [
            "A. In a cozy bedroom with pink walls.",
            "B. In a kitchen with colorful magnets on the refrigerator and green curtains.",
            "C. In a grassy area near a building with a blue and yellow wall.",
            "D. In a room with a purple couch and green walls."
        ],
        "answer": "B",
        "qa_level": "long_term",
        "qa_type": "mcqa",
        "old_answer": "B"
    }
]