[
    {
        "qa_idx": 0,
        "qa_type": "qa",
        "qa_level": "frame",
        "qa_task": "character-understanding",
        "question": "Is the person who is interacting energetically holding a small object near their mouth at 1855.0 seconds into the video?",
        "answer": "Yes",
        "old_answer": "Yes"
    },
    {
        "qa_idx": 1,
        "qa_task": "object understanding",
        "question": "What is the visual style of the frame at 404.0 seconds into the video?",
        "options": [
            "A. Colorful and vibrant.",
            "B. Sepia-toned.",
            "C. Grayscale.",
            "D. Monochrome with a blue tint."
        ],
        "answer": "C",
        "qa_level": "frame",
        "qa_type": "mcqa",
        "old_answer": "C"
    },
    {
        "qa_idx": 2,
        "qa_type": "qa",
        "qa_level": "frame",
        "qa_task": "object understanding",
        "question": "Is the object lying on the bed covered with a white cloth patterned with red heart shapes at 1802.0 seconds into the video?",
        "answer": "Yes",
        "old_answer": "Yes"
    },
    {
        "qa_idx": 3,
        "qa_type": "qa",
        "qa_level": "within_event",
        "qa_task": "action-understanding",
        "question": "During the event from 464.0 to 501.0 seconds, does the pink animated character stop playing the xylophone to paint a picture?",
        "answer": "No",
        "old_answer": "No"
    },
    {
        "qa_idx": 4,
        "qa_task": "object understanding",
        "question": "What shapes are scattered across the scene at 475.0 seconds into the video?",
        "options": [
            "A. Circular shapes in varying shades of blue and green.",
            "B. Triangular shapes in varying shades of red and yellow.",
            "C. Rectangular shapes in varying shades of pink and purple.",
            "D. Hexagonal shapes in varying shades of orange and brown."
        ],
        "answer": "C",
        "qa_level": "frame",
        "qa_type": "mcqa",
        "old_answer": "C"
    },
    {
        "qa_idx": 5,
        "qa_type": "qa",
        "qa_level": "cross_event",
        "qa_task": "camera-direction",
        "question": "In the event from 1782.0 to 1849.0, does the camera move to show a close-up of the control panel with sliders and dials?",
        "answer": "Yes",
        "old_answer": "Yes"
    },
    {
        "qa_idx": 7,
        "qa_task": "plot-understanding",
        "question": "What is the main theme depicted in the video from 1415.0 to 1453.0 seconds?",
        "options": [
            "A. A humorous interaction with a pink animated character.",
            "B. A vibrant urban setting with distinct architectural styles.",
            "C. An artistic studio environment with characters engaged in creative activities.",
            "D. A cluttered room undergoing maintenance or reorganization."
        ],
        "answer": "C",
        "qa_level": "within_event",
        "qa_type": "mcqa",
        "old_answer": "C"
    },
    {
        "qa_idx": 8,
        "qa_type": "qa",
        "qa_level": "long_term",
        "qa_task": "action-understanding",
        "question": "After the pink panther character played the xylophone, did it start painting a mural on the theater wall? (Time: 638.0 seconds to 1453.0 seconds)",
        "answer": "No",
        "old_answer": "No"
    },
    {
        "qa_idx": 9,
        "qa_task": "causal",
        "question": "Why does the event in the video from 1350.0 to 1414.0 seconds build up towards an interaction between a weary-looking man in a brown hat and dark overcoat and a pink cartoon panther dressed in a blue-green cap and coat?",
        "options": [
            "A. The interaction is meant to highlight a moment of contemplation or interaction between the characters.",
            "B. The interaction is meant to introduce a new character to the scene.",
            "C. The interaction is meant to create a humorous situation.",
            "D. The interaction is meant to showcase a conflict between the characters."
        ],
        "answer": "A",
        "qa_level": "cross_event",
        "qa_type": "mcqa",
        "old_answer": "A"
    },
    {
        "qa_idx": 10,
        "qa_task": "time-order",
        "question": "What is the correct sequence of events in the video from 1586.0 to 1651.0 seconds?",
        "options": [
            "A. The scene starts with a hallway and ends with a character painting a pink wall.",
            "B. The scene starts with a large, curved beige wall and ends with a character in mid-motion against a bright pink diagonal surface.",
            "C. The scene starts with a bathroom interior and ends with a hallway scene with a yellow door.",
            "D. The scene starts with a character interacting with a bucket of pink substance and ends with a person in motion."
        ],
        "answer": "B",
        "qa_level": "cross_event",
        "qa_type": "mcqa",
        "old_answer": "B"
    },
    {
        "qa_idx": 11,
        "qa_task": "spatial-relationship",
        "question": "In the video events from 1013.0 to 1073.0 seconds, where does the green muscular character transition to after the initial cityscape scene?",
        "options": [
            "A. A bright icy landscape.",
            "B. A dense forest.",
            "C. A sandy beach.",
            "D. A bustling marketplace."
        ],
        "answer": "A",
        "qa_level": "cross_event",
        "qa_type": "mcqa",
        "old_answer": "A"
    },
    {
        "qa_idx": 12,
        "qa_task": "spatial-relationship",
        "question": "Where is the vintage film projector located in the theater?",
        "options": [
            "A. To the left of the small figure.",
            "B. To the right of the small figure.",
            "C. In front of the small figure.",
            "D. Behind the small figure."
        ],
        "answer": "B",
        "qa_level": "long_term",
        "qa_type": "mcqa",
        "old_answer": "B"
    },
    {
        "qa_idx": 14,
        "qa_task": "camera-direction",
        "question": "At what time does the camera move closer to the pink panther character playing a colorful xylophone?",
        "options": [
            "A. 638.0 seconds.",
            "B. 644.0 seconds.",
            "C. 676.0 seconds.",
            "D. 1415.0 seconds."
        ],
        "answer": "C",
        "qa_level": "long_term",
        "qa_type": "mcqa",
        "old_answer": "C"
    },
    {
        "qa_idx": 16,
        "qa_task": "object understanding",
        "question": "What objects are prominently featured in the theater setting from 9.0 seconds to 2103.0 seconds?",
        "options": [
            "A. Red cushioned seats, vintage film projector, and ornate decorations.",
            "B. Blue cushioned seats, modern film projector, and minimalistic decorations.",
            "C. Green cushioned seats, vintage film projector, and simple decorations.",
            "D. Yellow cushioned seats, modern film projector, and elaborate decorations."
        ],
        "answer": "A",
        "qa_level": "long_term",
        "qa_type": "mcqa",
        "old_answer": "A"
    },
    {
        "qa_idx": 17,
        "qa_task": "time-order",
        "question": "In which order do the events occur in the video from 1.0 to 2103.0 seconds?",
        "options": [
            "A. The event begins with a completely black screen, transitions to an interior scene of a movie theater, and then shows a character examining posters on a sidewalk.",
            "B. The event begins with a completely black screen, transitions to an interior scene of a movie theater, and then shows a character playing a colorful xylophone.",
            "C. The event begins with a completely black screen, transitions to an interior scene of a movie theater, and then shows a character in a comic book shop.",
            "D. The event begins with a completely black screen, transitions to an interior scene of a movie theater, and then shows a character in a rustic house."
        ],
        "answer": "A",
        "qa_level": "long_term",
        "qa_type": "mcqa",
        "old_answer": "A"
    }
]