[
    {
        "qa_idx": 0,
        "qa_type": "qa",
        "qa_level": "frame",
        "qa_task": "character-understanding",
        "question": "Is there a fire-lit torch mounted on the wooden structure at 689.0 seconds into the video?",
        "answer": "Yes",
        "old_answer": "Yes"
    },
    {
        "qa_idx": 1,
        "qa_task": "spatial-relationship",
        "question": "Where is the boy positioned in the frame at 1443.0 seconds?",
        "options": [
            "A. Towards the right side of the frame.",
            "B. Towards the center of the frame.",
            "C. Towards the left side of the frame.",
            "D. In the background."
        ],
        "answer": "C",
        "qa_level": "frame",
        "qa_type": "mcqa",
        "old_answer": "C"
    },
    {
        "qa_idx": 2,
        "qa_task": "spatial-relationship",
        "question": "What is located in the upper right corner of the frame at 85.0 seconds?",
        "options": [
            "A. A large brazier or furnace.",
            "B. A small window showing a modern indoor setting.",
            "C. Elaborate ironworks including chains and barred doors.",
            "D. Dark, stone walls and gothic architecture."
        ],
        "answer": "B",
        "qa_level": "frame",
        "qa_type": "mcqa",
        "old_answer": "B"
    },
    {
        "qa_idx": 3,
        "qa_type": "qa",
        "qa_level": "within_event",
        "qa_task": "object understanding",
        "question": "Is there a glowing winged figure in the video event from 187.0 to 221.0 seconds?",
        "answer": "Yes",
        "old_answer": "Yes"
    },
    {
        "qa_idx": 4,
        "qa_type": "qa",
        "qa_level": "cross_event",
        "qa_task": "camera-direction",
        "question": "Does the camera remain stationary during the intense battle scenes from 992.0 to 1052.0 and 1097.0 to 1169.0?",
        "answer": "No",
        "old_answer": "No"
    },
    {
        "qa_idx": 5,
        "qa_type": "qa",
        "qa_level": "long_term",
        "qa_task": "object understanding",
        "question": "Is there a large ornate gate emitting a bright golden light in the background of the video at any point between 1.0 and 1788.0 seconds?",
        "answer": "Yes",
        "old_answer": "Yes"
    },
    {
        "qa_idx": 7,
        "qa_task": "attribute-change",
        "question": "How does the architectural setting change throughout the video event from 1521.0 to 1605.0 seconds?",
        "options": [
            "A. The setting remains consistently medieval.",
            "B. The setting transitions between futuristic and ancient elements.",
            "C. The setting becomes increasingly modern.",
            "D. The setting changes from a forest to a city."
        ],
        "answer": "B",
        "qa_level": "within_event",
        "qa_type": "mcqa",
        "old_answer": "B"
    },
    {
        "qa_idx": 8,
        "qa_task": "temporal-relationship",
        "question": "What happens after the character in armor runs towards the illuminated area in the mystical hallway from 126.0 to 186.0 seconds?",
        "options": [
            "A. The character engages in a combat sequence in a dark and atmospheric scene.",
            "B. The character approaches a large metal door with golden decorations.",
            "C. The character climbs a ladder leading up to a platform.",
            "D. The character leans forward with intensity against a dimly lit background."
        ],
        "answer": "D",
        "qa_level": "cross_event",
        "qa_type": "mcqa",
        "old_answer": "D"
    },
    {
        "qa_idx": 11,
        "qa_task": "camera-direction",
        "question": "How does the camera movement in the video game environment (353.0 to 433.0 seconds) compare to the camera movement in the second event (H to e seconds)?",
        "options": [
            "A. The camera in the first event moves dynamically to capture intense combat sequences, while the second event features a static camera.",
            "B. The camera in the first event remains static, focusing on the dock, while the second event features dynamic camera movements.",
            "C. Both events feature static cameras with no movement.",
            "D. Both events feature dynamic camera movements to capture the action."
        ],
        "answer": "A",
        "qa_level": "cross_event",
        "qa_type": "mcqa",
        "old_answer": "A"
    },
    {
        "qa_idx": 13,
        "qa_task": "speed",
        "question": "Which character moves faster in the video game scenes from 1.0 to 1788.0 seconds?",
        "options": [
            "A. The muscular warrior character.",
            "B. The glowing winged figure.",
            "C. The armored enemy.",
            "D. The boy in the inset."
        ],
        "answer": "B",
        "qa_level": "long_term",
        "qa_type": "mcqa",
        "old_answer": "B"
    }
]