[
    {
        "qa_idx": 0,
        "qa_type": "qa",
        "qa_level": "frame",
        "qa_task": "character-understanding",
        "question": "Are there hands holding a yellow toy car in the frame at 2373.0 seconds?",
        "answer": "Yes",
        "old_answer": "Yes"
    },
    {
        "qa_idx": 1,
        "qa_task": "character-understanding",
        "question": "What is the young boy wearing in the video frame at 225.0 seconds?",
        "options": [
            "A. A shirt and shorts.",
            "B. Swimwear.",
            "C. A jacket and jeans.",
            "D. A hat and sunglasses."
        ],
        "answer": "B",
        "qa_level": "frame",
        "qa_type": "mcqa",
        "old_answer": "B"
    },
    {
        "qa_idx": 2,
        "qa_task": "character-understanding",
        "question": "What is the young girl in the green dress doing in the video frame at 1814.0 seconds?",
        "options": [
            "A. She is playing with a toy rocket.",
            "B. She is covering her mouth.",
            "C. She is reading a book.",
            "D. She is watching television."
        ],
        "answer": "B",
        "qa_level": "frame",
        "qa_type": "mcqa",
        "old_answer": "B"
    },
    {
        "qa_idx": 3,
        "qa_task": "object understanding",
        "question": "What objects are visible in the foreground of the scene at 873.0 seconds into the video?",
        "options": [
            "A. A small water puddle with scattered rocks and a round green object resembling a boulder.",
            "B. A large tree and a wooden bench.",
            "C. A sandy beach with a surfboard and a beach ball.",
            "D. A picnic table with a basket and a blanket."
        ],
        "answer": "A",
        "qa_level": "frame",
        "qa_type": "mcqa",
        "old_answer": "A"
    },
    {
        "qa_idx": 4,
        "qa_type": "qa",
        "qa_level": "cross_event",
        "qa_task": "speed",
        "question": "Did the transition from the outdoor festive occasion to the indoor celebration happen quickly between 2020.0 to 2086.0 seconds?",
        "answer": "No",
        "old_answer": "No"
    },
    {
        "qa_idx": 5,
        "qa_type": "qa",
        "qa_level": "cross_event",
        "qa_task": "speed",
        "question": "Between 1949.0 to 2017.0 seconds and 2020.0 to 2086.0 seconds, do the children in costumes move quickly while collecting candies?",
        "answer": "No",
        "old_answer": "No"
    },
    {
        "qa_idx": 6,
        "qa_type": "qa",
        "qa_level": "long_term",
        "qa_task": "speed",
        "question": "Did the scenes involving the poolside activities and interactions from 65.0 seconds to 259.0 seconds depict a fast-paced environment?",
        "answer": "No",
        "old_answer": "No"
    },
    {
        "qa_idx": 7,
        "qa_task": "plot-understanding",
        "question": "What is the primary setting of the video event between 193.0 and 259.0 seconds?",
        "options": [
            "A. A beach.",
            "B. A swimming pool area.",
            "C. A playground.",
            "D. A park."
        ],
        "answer": "B",
        "qa_level": "within_event",
        "qa_type": "mcqa",
        "old_answer": "B"
    },
    {
        "qa_idx": 8,
        "qa_task": "camera-direction",
        "question": "Does the camera focus on the boy or the background as the scene progresses from 1071.0 to 1138.0 seconds?",
        "options": [
            "A. The camera focuses on the boy.",
            "B. The camera focuses on the background.",
            "C. The camera alternates between the boy and the background.",
            "D. The camera focuses on the adult figure."
        ],
        "answer": "A",
        "qa_level": "within_event",
        "qa_type": "mcqa",
        "old_answer": "A"
    },
    {
        "qa_idx": 9,
        "qa_task": "plot-understanding",
        "question": "What is the central theme of the events described in both video segments from 1949.0 to 2017.0 seconds and H to e seconds?",
        "options": [
            "A. A whimsical wizarding world.",
            "B. A suburban Halloween celebration.",
            "C. A magical Christmas evening.",
            "D. A summer neighborhood party."
        ],
        "answer": "B",
        "qa_level": "cross_event",
        "qa_type": "mcqa",
        "old_answer": "B"
    },
    {
        "qa_idx": 11,
        "qa_task": "character-understanding",
        "question": "What is the boy doing in the park scene from 260.0 to 333.0 seconds?",
        "options": [
            "A. The boy is holding onto a large hammock.",
            "B. The boy is interacting with the park setting.",
            "C. The boy is swimming in the pool.",
            "D. The boy is engaging with vendors at food stalls."
        ],
        "answer": "B",
        "qa_level": "cross_event",
        "qa_type": "mcqa",
        "old_answer": "B"
    },
    {
        "qa_idx": 12,
        "qa_task": "temporal-relationship",
        "question": "What happens after the scene featuring a child holding onto a large hammock made of yellow material supported by blue ropes?",
        "options": [
            "A. The scene transitions to a swimming pool scene with animated characters enjoying the water.",
            "B. The scene transitions to a lively outdoor market environment featuring individuals engaging with vendors at food stalls.",
            "C. The scene transitions to a serene park scene with lush green trees, a string of international flags, and colorful play structures.",
            "D. The scene transitions to a beach scene with children playing on the sandy beach adorned with small rocks, shells, and a starfish."
        ],
        "answer": "A",
        "qa_level": "long_term",
        "qa_type": "mcqa",
        "old_answer": "A"
    },
    {
        "qa_idx": 14,
        "qa_task": "object-direction",
        "question": "In the video event from 2.0 to 2395.0 seconds, which direction does the boy in green swimming trunks and arm floaties move towards while interacting in the pool?",
        "options": [
            "A. Towards the left.",
            "B. Towards the right.",
            "C. Towards the pool's edge.",
            "D. Towards the center of the pool."
        ],
        "answer": "C",
        "qa_level": "long_term",
        "qa_type": "mcqa",
        "old_answer": "C"
    },
    {
        "qa_idx": 15,
        "qa_task": "speed",
        "question": "Which is faster, the boy in green swimming trunks and arm floaties or the boy in colorful swim attire?",
        "options": [
            "A. The boy in green swimming trunks and arm floaties.",
            "B. The boy in colorful swim attire.",
            "C. Both are at the same speed.",
            "D. None of the above."
        ],
        "answer": "B",
        "qa_level": "long_term",
        "qa_type": "mcqa",
        "old_answer": "B"
    },
    {
        "qa_idx": 16,
        "qa_task": "attribute-change",
        "question": "How does the setting change from the beginning to the end of the video event from 2.0 to 2395.0 seconds?",
        "options": [
            "A. From a minimalist indoor scene to a vibrant outdoor market.",
            "B. From a serene beach to a lively park.",
            "C. From a domestic kitchen to a playful Halloween celebration.",
            "D. From a swimming pool area to a suburban neighborhood."
        ],
        "answer": "A",
        "qa_level": "long_term",
        "qa_type": "mcqa",
        "old_answer": "A"
    },
    {
        "qa_idx": 17,
        "qa_task": "object understanding",
        "question": "What objects are prominently featured in the poolside scenes from 2.0 to 259.0 seconds?",
        "options": [
            "A. Colorful beach ball and life ring.",
            "B. Soccer ball and goalposts.",
            "C. Books and magazines.",
            "D. Toys and games."
        ],
        "answer": "A",
        "qa_level": "long_term",
        "qa_type": "mcqa",
        "old_answer": "A"
    },
    {
        "qa_idx": 18,
        "qa_task": "time-order",
        "question": "In which order do the events occur in the video from 2.0 to 2395.0 seconds?",
        "options": [
            "A. The event kicks off with a minimalist scene, transitions to a lively outdoor poolside scene, and concludes with a vibrant and colorful outdoor scene featuring a human face and a boy.",
            "B. The event starts with a poolside scene, transitions to a serene soccer field, and ends with a whimsical scene featuring a hat and a toddler in a wizard costume.",
            "C. The event begins with a serene soccer field, transitions to a lively outdoor poolside scene, and concludes with a vibrant and colorful outdoor scene featuring a human face and a boy.",
            "D. The event starts with a whimsical scene featuring a hat and a toddler in a wizard costume, transitions to a serene soccer field, and ends with a poolside scene."
        ],
        "answer": "A",
        "qa_level": "long_term",
        "qa_type": "mcqa",
        "old_answer": "A"
    },
    {
        "qa_idx": 19,
        "qa_task": "descriptive-scene",
        "question": "Where do the majority of the events in the video take place from 2.0 to 2395.0 seconds?",
        "options": [
            "A. In a kitchen.",
            "B. At a beach.",
            "C. At an outdoor swimming pool area.",
            "D. In a park."
        ],
        "answer": "C",
        "qa_level": "long_term",
        "qa_type": "mcqa",
        "old_answer": "C"
    }
]