[
    {
        "qa_idx": 0,
        "qa_type": "qa",
        "qa_level": "frame",
        "qa_task": "character-understanding",
        "question": "Is the snake in the video frame at 757.0 seconds animated?",
        "answer": "Yes",
        "old_answer": "Yes"
    },
    {
        "qa_idx": 1,
        "qa_task": "character-understanding",
        "question": "What is the small animated character holding in its mouth at 760.0 seconds into the video?",
        "options": [
            "A. A lit firework.",
            "B. A piece of cake.",
            "C. A balloon.",
            "D. A candle."
        ],
        "answer": "A",
        "qa_level": "frame",
        "qa_type": "mcqa",
        "old_answer": "A"
    },
    {
        "qa_idx": 2,
        "qa_task": "object understanding",
        "question": "What can be seen through the wooden bars in the frame captured at 1401.0 seconds?",
        "options": [
            "A. A portion of the blue sky and two human-like hands.",
            "B. A dense forest and a bird.",
            "C. A busy street and a car.",
            "D. A mountain range and a river."
        ],
        "answer": "A",
        "qa_level": "frame",
        "qa_type": "mcqa",
        "old_answer": "A"
    },
    {
        "qa_idx": 3,
        "qa_type": "qa",
        "qa_level": "within_event",
        "qa_task": "speed",
        "question": "From 963.0 to 1039.0 seconds, does the character riding the bicycle move at a fast pace?",
        "answer": "No",
        "old_answer": "No"
    },
    {
        "qa_idx": 4,
        "qa_task": "object understanding",
        "question": "What does the whimsical animated character resemble at 632.0 seconds into the video?",
        "options": [
            "A. A blue star with facial features.",
            "B. A yellow bean with facial features.",
            "C. A red apple with facial features.",
            "D. A green leaf with facial features."
        ],
        "answer": "B",
        "qa_level": "frame",
        "qa_type": "mcqa",
        "old_answer": "B"
    },
    {
        "qa_idx": 5,
        "qa_task": "spatial-relationship",
        "question": "What is dominating the foreground of the frame at 70.0 seconds?",
        "options": [
            "A. A brightly colored caterpillar-like toy.",
            "B. A discarded item.",
            "C. A rock.",
            "D. A tree."
        ],
        "answer": "A",
        "qa_level": "frame",
        "qa_type": "mcqa",
        "old_answer": "A"
    },
    {
        "qa_idx": 6,
        "qa_task": "camera-direction",
        "question": "Does the camera move closer to the anthropomorphic banana or does it stay at a distance in the video from 452.0 to 553.0 seconds?",
        "options": [
            "A. The camera moves closer to the anthropomorphic banana.",
            "B. The camera stays at a distance from the anthropomorphic banana.",
            "C. The camera moves away from the anthropomorphic banana.",
            "D. The camera circles around the anthropomorphic banana."
        ],
        "answer": "B",
        "qa_level": "within_event",
        "qa_type": "mcqa",
        "old_answer": "B"
    },
    {
        "qa_idx": 7,
        "qa_type": "qa",
        "qa_level": "cross_event",
        "qa_task": "action-understanding",
        "question": "Between 556.0 to 617.0 seconds, does the yellow animated character interact with a pink balloon-like object?",
        "answer": "Yes",
        "old_answer": "Yes"
    },
    {
        "qa_idx": 9,
        "qa_task": "attribute-change",
        "question": "How does the environment change from the beginning to the end of the event from 191.0 seconds to 251.0 seconds?",
        "options": [
            "A. The scene transitions from a serene outdoor setting with flowers to a cluttered indoor environment with debris and whimsical characters.",
            "B. The scene remains consistently serene and outdoor-focused throughout the event.",
            "C. The scene transitions from a cluttered indoor environment to a serene outdoor setting with flowers.",
            "D. The scene remains consistently cluttered and indoor-focused throughout the event."
        ],
        "answer": "A",
        "qa_level": "cross_event",
        "qa_type": "mcqa",
        "old_answer": "A"
    },
    {
        "qa_idx": 10,
        "qa_task": "speed",
        "question": "How does the speed of the animated insect-like characters and anthropomorphic creatures in the outdoor setting (1832.0 to 1896.0 seconds) compare to the speed of the scene transition from the cozy bedroom to the dynamic room filled with candies?",
        "options": [
            "A. The animated characters move faster than the scene transition.",
            "B. The scene transition is faster than the movement of the animated characters.",
            "C. Both the animated characters and the scene transition move at the same speed.",
            "D. The speed of the animated characters and the scene transition cannot be compared."
        ],
        "answer": "A",
        "qa_level": "cross_event",
        "qa_type": "mcqa",
        "old_answer": "A"
    },
    {
        "qa_idx": 12,
        "qa_task": "attribute-change",
        "question": "How does the environment change from the beginning to the end of the video from 1.0 to 1960.0 seconds?",
        "options": [
            "A. The environment remains the same throughout the video.",
            "B. The environment transitions from a cluttered, dilapidated setting to a vibrant, naturalistic one.",
            "C. The environment changes from a naturalistic setting to a cluttered, dilapidated one.",
            "D. The environment transitions from an indoor setting to an underwater one."
        ],
        "answer": "B",
        "qa_level": "long_term",
        "qa_type": "mcqa",
        "old_answer": "B"
    }
]