[
    {
        "qa_idx": 0,
        "qa_type": "qa",
        "qa_level": "frame",
        "qa_task": "character-understanding",
        "question": "Is the pink dog in the video frame at 1596.0 seconds sitting on a slide?",
        "answer": "Yes",
        "old_answer": "Yes"
    },
    {
        "qa_idx": 1,
        "qa_type": "qa",
        "qa_level": "frame",
        "qa_task": "character-understanding",
        "question": "Is the anthropomorphic character carrying an ice cube at 1217.0 seconds into the video?",
        "answer": "Yes",
        "old_answer": "Yes"
    },
    {
        "qa_idx": 2,
        "qa_type": "qa",
        "qa_level": "within_event",
        "qa_task": "action-understanding",
        "question": "Between 1271.0 and 1284.0 seconds, does the pink animated dog cook a meal in the kitchen?",
        "answer": "No",
        "old_answer": "No"
    },
    {
        "qa_idx": 3,
        "qa_task": "object understanding",
        "question": "What objects are attached to the chain-link fence at the 301.0-second mark of the video?",
        "options": [
            "A. Colorful padlocks in various shapes and shades.",
            "B. Colorful ribbons and balloons.",
            "C. Colorful flowers and leaves.",
            "D. Colorful lights and decorations."
        ],
        "answer": "A",
        "qa_level": "frame",
        "qa_type": "mcqa",
        "old_answer": "A"
    },
    {
        "qa_idx": 4,
        "qa_type": "qa",
        "qa_level": "cross_event",
        "qa_task": "object understanding",
        "question": "Is there a picture frame on the wall in both events from 1531.0 to 1597.0 and 1599.0 to 1610.0?",
        "answer": "Yes",
        "old_answer": "Yes"
    },
    {
        "qa_idx": 5,
        "qa_task": "camera-direction",
        "question": "Does the camera move closer to the two animated characters clinging to the side of the building or does it stay at a distance throughout the video from 128.0 to 187.0 seconds?",
        "options": [
            "A. The camera moves closer to the characters.",
            "B. The camera stays at a distance.",
            "C. The camera moves away from the characters.",
            "D. The camera circles around the characters."
        ],
        "answer": "A",
        "qa_level": "within_event",
        "qa_type": "mcqa",
        "old_answer": "A"
    },
    {
        "qa_idx": 6,
        "qa_type": "qa",
        "qa_level": "long_term",
        "qa_task": "action-understanding",
        "question": "Did the characters in the video perform a synchronized dance routine in the amusement park at 1.0 seconds and the grocery store at 1000.0 seconds?",
        "answer": "No",
        "old_answer": "No"
    },
    {
        "qa_idx": 9,
        "qa_task": "temporal-relationship",
        "question": "What happened after the scene with the tall tower against a clear, purple sky featuring a prominent red sphere on its peak?",
        "options": [
            "A. The scene transitioned to a lively engagement at an amusement park entrance with a 'WELCOME' sign.",
            "B. The scene showed a small mouse with a distressed expression, partially stuck inside a bottle.",
            "C. The scene depicted a vibrant outdoor setting featuring animated anthropomorphic animals on a wooden stage.",
            "D. The scene transitioned to a cozy library adorned with wooden bookshelves filled with books."
        ],
        "answer": "A",
        "qa_level": "long_term",
        "qa_type": "mcqa",
        "old_answer": "A"
    },
    {
        "qa_idx": 11,
        "qa_task": "camera-direction",
        "question": "What does the camera do when the video transitions from the scene with the tall tower against a clear, purple sky to the scene with the animated characters in a grassy area with a large tree and an orange wall?",
        "options": [
            "A. The camera zooms in on the tall tower.",
            "B. The camera pans to the right to reveal the new scene.",
            "C. The camera moves closer to the animated characters.",
            "D. The camera zooms out to show the entire scene."
        ],
        "answer": "B",
        "qa_level": "long_term",
        "qa_type": "mcqa",
        "old_answer": "B"
    },
    {
        "qa_idx": 12,
        "qa_task": "speed",
        "question": "Which character is depicted in a high-speed animated sequence with characters intertwined and forming a ball-like shape against a dynamic purple background?",
        "options": [
            "A. A green bear wearing a military-style hat.",
            "B. A pink dog.",
            "C. A brown and white rodent.",
            "D. All three characters."
        ],
        "answer": "D",
        "qa_level": "long_term",
        "qa_type": "mcqa",
        "old_answer": "D"
    },
    {
        "qa_idx": 13,
        "qa_task": "attribute-change",
        "question": "How does the sky change from the beginning to the end of the video from 1.0 to 3065.0 seconds?",
        "options": [
            "A. The sky changes from clear purple to a gradient of light yellow to purple.",
            "B. The sky changes from clear blue to a starry night.",
            "C. The sky changes from a cloudy day to a clear sunset.",
            "D. The sky changes from a stormy night to a clear morning."
        ],
        "answer": "A",
        "qa_level": "long_term",
        "qa_type": "mcqa",
        "old_answer": "A"
    },
    {
        "qa_idx": 15,
        "qa_task": "object understanding",
        "question": "What object is the pink dog character holding while sitting on a yellow-orange sofa with a geometric pattern in a cozy room with a large window and orange curtains?",
        "options": [
            "A. A coffee mug.",
            "B. A book.",
            "C. A toy rabbit.",
            "D. A rolling pin."
        ],
        "answer": "A",
        "qa_level": "long_term",
        "qa_type": "mcqa",
        "old_answer": "A"
    },
    {
        "qa_idx": 16,
        "qa_task": "time-order",
        "question": "In which order do the events occur in the video from 1.0 to 3065.0 seconds?",
        "options": [
            "A. The video starts with a tall tower against a clear, purple sky, followed by a lively amusement park entrance, and ends with a serene park environment.",
            "B. The video starts with a small mouse stuck inside a bottle, followed by a lively kitchen scene, and ends with a crying baby on a light green pillow.",
            "C. The video starts with a vibrant outdoor setting featuring animated anthropomorphic animals on a wooden stage, followed by a cozy room with a large window and orange curtains, and ends with a crying baby in a bed with a purple blanket.",
            "D. The video starts with a brightly colored animated room with geometric shapes, followed by a scene with three anthropomorphic mice playing instruments, and ends with a large muscular dog with dark spots."
        ],
        "answer": "A",
        "qa_level": "long_term",
        "qa_type": "mcqa",
        "old_answer": "A"
    },
    {
        "qa_idx": 17,
        "qa_task": "descriptive-scene",
        "question": "Where do the animated characters interact with objects like an elongated orange object or a broken wooden bat?",
        "options": [
            "A. In a vibrant urban park with numerous anthropomorphic characters, colorful umbrellas, trees, seating areas, and modern buildings.",
            "B. In a serene outdoor scene with a grassy area, large tree, and orange wall under a sky with scattered clouds.",
            "C. In a public square with a glass pyramid and historical buildings.",
            "D. In a cozy room with a large window and orange curtains."
        ],
        "answer": "A",
        "qa_level": "long_term",
        "qa_type": "mcqa",
        "old_answer": "A"
    }
]