[
    {
        "qa_idx": 0,
        "qa_type": "qa",
        "qa_level": "frame",
        "qa_task": "character-understanding",
        "question": "At 1354.0 seconds into the video, is the pig wearing a white hat with a pink band?",
        "answer": "Yes",
        "old_answer": "Yes"
    },
    {
        "qa_idx": 1,
        "qa_task": "descriptive-scene",
        "question": "Where is the animated character located at 84.0 seconds into the video?",
        "options": [
            "A. In a swimming pool.",
            "B. In a bathtub.",
            "C. In a lake.",
            "D. In the ocean."
        ],
        "answer": "A",
        "qa_level": "frame",
        "qa_type": "mcqa",
        "old_answer": "A"
    },
    {
        "qa_idx": 2,
        "qa_type": "qa",
        "qa_level": "frame",
        "qa_task": "object understanding",
        "question": "Is there an elderly pig holding a cane in the video frame at 2828.0 seconds?",
        "answer": "Yes",
        "old_answer": "Yes"
    },
    {
        "qa_idx": 3,
        "qa_task": "character-understanding",
        "question": "What is the larger pig character wearing in the video frame at 632.0 seconds?",
        "options": [
            "A. A red outfit.",
            "B. A blue outfit.",
            "C. A green outfit.",
            "D. A yellow outfit."
        ],
        "answer": "C",
        "qa_level": "frame",
        "qa_type": "mcqa",
        "old_answer": "C"
    },
    {
        "qa_idx": 4,
        "qa_task": "spatial-relationship",
        "question": "Where is the character who seems to be leading or presenting to the group located at 2070.0 seconds into the video?",
        "options": [
            "A. Standing around the sandcastle.",
            "B. Seated atop the sandcastle.",
            "C. Wearing a large pink hat.",
            "D. Under the single white cloud."
        ],
        "answer": "B",
        "qa_level": "frame",
        "qa_type": "mcqa",
        "old_answer": "B"
    },
    {
        "qa_idx": 5,
        "qa_type": "qa",
        "qa_level": "within_event",
        "qa_task": "character-understanding",
        "question": "Did the animated character resembling a pig have a cheerful expression from 268.0 to 326.0 seconds?",
        "answer": "Yes",
        "old_answer": "Yes"
    },
    {
        "qa_idx": 6,
        "qa_type": "qa",
        "qa_level": "cross_event",
        "qa_task": "object understanding",
        "question": "In the event from 2537.0 to 2599.0, is there a character holding a postcard depicting a lighthouse?",
        "answer": "Yes",
        "old_answer": "Yes"
    },
    {
        "qa_idx": 7,
        "qa_type": "qa",
        "qa_level": "cross_event",
        "qa_task": "speed",
        "question": "From the time of 67.0 to 133.0 seconds, do the animated pig characters in the indoor swimming pool appear to be moving at a fast pace?",
        "answer": "No",
        "old_answer": "No"
    },
    {
        "qa_idx": 8,
        "qa_task": "spatial-relationship",
        "question": "What is the background color in the frame at 1850.0 seconds?",
        "options": [
            "A. Light blue.",
            "B. Pink.",
            "C. Purple.",
            "D. Green."
        ],
        "answer": "A",
        "qa_level": "frame",
        "qa_type": "mcqa",
        "old_answer": "A"
    },
    {
        "qa_idx": 11,
        "qa_task": "object understanding",
        "question": "What is the color of the house's facade in the scene captured at 1391.0 seconds into the video?",
        "options": [
            "A. Pale yellow.",
            "B. Bright blue.",
            "C. Dark green.",
            "D. White."
        ],
        "answer": "A",
        "qa_level": "frame",
        "qa_type": "mcqa",
        "old_answer": "A"
    },
    {
        "qa_idx": 12,
        "qa_task": "character-understanding",
        "question": "What are the animated characters doing in the video frame at 2945.0 seconds?",
        "options": [
            "A. The animated characters are watering the flowers.",
            "B. The animated characters are reaching towards the flowers.",
            "C. The animated characters are picking the flowers.",
            "D. The animated characters are planting new flowers."
        ],
        "answer": "B",
        "qa_level": "frame",
        "qa_type": "mcqa",
        "old_answer": "B"
    },
    {
        "qa_idx": 13,
        "qa_task": "character-understanding",
        "question": "What is the animated character wearing in the video frame at 720.0 seconds?",
        "options": [
            "A. A blue outfit.",
            "B. A red outfit.",
            "C. A yellow outfit.",
            "D. A green outfit."
        ],
        "answer": "C",
        "qa_level": "frame",
        "qa_type": "mcqa",
        "old_answer": "C"
    },
    {
        "qa_idx": 14,
        "qa_task": "character-understanding",
        "question": "What is the cartoon character dressed as in the video frame at 1507.0 seconds?",
        "options": [
            "A. A firefighter.",
            "B. A construction worker.",
            "C. A police officer.",
            "D. A chef."
        ],
        "answer": "B",
        "qa_level": "frame",
        "qa_type": "mcqa",
        "old_answer": "B"
    },
    {
        "qa_idx": 15,
        "qa_task": "character-understanding",
        "question": "What are the anthropomorphic animals doing in the video frame at 2432.0 seconds?",
        "options": [
            "A. They are fighting.",
            "B. They are sleeping.",
            "C. They are engaged in a joyful gathering.",
            "D. They are eating."
        ],
        "answer": "C",
        "qa_level": "frame",
        "qa_type": "mcqa",
        "old_answer": "C"
    },
    {
        "qa_idx": 16,
        "qa_task": "camera-direction",
        "question": "Does the camera move from an indoor to an outdoor setting or from an outdoor to an indoor setting in the video event from 198.0 to 267.0 seconds?",
        "options": [
            "A. The camera moves from an indoor to an outdoor setting.",
            "B. The camera moves from an outdoor to an indoor setting.",
            "C. The camera stays in an indoor setting.",
            "D. The camera stays in an outdoor setting."
        ],
        "answer": "A",
        "qa_level": "within_event",
        "qa_type": "mcqa",
        "old_answer": "A"
    },
    {
        "qa_idx": 17,
        "qa_task": "speed",
        "question": "From 811.0 to 873.0 seconds, which object is depicted as moving in the beach scene?",
        "options": [
            "A. The largest pig holding an ice cream cone.",
            "B. The red car traveling on a sand dune.",
            "C. The central animated pink pig character in a red dress.",
            "D. The flowers in the grassy field."
        ],
        "answer": "B",
        "qa_level": "within_event",
        "qa_type": "mcqa",
        "old_answer": "B"
    },
    {
        "qa_idx": 18,
        "qa_task": "camera-direction",
        "question": "Does the camera move closer to the pink pig character with round glasses at the end of the event from 883.0 to 981.0 seconds?",
        "options": [
            "A. Yes, the camera moves closer to the pink pig character with round glasses.",
            "B. No, the camera moves away from the pink pig character with round glasses.",
            "C. The camera remains stationary.",
            "D. The camera moves to the side."
        ],
        "answer": "A",
        "qa_level": "within_event",
        "qa_type": "mcqa",
        "old_answer": "A"
    },
    {
        "qa_idx": 19,
        "qa_task": "character-understanding",
        "question": "What is the central character doing in the video event from 2470.0 to 2536.0 seconds?",
        "options": [
            "A. The central character is steering a ship-like structure.",
            "B. The central character is flying a plane.",
            "C. The central character is driving a car.",
            "D. The central character is riding a bicycle."
        ],
        "answer": "A",
        "qa_level": "within_event",
        "qa_type": "mcqa",
        "old_answer": "A"
    },
    {
        "qa_idx": 22,
        "qa_task": "attribute-change",
        "question": "How does the environment change from the beginning to the end of the scene from 1949.0 to 2005.0 seconds?",
        "options": [
            "A. The environment changes from a sunny boat adventure to a cheerful beach activity.",
            "B. The environment changes from a stormy sea to a calm beach.",
            "C. The environment changes from a dark night to a bright day.",
            "D. The environment changes from a forest to a desert."
        ],
        "answer": "A",
        "qa_level": "within_event",
        "qa_type": "mcqa",
        "old_answer": "A"
    },
    {
        "qa_idx": 23,
        "qa_task": "scene-understanding",
        "question": "What is the initial setting of the video event from 2675.0 to 2733.0 seconds?",
        "options": [
            "A. A bustling city street during the day.",
            "B. A nighttime maritime scene with a starry sky.",
            "C. A sunny beach with people swimming.",
            "D. A snowy mountain landscape."
        ],
        "answer": "B",
        "qa_level": "within_event",
        "qa_type": "mcqa",
        "old_answer": "B"
    },
    {
        "qa_idx": 24,
        "qa_task": "speed",
        "question": "Between the time of 1678.0 seconds to 1747.0 seconds and H seconds to e seconds, which character's speed is emphasized in the video events?",
        "options": [
            "A. The large pig in purple clothing.",
            "B. The smaller pigs in red and blue.",
            "C. The snail with a spiral shell.",
            "D. The green leafy plants."
        ],
        "answer": "C",
        "qa_level": "cross_event",
        "qa_type": "mcqa",
        "old_answer": "C"
    },
    {
        "qa_idx": 25,
        "qa_task": "attribute-change",
        "question": "How does the setting change from the beginning to the end of the video events between 2537.0 seconds to 2599.0 seconds and H seconds to e seconds?",
        "options": [
            "A. The setting changes from a brightly colored animated scene to a serene coastal setting at night.",
            "B. The setting changes from a dark and gloomy environment to a brightly lit indoor scene.",
            "C. The setting remains the same throughout the video events.",
            "D. The setting changes from an indoor medieval setting to a bustling cityscape."
        ],
        "answer": "A",
        "qa_level": "cross_event",
        "qa_type": "mcqa",
        "old_answer": "A"
    },
    {
        "qa_idx": 27,
        "qa_task": "character-understanding",
        "question": "How do the characters' emotions and reactions differ between the two scenes described from 1541.0 to 1605.0 seconds?",
        "options": [
            "A. In the first scene, the characters are mostly joyful and playful, while in the second scene, they are concerned and observing a situation.",
            "B. In the first scene, the characters are neutral and observing, while in the second scene, they are joyful and playful.",
            "C. In both scenes, the characters are joyful and playful.",
            "D. In both scenes, the characters are concerned and observing a situation."
        ],
        "answer": "A",
        "qa_level": "cross_event",
        "qa_type": "mcqa",
        "old_answer": "A"
    },
    {
        "qa_idx": 28,
        "qa_task": "speed",
        "question": "How does the speed of the characters' actions differ between the two video events from 585.0 to 645.0 seconds and H to e seconds?",
        "options": [
            "A. In the first event, the characters move slowly and joyfully, while in the second event, the speed of the characters' actions is not specified.",
            "B. In the first event, the characters move quickly and energetically, while in the second event, the speed of the characters' actions is not specified.",
            "C. In the first event, the characters move at a moderate pace, while in the second event, the speed of the characters' actions is very fast.",
            "D. In the first event, the characters move slowly and joyfully, while in the second event, the speed of the characters' actions is very slow."
        ],
        "answer": "A",
        "qa_level": "cross_event",
        "qa_type": "mcqa",
        "old_answer": "A"
    },
    {
        "qa_idx": 29,
        "qa_task": "spatial-relationship",
        "question": "Where are the colorful changing rooms located in relation to the pool?",
        "options": [
            "A. Adjacent to the pool under a red-roofed structure.",
            "B. In the middle of the pool.",
            "C. On the opposite side of the pool.",
            "D. Next to the diving board."
        ],
        "answer": "A",
        "qa_level": "long_term",
        "qa_type": "mcqa",
        "old_answer": "A"
    },
    {
        "qa_idx": 32,
        "qa_task": "camera-direction",
        "question": "In the video from 3.0 to 2998.0 seconds, what is the camera doing when the scene transitions to the swimming pool area?",
        "options": [
            "A. The camera is zooming in on the pool.",
            "B. The camera is panning across the pool.",
            "C. The camera is zooming out from the pool.",
            "D. The camera is tilting up towards the sky."
        ],
        "answer": "A",
        "qa_level": "long_term",
        "qa_type": "mcqa",
        "old_answer": "A"
    },
    {
        "qa_idx": 33,
        "qa_task": "attribute-change",
        "question": "How does the background change from the beginning to the end of the video from 3.0 to 2998.0 seconds?",
        "options": [
            "A. From a bright and playful scene to a serene nighttime maritime scene.",
            "B. From a dark and stormy scene to a bright and sunny beach scene.",
            "C. From a snowy winter scene to a vibrant spring garden scene.",
            "D. From a bustling cityscape to a quiet countryside."
        ],
        "answer": "A",
        "qa_level": "long_term",
        "qa_type": "mcqa",
        "old_answer": "A"
    },
    {
        "qa_idx": 34,
        "qa_task": "character-understanding",
        "question": "What is the larger pig wearing while holding the smaller pig in blue swim trunks and orange arm floaties in the swimming pool scene from 3.0 to 2998.0 seconds?",
        "options": [
            "A. Glasses.",
            "B. A hat.",
            "C. A red dress.",
            "D. A swimsuit."
        ],
        "answer": "A",
        "qa_level": "long_term",
        "qa_type": "mcqa",
        "old_answer": "A"
    },
    {
        "qa_idx": 35,
        "qa_task": "time-order",
        "question": "In which order do the events occur in the video from 3.0 to 2998.0 seconds?",
        "options": [
            "A. Peppa Pig and family engage in swimming activities, then transition to a countryside journey, followed by a beach outing, and finally a nautical adventure.",
            "B. Peppa Pig and family engage in a countryside journey, then transition to swimming activities, followed by a beach outing, and finally a nautical adventure.",
            "C. Peppa Pig and family engage in a beach outing, then transition to swimming activities, followed by a countryside journey, and finally a nautical adventure.",
            "D. Peppa Pig and family engage in a nautical adventure, then transition to swimming activities, followed by a countryside journey, and finally a beach outing."
        ],
        "answer": "A",
        "qa_level": "long_term",
        "qa_type": "mcqa",
        "old_answer": "A"
    },
    {
        "qa_idx": 36,
        "qa_task": "descriptive-scene",
        "question": "Where do the characters engage in playful and family-friendly activities in the video from 3.0 to 2998.0 seconds?",
        "options": [
            "A. In a swimming pool environment.",
            "B. In a garden.",
            "C. On a beach.",
            "D. On a boat."
        ],
        "answer": "A",
        "qa_level": "long_term",
        "qa_type": "mcqa",
        "old_answer": "A"
    }
]