[
    {
        "qa_idx": 0,
        "qa_task": "object understanding",
        "question": "What is the woman wearing in the video frame captured at 844.0 seconds?",
        "options": [
            "A. A red garment.",
            "B. A blue garment.",
            "C. A green garment.",
            "D. A yellow garment."
        ],
        "answer": "B",
        "qa_level": "frame",
        "qa_type": "mcqa",
        "old_answer": "B"
    },
    {
        "qa_idx": 1,
        "qa_type": "qa",
        "qa_level": "frame",
        "qa_task": "character-understanding",
        "question": "At 1580.0 seconds into the video, is the individual in the middle a woman with light-colored hair?",
        "answer": "Yes",
        "old_answer": "Yes"
    },
    {
        "qa_idx": 3,
        "qa_type": "qa",
        "qa_level": "within_event",
        "qa_task": "character-understanding",
        "question": "Was the woman seated in front of a microphone in a home environment at the beginning of the event from 717.0 to 776.0 seconds?",
        "answer": "Yes",
        "old_answer": "Yes"
    },
    {
        "qa_idx": 7,
        "qa_task": "speed",
        "question": "Between 912.0 seconds and 981.0 seconds, which scene transition occurs more quickly?",
        "options": [
            "A. The transition from 'The Daily Show with Trevor Noah' to 'Young Frankenstein, 1974'.",
            "B. The transition from 'Young Frankenstein, 1974' back to 'The Daily Show with Trevor Noah'.",
            "C. Both transitions occur at the same speed.",
            "D. None of the above."
        ],
        "answer": "A",
        "qa_level": "within_event",
        "qa_type": "mcqa",
        "old_answer": "A"
    },
    {
        "qa_idx": 8,
        "qa_task": "spatial-relationship",
        "question": "In the video event from 523.0 to 623.0 seconds, how are the participants arranged during the virtual discussion?",
        "options": [
            "A. In a single screen format with one person visible at a time.",
            "B. In a side-by-side split-screen format with three people visible.",
            "C. In a grid format with four people visible.",
            "D. In a circular format with all participants visible."
        ],
        "answer": "B",
        "qa_level": "cross_event",
        "qa_type": "mcqa",
        "old_answer": "B"
    },
    {
        "qa_idx": 9,
        "qa_task": "camera-direction",
        "question": "How does the camera movement direction change between the two video events from 1643.0 to 1707.0 seconds and H to e seconds?",
        "options": [
            "A. The camera moves from a wide shot of multiple individuals to a close-up of a woman in a green top.",
            "B. The camera moves from a close-up of a woman in a green top to a wide shot of multiple individuals.",
            "C. The camera remains stationary throughout both events.",
            "D. The camera moves from a close-up of a woman in a blue top to a wide shot of multiple individuals."
        ],
        "answer": "A",
        "qa_level": "cross_event",
        "qa_type": "mcqa",
        "old_answer": "A"
    },
    {
        "qa_idx": 10,
        "qa_task": "object understanding",
        "question": "What is the common attribute of the settings in both video events from 1894.0 to 1999.0 seconds and H to e seconds?",
        "options": [
            "A. Both settings are outdoor locations.",
            "B. Both settings are home or office environments with cozy and intimate decor.",
            "C. Both settings are in a professional studio.",
            "D. Both settings are in a public place."
        ],
        "answer": "B",
        "qa_level": "cross_event",
        "qa_type": "mcqa",
        "old_answer": "B"
    },
    {
        "qa_idx": 11,
        "qa_task": "temporal-relationship",
        "question": "What happens after the man in formal clothing speaks into the microphone in his home setting?",
        "options": [
            "A. The scene transitions to a promotional segment of 'The Daily Show with Trevor Noah' titled 'Beyond the Scenes'.",
            "B. The man continues speaking into the microphone without any transition.",
            "C. The scene shifts to a woman standing against a colorful, graffiti-style brick wall.",
            "D. The scene transitions to a black-and-white shot from the film 'Ecstasy' (1933)."
        ],
        "answer": "A",
        "qa_level": "long_term",
        "qa_type": "mcqa",
        "old_answer": "A"
    },
    {
        "qa_idx": 12,
        "qa_task": "spatial-relationship",
        "question": "What is the common background element in the scenes featuring individuals speaking into microphones?",
        "options": [
            "A. A bed with pillows.",
            "B. A graffiti-style brick wall.",
            "C. A wooden dresser with a desk lamp and houseplants.",
            "D. A white brick wall with colorful graffiti."
        ],
        "answer": "C",
        "qa_level": "long_term",
        "qa_type": "mcqa",
        "old_answer": "C"
    },
    {
        "qa_idx": 13,
        "qa_task": "causal",
        "question": "Why is the man speaking into a microphone in a cozy room setting with a bed, pillows, and a lamp, as seen from 5.0 seconds to 2255.0 seconds?",
        "options": [
            "A. He is preparing for an interview or recording for 'The Daily Show with Trevor Noah'.",
            "B. He is practicing a speech for a public event.",
            "C. He is talking to a friend over a video call.",
            "D. He is recording a podcast unrelated to 'The Daily Show with Trevor Noah'."
        ],
        "answer": "A",
        "qa_level": "long_term",
        "qa_type": "mcqa",
        "old_answer": "A"
    },
    {
        "qa_idx": 15,
        "qa_task": "camera-direction",
        "question": "In the video event from 5.0 to 2255.0 seconds, what direction does the camera move when transitioning from the man in a cozy room setting to the promotional segment of 'The Daily Show with Trevor Noah'?",
        "options": [
            "A. The camera moves closer to the man.",
            "B. The camera moves away from the man.",
            "C. The camera pans to the left.",
            "D. The camera pans to the right."
        ],
        "answer": "B",
        "qa_level": "long_term",
        "qa_type": "mcqa",
        "old_answer": "B"
    },
    {
        "qa_idx": 16,
        "qa_task": "speed",
        "question": "Which participant in 'The Daily Show with Trevor Noah' virtual discussion setup appears to be speaking the fastest?",
        "options": [
            "A. The man in the home office setting.",
            "B. The woman in the green top.",
            "C. The woman in the blue top.",
            "D. The woman in the striped shirt."
        ],
        "answer": "A",
        "qa_level": "long_term",
        "qa_type": "mcqa",
        "old_answer": "A"
    },
    {
        "qa_idx": 17,
        "qa_task": "attribute-change",
        "question": "How does the background setting change from the beginning to the end of the video event from 5.0 seconds to 2255.0 seconds?",
        "options": [
            "A. The background changes from a cozy room with a bed and pillows to a promotional banner for 'The Daily Show with Trevor Noah'.",
            "B. The background changes from a professional studio to an outdoor setting.",
            "C. The background changes from a kitchen to a living room.",
            "D. The background remains the same throughout the video."
        ],
        "answer": "A",
        "qa_level": "long_term",
        "qa_type": "mcqa",
        "old_answer": "A"
    },
    {
        "qa_idx": 20,
        "qa_task": "descriptive-scene",
        "question": "Where do the events of 'The Daily Show with Trevor Noah' primarily take place from 5.0 seconds to 2255.0 seconds?",
        "options": [
            "A. In a studio.",
            "B. In various home or personal settings.",
            "C. In an outdoor park.",
            "D. In a public library."
        ],
        "answer": "B",
        "qa_level": "long_term",
        "qa_type": "mcqa",
        "old_answer": "B"
    }
]