[
    {
        "qa_idx": 2,
        "qa_type": "qa",
        "qa_level": "within_event",
        "qa_task": "speed",
        "question": "Did the person in the red plaid shirt demonstrate the use of the tools quickly from 244.0 to 300.0 seconds?",
        "answer": "No",
        "old_answer": "No"
    },
    {
        "qa_idx": 3,
        "qa_task": "object understanding",
        "question": "What tools are prominently featured on the wall at 1167.0 seconds into the video?",
        "options": [
            "A. Hammers and screwdrivers.",
            "B. Wrenches and spanners.",
            "C. Pliers and saws.",
            "D. Drills and sanders."
        ],
        "answer": "B",
        "qa_level": "frame",
        "qa_type": "mcqa",
        "old_answer": "B"
    },
    {
        "qa_idx": 4,
        "qa_type": "qa",
        "qa_level": "cross_event",
        "qa_task": "action-understanding",
        "question": "In the event from 126.0 to 243.0, does the man in the workshop paint a wooden chair?",
        "answer": "No",
        "old_answer": "No"
    },
    {
        "qa_idx": 5,
        "qa_type": "qa",
        "qa_level": "cross_event",
        "qa_task": "action-understanding",
        "question": "In both events from 1921.0 to 1981.0 and 1991.0 to 2046.0, does the man use a yellow tool?",
        "answer": "Yes",
        "old_answer": "Yes"
    },
    {
        "qa_idx": 6,
        "qa_task": "plot-understanding",
        "question": "What is the main focus of the video event from 446.0 to 504.0 seconds?",
        "options": [
            "A. Demonstrating the use of an electric tool and a grinding machine.",
            "B. Organizing tools in a workshop.",
            "C. Repairing a broken machine.",
            "D. Painting a workshop."
        ],
        "answer": "A",
        "qa_level": "within_event",
        "qa_type": "mcqa",
        "old_answer": "A"
    },
    {
        "qa_idx": 7,
        "qa_type": "qa",
        "qa_level": "long_term",
        "qa_task": "object understanding",
        "question": "Is there a logo 'manual do mundo' visible in the workshop setting throughout the video from 14.0 to 2425.0 seconds?",
        "answer": "Yes",
        "old_answer": "Yes"
    },
    {
        "qa_idx": 8,
        "qa_type": "qa",
        "qa_level": "long_term",
        "qa_task": "speed",
        "question": "Did the man in the red plaid shirt perform his tasks quickly between 14.0 seconds and 2425.0 seconds?",
        "answer": "No",
        "old_answer": "No"
    },
    {
        "qa_idx": 9,
        "qa_task": "object-direction",
        "question": "In which direction is the person in the red plaid shirt moving while handling the orange power tool between 402.0 seconds and 419.0 seconds?",
        "options": [
            "A. Left to right.",
            "B. Right to left.",
            "C. Up and down.",
            "D. Stationary."
        ],
        "answer": "A",
        "qa_level": "within_event",
        "qa_type": "mcqa",
        "old_answer": "A"
    },
    {
        "qa_idx": 11,
        "qa_task": "temporal-relationship",
        "question": "What was the man in the red plaid shirt doing at 315.0 seconds before he was seen holding a pair of safety goggles at 2070.0 seconds?",
        "options": [
            "A. He was demonstrating the use of a yellow power tool.",
            "B. He was organizing tools inside a gray and blue carrying case.",
            "C. He was explaining the use of a caliper.",
            "D. He was holding a small circular object with multiple tiny holes."
        ],
        "answer": "B",
        "qa_level": "long_term",
        "qa_type": "mcqa",
        "old_answer": "B"
    },
    {
        "qa_idx": 12,
        "qa_task": "spatial-relationship",
        "question": "What is prominently displayed on the wall behind the man in the red plaid shirt in the workshop?",
        "options": [
            "A. A large purple sheet of paper.",
            "B. Various tools such as wrenches, pliers, and screwdrivers.",
            "C. A poster with the phrase 'manual MAKER'.",
            "D. A clean blue background with hand-drawn tools."
        ],
        "answer": "B",
        "qa_level": "long_term",
        "qa_type": "mcqa",
        "old_answer": "B"
    },
    {
        "qa_idx": 14,
        "qa_task": "camera-direction",
        "question": "At what point does the camera shift to a close-up view of the man's workspace, emphasizing his hands manipulating tools inside a gray and blue carrying case?",
        "options": [
            "A. 14.0 seconds.",
            "B. 21.0 seconds.",
            "C. 316.0 seconds.",
            "D. 371.0 seconds."
        ],
        "answer": "C",
        "qa_level": "long_term",
        "qa_type": "mcqa",
        "old_answer": "C"
    },
    {
        "qa_idx": 15,
        "qa_task": "speed",
        "question": "Which tool was used faster in the video, the blue hot glue gun or the yellow power tool?",
        "options": [
            "A. The blue hot glue gun.",
            "B. The yellow power tool.",
            "C. Both were used at the same speed.",
            "D. None of the above."
        ],
        "answer": "B",
        "qa_level": "long_term",
        "qa_type": "mcqa",
        "old_answer": "B"
    },
    {
        "qa_idx": 19,
        "qa_task": "time-order",
        "question": "In which order do the events occur in the video from 14.0 to 2425.0 seconds?",
        "options": [
            "A. (a) The man in a red plaid shirt is seen in a workshop setting. (b) The focus shifts to an organized workspace with a large purple sheet of paper. (c) The scene returns to the workshop with the man engaging in instructional activities. (d) The man is positioned behind a workbench, suggesting a moment of communication or demonstration.",
            "B. (a) The man in a red plaid shirt is seen in a workshop setting. (b) The scene returns to the workshop with the man engaging in instructional activities. (c) The focus shifts to an organized workspace with a large purple sheet of paper. (d) The man is positioned behind a workbench, suggesting a moment of communication or demonstration.",
            "C. (a) The focus shifts to an organized workspace with a large purple sheet of paper. (b) The man in a red plaid shirt is seen in a workshop setting. (c) The scene returns to the workshop with the man engaging in instructional activities. (d) The man is positioned behind a workbench, suggesting a moment of communication or demonstration.",
            "D. (a) The man in a red plaid shirt is seen in a workshop setting. (b) The man is positioned behind a workbench, suggesting a moment of communication or demonstration. (c) The focus shifts to an organized workspace with a large purple sheet of paper. (d) The scene returns to the workshop with the man engaging in instructional activities."
        ],
        "answer": "A",
        "qa_level": "long_term",
        "qa_type": "mcqa",
        "old_answer": "A"
    }
]