[
    {
        "qa_idx": 0,
        "qa_type": "qa",
        "qa_level": "frame",
        "qa_task": "object understanding",
        "question": "Is there a heavy brick wall in the background of the scene at 1618.0 seconds?",
        "answer": "Yes",
        "old_answer": "Yes"
    },
    {
        "qa_idx": 1,
        "qa_task": "spatial-relationship",
        "question": "How are the names arranged on the screen at 402.0 seconds into the video?",
        "options": [
            "A. Horizontally, at the top of the screen.",
            "B. Vertically, centered on the screen.",
            "C. Diagonally, across the screen.",
            "D. In a circular pattern."
        ],
        "answer": "B",
        "qa_level": "frame",
        "qa_type": "mcqa",
        "old_answer": "B"
    },
    {
        "qa_idx": 2,
        "qa_task": "descriptive-scene",
        "question": "Where is the person in the video frame at 1186.0 seconds?",
        "options": [
            "A. Outdoors in a garden.",
            "B. Indoors near a window.",
            "C. In a busy street.",
            "D. In a dark room."
        ],
        "answer": "B",
        "qa_level": "frame",
        "qa_type": "mcqa",
        "old_answer": "B"
    },
    {
        "qa_idx": 3,
        "qa_task": "character-understanding",
        "question": "What is the man identified as Tom doing in the video frame at 1351.0 seconds?",
        "options": [
            "A. He is sitting on the ground.",
            "B. He is extending his right hand, seemingly offering or showing something to another person.",
            "C. He is walking away from the scene.",
            "D. He is talking on the phone."
        ],
        "answer": "B",
        "qa_level": "frame",
        "qa_type": "mcqa",
        "old_answer": "B"
    },
    {
        "qa_idx": 4,
        "qa_type": "qa",
        "qa_level": "cross_event",
        "qa_task": "plot-understanding",
        "question": "Do both video events feature animated characters in technologically advanced or futuristic settings from the time of 969.0 to 999.0 and 1001.0 to 1052.0?",
        "answer": "Yes",
        "old_answer": "Yes"
    },
    {
        "qa_idx": 5,
        "qa_type": "qa",
        "qa_level": "long_term",
        "qa_task": "camera-direction",
        "question": "Does the camera capture a panoramic view of the urban skyline at the beginning of the video (1.0 seconds) and then shift to a close-up of a person in a dimly lit room (2121.0 seconds)?",
        "answer": "Yes",
        "old_answer": "Yes"
    },
    {
        "qa_idx": 7,
        "qa_task": "temporal-relationship",
        "question": "What happens after the scene with the man standing in front of a damaged double-decker bus in Central London?",
        "options": [
            "A. A tranquil scene around a flowing river with white rapids.",
            "B. A dynamic urban scene featuring a man in a dark, textured outfit in the foreground.",
            "C. A serene interaction outdoors between a man and a woman in casual clothing.",
            "D. A woman standing outdoors in a vibrant, green environment carrying a backpack."
        ],
        "answer": "B",
        "qa_level": "long_term",
        "qa_type": "mcqa",
        "old_answer": "B"
    },
    {
        "qa_idx": 8,
        "qa_task": "spatial-relationship",
        "question": "Where is the woman standing in the urban environment?",
        "options": [
            "A. In front of a damaged double-decker bus.",
            "B. Near a tall glass building.",
            "C. In an underground garage.",
            "D. In front of a modern car."
        ],
        "answer": "B",
        "qa_level": "long_term",
        "qa_type": "mcqa",
        "old_answer": "B"
    },
    {
        "qa_idx": 10,
        "qa_task": "plot-understanding",
        "question": "What is the main theme of the video from 1.0 to 2121.0 seconds?",
        "options": [
            "A. Urban life and action sequences.",
            "B. Nature and tranquility.",
            "C. Domestic and cozy settings.",
            "D. Animated and whimsical adventures."
        ],
        "answer": "A",
        "qa_level": "long_term",
        "qa_type": "mcqa",
        "old_answer": "A"
    },
    {
        "qa_idx": 11,
        "qa_task": "object-direction",
        "question": "In the video from 1.0 to 2121.0 seconds, which direction does the river flow?",
        "options": [
            "A. Vertically.",
            "B. Horizontally.",
            "C. Diagonally.",
            "D. In a circular motion."
        ],
        "answer": "B",
        "qa_level": "long_term",
        "qa_type": "mcqa",
        "old_answer": "B"
    },
    {
        "qa_idx": 12,
        "qa_task": "camera-direction",
        "question": "How does the camera movement change from the beginning to the end of the video from 1.0 to 2121.0 seconds?",
        "options": [
            "A. The camera starts with a panoramic view and then moves closer to the characters and scenes.",
            "B. The camera remains static throughout the video.",
            "C. The camera starts with close-up shots and then moves to panoramic views.",
            "D. The camera only focuses on indoor scenes."
        ],
        "answer": "A",
        "qa_level": "long_term",
        "qa_type": "mcqa",
        "old_answer": "A"
    },
    {
        "qa_idx": 13,
        "qa_task": "speed",
        "question": "Which vehicle is highlighted for its speed in the video from 1.0 to 2121.0 seconds?",
        "options": [
            "A. A modern car on a city street.",
            "B. A double-decker bus in Central London.",
            "C. A yellow racing car in a stadium.",
            "D. A kayak in an icy aquatic environment."
        ],
        "answer": "C",
        "qa_level": "long_term",
        "qa_type": "mcqa",
        "old_answer": "C"
    },
    {
        "qa_idx": 14,
        "qa_task": "attribute-change",
        "question": "How does the setting change from the beginning to the end of the video from 1.0 to 2121.0 seconds?",
        "options": [
            "A. From a bustling urban skyline to a serene indoor setting.",
            "B. From a serene river scene to a bustling urban skyline.",
            "C. From a cozy indoor setting to a vibrant outdoor adventure.",
            "D. From a vibrant outdoor adventure to a bustling urban skyline."
        ],
        "answer": "A",
        "qa_level": "long_term",
        "qa_type": "mcqa",
        "old_answer": "A"
    },
    {
        "qa_idx": 15,
        "qa_task": "character-understanding",
        "question": "What is the woman wearing while standing in an urban environment with tall buildings in the background?",
        "options": [
            "A. A dark sleeveless top and a red and black patterned dress.",
            "B. A green sweater and a Santa hat.",
            "C. A blue shirt and a dark jacket.",
            "D. A white dress and a sun hat."
        ],
        "answer": "A",
        "qa_level": "long_term",
        "qa_type": "mcqa",
        "old_answer": "A"
    },
    {
        "qa_idx": 16,
        "qa_task": "object understanding",
        "question": "What objects are featured in the cozy indoor setting with a woman lying on a couch and a dog resting?",
        "options": [
            "A. Bookshelves, a coffee table with magazines, and various pieces of decor.",
            "B. A television, a bookshelf, and a calendar.",
            "C. A dining table, chairs, and a lamp.",
            "D. A desk, a computer, and a chair."
        ],
        "answer": "A",
        "qa_level": "long_term",
        "qa_type": "mcqa",
        "old_answer": "A"
    },
    {
        "qa_idx": 17,
        "qa_task": "time-order",
        "question": "In which order do the events occur in the video from 1.0 to 2121.0 seconds?",
        "options": [
            "A. Panoramic view of urban skyline, action sequence from 'Fast & Furious Presents: Hobbs & Shaw', modern car on city street, woman in urban environment, man in front of damaged double-decker bus.",
            "B. Panoramic view of urban skyline, modern car on city street, action sequence from 'Fast & Furious Presents: Hobbs & Shaw', woman in urban environment, man in front of damaged double-decker bus.",
            "C. Panoramic view of urban skyline, woman in urban environment, action sequence from 'Fast & Furious Presents: Hobbs & Shaw', modern car on city street, man in front of damaged double-decker bus.",
            "D. Panoramic view of urban skyline, action sequence from 'Fast & Furious Presents: Hobbs & Shaw', woman in urban environment, modern car on city street, man in front of damaged double-decker bus."
        ],
        "answer": "A",
        "qa_level": "long_term",
        "qa_type": "mcqa",
        "old_answer": "A"
    },
    {
        "qa_idx": 18,
        "qa_task": "descriptive-scene",
        "question": "Where does the scene with a man standing in front of a damaged double-decker bus take place?",
        "options": [
            "A. Central London.",
            "B. New York City.",
            "C. Paris.",
            "D. Tokyo."
        ],
        "answer": "A",
        "qa_level": "long_term",
        "qa_type": "mcqa",
        "old_answer": "A"
    }
]