[
    {
        "qa_idx": 0,
        "qa_type": "qa",
        "qa_level": "frame",
        "qa_task": "object understanding",
        "question": "Is there a fluffy, light-colored animal being taken out of a pet carrier at 1252.0 seconds into the video?",
        "answer": "Yes",
        "old_answer": "Yes"
    },
    {
        "qa_idx": 1,
        "qa_task": "spatial-relationship",
        "question": "What is prominently displayed in the background at 1169.0 seconds into the video?",
        "options": [
            "A. Shelves filled with pet food and brochures about pet care.",
            "B. A large aquarium with fish.",
            "C. A counter with a cash register.",
            "D. A display of various pet toys."
        ],
        "answer": "A",
        "qa_level": "frame",
        "qa_type": "mcqa",
        "old_answer": "A"
    },
    {
        "qa_idx": 2,
        "qa_type": "qa",
        "qa_level": "frame",
        "qa_task": "character-understanding",
        "question": "Is a hand holding a medical device against the dog's abdomen at 958.0 seconds into the video?",
        "answer": "Yes",
        "old_answer": "Yes"
    },
    {
        "qa_idx": 3,
        "qa_task": "descriptive-scene",
        "question": "What is the background in the video frame at 1444.0 seconds?",
        "options": [
            "A. A busy street.",
            "B. A plain, vertical surface.",
            "C. A crowded room.",
            "D. A garden."
        ],
        "answer": "B",
        "qa_level": "frame",
        "qa_type": "mcqa",
        "old_answer": "B"
    },
    {
        "qa_idx": 4,
        "qa_type": "qa",
        "qa_level": "within_event",
        "qa_task": "character-understanding",
        "question": "Was there a person working on a computer behind the reception desk from 733.0 to 792.0 seconds?",
        "answer": "Yes",
        "old_answer": "Yes"
    },
    {
        "qa_idx": 5,
        "qa_task": "descriptive-scene",
        "question": "Where is the dog located in the video frame at 127.0 seconds?",
        "options": [
            "A. In a park.",
            "B. In a pet store.",
            "C. In a living room.",
            "D. In a veterinary clinic."
        ],
        "answer": "B",
        "qa_level": "frame",
        "qa_type": "mcqa",
        "old_answer": "B"
    },
    {
        "qa_idx": 6,
        "qa_task": "object understanding",
        "question": "What is the man holding at 771.0 seconds into the video?",
        "options": [
            "A. A small dog.",
            "B. A cat.",
            "C. A bird.",
            "D. A rabbit."
        ],
        "answer": "A",
        "qa_level": "frame",
        "qa_type": "mcqa",
        "old_answer": "A"
    },
    {
        "qa_idx": 9,
        "qa_task": "object-direction",
        "question": "In which direction is the individual holding the small dog with a protective cone moving within the veterinary clinic from 1139.0 to 1199.0 seconds?",
        "options": [
            "A. Towards the paneled wall.",
            "B. Towards the tiled flooring.",
            "C. Towards the decorated counters.",
            "D. Towards the exit."
        ],
        "answer": "A",
        "qa_level": "within_event",
        "qa_type": "mcqa",
        "old_answer": "A"
    },
    {
        "qa_idx": 10,
        "qa_task": "plot-understanding",
        "question": "What is the primary focus of the events taking place in the indoor setting from 1600.0 to 1673.0 seconds?",
        "options": [
            "A. The examination and care of pets by veterinary professionals.",
            "B. A family reunion in a spacious area.",
            "C. A medical emergency involving humans.",
            "D. A training session for veterinary students."
        ],
        "answer": "A",
        "qa_level": "cross_event",
        "qa_type": "mcqa",
        "old_answer": "A"
    },
    {
        "qa_idx": 13,
        "qa_task": "temporal-relationship",
        "question": "What happens after the scene showing a plaid-shirted individual standing beside a desk with computer monitors and medical equipment?",
        "options": [
            "A. The video transitions to a veterinary setting showing two professionals handling a pet carrier.",
            "B. The video shows a man and a woman seated next to each other in a cozy indoor environment.",
            "C. The video captures a scenic coastal landscape with a rugged cliff face.",
            "D. The video shows a man standing against a plain, light-colored background."
        ],
        "answer": "A",
        "qa_level": "long_term",
        "qa_type": "mcqa",
        "old_answer": "A"
    },
    {
        "qa_idx": 14,
        "qa_task": "spatial-relationship",
        "question": "Where is the CT scanner located in the initial clinical setting?",
        "options": [
            "A. On the left side of the desk.",
            "B. On the right side of the desk.",
            "C. In the center of the room.",
            "D. Behind the plaid-shirted individual."
        ],
        "answer": "B",
        "qa_level": "long_term",
        "qa_type": "mcqa",
        "old_answer": "B"
    },
    {
        "qa_idx": 16,
        "qa_task": "attribute-change",
        "question": "How does the setting change from the beginning to the end of the video from 10.0 to 1924.0 seconds?",
        "options": [
            "A. From a clinical environment to a veterinary clinic.",
            "B. From a veterinary clinic to a rural farm setting.",
            "C. From a veterinary clinic to a recording studio.",
            "D. From a clinical environment to a cozy indoor environment."
        ],
        "answer": "C",
        "qa_level": "long_term",
        "qa_type": "mcqa",
        "old_answer": "C"
    },
    {
        "qa_idx": 17,
        "qa_task": "object understanding",
        "question": "What medical equipment is visible in the clinical environment at the beginning of the video?",
        "options": [
            "A. MRI scanner.",
            "B. CT scanner.",
            "C. X-ray machine.",
            "D. Ultrasound machine."
        ],
        "answer": "B",
        "qa_level": "long_term",
        "qa_type": "mcqa",
        "old_answer": "B"
    },
    {
        "qa_idx": 18,
        "qa_task": "time-order",
        "question": "In which order do the events occur in the video from 10.0 to 1924.0 seconds?",
        "options": [
            "A. A plaid-shirted individual stands beside a desk with computer monitors -> A patient on a diagnostic imaging table -> Two professionals handling a pet carrier -> A close-up of hands manipulating medical syringe equipment -> A man examines a small dog while another observes -> A small furry animal receiving medical treatment.",
            "B. A plaid-shirted individual stands beside a desk with computer monitors -> A man examines a small dog while another observes -> Two professionals handling a pet carrier -> A close-up of hands manipulating medical syringe equipment -> A patient on a diagnostic imaging table -> A small furry animal receiving medical treatment.",
            "C. A patient on a diagnostic imaging table -> A plaid-shirted individual stands beside a desk with computer monitors -> Two professionals handling a pet carrier -> A close-up of hands manipulating medical syringe equipment -> A man examines a small dog while another observes -> A small furry animal receiving medical treatment.",
            "D. A plaid-shirted individual stands beside a desk with computer monitors -> A close-up of hands manipulating medical syringe equipment -> A patient on a diagnostic imaging table -> Two professionals handling a pet carrier -> A man examines a small dog while another observes -> A small furry animal receiving medical treatment."
        ],
        "answer": "A",
        "qa_level": "long_term",
        "qa_type": "mcqa",
        "old_answer": "A"
    }
]