[
    {
        "qa_idx": 2,
        "qa_type": "qa",
        "qa_level": "within_event",
        "qa_task": "plot-understanding",
        "question": "Is the man in the video likely giving a speech at a formal event between 229.0 and 233.0 seconds?",
        "answer": "Yes",
        "old_answer": "Yes"
    },
    {
        "qa_idx": 3,
        "qa_task": "object understanding",
        "question": "What types of clothing styles are seen in the frame captured at 1006.0 seconds into the video?",
        "options": [
            "A. Only formal attire.",
            "B. Only casual attire.",
            "C. A mix of casual and formal attire.",
            "D. Sportswear."
        ],
        "answer": "C",
        "qa_level": "frame",
        "qa_type": "mcqa",
        "old_answer": "C"
    },
    {
        "qa_idx": 4,
        "qa_type": "qa",
        "qa_level": "cross_event",
        "qa_task": "camera-direction",
        "question": "In the events from 1388.0 to 1433.0 and 1489.0 to 1555.0, does the camera focus on the audience at any point?",
        "answer": "Yes",
        "old_answer": "Yes"
    },
    {
        "qa_idx": 5,
        "qa_task": "scene-understanding",
        "question": "What is the initial setting of the scene from 1839.0 to 1883.0 seconds?",
        "options": [
            "A. A dense forest with wildlife.",
            "B. A lunar-like environment with two individuals in space suits.",
            "C. A bustling cityscape with skyscrapers.",
            "D. A deep underwater scene with marine life."
        ],
        "answer": "B",
        "qa_level": "within_event",
        "qa_type": "mcqa",
        "old_answer": "B"
    },
    {
        "qa_idx": 6,
        "qa_task": "speed",
        "question": "From 1241.0 to 1342.0 seconds, who is moving faster, the woman in the green blazer or the individuals seated closely together?",
        "options": [
            "A. The woman in the green blazer.",
            "B. The individuals seated closely together.",
            "C. Both are moving at the same speed.",
            "D. None of the above."
        ],
        "answer": "A",
        "qa_level": "within_event",
        "qa_type": "mcqa",
        "old_answer": "A"
    },
    {
        "qa_idx": 7,
        "qa_type": "qa",
        "qa_level": "long_term",
        "qa_task": "object understanding",
        "question": "Is there a NASA logo visible in the background of the event at 119 seconds and 1913 seconds?",
        "answer": "Yes",
        "old_answer": "Yes"
    },
    {
        "qa_idx": 12,
        "qa_task": "camera-direction",
        "question": "How does the camera move during the formal event at the NASA facility from 1.0 to 1956.0 seconds?",
        "options": [
            "A. The camera remains stationary throughout the event.",
            "B. The camera moves closer to the speaker at the podium.",
            "C. The camera pans across the audience and the stage.",
            "D. The camera zooms out to capture the entire facility."
        ],
        "answer": "C",
        "qa_level": "long_term",
        "qa_type": "mcqa",
        "old_answer": "C"
    },
    {
        "qa_idx": 13,
        "qa_task": "speed",
        "question": "How does the speed of the event change from the beginning to the end of the video from 1.0 to 1956.0 seconds?",
        "options": [
            "A. The event starts slowly and gradually speeds up.",
            "B. The event maintains a consistent speed throughout.",
            "C. The event starts quickly and then slows down.",
            "D. The event has varying speeds with no clear pattern."
        ],
        "answer": "B",
        "qa_level": "long_term",
        "qa_type": "mcqa",
        "old_answer": "B"
    },
    {
        "qa_idx": 14,
        "qa_task": "attribute-change",
        "question": "How does the audience's engagement change throughout the event from 1.0 to 1956.0 seconds?",
        "options": [
            "A. The audience becomes less attentive and starts leaving.",
            "B. The audience remains consistently engaged and attentive.",
            "C. The audience becomes more engaged and starts clapping.",
            "D. The audience becomes distracted and starts talking among themselves."
        ],
        "answer": "B",
        "qa_level": "long_term",
        "qa_type": "mcqa",
        "old_answer": "B"
    },
    {
        "qa_idx": 16,
        "qa_task": "object understanding",
        "question": "What is prominently displayed behind the speaker at the podium during the formal event from 1.0 to 1956.0 seconds?",
        "options": [
            "A. A large space capsule.",
            "B. A large telescope.",
            "C. A satellite dish.",
            "D. A rocket engine."
        ],
        "answer": "A",
        "qa_level": "long_term",
        "qa_type": "mcqa",
        "old_answer": "A"
    }
]