[
    {
        "qa_idx": 0,
        "qa_type": "qa",
        "qa_level": "frame",
        "qa_task": "object understanding",
        "question": "Is there a character partially obscured behind a tree at 148.0 seconds into the video?",
        "answer": "Yes",
        "old_answer": "Yes"
    },
    {
        "qa_idx": 1,
        "qa_type": "qa",
        "qa_level": "frame",
        "qa_task": "object understanding",
        "question": "Is there a large bear seated in an orange-striped armchair in the frame at 1142.0 seconds?",
        "answer": "Yes",
        "old_answer": "Yes"
    },
    {
        "qa_idx": 2,
        "qa_task": "counting",
        "question": "How many fish can be observed swimming in the background at 477.0 seconds into the video?",
        "options": [
            "A.1.",
            "B.2.",
            "C.3.",
            "D. A few."
        ],
        "answer": "D",
        "qa_level": "frame",
        "qa_type": "mcqa",
        "old_answer": "D"
    },
    {
        "qa_idx": 3,
        "qa_type": "qa",
        "qa_level": "within_event",
        "qa_task": "object understanding",
        "question": "Is the bear wearing a hat in the video event from 130.0 to 170.0 seconds?",
        "answer": "Yes",
        "old_answer": "Yes"
    },
    {
        "qa_idx": 4,
        "qa_task": "spatial-relationship",
        "question": "What is the green character standing beside at 580.0 seconds into the video?",
        "options": [
            "A. A wooden log.",
            "B. A tall tree.",
            "C. A large rock.",
            "D. A flower bed."
        ],
        "answer": "A",
        "qa_level": "frame",
        "qa_type": "mcqa",
        "old_answer": "A"
    },
    {
        "qa_idx": 5,
        "qa_type": "qa",
        "qa_level": "within_event",
        "qa_task": "speed",
        "question": "Is the bear character playing the electric guitar at a slow pace from 1166.0 to 1224.0 seconds?",
        "answer": "No",
        "old_answer": "No"
    },
    {
        "qa_idx": 6,
        "qa_task": "object understanding",
        "question": "What objects are present on the table at 1726.0 seconds into the video?",
        "options": [
            "A. A comb and a green hairdryer.",
            "B. A laptop and a coffee mug.",
            "C. A vase with flowers and a candle.",
            "D. A set of keys and a wallet."
        ],
        "answer": "A",
        "qa_level": "frame",
        "qa_type": "mcqa",
        "old_answer": "A"
    },
    {
        "qa_idx": 7,
        "qa_type": "qa",
        "qa_level": "cross_event",
        "qa_task": "plot-understanding",
        "question": "Do both events feature interactions between anthropomorphic bears and a character dressed in purple from the time of 680.0 to 774.0 and 776.0 to 826.0?",
        "answer": "Yes",
        "old_answer": "Yes"
    },
    {
        "qa_idx": 8,
        "qa_type": "qa",
        "qa_level": "long_term",
        "qa_task": "plot-understanding",
        "question": "Does the bear remain in a single environment throughout the video from 3.0 to 1965.0 seconds?",
        "answer": "No",
        "old_answer": "No"
    },
    {
        "qa_idx": 10,
        "qa_task": "object understanding",
        "question": "What is the appearance and function of the blue stuffed rabbit seen in the children's room from 490.0 to 552.0 seconds?",
        "options": [
            "A. A blue stuffed rabbit with a party hat, part of a playful and whimsical toy setup.",
            "B. A blue stuffed rabbit with a red hat, used as a decorative item.",
            "C. A blue stuffed rabbit with a yellow hat, used for educational purposes.",
            "D. A blue stuffed rabbit with a green hat, part of a science experiment."
        ],
        "answer": "A",
        "qa_level": "cross_event",
        "qa_type": "mcqa",
        "old_answer": "A"
    },
    {
        "qa_idx": 11,
        "qa_task": "action-understanding",
        "question": "What specific action does one of the bears perform in the forest environment between 241.0 and 303.0 seconds?",
        "options": [
            "A. The bear climbs a tree.",
            "B. The bear holds a daisy flower.",
            "C. The bear catches a fish.",
            "D. The bear builds a nest."
        ],
        "answer": "B",
        "qa_level": "cross_event",
        "qa_type": "mcqa",
        "old_answer": "B"
    },
    {
        "qa_idx": 12,
        "qa_task": "temporal-relationship",
        "question": "What does the bear do after interacting with birds outside the treehouse?",
        "options": [
            "A. The bear balances on a rolling object and juggles sausages.",
            "B. The bear stands by the bed in a rustic bedroom.",
            "C. The bear moves dynamically through the woods.",
            "D. The bear holds a bouquet of flowers and interacts with a small figure dressed in purple."
        ],
        "answer": "C",
        "qa_level": "long_term",
        "qa_type": "mcqa",
        "old_answer": "C"
    },
    {
        "qa_idx": 13,
        "qa_task": "spatial-relationship",
        "question": "Where is the bear standing when it is holding a branch?",
        "options": [
            "A. In a dense forest with vibrant greenery.",
            "B. Inside a cozy room with a pink and white checkered blanket.",
            "C. Near a pond covered with lily pads.",
            "D. In front of a rustic wooden house with a blue mailbox."
        ],
        "answer": "A",
        "qa_level": "long_term",
        "qa_type": "mcqa",
        "old_answer": "A"
    },
    {
        "qa_idx": 14,
        "qa_task": "temporal-relationship",
        "question": "What does the bear do after interacting with birds outside the treehouse door in the setting transitioning between winter and spring (from 3.0 to 1965.0 seconds)?",
        "options": [
            "A. The bear stands by the bed in a rustic bedroom.",
            "B. The bear holds a bouquet of flowers and interacts with a small figure dressed in purple.",
            "C. The bear lounges on a blue mat reading a book by the lakeside.",
            "D. The bear holds a branch in a dense forest scene."
        ],
        "answer": "D",
        "qa_level": "long_term",
        "qa_type": "mcqa",
        "old_answer": "D"
    },
    {
        "qa_idx": 16,
        "qa_task": "object-direction",
        "question": "In which direction does the bear move while interacting with the forest environment from 3.0 to 1965.0 seconds?",
        "options": [
            "A. The bear moves towards the left.",
            "B. The bear moves towards the right.",
            "C. The bear moves upwards.",
            "D. The bear moves downwards."
        ],
        "answer": "B",
        "qa_level": "long_term",
        "qa_type": "mcqa",
        "old_answer": "B"
    },
    {
        "qa_idx": 17,
        "qa_task": "camera-direction",
        "question": "What is the camera doing when the scene transitions from the bear sleeping in bed to the bear looking out the window and interacting with birds outside? (Time: 3.0 to 1965.0 seconds)",
        "options": [
            "A. The camera is zooming in on the bear.",
            "B. The camera is panning from the bed to the window.",
            "C. The camera is moving closer to the window.",
            "D. The camera is zooming out to show the entire room."
        ],
        "answer": "B",
        "qa_level": "long_term",
        "qa_type": "mcqa",
        "old_answer": "B"
    },
    {
        "qa_idx": 18,
        "qa_task": "speed",
        "question": "Which character moves dynamically through the woods, adding life to the tranquil setting, as the scene transitions from a tranquil woodland to a dense forest environment?",
        "options": [
            "A. The small character in a pink outfit.",
            "B. The bear.",
            "C. The koala.",
            "D. The hedgehogs."
        ],
        "answer": "B",
        "qa_level": "long_term",
        "qa_type": "mcqa",
        "old_answer": "B"
    },
    {
        "qa_idx": 19,
        "qa_task": "attribute-change",
        "question": "How does the forest environment change from the beginning to the end of the video event sequence from 3.0 to 1965.0 seconds?",
        "options": [
            "A. The forest transitions from winter to spring, with snow patches giving way to vibrant greenery.",
            "B. The forest remains covered in snow throughout the video.",
            "C. The forest transitions from spring to summer, with flowers blooming and trees fully green.",
            "D. The forest transitions from summer to autumn, with leaves changing color and falling."
        ],
        "answer": "A",
        "qa_level": "long_term",
        "qa_type": "mcqa",
        "old_answer": "A"
    },
    {
        "qa_idx": 20,
        "qa_task": "time-order",
        "question": "In which order do the events occur in the video from 3.0 to 1965.0 seconds?",
        "options": [
            "A. The bear balances on a rolling object and juggles sausages and a plate on a stick, while lifting one leg through a green hoop. The bear is adorned with a red bow tie.",
            "B. The bear is seen in a well-lit interior space decorated with memorabilia, including framed pictures, awards, and a brick column, further enhancing the feeling of nostalgia and pride.",
            "C. The bear is seen in a laboratory with wooden walls lined with shelves holding scientific items, depicting an active scientific environment.",
            "D. The bear is seen in a cozy room with wooden flooring and a large anthropomorphic bear in the center. A red flower and wooden beams frame the inviting setting, creating a tranquil atmosphere."
        ],
        "answer": "A",
        "qa_level": "long_term",
        "qa_type": "mcqa",
        "old_answer": "A"
    }
]