[
    {
        "qa_idx": 0,
        "qa_type": "qa",
        "qa_level": "frame",
        "qa_task": "character-understanding",
        "question": "Are there two individuals playing billiards at 450.0 seconds into the video?",
        "answer": "Yes",
        "old_answer": "Yes"
    },
    {
        "qa_idx": 1,
        "qa_task": "spatial-relationship",
        "question": "Where is the first individual standing in relation to the billiard table at 2162 seconds into the video?",
        "options": [
            "A. Near the edge of the table on the left side of the frame.",
            "B. Near the edge of the table on the right side of the frame.",
            "C. In the center of the table.",
            "D. Behind the table."
        ],
        "answer": "A",
        "qa_level": "frame",
        "qa_type": "mcqa",
        "old_answer": "A"
    },
    {
        "qa_idx": 3,
        "qa_task": "spatial-relationship",
        "question": "Where is the man in the red and white sports jersey located in relation to the man in the designed shirt at 588.0 seconds?",
        "options": [
            "A. Directly in front of him.",
            "B. Slightly behind and to the left.",
            "C. To the right.",
            "D. Behind and to the right."
        ],
        "answer": "B",
        "qa_level": "frame",
        "qa_type": "mcqa",
        "old_answer": "B"
    },
    {
        "qa_idx": 4,
        "qa_type": "qa",
        "qa_level": "cross_event",
        "qa_task": "speed",
        "question": "From the time of 1689.0 to 1762.0, did the individuals around the billiard table engage in their activity at a fast pace?",
        "answer": "No",
        "old_answer": "No"
    },
    {
        "qa_idx": 6,
        "qa_task": "object-direction",
        "question": "In which direction is the person wearing a red shirt with 'Red Bull' inscribed on the back focusing on the billiard game from 1393.0 to 1453.0 seconds?",
        "options": [
            "A. Towards the left side of the table.",
            "B. Towards the right side of the table.",
            "C. Towards the center of the table.",
            "D. Away from the table."
        ],
        "answer": "C",
        "qa_level": "within_event",
        "qa_type": "mcqa",
        "old_answer": "C"
    },
    {
        "qa_idx": 17,
        "qa_task": "camera-direction",
        "question": "How does the camera move in the video from 27.0 to 3535.0 seconds?",
        "options": [
            "A. The camera remains stationary.",
            "B. The camera moves closer to the billiard table.",
            "C. The camera moves away from the billiard table.",
            "D. The camera pans around the room."
        ],
        "answer": "D",
        "qa_level": "long_term",
        "qa_type": "mcqa",
        "old_answer": "D"
    },
    {
        "qa_idx": 18,
        "qa_task": "speed",
        "question": "Who is faster in taking shots during the billiards game from 27.0 to 3535.0 seconds?",
        "options": [
            "A. The man in the multicolored patterned shirt.",
            "B. The man in the red and white outfit.",
            "C. Both are at the same speed.",
            "D. None of the above."
        ],
        "answer": "B",
        "qa_level": "long_term",
        "qa_type": "mcqa",
        "old_answer": "B"
    },
    {
        "qa_idx": 19,
        "qa_task": "attribute-change",
        "question": "How does the lighting in the room change from the beginning to the end of the video between 27.0 and 3535.0 seconds?",
        "options": [
            "A. The lighting becomes dimmer.",
            "B. The lighting remains the same.",
            "C. The lighting becomes brighter.",
            "D. The lighting changes color."
        ],
        "answer": "C",
        "qa_level": "long_term",
        "qa_type": "mcqa",
        "old_answer": "C"
    },
    {
        "qa_idx": 22,
        "qa_task": "time-order",
        "question": "In which order do the events occur in the video from 27.0 to 3535.0 seconds?",
        "options": [
            "A. The scene captures an indoor recreational setting dominated by two men, one in a multicolored patterned shirt and the other in a red and white outfit, engaged in playing billiards. The room's background features shelves filled with various items, including framed photos and decorative objects.",
            "B. The event begins with an indoor scene where two men, one in a red and white shirt with a distinctive logo and the other in a dark, patterned shirt, are conversing and holding billiard cues. They are in a room with dark soundproofing foam panels on the walls and shelves with various items like figures or collectibles.",
            "C. The scene unfolds in a recreational room featuring a billiard table positioned centrally, with several billiard balls scattered across its surface, indicating an ongoing game. The table is surrounded by two individuals, each holding a cue stick, actively participating in the game and possibly discussing their shots.",
            "D. The event begins with an indoor scene centered around a billiard table. Two individuals stand nearby, each holding a pool cue, suggesting they are either preparing for or engaged in a game of billiards. The billiard table, covered in a red cloth, occupies a prominent position in the foreground, with several balls placed on its surface."
        ],
        "answer": "A",
        "qa_level": "long_term",
        "qa_type": "mcqa",
        "old_answer": "A"
    }
]