[
    {
        "qa_idx": 0,
        "qa_task": "spatial-relationship",
        "question": "Where is the text located in the frame at 148.0 seconds?",
        "options": [
            "A. Upper left corner.",
            "B. Upper right corner.",
            "C. Bottom right corner.",
            "D. Bottom left corner."
        ],
        "answer": "B",
        "qa_level": "frame",
        "qa_type": "mcqa",
        "old_answer": "B"
    },
    {
        "qa_idx": 1,
        "qa_type": "qa",
        "qa_level": "frame",
        "qa_task": "object understanding",
        "question": "Is there scaffolding visible on the classical structure in the background at 1064.0 seconds into the video?",
        "answer": "Yes",
        "old_answer": "Yes"
    },
    {
        "qa_idx": 2,
        "qa_task": "object understanding",
        "question": "What is the woman wearing in the video frame at approximately 1088.0 seconds?",
        "options": [
            "A. A white dress.",
            "B. A red dress.",
            "C. A blue dress.",
            "D. A green dress."
        ],
        "answer": "A",
        "qa_level": "frame",
        "qa_type": "mcqa",
        "old_answer": "A"
    },
    {
        "qa_idx": 3,
        "qa_type": "qa",
        "qa_level": "within_event",
        "qa_task": "action-understanding",
        "question": "Between 2478.0 and 2521.0 seconds, does the man carrying a large object climb a tree in the urban park scene?",
        "answer": "No",
        "old_answer": "No"
    },
    {
        "qa_idx": 5,
        "qa_type": "qa",
        "qa_level": "cross_event",
        "qa_task": "action-understanding",
        "question": "During the scenes from 182.0 to 243.0 and 305.0 to 359.0, does the man in the patterned shirt perform a dance routine inside the car?",
        "answer": "No",
        "old_answer": "No"
    },
    {
        "qa_idx": 6,
        "qa_task": "scene-understanding",
        "question": "What is the main feature of the outdoor scene at the beginning of the event from 443.0 to 577.0 seconds?",
        "options": [
            "A. A large blue sign that reads 'GRAND RESORT'.",
            "B. A bustling city street.",
            "C. A beach with people sunbathing.",
            "D. A mountain range with snow-capped peaks."
        ],
        "answer": "A",
        "qa_level": "within_event",
        "qa_type": "mcqa",
        "old_answer": "A"
    },
    {
        "qa_idx": 7,
        "qa_type": "qa",
        "qa_level": "long_term",
        "qa_task": "character-understanding",
        "question": "In the video events from 21.0 seconds to 2533.0 seconds, is there a woman in a white off-the-shoulder dress featured in multiple scenes?",
        "answer": "Yes",
        "old_answer": "Yes"
    },
    {
        "qa_idx": 8,
        "qa_task": "scene-understanding",
        "question": "What is the setting of the initial scene from 1423.0 to 1486.0 seconds?",
        "options": [
            "A. A well-lit, modern indoor setting with a woman seated at a table.",
            "B. A dark, outdoor setting with a man standing.",
            "C. A beachside setting with people playing volleyball.",
            "D. A forest setting with a group of hikers."
        ],
        "answer": "A",
        "qa_level": "within_event",
        "qa_type": "mcqa",
        "old_answer": "A"
    },
    {
        "qa_idx": 9,
        "qa_task": "plot-understanding",
        "question": "What is the main focus of the video event from 135.0 to 140.0 seconds?",
        "options": [
            "A. A bustling market scene.",
            "B. A scenic view of Athens during sunrise or sunset.",
            "C. A close-up of a historical monument.",
            "D. A night-time cityscape with bright lights."
        ],
        "answer": "B",
        "qa_level": "within_event",
        "qa_type": "mcqa",
        "old_answer": "B"
    },
    {
        "qa_idx": 10,
        "qa_task": "object understanding",
        "question": "What is the primary focus of the archaeological or historical site in the first scene of the event from 1012.0 to 1073.0 seconds?",
        "options": [
            "A. A modern architectural structure.",
            "B. A skull against an earthy, textured wall.",
            "C. A bustling urban environment.",
            "D. A serene park-like area with lush trees."
        ],
        "answer": "B",
        "qa_level": "cross_event",
        "qa_type": "mcqa",
        "old_answer": "B"
    },
    {
        "qa_idx": 11,
        "qa_task": "temporal-relationship",
        "question": "What happens after the scene with the whimsical map featuring the Statue of Liberty and a notable coin?",
        "options": [
            "A. The scene transitions to a vibrant poster with 'Teen Spirit' written in bold yellow font.",
            "B. The scene showcases a dandelion field backdrop with camping and resort-themed postage stamps.",
            "C. The scene captures a busy archaeological site with a large stepped pyramid and numerous people.",
            "D. The scene depicts a bustling food establishment with a woman in a floral top and a man at a food counter."
        ],
        "answer": "B",
        "qa_level": "long_term",
        "qa_type": "mcqa",
        "old_answer": "B"
    },
    {
        "qa_idx": 13,
        "qa_task": "camera-direction",
        "question": "What is the camera doing when the scene transitions from the whimsical map featuring the Statue of Liberty to the vibrant poster with 'Teen Spirit' written in bold yellow font?",
        "options": [
            "A. The camera is zooming in on the map.",
            "B. The camera is panning to the right.",
            "C. The camera is moving closer to the poster.",
            "D. The camera is zooming out from the map."
        ],
        "answer": "C",
        "qa_level": "long_term",
        "qa_type": "mcqa",
        "old_answer": "C"
    },
    {
        "qa_idx": 14,
        "qa_task": "speed",
        "question": "Which mode of transportation is depicted as moving faster in the video from 21.0 seconds to 2533.0 seconds?",
        "options": [
            "A. Bicycle.",
            "B. Limousine.",
            "C. Hot air balloon.",
            "D. Helicopter."
        ],
        "answer": "B",
        "qa_level": "long_term",
        "qa_type": "mcqa",
        "old_answer": "B"
    },
    {
        "qa_idx": 15,
        "qa_task": "attribute-change",
        "question": "How does the scene change from the beginning at 1.0 seconds to the end at 2533.0 seconds?",
        "options": [
            "A. The scene transitions from a whimsical animated map to a bustling urban environment.",
            "B. The scene transitions from a serene outdoor setting to a busy airport terminal.",
            "C. The scene transitions from a historical site to a modern cityscape.",
            "D. The scene transitions from a tranquil coastal view to a lively market scene."
        ],
        "answer": "A",
        "qa_level": "long_term",
        "qa_type": "mcqa",
        "old_answer": "A"
    },
    {
        "qa_idx": 16,
        "qa_task": "object understanding",
        "question": "What objects are featured in the initial scene with the textured blue background?",
        "options": [
            "A. Two rectangular boxes, one blue and one pink.",
            "B. A globe and a coin.",
            "C. A helicopter and a helipad.",
            "D. A swimming pool and a lawn."
        ],
        "answer": "A",
        "qa_level": "long_term",
        "qa_type": "mcqa",
        "old_answer": "A"
    },
    {
        "qa_idx": 17,
        "qa_task": "descriptive-scene",
        "question": "Where does the scene featuring a woman in a white off-the-shoulder dress enjoying a meal in a tranquil environment take place?",
        "options": [
            "A. In a bustling urban street.",
            "B. In a tranquil restaurant or café courtyard with a fountain.",
            "C. In an airport terminal.",
            "D. In a historical site with ancient ruins."
        ],
        "answer": "B",
        "qa_level": "long_term",
        "qa_type": "mcqa",
        "old_answer": "B"
    }
]