[
    {
        "qa_idx": 0,
        "qa_task": "descriptive-scene",
        "question": "Where is the doll sitting in the video frame at 1340.0 seconds?",
        "options": [
            "A. On a chair.",
            "B. On a bed.",
            "C. On a red-orange striped couch.",
            "D. On the floor."
        ],
        "answer": "C",
        "qa_level": "frame",
        "qa_type": "mcqa",
        "old_answer": "C"
    },
    {
        "qa_idx": 1,
        "qa_type": "qa",
        "qa_level": "within_event",
        "qa_task": "action-understanding",
        "question": "Between 1100.0 and 1160.0 seconds, do the white rabbits emerge from the magic box before the gray rabbits?",
        "answer": "No",
        "old_answer": "No"
    },
    {
        "qa_idx": 2,
        "qa_task": "character-understanding",
        "question": "What is the doll in the video doing at the 1261.0-second mark?",
        "options": [
            "A. The doll is playing with a chessboard.",
            "B. The doll is reading a book.",
            "C. The doll is sitting on a chair.",
            "D. The doll is playing with a toy car."
        ],
        "answer": "A",
        "qa_level": "frame",
        "qa_type": "mcqa",
        "old_answer": "A"
    },
    {
        "qa_idx": 3,
        "qa_task": "character-understanding",
        "question": "What is the large bear doing in the video frame at 1031.0 seconds?",
        "options": [
            "A. The large bear is sleeping.",
            "B. The large bear is eating.",
            "C. The large bear is reading a book.",
            "D. The large bear is playing with a toy."
        ],
        "answer": "C",
        "qa_level": "frame",
        "qa_type": "mcqa",
        "old_answer": "C"
    },
    {
        "qa_idx": 4,
        "qa_task": "object-direction",
        "question": "In which direction is the girl in the pink outfit moving in the background from 152.0 to 177.0 seconds?",
        "options": [
            "A. Towards the door.",
            "B. Towards the bookshelf.",
            "C. Towards the plaid curtains.",
            "D. Towards the armchair."
        ],
        "answer": "C",
        "qa_level": "within_event",
        "qa_type": "mcqa",
        "old_answer": "C"
    },
    {
        "qa_idx": 8,
        "qa_task": "plot-understanding",
        "question": "How does the transition between the indoor and outdoor settings contribute to the overall narrative in the video from 783.0 to 843.0 seconds?",
        "options": [
            "A. It highlights the contrast between the bear's cozy indoor life and the harsh outdoor environment.",
            "B. It shows the bear's preference for staying indoors.",
            "C. It emphasizes the bear's fear of the rain.",
            "D. It demonstrates the bear's love for reading books."
        ],
        "answer": "A",
        "qa_level": "cross_event",
        "qa_type": "mcqa",
        "old_answer": "A"
    },
    {
        "qa_idx": 9,
        "qa_task": "spatial-relationship",
        "question": "Where is the bear standing when it is holding a toothbrush and a tube of toothpaste?",
        "options": [
            "A. Near a wooden door with blue-patterned interior walls.",
            "B. Near a blue polka-dotted curtain in the outdoor shower area.",
            "C. Near a treehouse with a bicycle and wooden crates.",
            "D. Near a wooden shelf with various bathing items."
        ],
        "answer": "A",
        "qa_level": "long_term",
        "qa_type": "mcqa",
        "old_answer": "A"
    },
    {
        "qa_idx": 10,
        "qa_task": "causal",
        "question": "Why did the bear step out of the shower area in the video from 41.0 to 1920.0 seconds?",
        "options": [
            "A. To interact with a tiger.",
            "B. To repair a bicycle.",
            "C. To continue grooming activities.",
            "D. To play a game of chess."
        ],
        "answer": "C",
        "qa_level": "long_term",
        "qa_type": "mcqa",
        "old_answer": "C"
    },
    {
        "qa_idx": 11,
        "qa_task": "plot-understanding",
        "question": "What is the main activity the bear is engaged in from 41.0 to 1920.0 seconds?",
        "options": [
            "A. Playing chess.",
            "B. Bathing and grooming.",
            "C. Painting and renovating.",
            "D. Reading books."
        ],
        "answer": "B",
        "qa_level": "long_term",
        "qa_type": "mcqa",
        "old_answer": "B"
    },
    {
        "qa_idx": 12,
        "qa_task": "plot-understanding",
        "question": "What is the main activity the bear is engaged in throughout the video from 41.0 to 1920.0 seconds?",
        "options": [
            "A. Repairing a bicycle.",
            "B. Playing chess.",
            "C. Bathing and grooming.",
            "D. Painting and decorating."
        ],
        "answer": "C",
        "qa_level": "long_term",
        "qa_type": "mcqa",
        "old_answer": "C"
    },
    {
        "qa_idx": 13,
        "qa_task": "object-direction",
        "question": "In which direction does the bear move after stepping out of the shower area in the video from 41.0 to 1920.0 seconds?",
        "options": [
            "A. Towards the wooden door.",
            "B. Towards the blue polka-dotted curtain.",
            "C. Towards the rustic building.",
            "D. Towards the logs and mats."
        ],
        "answer": "D",
        "qa_level": "long_term",
        "qa_type": "mcqa",
        "old_answer": "D"
    },
    {
        "qa_idx": 14,
        "qa_task": "camera-direction",
        "question": "What is the camera doing when the bear is seen under the continuous stream of water surrounded by wooden elements and various bath items in a serene, natural environment (41.0 to 1920.0 seconds)?",
        "options": [
            "A. The camera is zooming in on the bear.",
            "B. The camera is panning across the scene.",
            "C. The camera is zooming out from the bear.",
            "D. The camera is moving closer to the bear."
        ],
        "answer": "A",
        "qa_level": "long_term",
        "qa_type": "mcqa",
        "old_answer": "A"
    },
    {
        "qa_idx": 15,
        "qa_task": "speed",
        "question": "Which character is depicted in rapid motion near a wooden fence and a red bicycle at 41.0 to 1920.0 seconds?",
        "options": [
            "A. The bear.",
            "B. The tiger.",
            "C. The girl in a pink outfit.",
            "D. The rabbit."
        ],
        "answer": "B",
        "qa_level": "long_term",
        "qa_type": "mcqa",
        "old_answer": "B"
    },
    {
        "qa_idx": 16,
        "qa_task": "attribute-change",
        "question": "How does the bear's appearance change from the beginning to the end of the video from 41.0 to 1920.0 seconds?",
        "options": [
            "A. The bear starts with a shower cap and bath towel, and later wears a yellow headscarf with a blue floral pattern.",
            "B. The bear starts with a yellow headscarf and later wears a shower cap and bath towel.",
            "C. The bear starts with a blue flowered cap and later wears a yellow headscarf with a blue floral pattern.",
            "D. The bear starts with a blue flowered cap and later wears a shower cap and bath towel."
        ],
        "answer": "A",
        "qa_level": "long_term",
        "qa_type": "mcqa",
        "old_answer": "A"
    },
    {
        "qa_idx": 17,
        "qa_task": "object understanding",
        "question": "What items are present on the wooden shelf near the rustic shower area in the outdoor scene?",
        "options": [
            "A. A bottle and brushes.",
            "B. A toothbrush and toothpaste.",
            "C. A soap dish and a wooden cup.",
            "D. A blue towel and a peg."
        ],
        "answer": "A",
        "qa_level": "long_term",
        "qa_type": "mcqa",
        "old_answer": "A"
    },
    {
        "qa_idx": 18,
        "qa_task": "time-order",
        "question": "In which order do the events occur in the video from 41.0 to 1920.0 seconds?",
        "options": [
            "A. The bear is seen under a showerhead with streaming water, interacting with various items such as a blue towel hanging on the wall, a wooden brush, and a shelf containing personal care items like a toothbrush and toothpaste. The bear, adorned with a floral-patterned hat, is bathing in this well-equipped outdoor shower area featuring natural wooden elements and a blue polka-dotted curtain.",
            "B. The bear is seen near a part of an outdoor area with a blue polka-dotted cloth hanging on a rope. Nearby, a green bottle and a wooden surface with several containers accentuate the setting, likely indicative of a bathing area surrounded by lush vegetation.",
            "C. The bear is spotted near a wooden door with the bear holding a toothbrush and a tube of toothpaste, wearing a yellow headscarf with a blue floral pattern. The rustic, serene setting with natural wooden elements under daylight casts warm and vibrant shadows.",
            "D. The bear, wearing a blue flowered cap, is engaged in an activity near a shower setup with a blue polka-dotted curtain amidst a peaceful rural setting, characterized by greenery, a pathway, and natural wooden structures."
        ],
        "answer": "A",
        "qa_level": "long_term",
        "qa_type": "mcqa",
        "old_answer": "A"
    }
]