[
    {
        "qa_idx": 0,
        "qa_type": "qa",
        "qa_level": "frame",
        "qa_task": "object understanding",
        "question": "Is there a skull on the desk or table in the background at 2660.0 seconds into the video?",
        "answer": "Yes",
        "old_answer": "Yes"
    },
    {
        "qa_idx": 2,
        "qa_type": "qa",
        "qa_level": "frame",
        "qa_task": "object understanding",
        "question": "Is there a microphone in front of the person at 1457.0 seconds into the video?",
        "answer": "Yes",
        "old_answer": "Yes"
    },
    {
        "qa_idx": 3,
        "qa_type": "qa",
        "qa_level": "within_event",
        "qa_task": "camera-direction",
        "question": "Is the camera moving around the table to capture different angles of the individuals from 49.0 to 55.0 seconds?",
        "answer": "No",
        "old_answer": "No"
    },
    {
        "qa_idx": 5,
        "qa_type": "qa",
        "qa_level": "cross_event",
        "qa_task": "object understanding",
        "question": "Is there a skull present in both video events from 930.0 to 989.0 and 1002.0 to 1097.0?",
        "answer": "Yes",
        "old_answer": "Yes"
    },
    {
        "qa_idx": 7,
        "qa_type": "qa",
        "qa_level": "long_term",
        "qa_task": "speed",
        "question": "Did the individuals in the video engage in their discussions at a fast pace from 49.0 to 3042.0 seconds?",
        "answer": "No",
        "old_answer": "No"
    },
    {
        "qa_idx": 11,
        "qa_task": "spatial-relationship",
        "question": "What is placed on the small table between the two individuals at 868.0 seconds into the video?",
        "options": [
            "A. A vase.",
            "B. A book.",
            "C. An ornamental skull.",
            "D. A lamp."
        ],
        "answer": "C",
        "qa_level": "frame",
        "qa_type": "mcqa",
        "old_answer": "C"
    },
    {
        "qa_idx": 12,
        "qa_task": "object understanding",
        "question": "What is the main text featured on the poster at the 5.0-second mark of the video?",
        "options": [
            "A. Stories from the Attic.",
            "B. Tales from the Closet.",
            "C. Secrets of the Basement.",
            "D. Chronicles of the Cupboard."
        ],
        "answer": "B",
        "qa_level": "frame",
        "qa_type": "mcqa",
        "old_answer": "B"
    },
    {
        "qa_idx": 13,
        "qa_task": "descriptive-scene",
        "question": "Where does the scene at 1088.0 seconds into the video take place?",
        "options": [
            "A. In a kitchen.",
            "B. In a recording or podcast environment.",
            "C. In a garden.",
            "D. In an office."
        ],
        "answer": "B",
        "qa_level": "frame",
        "qa_type": "mcqa",
        "old_answer": "B"
    },
    {
        "qa_idx": 14,
        "qa_task": "attribute-change",
        "question": "How does the setting change as the video progresses from 1002.0 to 1097.0 seconds?",
        "options": [
            "A. The lighting becomes brighter.",
            "B. The number of individuals increases from two to four.",
            "C. The setting changes from indoor to outdoor.",
            "D. The individuals change their outfits."
        ],
        "answer": "B",
        "qa_level": "within_event",
        "qa_type": "mcqa",
        "old_answer": "B"
    },
    {
        "qa_idx": 16,
        "qa_task": "object-direction",
        "question": "In the video events from 132.0 to 195.0 seconds and H to e seconds, what is the direction of the movement of the objects on the table?",
        "options": [
            "A. The objects on the table remain stationary.",
            "B. The objects on the table move from left to right.",
            "C. The objects on the table move from right to left.",
            "D. The objects on the table move in a circular motion."
        ],
        "answer": "A",
        "qa_level": "cross_event",
        "qa_type": "mcqa",
        "old_answer": "A"
    },
    {
        "qa_idx": 20,
        "qa_task": "temporal-relationship",
        "question": "What happens after the scene with four women seated around a round table adorned with candles and a decorative skull?",
        "options": [
            "A. The scene shifts to two individuals engaged in a conversation, one wearing a colorful shirt and a hat, and the other wearing a dark shirt with 'COLLEGE DEBT' printed on it.",
            "B. The scene transitions to a group of five individuals seated around a circular table adorned with several lit candles, a skull decoration, and other small objects.",
            "C. The scene shows a close-up of an individual wearing a colorful, patterned shirt and a hat, positioned in front of a microphone.",
            "D. The scene captures two individuals seated on blue chairs, each with a microphone in front of them, continuing their conversation."
        ],
        "answer": "A",
        "qa_level": "long_term",
        "qa_type": "mcqa",
        "old_answer": "A"
    },
    {
        "qa_idx": 21,
        "qa_task": "spatial-relationship",
        "question": "What is positioned between the two individuals in the dimly lit setting?",
        "options": [
            "A. A microphone.",
            "B. A skull.",
            "C. A candle.",
            "D. A book."
        ],
        "answer": "B",
        "qa_level": "long_term",
        "qa_type": "mcqa",
        "old_answer": "B"
    },
    {
        "qa_idx": 26,
        "qa_task": "speed",
        "question": "How does the speed of the conversation change from the beginning to the end of the video event from 49.0 to 3042.0 seconds?",
        "options": [
            "A. The conversation starts slow and becomes faster.",
            "B. The conversation starts fast and becomes slower.",
            "C. The conversation maintains a consistent speed throughout.",
            "D. The conversation starts slow, becomes faster, and then slows down again."
        ],
        "answer": "C",
        "qa_level": "long_term",
        "qa_type": "mcqa",
        "old_answer": "C"
    },
    {
        "qa_idx": 27,
        "qa_task": "attribute-change",
        "question": "How does the lighting in the setting change from the beginning to the end of the video event from 49.0 to 3042.0 seconds?",
        "options": [
            "A. The lighting becomes brighter and more vibrant.",
            "B. The lighting remains consistently dim and warm.",
            "C. The lighting changes to a cool and harsh tone.",
            "D. The lighting becomes completely dark."
        ],
        "answer": "B",
        "qa_level": "long_term",
        "qa_type": "mcqa",
        "old_answer": "B"
    },
    {
        "qa_idx": 28,
        "qa_task": "character-understanding",
        "question": "What is the person on the left wearing during the podcast or interview setup from 49.0 to 3042.0 seconds?",
        "options": [
            "A. A colorful long-sleeved shirt and a hat.",
            "B. A dark shirt with 'COLLEGE DEBT' printed on it.",
            "C. A black t-shirt with white text.",
            "D. A dark long-sleeved top."
        ],
        "answer": "A",
        "qa_level": "long_term",
        "qa_type": "mcqa",
        "old_answer": "A"
    },
    {
        "qa_idx": 30,
        "qa_task": "time-order",
        "question": "In which order do the events occur in the video from 49.0 to 3042.0 seconds?",
        "options": [
            "A. Four women seated around a table with candles and a skull, followed by two individuals with microphones, one wearing a colorful shirt and hat, the other with 'COLLEGE DEBT' shirt, and then back to four women around the table.",
            "B. Two individuals with microphones, one wearing a colorful shirt and hat, the other with 'COLLEGE DEBT' shirt, followed by four women seated around a table with candles and a skull, and then back to two individuals with microphones.",
            "C. Four women seated around a table with candles and a skull, followed by two individuals with microphones, one wearing a colorful shirt and hat, the other with 'COLLEGE DEBT' shirt, and then a single person speaking into a microphone.",
            "D. Two individuals with microphones, one wearing a colorful shirt and hat, the other with 'COLLEGE DEBT' shirt, followed by a single person speaking into a microphone, and then four women seated around a table with candles and a skull."
        ],
        "answer": "A",
        "qa_level": "long_term",
        "qa_type": "mcqa",
        "old_answer": "A"
    }
]