[
    {
        "qa_idx": 0,
        "qa_type": "qa",
        "qa_level": "frame",
        "qa_task": "character-understanding",
        "question": "Are there two anthropomorphic characters standing next to each other at 951.0 seconds into the video?",
        "answer": "Yes",
        "old_answer": "Yes"
    },
    {
        "qa_idx": 1,
        "qa_task": "character-understanding",
        "question": "What is the construction worker wearing at 1048.0 seconds into the video?",
        "options": [
            "A. A blue hard hat and a reflective vest.",
            "B. A yellow hard hat and a reflective vest.",
            "C. A red hard hat and a reflective vest.",
            "D. A white hard hat and a reflective vest."
        ],
        "answer": "B",
        "qa_level": "frame",
        "qa_type": "mcqa",
        "old_answer": "B"
    },
    {
        "qa_idx": 2,
        "qa_task": "spatial-relationship",
        "question": "What is included in the background of the scene at 436.0 seconds?",
        "options": [
            "A. A window.",
            "B. A shelf filled with different items.",
            "C. A door.",
            "D. A painting."
        ],
        "answer": "B",
        "qa_level": "frame",
        "qa_type": "mcqa",
        "old_answer": "B"
    },
    {
        "qa_idx": 3,
        "qa_type": "qa",
        "qa_level": "within_event",
        "qa_task": "action-understanding",
        "question": "Between 2403.0 and 2423.0 seconds, do the anthropomorphic cartoon animals engage in a competitive race around the garden?",
        "answer": "No",
        "old_answer": "No"
    },
    {
        "qa_idx": 4,
        "qa_type": "qa",
        "qa_level": "within_event",
        "qa_task": "object understanding",
        "question": "Are the characters dressed in bright, cheerful summer attire during the family outing from 814.0 to 874.0 seconds?",
        "answer": "Yes",
        "old_answer": "Yes"
    },
    {
        "qa_idx": 5,
        "qa_type": "qa",
        "qa_level": "cross_event",
        "qa_task": "speed",
        "question": "Is the train in the first event (66.0 to 135.0) traveling at a faster pace compared to the train in the second event (156.0 to 202.0)?",
        "answer": "No",
        "old_answer": "No"
    },
    {
        "qa_idx": 6,
        "qa_type": "qa",
        "qa_level": "cross_event",
        "qa_task": "camera-direction",
        "question": "Does the camera follow the family of pigs as they move from the kitchen to the train station platform from the time of 3.0 to 65.0?",
        "answer": "Yes",
        "old_answer": "Yes"
    },
    {
        "qa_idx": 7,
        "qa_type": "qa",
        "qa_level": "long_term",
        "qa_task": "object understanding",
        "question": "Is there a refrigerator with magnets in the kitchen scenes from 3.0 to 2739.0 seconds?",
        "answer": "Yes",
        "old_answer": "Yes"
    },
    {
        "qa_idx": 9,
        "qa_task": "object-direction",
        "question": "In the video events from 1558.0 to 1618.0 seconds and H to e seconds, what is the direction of the boat's movement in the canal lock system?",
        "options": [
            "A. The boat moves from left to right.",
            "B. The boat moves from right to left.",
            "C. The boat moves from top to bottom.",
            "D. The boat moves from bottom to top."
        ],
        "answer": "A",
        "qa_level": "cross_event",
        "qa_type": "mcqa",
        "old_answer": "A"
    },
    {
        "qa_idx": 10,
        "qa_task": "temporal-relationship",
        "question": "What did the family of anthropomorphic pigs do after having a meal in the kitchen?",
        "options": [
            "A. They went to a train station platform.",
            "B. They went to a clothing store.",
            "C. They went to a beach.",
            "D. They went to a classroom."
        ],
        "answer": "A",
        "qa_level": "long_term",
        "qa_type": "mcqa",
        "old_answer": "A"
    },
    {
        "qa_idx": 13,
        "qa_task": "time-order",
        "question": "In which order do the events occur in the video from 3.0 to 2739.0 seconds?",
        "options": [
            "A. The pig family enjoys a meal in the kitchen, then they travel by train, followed by air travel, and finally a winter celebration at a train station.",
            "B. The pig family travels by train, then enjoys a meal in the kitchen, followed by air travel, and finally a winter celebration at a train station.",
            "C. The pig family enjoys a meal in the kitchen, then they travel by train, followed by a winter celebration at a train station, and finally air travel.",
            "D. The pig family travels by train, then enjoys a meal in the kitchen, followed by a winter celebration at a train station, and finally air travel."
        ],
        "answer": "A",
        "qa_level": "long_term",
        "qa_type": "mcqa",
        "old_answer": "A"
    },
    {
        "qa_idx": 15,
        "qa_task": "camera-direction",
        "question": "How does the camera movement change from the scene at 3.0 seconds to the scene at 2739.0 seconds?",
        "options": [
            "A. The camera moves from an indoor setting to an outdoor setting.",
            "B. The camera moves from an outdoor setting to an indoor setting.",
            "C. The camera remains stationary throughout the scenes.",
            "D. The camera moves from a close-up to a wide shot."
        ],
        "answer": "A",
        "qa_level": "long_term",
        "qa_type": "mcqa",
        "old_answer": "A"
    },
    {
        "qa_idx": 16,
        "qa_task": "speed",
        "question": "Which mode of transportation is depicted as moving faster in the video from 3.0 to 2739.0 seconds?",
        "options": [
            "A. The train.",
            "B. The airplane.",
            "C. The car.",
            "D. The boat."
        ],
        "answer": "B",
        "qa_level": "long_term",
        "qa_type": "mcqa",
        "old_answer": "B"
    },
    {
        "qa_idx": 17,
        "qa_task": "attribute-change",
        "question": "How does the setting change from the beginning to the end of the video from 3.0 to 2739.0 seconds?",
        "options": [
            "A. From a cheerful indoor kitchen to a vibrant outdoor beach.",
            "B. From a colorful classroom to a serene countryside.",
            "C. From a playful indoor setting to a lively zoo.",
            "D. From a cozy kitchen to a festive winter celebration."
        ],
        "answer": "A",
        "qa_level": "long_term",
        "qa_type": "mcqa",
        "old_answer": "A"
    },
    {
        "qa_idx": 19,
        "qa_task": "object understanding",
        "question": "What objects are featured on the blue table in the kitchen where the family of anthropomorphic pigs is having a meal?",
        "options": [
            "A. Various dishes and cups.",
            "B. Books and toys.",
            "C. Tools and gadgets.",
            "D. Plants and flowers."
        ],
        "answer": "A",
        "qa_level": "long_term",
        "qa_type": "mcqa",
        "old_answer": "A"
    },
    {
        "qa_idx": 20,
        "qa_task": "descriptive-scene",
        "question": "Where does the family of anthropomorphic pigs interact in the video from 3.0 to 2739.0 seconds?",
        "options": [
            "A. In a brightly lit kitchen.",
            "B. In a dark forest.",
            "C. In a classroom.",
            "D. In a shopping mall."
        ],
        "answer": "A",
        "qa_level": "long_term",
        "qa_type": "mcqa",
        "old_answer": "A"
    }
]