[
    {
        "qa_idx": 0,
        "qa_type": "qa",
        "qa_level": "frame",
        "qa_task": "character-understanding",
        "question": "At 1134.0 seconds, is the cartoonish person holding a black object that resembles a pen?",
        "answer": "Yes",
        "old_answer": "Yes"
    },
    {
        "qa_idx": 1,
        "qa_task": "object understanding",
        "question": "What is the appearance of the object suspended in the sky at 1637 seconds into the video?",
        "options": [
            "A. A small, bright, and traditional-looking object.",
            "B. A large, dark, and futuristic-looking object.",
            "C. A medium-sized, colorful, and whimsical object.",
            "D. A tiny, transparent, and delicate object."
        ],
        "answer": "B",
        "qa_level": "frame",
        "qa_type": "mcqa",
        "old_answer": "B"
    },
    {
        "qa_idx": 2,
        "qa_type": "qa",
        "qa_level": "frame",
        "qa_task": "object understanding",
        "question": "Is there an American flag in the video frame at 1643.0 seconds?",
        "answer": "Yes",
        "old_answer": "Yes"
    },
    {
        "qa_idx": 3,
        "qa_task": "spatial-relationship",
        "question": "What is at the bottom of the open envelope in the animated scene at 679.0 seconds?",
        "options": [
            "A. A blue seal.",
            "B. A red heart seal.",
            "C. A green star seal.",
            "D. A yellow circle seal."
        ],
        "answer": "B",
        "qa_level": "frame",
        "qa_type": "mcqa",
        "old_answer": "B"
    },
    {
        "qa_idx": 4,
        "qa_task": "character-understanding",
        "question": "What is the pink-colored character doing at 1225.0 seconds into the video?",
        "options": [
            "A. The character is drawing on the lined paper.",
            "B. The character is building a card tower.",
            "C. The character is writing a letter.",
            "D. The character is playing with a ball."
        ],
        "answer": "B",
        "qa_level": "frame",
        "qa_type": "mcqa",
        "old_answer": "B"
    },
    {
        "qa_idx": 5,
        "qa_type": "qa",
        "qa_level": "cross_event",
        "qa_task": "character-understanding",
        "question": "In the events from 1459.0 to 1542.0 and 1543.0 to 1619.0, do the stick figures exhibit playful and expressive behavior?",
        "answer": "Yes",
        "old_answer": "Yes"
    },
    {
        "qa_idx": 6,
        "qa_type": "qa",
        "qa_level": "cross_event",
        "qa_task": "camera-direction",
        "question": "Does the camera move closer to the crumpled lined paper at any point between 1543.0 to 1619.0?",
        "answer": "Yes",
        "old_answer": "Yes"
    },
    {
        "qa_idx": 7,
        "qa_task": "speed",
        "question": "Between the blue character and the pink character, who appears to be moving faster in the video event from 1111.0 to 1207.0 seconds?",
        "options": [
            "A. The blue character.",
            "B. The pink character.",
            "C. Both are moving at the same speed.",
            "D. None of the above."
        ],
        "answer": "B",
        "qa_level": "within_event",
        "qa_type": "mcqa",
        "old_answer": "B"
    },
    {
        "qa_idx": 8,
        "qa_type": "qa",
        "qa_level": "long_term",
        "qa_task": "character-understanding",
        "question": "Does the blue stick figure character appear in multiple scenes throughout the video from 3.0 to 1815.0 seconds?",
        "answer": "Yes",
        "old_answer": "Yes"
    },
    {
        "qa_idx": 9,
        "qa_task": "descriptive-scene",
        "question": "What is the background setting of the video from 856.0 to 881.0 seconds?",
        "options": [
            "A. A classroom.",
            "B. A playground.",
            "C. Lined notebook paper.",
            "D. A forest."
        ],
        "answer": "C",
        "qa_level": "within_event",
        "qa_type": "mcqa",
        "old_answer": "C"
    },
    {
        "qa_idx": 10,
        "qa_task": "spatial-relationship",
        "question": "In the video events from 665.0 to 725.0 seconds and H to e seconds, where is the blue character holding a rectangular object located in relation to the character with long orange hair?",
        "options": [
            "A. In front of the 'MASSAGE' signed door.",
            "B. Next to the yellow-torso character.",
            "C. Behind the wooden door with a red awning.",
            "D. Inside the massage parlor."
        ],
        "answer": "A",
        "qa_level": "cross_event",
        "qa_type": "mcqa",
        "old_answer": "A"
    },
    {
        "qa_idx": 11,
        "qa_task": "temporal-relationship",
        "question": "What was the blue stick figure character doing before it was seen holding a scythe and a broken sink?",
        "options": [
            "A. The blue stick figure character was running with a smartphone.",
            "B. The blue stick figure character was climbing a ladder.",
            "C. The blue stick figure character was balancing objects.",
            "D. The blue stick figure character was interacting with a pink character."
        ],
        "answer": "A",
        "qa_level": "long_term",
        "qa_type": "mcqa",
        "old_answer": "A"
    },
    {
        "qa_idx": 13,
        "qa_task": "causal",
        "question": "Why did the blue stick figure character appear distressed while holding a scythe and a broken sink?",
        "options": [
            "A. Because the character was balancing precariously.",
            "B. Because the character was happy.",
            "C. Because the character was playing a game.",
            "D. Because the character was relaxing."
        ],
        "answer": "A",
        "qa_level": "long_term",
        "qa_type": "mcqa",
        "old_answer": "A"
    },
    {
        "qa_idx": 15,
        "qa_task": "speed",
        "question": "Which character is moving faster in the video sequence from 3.0 to 1815.0 seconds?",
        "options": [
            "A. The blue stick figure character running with a smartphone.",
            "B. The blue stick figure character climbing a ladder.",
            "C. The character navigating the boat with a telescope.",
            "D. The character walking along a beige path in the forest."
        ],
        "answer": "A",
        "qa_level": "long_term",
        "qa_type": "mcqa",
        "old_answer": "A"
    },
    {
        "qa_idx": 16,
        "qa_task": "attribute-change",
        "question": "How does the background change from the beginning to the end of the video sequence from 3.0 to 1815.0 seconds?",
        "options": [
            "A. The background changes from a lined notebook paper to a forest setting.",
            "B. The background changes from a lined notebook paper to a dark grey lined background.",
            "C. The background changes from a lined notebook paper to a crumpled lined paper.",
            "D. The background changes from a lined notebook paper to a plain white background."
        ],
        "answer": "C",
        "qa_level": "long_term",
        "qa_type": "mcqa",
        "old_answer": "C"
    },
    {
        "qa_idx": 17,
        "qa_task": "time-order",
        "question": "In which order do the events occur in the video from 3.0 to 1815.0 seconds?",
        "options": [
            "A. The blue cartoon character walks with a wide grin, then holds a scythe and a broken sink, followed by a scene with a red boat navigating a blue sea, and finally a camping site with a blue tent.",
            "B. The blue cartoon character walks with a wide grin, then holds a scythe and a broken sink, followed by a scene with a red boat navigating a blue sea, and finally a scene with a large green creature with sharp teeth.",
            "C. The blue cartoon character walks with a wide grin, then holds a scythe and a broken sink, followed by a scene with a red boat navigating a blue sea, and finally a scene with a yellow figure holding a tray with a pizza.",
            "D. The blue cartoon character walks with a wide grin, then holds a scythe and a broken sink, followed by a scene with a red boat navigating a blue sea, and finally a scene with a character on a small red-and-white boat navigating on blue waters."
        ],
        "answer": "A",
        "qa_level": "long_term",
        "qa_type": "mcqa",
        "old_answer": "A"
    }
]