[
    {
        "qa_idx": 1,
        "qa_type": "qa",
        "qa_level": "frame",
        "qa_task": "character-understanding",
        "question": "Are the animated pig characters gathered around a table at 1170.0 seconds into the video?",
        "answer": "Yes",
        "old_answer": "Yes"
    },
    {
        "qa_idx": 2,
        "qa_type": "qa",
        "qa_level": "within_event",
        "qa_task": "plot-understanding",
        "question": "Does the video event from 609.0 to 669.0 seconds depict characters engaging in playful activities around a treehouse and castle play structures?",
        "answer": "Yes",
        "old_answer": "Yes"
    },
    {
        "qa_idx": 3,
        "qa_task": "spatial-relationship",
        "question": "Where is the rabbit located in the frame at the 247.0-second mark of the video?",
        "options": [
            "A. In the mid to upper right section.",
            "B. On the left side.",
            "C. In the center.",
            "D. On the bottom right."
        ],
        "answer": "B",
        "qa_level": "frame",
        "qa_type": "mcqa",
        "old_answer": "B"
    },
    {
        "qa_idx": 4,
        "qa_type": "qa",
        "qa_level": "within_event",
        "qa_task": "camera-direction",
        "question": "Does the camera remain stationary when the scene transitions to the museum-like room with pale green walls from 1866.0 to 1926.0 seconds?",
        "answer": "No",
        "old_answer": "No"
    },
    {
        "qa_idx": 5,
        "qa_task": "descriptive-scene",
        "question": "Where does the scene at the 943.0-second mark of the video take place?",
        "options": [
            "A. Outdoors.",
            "B. In a kitchen.",
            "C. In a living room.",
            "D. Indoors."
        ],
        "answer": "D",
        "qa_level": "frame",
        "qa_type": "mcqa",
        "old_answer": "D"
    },
    {
        "qa_idx": 6,
        "qa_type": "qa",
        "qa_level": "cross_event",
        "qa_task": "action-understanding",
        "question": "In the event from 673.0 to 740.0, do the characters interact with a pirate-themed castle adorned with a black flag?",
        "answer": "Yes",
        "old_answer": "Yes"
    },
    {
        "qa_idx": 7,
        "qa_task": "attribute-change",
        "question": "How does the lighting in the kitchen change throughout the event from 469.0 to 533.0 seconds?",
        "options": [
            "A. The kitchen becomes darker.",
            "B. The kitchen remains consistently lit.",
            "C. The kitchen lighting changes from natural light to artificial light.",
            "D. The kitchen lighting changes from artificial light to natural light."
        ],
        "answer": "B",
        "qa_level": "within_event",
        "qa_type": "mcqa",
        "old_answer": "B"
    },
    {
        "qa_idx": 8,
        "qa_type": "qa",
        "qa_level": "cross_event",
        "qa_task": "action-understanding",
        "question": "Between 63.0 and 134.0 seconds, do the pig characters engage in a cooking activity in the outdoor grassy field?",
        "answer": "No",
        "old_answer": "No"
    },
    {
        "qa_idx": 10,
        "qa_task": "attribute-change",
        "question": "How does the facial expression of the pig character change by the end of the event from 202.0 to 263.0 seconds?",
        "options": [
            "A. The pig character remains cheerful throughout.",
            "B. The pig character becomes surprised or concerned.",
            "C. The pig character becomes angry.",
            "D. The pig character falls asleep."
        ],
        "answer": "B",
        "qa_level": "within_event",
        "qa_type": "mcqa",
        "old_answer": "B"
    },
    {
        "qa_idx": 11,
        "qa_task": "attribute-change",
        "question": "How does the overall atmosphere and setting change from the beginning to the end of the event sequence from 1465.0 to 1526.0 seconds?",
        "options": [
            "A. The atmosphere changes from a dark and gloomy setting to a bright and cheerful one.",
            "B. The atmosphere remains consistently bright, cheerful, and animated throughout the sequence.",
            "C. The atmosphere changes from a bright and cheerful setting to a dark and gloomy one.",
            "D. The atmosphere changes from a lively beach setting to an indoor setting."
        ],
        "answer": "B",
        "qa_level": "cross_event",
        "qa_type": "mcqa",
        "old_answer": "B"
    },
    {
        "qa_idx": 14,
        "qa_task": "temporal-relationship",
        "question": "What were the pig characters doing before they were seen holding toys and interacting in a museum-like room?",
        "options": [
            "A. They were playing with a ball and a dinosaur toy in a grassy field.",
            "B. They were cooking in a vibrant kitchen.",
            "C. They were enjoying ice cream under a tree.",
            "D. They were on a boat enjoying a nautical adventure."
        ],
        "answer": "A",
        "qa_level": "long_term",
        "qa_type": "mcqa",
        "old_answer": "A"
    },
    {
        "qa_idx": 15,
        "qa_task": "spatial-relationship",
        "question": "Where is the green dinosaur toy located in the video from 63.0 seconds to 1929.0 seconds?",
        "options": [
            "A. In the hands of a smaller pig character.",
            "B. On the ground next to the characters.",
            "C. Inside a museum display case.",
            "D. On a table in the kitchen."
        ],
        "answer": "A",
        "qa_level": "long_term",
        "qa_type": "mcqa",
        "old_answer": "A"
    },
    {
        "qa_idx": 16,
        "qa_task": "object-direction",
        "question": "In which direction do the animated pig characters run down the hillside with a spotted ball?",
        "options": [
            "A. Up the hillside.",
            "B. Down the hillside.",
            "C. Across the hillside.",
            "D. Around the hillside."
        ],
        "answer": "B",
        "qa_level": "long_term",
        "qa_type": "mcqa",
        "old_answer": "B"
    },
    {
        "qa_idx": 17,
        "qa_task": "camera-direction",
        "question": "At what point does the camera shift focus to a visible door in the pastel background with small flowers on the ground?",
        "options": [
            "A. 63.0 seconds.",
            "B. 76.0 seconds.",
            "C. 82.0 seconds.",
            "D. 91.0 seconds."
        ],
        "answer": "C",
        "qa_level": "long_term",
        "qa_type": "mcqa",
        "old_answer": "C"
    }
]