[
    {
        "qa_idx": 0,
        "qa_type": "qa",
        "qa_level": "frame",
        "qa_task": "object understanding",
        "question": "Is there a small dog resting in a soft bed in the background at 1934.0 seconds into the video?",
        "answer": "Yes",
        "old_answer": "Yes"
    },
    {
        "qa_idx": 2,
        "qa_type": "qa",
        "qa_level": "frame",
        "qa_task": "character-understanding",
        "question": "At 2388.0 seconds into the video, does the notebook contain sketches of human figures?",
        "answer": "Yes",
        "old_answer": "Yes"
    },
    {
        "qa_idx": 3,
        "qa_type": "qa",
        "qa_level": "within_event",
        "qa_task": "action-understanding",
        "question": "Does the dog leave the blue dog bed at any point during the video event from 3160.0 to 3846.0 seconds?",
        "answer": "No",
        "old_answer": "No"
    },
    {
        "qa_idx": 5,
        "qa_type": "qa",
        "qa_level": "within_event",
        "qa_task": "character-understanding",
        "question": "Did a person pat the dog on the head between 339.0 seconds and 453.0 seconds?",
        "answer": "Yes",
        "old_answer": "Yes"
    },
    {
        "qa_idx": 7,
        "qa_type": "qa",
        "qa_level": "cross_event",
        "qa_task": "object understanding",
        "question": "In the video events from 1432.0 to 1549.0 and 1798.0 to 1934.0, is there a blue pet bed present in both scenes?",
        "answer": "Yes",
        "old_answer": "Yes"
    },
    {
        "qa_idx": 9,
        "qa_task": "object-direction",
        "question": "In which direction is the dog positioned in the foreground relative to the room's setting at the beginning of the event from 339.0 to 453.0 seconds?",
        "options": [
            "A. Left.",
            "B. Right.",
            "C. Center.",
            "D. Back."
        ],
        "answer": "C",
        "qa_level": "within_event",
        "qa_type": "mcqa",
        "old_answer": "C"
    },
    {
        "qa_idx": 10,
        "qa_task": "attribute-change",
        "question": "How does the resting place of the cat change from the beginning to the end of the video event from 1432.0 to 1549.0 seconds?",
        "options": [
            "A. The cat moves from a small animal bed to a blue pet bed.",
            "B. The cat moves from a blue pet bed to a dog bed.",
            "C. The cat remains in the same bed throughout the video.",
            "D. The cat moves from a dog bed to a small animal bed."
        ],
        "answer": "B",
        "qa_level": "cross_event",
        "qa_type": "mcqa",
        "old_answer": "B"
    },
    {
        "qa_idx": 11,
        "qa_task": "object-direction",
        "question": "In the event from 1190.0 to 1250.0 seconds, where is the dog resting in relation to the larger pink and red bed?",
        "options": [
            "A. To the left of the larger pink and red bed.",
            "B. To the right of the larger pink and red bed.",
            "C. Above the larger pink and red bed.",
            "D. Below the larger pink and red bed."
        ],
        "answer": "A",
        "qa_level": "cross_event",
        "qa_type": "mcqa",
        "old_answer": "A"
    },
    {
        "qa_idx": 14,
        "qa_task": "spatial-relationship",
        "question": "Where is the pink dog bed located in relation to the blue dog bed in the video events from 24.0 to 4150.0 seconds?",
        "options": [
            "A. Adjacent to the blue dog bed.",
            "B. Under the blue dog bed.",
            "C. On top of the blue dog bed.",
            "D. Across the room from the blue dog bed."
        ],
        "answer": "A",
        "qa_level": "long_term",
        "qa_type": "mcqa",
        "old_answer": "A"
    },
    {
        "qa_idx": 18,
        "qa_task": "object-direction",
        "question": "In which direction does the dog move towards the camera in the video event from 24.0 to 4150.0 seconds?",
        "options": [
            "A. The dog moves towards the camera.",
            "B. The dog moves away from the camera.",
            "C. The dog moves to the left.",
            "D. The dog moves to the right."
        ],
        "answer": "A",
        "qa_level": "long_term",
        "qa_type": "mcqa",
        "old_answer": "A"
    },
    {
        "qa_idx": 19,
        "qa_task": "speed",
        "question": "How does the speed of the dog's movement change from the beginning to the end of the video event sequence from 24.0 to 4150.0 seconds?",
        "options": [
            "A. The dog moves quickly at the beginning and slows down towards the end.",
            "B. The dog remains stationary throughout the video.",
            "C. The dog moves slowly at the beginning and speeds up towards the end.",
            "D. The dog moves at a consistent speed throughout the video."
        ],
        "answer": "A",
        "qa_level": "long_term",
        "qa_type": "mcqa",
        "old_answer": "A"
    },
    {
        "qa_idx": 20,
        "qa_task": "attribute-change",
        "question": "How does the dog's position change throughout the video from 24.0 to 4150.0 seconds?",
        "options": [
            "A. The dog remains in the same position throughout the video.",
            "B. The dog moves from a central position to a position closer to the camera.",
            "C. The dog moves from a blue dog bed to a pink dog bed.",
            "D. The dog moves from a blue dog bed to a green plush toy."
        ],
        "answer": "B",
        "qa_level": "long_term",
        "qa_type": "mcqa",
        "old_answer": "B"
    },
    {
        "qa_idx": 22,
        "qa_task": "object understanding",
        "question": "What kind of pet beds are visible in the indoor setting throughout the video from 24.0 to 4150.0 seconds?",
        "options": [
            "A. Blue and pink pet beds.",
            "B. Green and yellow pet beds.",
            "C. Red and white pet beds.",
            "D. Black and orange pet beds."
        ],
        "answer": "A",
        "qa_level": "long_term",
        "qa_type": "mcqa",
        "old_answer": "A"
    },
    {
        "qa_idx": 23,
        "qa_task": "time-order",
        "question": "In which order do the events occur in the video from 24.0 to 4150.0 seconds?",
        "options": [
            "A. The dog shifts position, the dog receives a pat, the dog rests in a blue bed, the person draws on a notepad, the dog and cat rest in their beds.",
            "B. The dog receives a pat, the dog shifts position, the person draws on a notepad, the dog rests in a blue bed, the dog and cat rest in their beds.",
            "C. The person draws on a notepad, the dog shifts position, the dog receives a pat, the dog rests in a blue bed, the dog and cat rest in their beds.",
            "D. The dog rests in a blue bed, the dog shifts position, the dog receives a pat, the person draws on a notepad, the dog and cat rest in their beds."
        ],
        "answer": "A",
        "qa_level": "long_term",
        "qa_type": "mcqa",
        "old_answer": "A"
    }
]