[
    {
        "qa_idx": 0,
        "qa_type": "qa",
        "qa_level": "frame",
        "qa_task": "object understanding",
        "question": "Is there a yellow character wearing a blue top hat in the frame at 1532.0 seconds?",
        "answer": "Yes",
        "old_answer": "Yes"
    },
    {
        "qa_idx": 1,
        "qa_type": "qa",
        "qa_level": "frame",
        "qa_task": "object understanding",
        "question": "Is there a toy figure holding a hockey stick in the video frame at 1811.0 seconds?",
        "answer": "Yes",
        "old_answer": "Yes"
    },
    {
        "qa_idx": 2,
        "qa_task": "spatial-relationship",
        "question": "What is the backdrop of the scene at 1111.0 seconds into the video?",
        "options": [
            "A. A forest.",
            "B. A beach.",
            "C. A cityscape.",
            "D. A mountain range."
        ],
        "answer": "B",
        "qa_level": "frame",
        "qa_type": "mcqa",
        "old_answer": "B"
    },
    {
        "qa_idx": 3,
        "qa_type": "qa",
        "qa_level": "within_event",
        "qa_task": "speed",
        "question": "Are the toys on the raft moving quickly on the water's surface from 545.0 to 578.0 seconds?",
        "answer": "No",
        "old_answer": "No"
    },
    {
        "qa_idx": 5,
        "qa_task": "camera-direction",
        "question": "During the event from 299.0 to 359.0 seconds, does the camera move closer to the character in the yellow inflatable duck toy or does it stay at a distance?",
        "options": [
            "A. The camera moves closer to the character in the yellow inflatable duck toy.",
            "B. The camera stays at a distance from the character in the yellow inflatable duck toy.",
            "C. The camera moves away from the character in the yellow inflatable duck toy.",
            "D. The camera circles around the character in the yellow inflatable duck toy."
        ],
        "answer": "A",
        "qa_level": "within_event",
        "qa_type": "mcqa",
        "old_answer": "A"
    },
    {
        "qa_idx": 6,
        "qa_type": "qa",
        "qa_level": "long_term",
        "qa_task": "character-understanding",
        "question": "Do the animated scenes feature anthropomorphic toy characters engaging in various playful activities throughout the video from 1.0 to 2115.0 seconds?",
        "answer": "Yes",
        "old_answer": "Yes"
    },
    {
        "qa_idx": 7,
        "qa_task": "spatial-relationship",
        "question": "In the animated scene from 1410.0 to 1476.0 seconds, where are the two toy-like characters, a small red fox and a white bear, primarily interacting?",
        "options": [
            "A. Near a horizontal wooden log on the green grass.",
            "B. On a small trampoline.",
            "C. On a tightrope.",
            "D. Near an abstract purple body of water."
        ],
        "answer": "A",
        "qa_level": "cross_event",
        "qa_type": "mcqa",
        "old_answer": "A"
    },
    {
        "qa_idx": 8,
        "qa_task": "causal",
        "question": "Why do the anthropomorphic toy characters hold hockey sticks in the nighttime ice rink scene from 1768.0 to 1830.0 seconds?",
        "options": [
            "A. They are preparing for a hockey game.",
            "B. They are using the sticks to create art on the ice.",
            "C. They are using the sticks to build a snowman.",
            "D. They are using the sticks to conduct an orchestra."
        ],
        "answer": "A",
        "qa_level": "cross_event",
        "qa_type": "mcqa",
        "old_answer": "A"
    },
    {
        "qa_idx": 9,
        "qa_task": "temporal-relationship",
        "question": "What was the animated bear doing before it engaged in welding activities on scaffolding?",
        "options": [
            "A. The bear was reading a colorful book.",
            "B. The bear was painting a large cylindrical structure.",
            "C. The bear was interacting with other toys.",
            "D. The bear was kayaking."
        ],
        "answer": "A",
        "qa_level": "long_term",
        "qa_type": "mcqa",
        "old_answer": "A"
    },
    {
        "qa_idx": 10,
        "qa_task": "causal",
        "question": "Why did the animated polar bear toy engage in painting activities in the vibrant outdoor scene?",
        "options": [
            "A. To contribute to the lively, whimsical scene.",
            "B. To prepare for a race event.",
            "C. To fix a broken structure.",
            "D. To interact with other toys."
        ],
        "answer": "A",
        "qa_level": "long_term",
        "qa_type": "mcqa",
        "old_answer": "A"
    },
    {
        "qa_idx": 12,
        "qa_task": "camera-direction",
        "question": "What is the direction of the camera movement from 1.0 to 2115.0 seconds?",
        "options": [
            "A. The camera moves closer to the animated characters and scenes.",
            "B. The camera moves away from the animated characters and scenes.",
            "C. The camera remains stationary throughout the scenes.",
            "D. The camera moves in a circular motion around the scenes."
        ],
        "answer": "A",
        "qa_level": "long_term",
        "qa_type": "mcqa",
        "old_answer": "A"
    },
    {
        "qa_idx": 14,
        "qa_task": "character-understanding",
        "question": "What is the bear wearing while engaging in welding activities on scaffolding in an industrial-like setting?",
        "options": [
            "A. A blue helmet.",
            "B. An orange sweater.",
            "C. Blue overalls.",
            "D. A red helmet."
        ],
        "answer": "C",
        "qa_level": "long_term",
        "qa_type": "mcqa",
        "old_answer": "C"
    }
]