[
    {
        "qa_idx": 0,
        "qa_type": "qa",
        "qa_level": "frame",
        "qa_task": "character-understanding",
        "question": "At 258.0 seconds into the video, were the anthropomorphic characters depicted as pigs?",
        "answer": "Yes",
        "old_answer": "Yes"
    },
    {
        "qa_idx": 1,
        "qa_type": "qa",
        "qa_level": "within_event",
        "qa_task": "character-understanding",
        "question": "Was the family of pig characters sitting around a campfire in the nighttime scene from 2439.0 to 2499.0 seconds?",
        "answer": "Yes",
        "old_answer": "Yes"
    },
    {
        "qa_idx": 2,
        "qa_task": "descriptive-scene",
        "question": "Where are the animated characters in the video frame at 591.0 seconds?",
        "options": [
            "A. In a forest.",
            "B. On a grassy area.",
            "C. In a playground.",
            "D. On a beach."
        ],
        "answer": "B",
        "qa_level": "frame",
        "qa_type": "mcqa",
        "old_answer": "B"
    },
    {
        "qa_idx": 3,
        "qa_type": "qa",
        "qa_level": "within_event",
        "qa_task": "action-understanding",
        "question": "Between 98.0 and 164.0 seconds, do the animated characters build a sandcastle near the wooden compost bin?",
        "answer": "No",
        "old_answer": "No"
    },
    {
        "qa_idx": 4,
        "qa_task": "descriptive-scene",
        "question": "Where are the animated characters in the video frame at 3485.0 seconds?",
        "options": [
            "A. In a green field.",
            "B. In a living room.",
            "C. In a playground.",
            "D. In a classroom."
        ],
        "answer": "A",
        "qa_level": "frame",
        "qa_type": "mcqa",
        "old_answer": "A"
    },
    {
        "qa_idx": 5,
        "qa_type": "qa",
        "qa_level": "cross_event",
        "qa_task": "camera-direction",
        "question": "From the time of 3454.0 to 3515.0 and 3521.0 to 3584.0, does the camera capture the characters moving towards a yellow structure in both events?",
        "answer": "Yes",
        "old_answer": "Yes"
    },
    {
        "qa_idx": 6,
        "qa_type": "qa",
        "qa_level": "long_term",
        "qa_task": "speed",
        "question": "Did the characters engage in gardening activities at a slow pace from 3.0 seconds to 3584.0 seconds?",
        "answer": "Yes",
        "old_answer": "Yes"
    },
    {
        "qa_idx": 7,
        "qa_task": "object understanding",
        "question": "What is the larger pig on the right wearing in the beginning of the event from 3521.0 to 3584.0 seconds?",
        "options": [
            "A. A navy cap and glasses.",
            "B. A white hat and glasses.",
            "C. A large hat and glasses.",
            "D. A red cap and glasses."
        ],
        "answer": "B",
        "qa_level": "within_event",
        "qa_type": "mcqa",
        "old_answer": "B"
    },
    {
        "qa_idx": 8,
        "qa_task": "character-understanding",
        "question": "What are the main actions of the pink pig character in the video events from 1590.0 to 1679.0 seconds?",
        "options": [
            "A. The pink pig character is playing on a tire swing and later reading a newspaper indoors.",
            "B. The pink pig character is cooking in the kitchen and later playing on a tire swing.",
            "C. The pink pig character is playing with a ball and later reading a book outdoors.",
            "D. The pink pig character is sleeping and later playing on a tire swing."
        ],
        "answer": "A",
        "qa_level": "cross_event",
        "qa_type": "mcqa",
        "old_answer": "A"
    },
    {
        "qa_idx": 9,
        "qa_task": "object understanding",
        "question": "What object is the animated pink pig holding while running across the grassy hill in the scene from 602.0s to 663.0s?",
        "options": [
            "A. A bubble wand and a bottle of bubble solution.",
            "B. A blue bag with a globe symbol.",
            "C. A weather vane-like object made of sticks.",
            "D. A scarecrow wearing a green coat and yellow head."
        ],
        "answer": "A",
        "qa_level": "cross_event",
        "qa_type": "mcqa",
        "old_answer": "A"
    },
    {
        "qa_idx": 10,
        "qa_task": "causal",
        "question": "Why did the family of pink anthropomorphic pigs go to the supermarket from 2817.0 to 2899.0 seconds?",
        "options": [
            "A. To buy groceries for their home.",
            "B. To meet the rabbit cashier.",
            "C. To play in the produce section.",
            "D. To organize the shelves."
        ],
        "answer": "A",
        "qa_level": "cross_event",
        "qa_type": "mcqa",
        "old_answer": "A"
    },
    {
        "qa_idx": 11,
        "qa_task": "causal",
        "question": "Why did the scene transition from the grocery store to the outdoor play area between 2900.0 seconds to 2960.0 seconds?",
        "options": [
            "A. The family finished their shopping and went outside to enjoy the play area.",
            "B. The grocery store was closing, and everyone had to leave.",
            "C. The characters wanted to have a picnic outside.",
            "D. The grocery store ran out of items to sell."
        ],
        "answer": "A",
        "qa_level": "cross_event",
        "qa_type": "mcqa",
        "old_answer": "A"
    },
    {
        "qa_idx": 12,
        "qa_task": "temporal-relationship",
        "question": "What activity were the pig characters engaged in before they started gardening outdoors?",
        "options": [
            "A. Sorting food waste indoors.",
            "B. Riding bicycles.",
            "C. Playing with toys.",
            "D. Shopping at a supermarket."
        ],
        "answer": "A",
        "qa_level": "long_term",
        "qa_type": "mcqa",
        "old_answer": "A"
    },
    {
        "qa_idx": 15,
        "qa_task": "speed",
        "question": "Which character was moving faster during the outdoor activities, the pig characters riding bicycles or the pig characters engaged in gardening?",
        "options": [
            "A. The pig characters riding bicycles.",
            "B. The pig characters engaged in gardening.",
            "C. Both were moving at the same speed.",
            "D. None of the above."
        ],
        "answer": "A",
        "qa_level": "long_term",
        "qa_type": "mcqa",
        "old_answer": "A"
    },
    {
        "qa_idx": 16,
        "qa_task": "attribute-change",
        "question": "How does the environment change from the beginning to the end of the video from 3.0 to 3584.0 seconds?",
        "options": [
            "A. From indoor to outdoor settings.",
            "B. From a sunny day to a rainy day.",
            "C. From a picnic scene to a camping scene.",
            "D. From a playground to a supermarket."
        ],
        "answer": "A",
        "qa_level": "long_term",
        "qa_type": "mcqa",
        "old_answer": "A"
    },
    {
        "qa_idx": 18,
        "qa_task": "object understanding",
        "question": "What items are the pig characters holding during the gardening activity in the outdoor scenes from 3.0 to 3584.0 seconds?",
        "options": [
            "A. Watering cans and seed packets.",
            "B. Toys and books.",
            "C. Picnic baskets and food items.",
            "D. Musical instruments and microphones."
        ],
        "answer": "A",
        "qa_level": "long_term",
        "qa_type": "mcqa",
        "old_answer": "A"
    },
    {
        "qa_idx": 19,
        "qa_task": "time-order",
        "question": "In which order do the events occur in the video from 3.0 to 3584.0 seconds?",
        "options": [
            "A. The pig characters engage in waste management activities indoors, then move to outdoor gardening, followed by a picnic, and finally a camping activity.",
            "B. The pig characters start with a picnic, then engage in waste management activities indoors, followed by outdoor gardening, and finally a camping activity.",
            "C. The pig characters begin with outdoor gardening, then move to a picnic, followed by waste management activities indoors, and finally a camping activity.",
            "D. The pig characters start with a camping activity, then engage in waste management activities indoors, followed by a picnic, and finally outdoor gardening."
        ],
        "answer": "A",
        "qa_level": "long_term",
        "qa_type": "mcqa",
        "old_answer": "A"
    }
]