[
    {
        "qa_idx": 0,
        "qa_type": "qa",
        "qa_level": "frame",
        "qa_task": "object understanding",
        "question": "Is there a purple box with star motifs in the frame at 759.0 seconds?",
        "answer": "Yes",
        "old_answer": "Yes"
    },
    {
        "qa_idx": 1,
        "qa_task": "spatial-relationship",
        "question": "Where is the large tree located in the frame captured at 994.0 seconds?",
        "options": [
            "A. In the center of the frame.",
            "B. On the left side of the frame.",
            "C. On the right side of the frame.",
            "D. In the background of the frame."
        ],
        "answer": "C",
        "qa_level": "frame",
        "qa_type": "mcqa",
        "old_answer": "C"
    },
    {
        "qa_idx": 2,
        "qa_task": "character-understanding",
        "question": "What is the cartoon character doing at 1756.0 seconds into the video?",
        "options": [
            "A. The character is running.",
            "B. The character is looking at a butterfly.",
            "C. The character is eating.",
            "D. The character is sleeping."
        ],
        "answer": "B",
        "qa_level": "frame",
        "qa_type": "mcqa",
        "old_answer": "B"
    },
    {
        "qa_idx": 3,
        "qa_task": "descriptive-scene",
        "question": "Where does the scene at 504.0 seconds into the video take place?",
        "options": [
            "A. In a kitchen.",
            "B. In a garden or field.",
            "C. In a living room.",
            "D. In a forest."
        ],
        "answer": "B",
        "qa_level": "frame",
        "qa_type": "mcqa",
        "old_answer": "B"
    },
    {
        "qa_idx": 4,
        "qa_type": "qa",
        "qa_level": "within_event",
        "qa_task": "action-understanding",
        "question": "During the event from 1069.0 to 1107.0 seconds, do the anthropomorphic pigs engage in a dance routine?",
        "answer": "No",
        "old_answer": "No"
    },
    {
        "qa_idx": 5,
        "qa_type": "qa",
        "qa_level": "cross_event",
        "qa_task": "action-understanding",
        "question": "In the event from 749.0 to 821.0, does the pig character exchange a purple box with pink stars for a turquoise star-decorated box?",
        "answer": "Yes",
        "old_answer": "Yes"
    },
    {
        "qa_idx": 6,
        "qa_task": "attribute-change",
        "question": "How does the appearance of the animated pig character change from the beginning to the end of the event from 414.0 to 474.0 seconds?",
        "options": [
            "A. The pig character starts with a green shirt and ends up without any clothing.",
            "B. The pig character starts with a plain blue background and ends up in an outdoor setting with green grass and flowers.",
            "C. The pig character starts with a red scooter and ends up riding a bicycle.",
            "D. The pig character starts with a helmet adorned with flower patterns and ends up without a helmet."
        ],
        "answer": "B",
        "qa_level": "within_event",
        "qa_type": "mcqa",
        "old_answer": "B"
    },
    {
        "qa_idx": 7,
        "qa_task": "character-understanding",
        "question": "What are the distinguishing features of the pink pig shown in the close-up frames from 1069.0 to 1107.0 seconds?",
        "options": [
            "A. Dark brown patches, a snout, short ears, and closed eyes with lashes.",
            "B. White patches, a long tail, large ears, and open eyes.",
            "C. Black spots, a curly tail, long ears, and open eyes.",
            "D. No distinguishable features."
        ],
        "answer": "A",
        "qa_level": "within_event",
        "qa_type": "mcqa",
        "old_answer": "A"
    },
    {
        "qa_idx": 8,
        "qa_task": "plot-understanding",
        "question": "What is the main activity that the pig family engages in during the event from 1411.0 to 1474.0 seconds?",
        "options": [
            "A. Cooking a meal together.",
            "B. Playing with toys and musical instruments.",
            "C. Watching TV.",
            "D. Cleaning the house."
        ],
        "answer": "B",
        "qa_level": "cross_event",
        "qa_type": "mcqa",
        "old_answer": "B"
    },
    {
        "qa_idx": 9,
        "qa_task": "spatial-relationship",
        "question": "In the scene from 1985.0 to 2052.0 seconds, where is the character dressed in green with a top hat positioned relative to the character in a red dress?",
        "options": [
            "A. To the left.",
            "B. To the right.",
            "C. In the center.",
            "D. Behind."
        ],
        "answer": "A",
        "qa_level": "cross_event",
        "qa_type": "mcqa",
        "old_answer": "A"
    },
    {
        "qa_idx": 10,
        "qa_task": "temporal-relationship",
        "question": "What activity were the pig characters engaged in before the scene transitioned to the outdoor setting with a bright blue sky, green grassy hill, and yellow house?",
        "options": [
            "A. Playing with toys indoors.",
            "B. Engaging in a mealtime activity in the kitchen.",
            "C. Riding bicycles and scooters.",
            "D. Flying a kite."
        ],
        "answer": "B",
        "qa_level": "long_term",
        "qa_type": "mcqa",
        "old_answer": "B"
    },
    {
        "qa_idx": 11,
        "qa_task": "time-order",
        "question": "In which order do the events occur in the video from 1.0 to 2751.0 seconds?",
        "options": [
            "A. Introduction to 'Peppa Pig' -> Outdoor playful interactions -> Indoor kitchen scene -> Family mealtime -> Outdoor playful activities -> Kite flying -> Muddy pigs -> Family picnic -> Musical activities -> Outdoor fair -> End credits.",
            "B. Introduction to 'Peppa Pig' -> Indoor kitchen scene -> Family mealtime -> Outdoor playful interactions -> Kite flying -> Muddy pigs -> Family picnic -> Musical activities -> Outdoor fair -> End credits.",
            "C. Introduction to 'Peppa Pig' -> Family mealtime -> Indoor kitchen scene -> Outdoor playful interactions -> Kite flying -> Muddy pigs -> Family picnic -> Musical activities -> Outdoor fair -> End credits.",
            "D. Introduction to 'Peppa Pig' -> Outdoor playful interactions -> Family mealtime -> Indoor kitchen scene -> Kite flying -> Muddy pigs -> Family picnic -> Musical activities -> Outdoor fair -> End credits."
        ],
        "answer": "A",
        "qa_level": "long_term",
        "qa_type": "mcqa",
        "old_answer": "A"
    },
    {
        "qa_idx": 13,
        "qa_task": "object-direction",
        "question": "In the video from 1.0 to 2751.0 seconds, which direction do the characters on bicycles move relative to the house?",
        "options": [
            "A. Towards the house.",
            "B. Away from the house.",
            "C. Around the house.",
            "D. Inside the house."
        ],
        "answer": "B",
        "qa_level": "long_term",
        "qa_type": "mcqa",
        "old_answer": "B"
    },
    {
        "qa_idx": 14,
        "qa_task": "camera-direction",
        "question": "What direction does the camera move when transitioning from the indoor kitchen scene to the outdoor grassy hill scene between 1.0 and 2751.0 seconds?",
        "options": [
            "A. The camera moves from left to right.",
            "B. The camera moves from right to left.",
            "C. The camera moves from inside to outside.",
            "D. The camera moves from outside to inside."
        ],
        "answer": "C",
        "qa_level": "long_term",
        "qa_type": "mcqa",
        "old_answer": "C"
    },
    {
        "qa_idx": 16,
        "qa_task": "object understanding",
        "question": "What is the color of the gift box with star patterns that the larger pig character hands over to the smaller character in the indoor scene?",
        "options": [
            "A. Blue.",
            "B. Green.",
            "C. Purple.",
            "D. Yellow."
        ],
        "answer": "C",
        "qa_level": "long_term",
        "qa_type": "mcqa",
        "old_answer": "C"
    }
]