[
    {
        "qa_idx": 0,
        "qa_task": "character-understanding",
        "question": "What is the vehicle in the video doing at 13.0 seconds?",
        "options": [
            "A. The vehicle is driving on a road.",
            "B. The vehicle is parked in a garage.",
            "C. The vehicle is hovering or flying.",
            "D. The vehicle is being repaired."
        ],
        "answer": "C",
        "qa_level": "frame",
        "qa_type": "mcqa",
        "old_answer": "C"
    },
    {
        "qa_idx": 1,
        "qa_task": "character-understanding",
        "question": "What is the atmosphere like in the scene at 2,087.0 seconds into the video?",
        "options": [
            "A. Calm and serene.",
            "B. Vibrant and colorful.",
            "C. Dark and gloomy.",
            "D. Quiet and peaceful."
        ],
        "answer": "B",
        "qa_level": "frame",
        "qa_type": "mcqa",
        "old_answer": "B"
    },
    {
        "qa_idx": 2,
        "qa_type": "qa",
        "qa_level": "within_event",
        "qa_task": "action-understanding",
        "question": "Between 1509.0 and 1575.0 seconds, does the video event feature a character manipulating a glowing, fiery orb?",
        "answer": "Yes",
        "old_answer": "Yes"
    },
    {
        "qa_idx": 3,
        "qa_task": "character-understanding",
        "question": "What are the characters in the video frame doing at 1652.0 seconds?",
        "options": [
            "A. The characters are dancing.",
            "B. The characters are fighting.",
            "C. The characters are facing each other and possibly having a conversation.",
            "D. The characters are eating."
        ],
        "answer": "C",
        "qa_level": "frame",
        "qa_type": "mcqa",
        "old_answer": "C"
    },
    {
        "qa_idx": 5,
        "qa_type": "qa",
        "qa_level": "cross_event",
        "qa_task": "plot-understanding",
        "question": "Do both video events feature characters in vibrant and colorful outfits in a festive or performance environment from the time of 1509.0 to 1575.0 and 1576.0 to 1712.0?",
        "answer": "Yes",
        "old_answer": "Yes"
    },
    {
        "qa_idx": 6,
        "qa_type": "qa",
        "qa_level": "cross_event",
        "qa_task": "camera-direction",
        "question": "In the event from 1295.0 to 1359.0, does the camera capture close-ups of individuals in uniform and detailed views of technological devices?",
        "answer": "Yes",
        "old_answer": "Yes"
    },
    {
        "qa_idx": 7,
        "qa_task": "camera-direction",
        "question": "During the event from 267.0 to 328.0 seconds, does the camera move closer to the characters or does it stay stationary?",
        "options": [
            "A. The camera moves closer to the characters.",
            "B. The camera stays stationary.",
            "C. The camera moves away from the characters.",
            "D. The camera moves around the characters."
        ],
        "answer": "A",
        "qa_level": "within_event",
        "qa_type": "mcqa",
        "old_answer": "A"
    },
    {
        "qa_idx": 9,
        "qa_task": "attribute-change",
        "question": "How does the background change from the beginning to the end of the event from 2186.0 to 2226.0 seconds?",
        "options": [
            "A. It changes from a colorful swirling background to a simple white background.",
            "B. It changes from a simple white background to a colorful swirling background.",
            "C. It remains the same throughout the event.",
            "D. It changes from a circus-like arena to a colorful swirling background."
        ],
        "answer": "A",
        "qa_level": "within_event",
        "qa_type": "mcqa",
        "old_answer": "A"
    },
    {
        "qa_idx": 10,
        "qa_task": "temporal-relationship",
        "question": "What happens after the scene featuring three animated characters standing together with vibrant clothing and accessories in the event from 329.0 to 389.0 seconds?",
        "options": [
            "A. A depiction of a robust, metallic door with a striking red, T-shaped design flanked by blue and grey panels.",
            "B. A green humanoid character wearing sunglasses and a blue outfit with red and yellow accents appears in the foreground.",
            "C. A futuristic corridor featuring metallic architecture and neon accents, leading to a large door.",
            "D. Animated toy characters in a green-tinted environment resembling an advanced facility."
        ],
        "answer": "A",
        "qa_level": "cross_event",
        "qa_type": "mcqa",
        "old_answer": "A"
    },
    {
        "qa_idx": 11,
        "qa_task": "time-order",
        "question": "In which order do the events occur in the video from 5.0 to 2311.0 seconds?",
        "options": [
            "A. The video begins with a dynamic title graphic against a deep blue background, followed by a nearly dark frame showing only a red and white 'M' logo, and then transitions to a vehicle against a space backdrop.",
            "B. The video begins with a close-up on a character's face, featuring exaggerated facial features and a mustache, set in a futuristic environment with metallic structures and blue lighting.",
            "C. The video begins with an animated character wearing a colorful helmet adorned with white and blue circles and vertical stripes, set against a dark, high-tech background featuring bluish hues and illuminated shapes.",
            "D. The video begins with a dynamic scene involving two animated characters. One character is dressed in a vibrant jester-like costume and leans toward a futuristic, holographic table with glowing symbols and a key-like object."
        ],
        "answer": "A",
        "qa_level": "long_term",
        "qa_type": "mcqa",
        "old_answer": "A"
    },
    {
        "qa_idx": 13,
        "qa_task": "speed",
        "question": "At what time does the video first imply a high-speed, futuristic environment?",
        "options": [
            "A. 5.0 seconds.",
            "B. 9.0 seconds.",
            "C. 10.0 seconds.",
            "D. 12.0 seconds."
        ],
        "answer": "C",
        "qa_level": "long_term",
        "qa_type": "mcqa",
        "old_answer": "C"
    },
    {
        "qa_idx": 14,
        "qa_task": "attribute-change",
        "question": "How does the environment change from 5.0 seconds to 2311.0 seconds in the video?",
        "options": [
            "A. The environment changes from a dynamic title graphic to a serene twilight scene.",
            "B. The environment changes from a serene twilight scene to a dynamic title graphic.",
            "C. The environment remains the same throughout the video.",
            "D. The environment changes from a serene twilight scene to a bustling cityscape."
        ],
        "answer": "A",
        "qa_level": "long_term",
        "qa_type": "mcqa",
        "old_answer": "A"
    }
]