[
    {
        "qa_idx": 0,
        "qa_type": "qa",
        "qa_level": "frame",
        "qa_task": "character-understanding",
        "question": "Are there characters engaging in various activities around the building at 1650.0 seconds into the video?",
        "answer": "Yes",
        "old_answer": "Yes"
    },
    {
        "qa_idx": 1,
        "qa_type": "qa",
        "qa_level": "within_event",
        "qa_task": "action-understanding",
        "question": "During the scene from 2632.0 to 2695.0 seconds, do the animated pig characters build a sandcastle near the body of water?",
        "answer": "No",
        "old_answer": "No"
    },
    {
        "qa_idx": 2,
        "qa_type": "qa",
        "qa_level": "cross_event",
        "qa_task": "action-understanding",
        "question": "In the outdoor farmyard setting from 820.0 to 873.0, do the characters engage in a pillow fight similar to the one seen in the cozy bedroom environment from 882.0 to 946.0?",
        "answer": "No",
        "old_answer": "No"
    },
    {
        "qa_idx": 3,
        "qa_type": "qa",
        "qa_level": "cross_event",
        "qa_task": "object understanding",
        "question": "Is there a yellow-framed slide in the playground scene from 1480.0 to 1543.0 seconds?",
        "answer": "Yes",
        "old_answer": "Yes"
    },
    {
        "qa_idx": 4,
        "qa_task": "camera-direction",
        "question": "During the event from 2059.0 to 2123.0 seconds, how does the camera transition from the title screen to the amusement park setting?",
        "options": [
            "A. The camera zooms out from the title screen to reveal the amusement park.",
            "B. The camera pans from left to right to show the amusement park.",
            "C. The camera transitions from a still image of the title screen to a lively amusement park setting.",
            "D. The camera moves upward from the title screen to the amusement park."
        ],
        "answer": "C",
        "qa_level": "within_event",
        "qa_type": "mcqa",
        "old_answer": "C"
    },
    {
        "qa_idx": 5,
        "qa_type": "qa",
        "qa_level": "long_term",
        "qa_task": "character-understanding",
        "question": "Did the pink cartoon pig character appear in both indoor and outdoor scenes from 3.0 to 3209.0 seconds?",
        "answer": "Yes",
        "old_answer": "Yes"
    },
    {
        "qa_idx": 6,
        "qa_task": "plot-understanding",
        "question": "What is the main activity taking place in the scene from 882.0 to 946.0 seconds?",
        "options": [
            "A. The characters are playing outside.",
            "B. The characters are preparing for bedtime.",
            "C. The characters are having a meal.",
            "D. The characters are watching TV."
        ],
        "answer": "B",
        "qa_level": "within_event",
        "qa_type": "mcqa",
        "old_answer": "B"
    },
    {
        "qa_idx": 7,
        "qa_task": "temporal-relationship",
        "question": "What activity were the characters engaged in before transitioning to the interior settings of the train from the time of 2914.0 to 2976.0 seconds?",
        "options": [
            "A. Using hula hoops and participating in playful gestures on the playground.",
            "B. Managing control elements like a red wheel and gauges in the train's control cabin.",
            "C. Holding clipboards with illustrations of various objects inside the train.",
            "D. Sitting on purple plaid seats and looking out the large windows of the train."
        ],
        "answer": "A",
        "qa_level": "cross_event",
        "qa_type": "mcqa",
        "old_answer": "A"
    },
    {
        "qa_idx": 8,
        "qa_task": "temporal-relationship",
        "question": "What happens after the pink anthropomorphic character is seen holding a piece of paper with a childlike drawing in the video event from 2771.0 to 2834.0 seconds?",
        "options": [
            "A. The character engages in drawing or coloring activities next to a table with scattered crayons.",
            "B. The character transitions to holding an envelope next to a chart displaying stars.",
            "C. The scene shifts to a tranquil yellow house with a red roof on a green hill.",
            "D. The character is seen playing with toys in a different room."
        ],
        "answer": "A",
        "qa_level": "cross_event",
        "qa_type": "mcqa",
        "old_answer": "A"
    },
    {
        "qa_idx": 9,
        "qa_task": "spatial-relationship",
        "question": "Where is the pink cartoon pig character seen walking with a teddy bear?",
        "options": [
            "A. In a kitchen.",
            "B. In a supermarket.",
            "C. In a vehicle.",
            "D. In a bedroom."
        ],
        "answer": "B",
        "qa_level": "long_term",
        "qa_type": "mcqa",
        "old_answer": "B"
    },
    {
        "qa_idx": 10,
        "qa_task": "time-order",
        "question": "In which order do the events occur in the video from 3.0 to 3209.0 seconds?",
        "options": [
            "A. The characters go grocery shopping, then engage in a space-themed adventure, followed by a bedtime story session, and finally a classroom activity.",
            "B. The characters engage in a space-themed adventure, then go grocery shopping, followed by a bedtime story session, and finally a classroom activity.",
            "C. The characters engage in a space-themed adventure, then a classroom activity, followed by grocery shopping, and finally a bedtime story session.",
            "D. The characters go grocery shopping, then engage in a classroom activity, followed by a space-themed adventure, and finally a bedtime story session."
        ],
        "answer": "A",
        "qa_level": "long_term",
        "qa_type": "mcqa",
        "old_answer": "A"
    },
    {
        "qa_idx": 12,
        "qa_task": "speed",
        "question": "Which character is moving faster in the video from 3.0 to 3209.0 seconds?",
        "options": [
            "A. The pink pig character walking with a teddy bear in the supermarket.",
            "B. The characters running down the hill holding picture books.",
            "C. The characters joyfully interacting next to a puddle.",
            "D. The characters engaging in playful activities in the playground."
        ],
        "answer": "B",
        "qa_level": "long_term",
        "qa_type": "mcqa",
        "old_answer": "B"
    }
]