[
    {
        "qa_idx": 0,
        "qa_type": "qa",
        "qa_level": "frame",
        "qa_task": "character-understanding",
        "question": "Are the animated characters wearing safety helmets at 401.0 seconds into the video?",
        "answer": "Yes",
        "old_answer": "Yes"
    },
    {
        "qa_idx": 1,
        "qa_type": "qa",
        "qa_level": "frame",
        "qa_task": "character-understanding",
        "question": "Is there a piece of blue mail protruding from the mail slot at 1843.0 seconds into the video?",
        "answer": "Yes",
        "old_answer": "Yes"
    },
    {
        "qa_idx": 2,
        "qa_task": "character-understanding",
        "question": "What are the characters doing at 285.0 seconds into the video?",
        "options": [
            "A. The characters are cooking.",
            "B. The characters are cleaning.",
            "C. The characters are in the midst of a meal.",
            "D. The characters are watching TV."
        ],
        "answer": "C",
        "qa_level": "frame",
        "qa_type": "mcqa",
        "old_answer": "C"
    },
    {
        "qa_idx": 3,
        "qa_type": "qa",
        "qa_level": "within_event",
        "qa_task": "camera-direction",
        "question": "From 2424.0 to 2489.0 seconds, does the camera move forward to highlight the details of the attic scene?",
        "answer": "Yes",
        "old_answer": "Yes"
    },
    {
        "qa_idx": 4,
        "qa_task": "descriptive-scene",
        "question": "Where does the scene at 1754.0 seconds into the video take place?",
        "options": [
            "A. In a living room.",
            "B. In a garden.",
            "C. In a kitchen.",
            "D. In a bedroom."
        ],
        "answer": "C",
        "qa_level": "frame",
        "qa_type": "mcqa",
        "old_answer": "C"
    },
    {
        "qa_idx": 5,
        "qa_type": "qa",
        "qa_level": "within_event",
        "qa_task": "speed",
        "question": "Are the animated pig characters ice skating at a slow pace from 1507.0 to 1626.0 seconds?",
        "answer": "No",
        "old_answer": "No"
    },
    {
        "qa_idx": 6,
        "qa_type": "qa",
        "qa_level": "cross_event",
        "qa_task": "speed",
        "question": "Did the red car travel at a fast pace through the scenic landscape under a clear sky from 631.0 to 830.0?",
        "answer": "No",
        "old_answer": "No"
    },
    {
        "qa_idx": 7,
        "qa_task": "object understanding",
        "question": "What is one of the characters holding in the scene at 1225.0 seconds into the video?",
        "options": [
            "A. A book.",
            "B. A flashlight.",
            "C. A toy.",
            "D. A phone."
        ],
        "answer": "B",
        "qa_level": "frame",
        "qa_type": "mcqa",
        "old_answer": "B"
    },
    {
        "qa_idx": 8,
        "qa_type": "qa",
        "qa_level": "cross_event",
        "qa_task": "speed",
        "question": "Did the interactions and activities of the pig characters in the domestic environment from 1700.0 to 1750.0 seconds occur at a faster pace compared to their interactions around the mailbox from 1753.0 to 1819.0 seconds?",
        "answer": "No",
        "old_answer": "No"
    },
    {
        "qa_idx": 9,
        "qa_task": "object understanding",
        "question": "What type of shovel is the character using at 3695.0 seconds into the video?",
        "options": [
            "A. A round-shaped shovel.",
            "B. A square-shaped shovel.",
            "C. A triangular-shaped shovel.",
            "D. A pointed shovel."
        ],
        "answer": "B",
        "qa_level": "frame",
        "qa_type": "mcqa",
        "old_answer": "B"
    },
    {
        "qa_idx": 10,
        "qa_task": "character-understanding",
        "question": "What is the expression of the central character in the video frame at 3779.0 seconds?",
        "options": [
            "A. Happy.",
            "B. Angry.",
            "C. Surprised.",
            "D. Sad."
        ],
        "answer": "C",
        "qa_level": "frame",
        "qa_type": "mcqa",
        "old_answer": "C"
    },
    {
        "qa_idx": 11,
        "qa_type": "qa",
        "qa_level": "long_term",
        "qa_task": "plot-understanding",
        "question": "Do the anthropomorphic pig characters engage in both indoor and outdoor activities throughout the video from 68.0 to 3826.0 seconds?",
        "answer": "Yes",
        "old_answer": "Yes"
    },
    {
        "qa_idx": 12,
        "qa_task": "descriptive-scene",
        "question": "Where does the scene at 2592.0 seconds into the video take place?",
        "options": [
            "A. In a living room.",
            "B. At a poolside area.",
            "C. In a classroom.",
            "D. At a playground."
        ],
        "answer": "B",
        "qa_level": "frame",
        "qa_type": "mcqa",
        "old_answer": "B"
    },
    {
        "qa_idx": 13,
        "qa_task": "descriptive-scene",
        "question": "Where is the family standing in the video frame at 1163.0 seconds?",
        "options": [
            "A. In front of a staircase.",
            "B. In front of a fireplace.",
            "C. In front of a window.",
            "D. In front of a television."
        ],
        "answer": "A",
        "qa_level": "frame",
        "qa_type": "mcqa",
        "old_answer": "A"
    },
    {
        "qa_idx": 14,
        "qa_task": "spatial-relationship",
        "question": "Where is the wall clock located in the frame captured at 622.0 seconds?",
        "options": [
            "A. On the upper left part of the frame.",
            "B. On the upper right part of the frame.",
            "C. On the lower left part of the frame.",
            "D. On the lower right part of the frame."
        ],
        "answer": "B",
        "qa_level": "frame",
        "qa_type": "mcqa",
        "old_answer": "B"
    },
    {
        "qa_idx": 15,
        "qa_task": "spatial-relationship",
        "question": "What is adjacent to the sink in the kitchen scene at 3352.0 seconds?",
        "options": [
            "A. A refrigerator with colorful magnets.",
            "B. A fishbowl containing a small orange fish.",
            "C. A large window with a green curtain.",
            "D. A round clock displaying the time."
        ],
        "answer": "B",
        "qa_level": "frame",
        "qa_type": "mcqa",
        "old_answer": "B"
    },
    {
        "qa_idx": 16,
        "qa_task": "spatial-relationship",
        "question": "What is the character resembling a zebra interacting with at 780.0 seconds into the video?",
        "options": [
            "A. A bunk bed.",
            "B. A colorful wardrobe.",
            "C. A polka-dotted curtain.",
            "D. A purple ladder."
        ],
        "answer": "B",
        "qa_level": "frame",
        "qa_type": "mcqa",
        "old_answer": "B"
    },
    {
        "qa_idx": 17,
        "qa_task": "spatial-relationship",
        "question": "What is the background dominated by in the optician's shop at 159.0 seconds into the video?",
        "options": [
            "A. A wall-mounted display of numerous eyeglasses.",
            "B. A large window with a view of the street.",
            "C. A bookshelf filled with books.",
            "D. A painting of a landscape."
        ],
        "answer": "A",
        "qa_level": "frame",
        "qa_type": "mcqa",
        "old_answer": "A"
    },
    {
        "qa_idx": 18,
        "qa_task": "character-understanding",
        "question": "What are the characters doing in the attic at 2460.0 seconds into the video?",
        "options": [
            "A. The characters are cleaning the attic.",
            "B. The characters are moving vigorously or engaging in playful activity.",
            "C. The characters are organizing the storage boxes.",
            "D. The characters are reading books."
        ],
        "answer": "B",
        "qa_level": "frame",
        "qa_type": "mcqa",
        "old_answer": "B"
    },
    {
        "qa_idx": 19,
        "qa_task": "object-direction",
        "question": "In which direction is the spider web located in the attic-like setting from the time of 2320.0 to 2387.0 seconds?",
        "options": [
            "A. Upper left corner.",
            "B. Upper right corner.",
            "C. Lower left corner.",
            "D. Lower right corner."
        ],
        "answer": "B",
        "qa_level": "within_event",
        "qa_type": "mcqa",
        "old_answer": "B"
    },
    {
        "qa_idx": 20,
        "qa_task": "object-direction",
        "question": "In the scene from 2186.0 to 2240.0 seconds, which direction is Peppa Pig standing relative to the blue platform?",
        "options": [
            "A. On the left side of the platform.",
            "B. On the right side of the platform.",
            "C. On top of the platform.",
            "D. Under the platform."
        ],
        "answer": "C",
        "qa_level": "within_event",
        "qa_type": "mcqa",
        "old_answer": "C"
    },
    {
        "qa_idx": 21,
        "qa_task": "speed",
        "question": "During the scene from 1376.0 to 1430.0 seconds, which object is moving faster on the ice rink?",
        "options": [
            "A. The toys skating on the ice rink.",
            "B. The snowfall in the background.",
            "C. The character manning the kiosk.",
            "D. The bare trees covered in snow."
        ],
        "answer": "A",
        "qa_level": "within_event",
        "qa_type": "mcqa",
        "old_answer": "A"
    },
    {
        "qa_idx": 23,
        "qa_task": "attribute-change",
        "question": "How does the setting change from the beginning to the end of the scene between 2186.0 seconds to 2240.0 seconds?",
        "options": [
            "A. The scene remains in the bedroom throughout.",
            "B. The scene transitions from a warmly lit bedroom to an outdoor setting with a house on a grassy hill.",
            "C. The scene changes from an outdoor setting to a dark room.",
            "D. The scene transitions from a kitchen to a living room."
        ],
        "answer": "B",
        "qa_level": "within_event",
        "qa_type": "mcqa",
        "old_answer": "B"
    },
    {
        "qa_idx": 25,
        "qa_task": "time-order",
        "question": "Which event occurs first in the sequence from the time of 631.0 seconds to 830.0 seconds?",
        "options": [
            "A. A zebra-like character in a postal uniform holding a document.",
            "B. Two animated characters descending a staircase amidst casually hung clothing.",
            "C. A red car travels through a scenic landscape under a clear sky.",
            "D. Two anthropomorphic pigs expressing joy with expressive body language."
        ],
        "answer": "B",
        "qa_level": "cross_event",
        "qa_type": "mcqa",
        "old_answer": "B"
    },
    {
        "qa_idx": 26,
        "qa_task": "object-direction",
        "question": "In the events from 3051.0 to 3112.0 seconds and H to e seconds, what direction do the pig characters move in relation to the trash can?",
        "options": [
            "A. From the left to the right.",
            "B. From the right to the left.",
            "C. From the front to the back.",
            "D. From the back to the front."
        ],
        "answer": "B",
        "qa_level": "cross_event",
        "qa_type": "mcqa",
        "old_answer": "B"
    },
    {
        "qa_idx": 27,
        "qa_task": "speed",
        "question": "In the video events from 3423.0 to 3488.0 seconds and H to e seconds, how do the speeds of the anthropomorphic pig characters' activities compare?",
        "options": [
            "A. The characters in the first event move faster than those in the second event.",
            "B. The characters in the second event move faster than those in the first event.",
            "C. The characters in both events move at the same speed.",
            "D. The speed of the characters' activities is not mentioned in either event."
        ],
        "answer": "D",
        "qa_level": "cross_event",
        "qa_type": "mcqa",
        "old_answer": "D"
    },
    {
        "qa_idx": 28,
        "qa_task": "temporal-relationship",
        "question": "What happens after the teacher interacts with the group of children in the classroom setting from 2760.0 to 2822.0 seconds?",
        "options": [
            "A. The scene transitions to an animated setting with anthropomorphic characters engaging in various activities.",
            "B. The children leave the classroom and go outside to play.",
            "C. The teacher starts writing on the blackboard.",
            "D. The classroom becomes empty and quiet."
        ],
        "answer": "A",
        "qa_level": "cross_event",
        "qa_type": "mcqa",
        "old_answer": "A"
    },
    {
        "qa_idx": 29,
        "qa_task": "speed",
        "question": "How does the speed of the characters' actions in the eyewear store scene (210.0 to 272.0 seconds) compare to the speed of actions in the second event?",
        "options": [
            "A. The characters in the eyewear store scene move faster than in the second event.",
            "B. The characters in the eyewear store scene move slower than in the second event.",
            "C. The characters in the eyewear store scene move at the same speed as in the second event.",
            "D. The speed of the characters' actions in both events is not comparable."
        ],
        "answer": "D",
        "qa_level": "cross_event",
        "qa_type": "mcqa",
        "old_answer": "D"
    },
    {
        "qa_idx": 31,
        "qa_task": "attribute-change",
        "question": "How does the scene change from the beginning to the end of the video events between 481.0 to 543.0 seconds?",
        "options": [
            "A. The scene changes from an indoor setting to an outdoor setting.",
            "B. The scene changes from a vibrant outdoor setting with animated characters cycling to a tranquil scene with anthropomorphic pigs and bicycles.",
            "C. The scene changes from a cloudy sky to a clear blue sky.",
            "D. The scene changes from a group of children playing to a group of adults cycling."
        ],
        "answer": "B",
        "qa_level": "cross_event",
        "qa_type": "mcqa",
        "old_answer": "B"
    },
    {
        "qa_idx": 32,
        "qa_task": "spatial-relationship",
        "question": "Where is the pink character with a red dress and yellow boots standing when holding a pair of glasses?",
        "options": [
            "A. In front of a yellow house.",
            "B. On a grassy field.",
            "C. Inside an eyewear store.",
            "D. In a kitchen."
        ],
        "answer": "B",
        "qa_level": "long_term",
        "qa_type": "mcqa",
        "old_answer": "B"
    },
    {
        "qa_idx": 34,
        "qa_task": "object-direction",
        "question": "In which direction did the family of anthropomorphic pigs ride their bicycles during the outdoor activity from 288.0 to 3826.0 seconds?",
        "options": [
            "A. Uphill.",
            "B. Downhill.",
            "C. In circles.",
            "D. On a flat surface."
        ],
        "answer": "B",
        "qa_level": "long_term",
        "qa_type": "mcqa",
        "old_answer": "B"
    },
    {
        "qa_idx": 35,
        "qa_task": "speed",
        "question": "Which character is faster, the one riding a tricycle or the family riding tandem bicycles?",
        "options": [
            "A. The character riding a tricycle.",
            "B. The family riding tandem bicycles.",
            "C. Both are at the same speed.",
            "D. None of the above."
        ],
        "answer": "B",
        "qa_level": "long_term",
        "qa_type": "mcqa",
        "old_answer": "B"
    },
    {
        "qa_idx": 36,
        "qa_task": "attribute-change",
        "question": "How does the setting change from the beginning to the end of the video from 68.0 to 3826.0 seconds?",
        "options": [
            "A. From a vibrant outdoor setting to a cozy indoor setting.",
            "B. From a wintery outdoor setting to a vibrant classroom.",
            "C. From a vibrant outdoor setting to a playful indoor classroom.",
            "D. From a cozy indoor setting to a vibrant outdoor setting."
        ],
        "answer": "C",
        "qa_level": "long_term",
        "qa_type": "mcqa",
        "old_answer": "C"
    },
    {
        "qa_idx": 37,
        "qa_task": "object understanding",
        "question": "What objects are prominently featured in the eyewear store scene from 288.0 to 2149.0 seconds?",
        "options": [
            "A. Various colorful eyeglasses and an eye chart.",
            "B. Toys and a fishbowl.",
            "C. Bicycles and helmets.",
            "D. A red car and a yellow house."
        ],
        "answer": "A",
        "qa_level": "long_term",
        "qa_type": "mcqa",
        "old_answer": "A"
    },
    {
        "qa_idx": 38,
        "qa_task": "time-order",
        "question": "In which order do the events occur in the video from 68.0 to 3826.0 seconds?",
        "options": [
            "A. Outdoor setting with animated characters -> Indoor eyewear store -> Indoor kitchen scene -> Outdoor cycling activity -> Indoor family scene -> Outdoor forest exploration -> Indoor attic exploration -> Indoor swimming pool scene -> Indoor classroom setting -> Outdoor digging activity -> Indoor classroom with cylindrical object.",
            "B. Indoor eyewear store -> Outdoor setting with animated characters -> Indoor kitchen scene -> Outdoor cycling activity -> Indoor family scene -> Outdoor forest exploration -> Indoor attic exploration -> Indoor swimming pool scene -> Indoor classroom setting -> Outdoor digging activity -> Indoor classroom with cylindrical object.",
            "C. Indoor kitchen scene -> Outdoor setting with animated characters -> Indoor eyewear store -> Outdoor cycling activity -> Indoor family scene -> Outdoor forest exploration -> Indoor attic exploration -> Indoor swimming pool scene -> Indoor classroom setting -> Outdoor digging activity -> Indoor classroom with cylindrical object.",
            "D. Outdoor setting with animated characters -> Indoor kitchen scene -> Indoor eyewear store -> Outdoor cycling activity -> Indoor family scene -> Outdoor forest exploration -> Indoor attic exploration -> Indoor swimming pool scene -> Indoor classroom setting -> Outdoor digging activity -> Indoor classroom with cylindrical object."
        ],
        "answer": "A",
        "qa_level": "long_term",
        "qa_type": "mcqa",
        "old_answer": "A"
    },
    {
        "qa_idx": 39,
        "qa_task": "descriptive-scene",
        "question": "Where do the characters engage in various activities involving eyeglasses?",
        "options": [
            "A. In a vibrant outdoor setting.",
            "B. In a cozy indoor kitchen.",
            "C. In a well-lit eyewear store.",
            "D. In a colorful classroom."
        ],
        "answer": "C",
        "qa_level": "long_term",
        "qa_type": "mcqa",
        "old_answer": "C"
    }
]