[
    {
        "qa_idx": 0,
        "qa_type": "qa",
        "qa_level": "frame",
        "qa_task": "object understanding",
        "question": "Is there pepperoni on the pizza at 1445.0 seconds into the video?",
        "answer": "Yes",
        "old_answer": "Yes"
    },
    {
        "qa_idx": 1,
        "qa_task": "character-understanding",
        "question": "What is the person in the video doing at 1878.0 seconds?",
        "options": [
            "A. The person is washing dishes.",
            "B. The person is preparing dough pieces.",
            "C. The person is cutting vegetables.",
            "D. The person is decorating a cake."
        ],
        "answer": "B",
        "qa_level": "frame",
        "qa_type": "mcqa",
        "old_answer": "B"
    },
    {
        "qa_idx": 2,
        "qa_type": "qa",
        "qa_level": "frame",
        "qa_task": "object understanding",
        "question": "Is there a black plastic item mixed into the substance in the industrial mixing bowl at 1501.0 seconds?",
        "answer": "Yes",
        "old_answer": "Yes"
    },
    {
        "qa_idx": 3,
        "qa_task": "character-understanding",
        "question": "What is being done to the pizza in the video frame at 1175.0 seconds?",
        "options": [
            "A. The pizza is being cut.",
            "B. The pizza is being baked.",
            "C. The pizza is being prepared with cheese and tomato sauce.",
            "D. The pizza is being served."
        ],
        "answer": "C",
        "qa_level": "frame",
        "qa_type": "mcqa",
        "old_answer": "C"
    },
    {
        "qa_idx": 4,
        "qa_type": "qa",
        "qa_level": "within_event",
        "qa_task": "action-understanding",
        "question": "During the event from 1878.0 to 1946.0 seconds, does the person in the kitchen start decorating the baked goods with colorful icing?",
        "answer": "No",
        "old_answer": "No"
    },
    {
        "qa_idx": 5,
        "qa_type": "qa",
        "qa_level": "within_event",
        "qa_task": "action-understanding",
        "question": "Between 1170.0 and 1275.0 seconds, does the video show the addition of pepperoni slices to the pizzas?",
        "answer": "Yes",
        "old_answer": "Yes"
    },
    {
        "qa_idx": 6,
        "qa_task": "character-understanding",
        "question": "What is the person in the video doing at 805.0 seconds?",
        "options": [
            "A. The person is washing dishes.",
            "B. The person is cutting vegetables.",
            "C. The person is shaping dough.",
            "D. The person is setting the table."
        ],
        "answer": "C",
        "qa_level": "frame",
        "qa_type": "mcqa",
        "old_answer": "C"
    },
    {
        "qa_idx": 7,
        "qa_type": "qa",
        "qa_level": "cross_event",
        "qa_task": "object understanding",
        "question": "Are there multiple pizzas topped with tomato sauce being baked inside the oven in both events from 1083.0 to 1108.0 and 1109.0 to 1164.0?",
        "answer": "Yes",
        "old_answer": "Yes"
    },
    {
        "qa_idx": 9,
        "qa_type": "qa",
        "qa_level": "cross_event",
        "qa_task": "speed",
        "question": "From the time of 1719.0 to 1784.0 and 1791.0 to 1869.0, is the dough preparation process in the commercial kitchen or bakery taking place at a fast pace?",
        "answer": "No",
        "old_answer": "No"
    },
    {
        "qa_idx": 10,
        "qa_task": "attribute-change",
        "question": "How does the scene transition from the beginning to the end of the video event from 1009.0 to 1078.0 seconds?",
        "options": [
            "A. The scene transitions from a close-up of dough preparation to a view of the pizzas being served.",
            "B. The scene transitions from a close-up of dough preparation to a view of the pizzas being baked in an industrial oven.",
            "C. The scene transitions from a close-up of dough preparation to a view of the pizzas being packaged.",
            "D. The scene transitions from a close-up of dough preparation to a view of the kitchen staff cleaning up."
        ],
        "answer": "B",
        "qa_level": "within_event",
        "qa_type": "mcqa",
        "old_answer": "B"
    },
    {
        "qa_idx": 12,
        "qa_task": "time-order",
        "question": "What is the correct sequence of events in the kitchen environment from the time of 1281.0 seconds to 1378.0 seconds?",
        "options": [
            "A. The pizzas are baked first, then toppings are applied, and finally, the pizzas are placed on boards.",
            "B. The toppings are applied first, then the pizzas are placed on boards, and finally, the pizzas are baked.",
            "C. The pizzas are placed on boards first, then toppings are applied, and finally, the pizzas are baked.",
            "D. The pizzas are baked first, then placed on boards, and finally, toppings are applied."
        ],
        "answer": "B",
        "qa_level": "cross_event",
        "qa_type": "mcqa",
        "old_answer": "B"
    },
    {
        "qa_idx": 13,
        "qa_task": "speed",
        "question": "Between the time of 870.0 seconds to 930.0 seconds and the second event, which involves the shaping of dough, which event likely involves a faster pace of activity?",
        "options": [
            "A. The first event from 870.0 to 930.0 seconds.",
            "B. The second event.",
            "C. Both events have the same pace.",
            "D. Cannot be determined."
        ],
        "answer": "B",
        "qa_level": "cross_event",
        "qa_type": "mcqa",
        "old_answer": "B"
    },
    {
        "qa_idx": 14,
        "qa_task": "spatial-relationship",
        "question": "Where is the foreign-language sign located in the urban outdoor scene?",
        "options": [
            "A. On the left side.",
            "B. On the right side.",
            "C. In the center.",
            "D. Above the tree."
        ],
        "answer": "B",
        "qa_level": "long_term",
        "qa_type": "mcqa",
        "old_answer": "B"
    },
    {
        "qa_idx": 16,
        "qa_task": "time-order",
        "question": "In which order do the events occur in the video from 1.0 to 1996.0 seconds?",
        "options": [
            "A. The scene begins with an urban outdoor scene, transitions to a commercial building's exterior, and then to a kitchen with a metallic bowl containing chunks.",
            "B. The scene begins with a kitchen with a metallic bowl containing chunks, transitions to an urban outdoor scene, and then to a commercial building's exterior.",
            "C. The scene begins with a commercial building's exterior, transitions to a kitchen with a metallic bowl containing chunks, and then to an urban outdoor scene.",
            "D. The scene begins with a kitchen with a metallic bowl containing chunks, transitions to a commercial building's exterior, and then to an urban outdoor scene."
        ],
        "answer": "A",
        "qa_level": "long_term",
        "qa_type": "mcqa",
        "old_answer": "A"
    },
    {
        "qa_idx": 18,
        "qa_task": "camera-direction",
        "question": "How does the camera move from the urban outdoor scene to the kitchen environment between 1.0 and 1996.0 seconds?",
        "options": [
            "A. The camera zooms in on the tree and then cuts to the kitchen.",
            "B. The camera pans from the urban scene to the kitchen.",
            "C. The camera transitions from the outdoor scene to the kitchen with a fade effect.",
            "D. The camera moves closer to the sign and then cuts to the kitchen."
        ],
        "answer": "C",
        "qa_level": "long_term",
        "qa_type": "mcqa",
        "old_answer": "C"
    },
    {
        "qa_idx": 20,
        "qa_task": "character-understanding",
        "question": "What is the person wearing while handling the dough in the kitchen or bakery setting from 1.0 to 1996.0 seconds?",
        "options": [
            "A. Gloves and an apron.",
            "B. A chef's hat and apron.",
            "C. A white shirt and jeans.",
            "D. A black suit and tie."
        ],
        "answer": "A",
        "qa_level": "long_term",
        "qa_type": "mcqa",
        "old_answer": "A"
    }
]