[
    {
        "qa_idx": 0,
        "qa_task": "descriptive-scene",
        "question": "What is the most prominent feature in the video frame at 709.0 seconds?",
        "options": [
            "A. A building.",
            "B. A tree.",
            "C. A river.",
            "D. A mountain."
        ],
        "answer": "B",
        "qa_level": "frame",
        "qa_type": "mcqa",
        "old_answer": "B"
    },
    {
        "qa_idx": 1,
        "qa_type": "qa",
        "qa_level": "frame",
        "qa_task": "object understanding",
        "question": "Is there a toy boat on the floor in the video frame at 2414.0 seconds?",
        "answer": "Yes",
        "old_answer": "Yes"
    },
    {
        "qa_idx": 2,
        "qa_task": "object understanding",
        "question": "What toys are the children holding in the bunk bed at 2376.0 seconds into the video?",
        "options": [
            "A. A teddy bear and a toy dinosaur.",
            "B. A toy car and a doll.",
            "C. A stuffed rabbit and a toy train.",
            "D. A plush cat and a toy airplane."
        ],
        "answer": "A",
        "qa_level": "frame",
        "qa_type": "mcqa",
        "old_answer": "A"
    },
    {
        "qa_idx": 3,
        "qa_type": "qa",
        "qa_level": "within_event",
        "qa_task": "speed",
        "question": "Did the pigs in the yellow car drive towards the house at a fast pace between 2206.0 seconds and 2265.0 seconds?",
        "answer": "No",
        "old_answer": "No"
    },
    {
        "qa_idx": 4,
        "qa_task": "character-understanding",
        "question": "What is the character wearing in the video frame at 1538.0 seconds?",
        "options": [
            "A. A blue outfit and a black hat.",
            "B. A green outfit and a yellow hat.",
            "C. A pink outfit and a white hat with a pink band.",
            "D. A red outfit and a white hat with a blue band."
        ],
        "answer": "C",
        "qa_level": "frame",
        "qa_type": "mcqa",
        "old_answer": "C"
    },
    {
        "qa_idx": 5,
        "qa_type": "qa",
        "qa_level": "cross_event",
        "qa_task": "speed",
        "question": "From 1120.0 to 1191.0, did the characters in the race move at a fast pace?",
        "answer": "No",
        "old_answer": "No"
    },
    {
        "qa_idx": 6,
        "qa_type": "qa",
        "qa_level": "cross_event",
        "qa_task": "character-understanding",
        "question": "Were the anthropomorphic pigs dressed in nautical attire in both events from 1452.0 to 1512.0 and 1513.0 to 1529.0?",
        "answer": "Yes",
        "old_answer": "Yes"
    },
    {
        "qa_idx": 7,
        "qa_task": "camera-direction",
        "question": "During the scene from 2145.0 to 2201.0 seconds, how does the camera movement change as the red toy fire truck ascends the green hill?",
        "options": [
            "A. The camera moves away from the fire truck.",
            "B. The camera remains stationary.",
            "C. The camera follows the fire truck up the hill.",
            "D. The camera moves to the side of the fire truck."
        ],
        "answer": "C",
        "qa_level": "within_event",
        "qa_type": "mcqa",
        "old_answer": "C"
    },
    {
        "qa_idx": 8,
        "qa_task": "character-understanding",
        "question": "What activities are the characters engaged in during the event from 1761.0 to 1854.0 seconds?",
        "options": [
            "A. Preparing for a trip and engaging in a cheerful bedtime routine.",
            "B. Cooking in the kitchen and playing outside.",
            "C. Watching TV and doing homework.",
            "D. Cleaning the house and gardening."
        ],
        "answer": "A",
        "qa_level": "cross_event",
        "qa_type": "mcqa",
        "old_answer": "A"
    },
    {
        "qa_idx": 9,
        "qa_task": "descriptive-scene",
        "question": "Where do the events in the video primarily take place from the time of 227.0 to 287.0 seconds?",
        "options": [
            "A. In a child-friendly indoor setting with recycling bins and a grassy outdoor area.",
            "B. In a busy city street with traffic and pedestrians.",
            "C. In a school classroom with students and a teacher.",
            "D. In a supermarket with aisles of products and shoppers."
        ],
        "answer": "A",
        "qa_level": "cross_event",
        "qa_type": "mcqa",
        "old_answer": "A"
    },
    {
        "qa_idx": 10,
        "qa_task": "character-understanding",
        "question": "What are the main actions and attributes of the characters in the video from 875.0 to 935.0 seconds?",
        "options": [
            "A. The characters are interacting in a kitchen, transitioning to an outdoor setting, and finally showing a playful family interaction.",
            "B. The characters are engaged in a serious conversation in a dark room.",
            "C. The characters are performing a dance routine on a stage.",
            "D. The characters are involved in a car chase scene."
        ],
        "answer": "A",
        "qa_level": "cross_event",
        "qa_type": "mcqa",
        "old_answer": "A"
    },
    {
        "qa_idx": 11,
        "qa_task": "temporal-relationship",
        "question": "What activity were the anthropomorphic pig characters engaged in before they were seen driving a red car through a green, hilly landscape?",
        "options": [
            "A. They were having a meal in the kitchen.",
            "B. They were recycling items into bins.",
            "C. They were enjoying a picnic.",
            "D. They were playing with toy boats near a pond."
        ],
        "answer": "D",
        "qa_level": "long_term",
        "qa_type": "mcqa",
        "old_answer": "D"
    },
    {
        "qa_idx": 13,
        "qa_task": "attribute-change",
        "question": "How does the setting change from the beginning of the video at 1.0 seconds to the end of the video at 2745.0 seconds?",
        "options": [
            "A. From an outdoor scene to an indoor classroom.",
            "B. From a kitchen scene to an outdoor picnic.",
            "C. From a nighttime bedroom scene to a daytime outdoor scene.",
            "D. From a playful introduction to a credits scene."
        ],
        "answer": "D",
        "qa_level": "long_term",
        "qa_type": "mcqa",
        "old_answer": "D"
    },
    {
        "qa_idx": 14,
        "qa_task": "descriptive-scene",
        "question": "Where does the family of anthropomorphic pigs enjoy a meal together?",
        "options": [
            "A. In a kitchen.",
            "B. In a living room.",
            "C. In a garden.",
            "D. In a car."
        ],
        "answer": "A",
        "qa_level": "long_term",
        "qa_type": "mcqa",
        "old_answer": "A"
    }
]