[
    {
        "qa_idx": 0,
        "qa_type": "qa",
        "qa_level": "frame",
        "qa_task": "character-understanding",
        "question": "Is the anthropomorphic character depicted against a background filled with bookshelves at 2873.0 seconds into the video?",
        "answer": "Yes",
        "old_answer": "Yes"
    },
    {
        "qa_idx": 1,
        "qa_task": "descriptive-scene",
        "question": "Where does the scene at the 2046.0-second mark of the video take place?",
        "options": [
            "A. In a forest.",
            "B. In a classroom.",
            "C. Indoors with a colorful background.",
            "D. In a park."
        ],
        "answer": "C",
        "qa_level": "frame",
        "qa_type": "mcqa",
        "old_answer": "C"
    },
    {
        "qa_idx": 2,
        "qa_type": "qa",
        "qa_level": "frame",
        "qa_task": "character-understanding",
        "question": "Is the animated character wearing a red outfit with gold buttons in the frame captured at 1192.0 seconds?",
        "answer": "Yes",
        "old_answer": "Yes"
    },
    {
        "qa_idx": 3,
        "qa_task": "character-understanding",
        "question": "What is the character at the forefront wearing in the video frame at 2969.0 seconds?",
        "options": [
            "A. A pirate costume.",
            "B. A superhero costume.",
            "C. An astronaut suit.",
            "D. A knight's armor."
        ],
        "answer": "C",
        "qa_level": "frame",
        "qa_type": "mcqa",
        "old_answer": "C"
    },
    {
        "qa_idx": 5,
        "qa_type": "qa",
        "qa_level": "within_event",
        "qa_task": "camera-direction",
        "question": "Does the camera follow the pig character as it walks on a paved pathway amidst green grassy areas with scattered flowers from 2089.0 to 2153.0 seconds?",
        "answer": "No",
        "old_answer": "No"
    },
    {
        "qa_idx": 7,
        "qa_type": "qa",
        "qa_level": "long_term",
        "qa_task": "plot-understanding",
        "question": "Does the video depict a consistent theme of family interactions and activities across different settings from 4.0 to 3273.0 seconds?",
        "answer": "Yes",
        "old_answer": "Yes"
    },
    {
        "qa_idx": 8,
        "qa_task": "object understanding",
        "question": "What is the appearance and function of the anthropomorphic pig character in the video events from 2089.0 to 2153.0 seconds?",
        "options": [
            "A. The pig character is wearing glasses, a white T-shirt with the number 5, and yellow sneakers, and is engaged in activities like walking or running, possibly in a race or exercise.",
            "B. The pig character is wearing a red hat, blue overalls, and black shoes, and is engaged in activities like cooking and serving food.",
            "C. The pig character is wearing a green jacket, brown pants, and white shoes, and is engaged in activities like gardening and planting trees.",
            "D. The pig character is wearing a black suit, red tie, and brown shoes, and is engaged in activities like working in an office and attending meetings."
        ],
        "answer": "A",
        "qa_level": "cross_event",
        "qa_type": "mcqa",
        "old_answer": "A"
    },
    {
        "qa_idx": 9,
        "qa_task": "character-understanding",
        "question": "What are the main actions of the anthropomorphic pigs in the video events from 2352.0 to 2418.0 seconds?",
        "options": [
            "A. The pigs are seen holding colorful ice cream cones and enjoying their treats in a vehicle.",
            "B. The pigs are seen playing in the rain outside the vehicle.",
            "C. The pigs are seen cooking a meal in a kitchen.",
            "D. The pigs are seen sleeping in a cozy indoor setting."
        ],
        "answer": "A",
        "qa_level": "cross_event",
        "qa_type": "mcqa",
        "old_answer": "A"
    },
    {
        "qa_idx": 10,
        "qa_task": "temporal-relationship",
        "question": "What activity were the anthropomorphic pigs engaged in before they were seen in the grocery store?",
        "options": [
            "A. Playing in a children's bedroom.",
            "B. Engaging in a bedtime routine.",
            "C. Participating in a carnival.",
            "D. Interacting in a classroom."
        ],
        "answer": "A",
        "qa_level": "long_term",
        "qa_type": "mcqa",
        "old_answer": "A"
    },
    {
        "qa_idx": 11,
        "qa_task": "spatial-relationship",
        "question": "Where is the brown teddy bear located in the kitchen scene?",
        "options": [
            "A. On the floor.",
            "B. On the blue table.",
            "C. On the window sill.",
            "D. On the sink."
        ],
        "answer": "A",
        "qa_level": "long_term",
        "qa_type": "mcqa",
        "old_answer": "A"
    },
    {
        "qa_idx": 12,
        "qa_task": "object-direction",
        "question": "In the video from 4.0 to 3273.0 seconds, which direction does the red convertible car move towards when it is parked outside the supermarket?",
        "options": [
            "A. Towards the entrance.",
            "B. Away from the entrance.",
            "C. Towards the left.",
            "D. Towards the right."
        ],
        "answer": "A",
        "qa_level": "long_term",
        "qa_type": "mcqa",
        "old_answer": "A"
    },
    {
        "qa_idx": 13,
        "qa_task": "camera-direction",
        "question": "How does the camera move in the scene from 4.0 to 3273.0 seconds when the characters are in the children's bedroom?",
        "options": [
            "A. The camera zooms in on the characters.",
            "B. The camera pans across the room.",
            "C. The camera remains stationary.",
            "D. The camera zooms out to show the entire room."
        ],
        "answer": "B",
        "qa_level": "long_term",
        "qa_type": "mcqa",
        "old_answer": "B"
    },
    {
        "qa_idx": 14,
        "qa_task": "speed",
        "question": "Which character is faster in the video from 4.0 to 3273.0 seconds, the pink pig character or the red convertible car?",
        "options": [
            "A. The pink pig character.",
            "B. The red convertible car.",
            "C. Both are at the same speed.",
            "D. None of the above."
        ],
        "answer": "B",
        "qa_level": "long_term",
        "qa_type": "mcqa",
        "old_answer": "B"
    },
    {
        "qa_idx": 15,
        "qa_task": "descriptive-scene",
        "question": "Where do the characters engage in playful and educational activities in the video from 4.0 to 3273.0 seconds?",
        "options": [
            "A. In a children's bedroom.",
            "B. In a grocery store.",
            "C. In a classroom.",
            "D. In a garden."
        ],
        "answer": "C",
        "qa_level": "long_term",
        "qa_type": "mcqa",
        "old_answer": "C"
    }
]