[
    {
        "qa_idx": 0,
        "qa_type": "qa",
        "qa_level": "frame",
        "qa_task": "character-understanding",
        "question": "Are the toy characters walking in a lush, green landscape at 1546.0 seconds into the video?",
        "answer": "Yes",
        "old_answer": "Yes"
    },
    {
        "qa_idx": 1,
        "qa_task": "spatial-relationship",
        "question": "What is the backdrop of the scene at 2219.0 seconds into the video?",
        "options": [
            "A. A cityscape with tall buildings.",
            "B. Rolling hills and stylized trees.",
            "C. A beach with waves and sand.",
            "D. A desert with cacti and sand dunes."
        ],
        "answer": "B",
        "qa_level": "frame",
        "qa_type": "mcqa",
        "old_answer": "B"
    },
    {
        "qa_idx": 2,
        "qa_task": "object understanding",
        "question": "What is the central focus of the animated scene at 1121.0 seconds into the video?",
        "options": [
            "A. A white bear-like character with large expressive eyes and a big black nose.",
            "B. A red car with shiny wheels and a blue roof.",
            "C. A yellow bird with a long beak and colorful feathers.",
            "D. A green frog with a small crown and a wide smile."
        ],
        "answer": "A",
        "qa_level": "frame",
        "qa_type": "mcqa",
        "old_answer": "A"
    },
    {
        "qa_idx": 3,
        "qa_task": "spatial-relationship",
        "question": "Where is the blue toy helmet located in the frame at 3244.0 seconds?",
        "options": [
            "A. On the log.",
            "B. To the left of the toy bears.",
            "C. To the right of the toy bears.",
            "D. In the background."
        ],
        "answer": "C",
        "qa_level": "frame",
        "qa_type": "mcqa",
        "old_answer": "C"
    },
    {
        "qa_idx": 4,
        "qa_type": "qa",
        "qa_level": "within_event",
        "qa_task": "action-understanding",
        "question": "Do the animated characters engage in playful activities near a hill house at the beginning of the sequence from 386.0 to 465.0 seconds?",
        "answer": "Yes",
        "old_answer": "Yes"
    },
    {
        "qa_idx": 5,
        "qa_type": "qa",
        "qa_level": "cross_event",
        "qa_task": "speed",
        "question": "From 1535.0 to 1602.0, did the toys cross the wooden bridge quickly?",
        "answer": "No",
        "old_answer": "No"
    },
    {
        "qa_idx": 6,
        "qa_task": "camera-direction",
        "question": "Does the camera move closer to the bear-like toy interacting with the control panel or does it stay at a distance in the video event from 3432.0 to 3490.0 seconds?",
        "options": [
            "A. The camera moves closer to the bear-like toy.",
            "B. The camera stays at a distance.",
            "C. The camera moves away from the bear-like toy.",
            "D. The camera circles around the bear-like toy."
        ],
        "answer": "A",
        "qa_level": "within_event",
        "qa_type": "mcqa",
        "old_answer": "A"
    },
    {
        "qa_idx": 7,
        "qa_task": "object understanding",
        "question": "What is the main theme of the children's room described in the events from 3364.0 to 3428.0 seconds and H to e seconds?",
        "options": [
            "A. Space and planets.",
            "B. Underwater and sea creatures.",
            "C. Strawberry and animal toys.",
            "D. Jungle and wild animals."
        ],
        "answer": "C",
        "qa_level": "cross_event",
        "qa_type": "mcqa",
        "old_answer": "C"
    },
    {
        "qa_idx": 8,
        "qa_task": "attribute-change",
        "question": "How does the setting change from the beginning to the end of the event from 3235.0 to 3295.0 seconds?",
        "options": [
            "A. The scene changes from an indoor setting with a brightly colored room to an outdoor setting with rolling green hills and a bright blue sky.",
            "B. The scene remains indoors throughout the event, with only the characters changing.",
            "C. The scene changes from an outdoor setting to an indoor setting with a brightly colored room.",
            "D. The scene remains outdoors throughout the event, with only the characters changing."
        ],
        "answer": "A",
        "qa_level": "cross_event",
        "qa_type": "mcqa",
        "old_answer": "A"
    },
    {
        "qa_idx": 9,
        "qa_task": "temporal-relationship",
        "question": "What happens after the characters gather around a table with a cake and food items amidst a backdrop of staircases, decorated walls, and string lights?",
        "options": [
            "A. The characters' colorful limbs converge in a gesture of unity against a bright green background.",
            "B. The scene transitions to a whimsical forest dominated by a lush green logo and multicolored trees.",
            "C. The characters engage in digging and playing amidst stylized trees and colorful hills.",
            "D. The scene shifts to a vibrant outdoor setting with a bear equipped with a jetpack and a red fox on a scooter."
        ],
        "answer": "A",
        "qa_level": "long_term",
        "qa_type": "mcqa",
        "old_answer": "A"
    },
    {
        "qa_idx": 11,
        "qa_task": "camera-direction",
        "question": "What is the camera doing when the scene transitions to the animated characters celebrating with balloons, hats, and a multi-layered cake in a festive atmosphere from 1.0 to 3626.0 seconds?",
        "options": [
            "A. The camera is zooming in on the characters.",
            "B. The camera is panning to the left.",
            "C. The camera is moving closer to the cake.",
            "D. The camera is zooming out to show the entire scene."
        ],
        "answer": "D",
        "qa_level": "long_term",
        "qa_type": "mcqa",
        "old_answer": "D"
    },
    {
        "qa_idx": 12,
        "qa_task": "speed",
        "question": "Which character is faster in the video, the bear with a jetpack or the red fox on a scooter?",
        "options": [
            "A. The bear with a jetpack.",
            "B. The red fox on a scooter.",
            "C. Both are at the same speed.",
            "D. None of the above."
        ],
        "answer": "A",
        "qa_level": "long_term",
        "qa_type": "mcqa",
        "old_answer": "A"
    },
    {
        "qa_idx": 14,
        "qa_task": "object understanding",
        "question": "What objects are featured in the kitchen scene with the red fox-like character?",
        "options": [
            "A. A mixer and a yellow duck-like character.",
            "B. A blue refrigerator and a small green microwave.",
            "C. A red apple and a green frog toy.",
            "D. A blue and white spacesuit and a blue sled."
        ],
        "answer": "A",
        "qa_level": "long_term",
        "qa_type": "mcqa",
        "old_answer": "A"
    }
]