[
    {
        "qa_idx": 0,
        "qa_task": "descriptive-scene",
        "question": "What is the main feature in the nighttime scene at 741.0 seconds into the video?",
        "options": [
            "A. A glowing pumpkin-like object in the sky.",
            "B. A brightly lit cityscape.",
            "C. A full moon.",
            "D. A dense forest."
        ],
        "answer": "A",
        "qa_level": "frame",
        "qa_type": "mcqa",
        "old_answer": "A"
    },
    {
        "qa_idx": 1,
        "qa_type": "qa",
        "qa_level": "frame",
        "qa_task": "object understanding",
        "question": "Is there an anthropomorphic penguin in the frame at 921.0 seconds into the video?",
        "answer": "Yes",
        "old_answer": "Yes"
    },
    {
        "qa_idx": 2,
        "qa_task": "spatial-relationship",
        "question": "Where is the tree with vibrant flowers located in the frame at 558.0 seconds?",
        "options": [
            "A. On the right side.",
            "B. In the center.",
            "C. On the left side extending toward the center.",
            "D. In the background."
        ],
        "answer": "C",
        "qa_level": "frame",
        "qa_type": "mcqa",
        "old_answer": "C"
    },
    {
        "qa_idx": 3,
        "qa_type": "qa",
        "qa_level": "within_event",
        "qa_task": "character-understanding",
        "question": "Were the characters in the video engaged in social activities from 1518.0 to 1579.0 seconds?",
        "answer": "Yes",
        "old_answer": "Yes"
    },
    {
        "qa_idx": 4,
        "qa_task": "object understanding",
        "question": "What is the color and pattern of the surfboard held by the character wearing a straw hat at 2963.0 seconds into the video?",
        "options": [
            "A. Yellow with green patterns.",
            "B. Purple with white and blue patterns.",
            "C. Blue with white and yellow patterns.",
            "D. Green with purple and white patterns."
        ],
        "answer": "B",
        "qa_level": "frame",
        "qa_type": "mcqa",
        "old_answer": "B"
    },
    {
        "qa_idx": 5,
        "qa_type": "qa",
        "qa_level": "within_event",
        "qa_task": "speed",
        "question": "Are the animated characters moving quickly while playing in the indoor playground from 1183.0 to 1244.0 seconds?",
        "answer": "Yes",
        "old_answer": "Yes"
    },
    {
        "qa_idx": 6,
        "qa_task": "descriptive-scene",
        "question": "Where is the cartoon pig character located in the video frame at 2081.0 seconds?",
        "options": [
            "A. Indoors.",
            "B. In a car.",
            "C. Outdoors.",
            "D. In a classroom."
        ],
        "answer": "C",
        "qa_level": "frame",
        "qa_type": "mcqa",
        "old_answer": "C"
    },
    {
        "qa_idx": 7,
        "qa_type": "qa",
        "qa_level": "cross_event",
        "qa_task": "speed",
        "question": "Did the characters in the marketplace scene (1380.0 to 1441.0) move at a slower pace compared to the characters in the ship and countryside traffic scene (1442.0 to 1500.0)?",
        "answer": "Yes",
        "old_answer": "Yes"
    },
    {
        "qa_idx": 8,
        "qa_type": "qa",
        "qa_level": "cross_event",
        "qa_task": "speed",
        "question": "Did the market activities in the first event (1317.0 to 1379.0) take place at a faster pace compared to the interactions in the second event (1380.0 to 1441.0)?",
        "answer": "No",
        "old_answer": "No"
    },
    {
        "qa_idx": 9,
        "qa_type": "qa",
        "qa_level": "long_term",
        "qa_task": "character-understanding",
        "question": "Do the anthropomorphic characters, including the pig family, engage in various activities within the shopping mall from 3.0 to 3625.0 seconds?",
        "answer": "Yes",
        "old_answer": "Yes"
    },
    {
        "qa_idx": 10,
        "qa_type": "qa",
        "qa_level": "long_term",
        "qa_task": "action-understanding",
        "question": "After the family of pigs and other anthropomorphic animals finished shopping in the mall, did they all gather for a group photo in front of the mall's entrance? (Time: 3.0 - 3625.0 seconds)",
        "answer": "No",
        "old_answer": "No"
    },
    {
        "qa_idx": 12,
        "qa_task": "object-direction",
        "question": "In the video events from 361.0 to 423.0 seconds and H to e seconds, how does the direction of the scene transitions contribute to the overall narrative?",
        "options": [
            "A. The transitions move from a playful daytime setting to a calm nighttime setting, emphasizing the family's daily routine.",
            "B. The transitions move from a calm nighttime setting to a playful daytime setting, emphasizing the family's energetic activities.",
            "C. The transitions remain in a single setting, focusing on the family's interactions without any change in time of day.",
            "D. The transitions move randomly between different settings without any clear direction or narrative."
        ],
        "answer": "A",
        "qa_level": "cross_event",
        "qa_type": "mcqa",
        "old_answer": "A"
    },
    {
        "qa_idx": 13,
        "qa_task": "speed",
        "question": "How does the speed of activities change from the beginning to the end of the scenes described from 361.0 to 423.0 seconds and H to e seconds?",
        "options": [
            "A. The speed of activities remains constant throughout both scenes.",
            "B. The speed of activities increases from the beginning to the end of both scenes.",
            "C. The speed of activities decreases from the beginning to the end of both scenes.",
            "D. The speed of activities varies inconsistently throughout both scenes."
        ],
        "answer": "C",
        "qa_level": "cross_event",
        "qa_type": "mcqa",
        "old_answer": "C"
    },
    {
        "qa_idx": 14,
        "qa_task": "spatial-relationship",
        "question": "Where is the houseplant located in the scene featuring the photo booth?",
        "options": [
            "A. To the right of the photo booth.",
            "B. To the left of the photo booth.",
            "C. In front of the photo booth.",
            "D. Behind the photo booth."
        ],
        "answer": "A",
        "qa_level": "long_term",
        "qa_type": "mcqa",
        "old_answer": "A"
    },
    {
        "qa_idx": 15,
        "qa_task": "causal",
        "question": "Why did the anthropomorphic characters move indoors after being outside the shopping mall?",
        "options": [
            "A. To escape the rain.",
            "B. To continue their shopping activities.",
            "C. To attend a meeting.",
            "D. To visit a photo booth."
        ],
        "answer": "B",
        "qa_level": "long_term",
        "qa_type": "mcqa",
        "old_answer": "B"
    },
    {
        "qa_idx": 17,
        "qa_task": "object-direction",
        "question": "In the video from 3.0 to 3625.0 seconds, which direction were the two anthropomorphic characters moving on the escalator?",
        "options": [
            "A. Both were ascending.",
            "B. Both were descending.",
            "C. One was ascending and the other was descending.",
            "D. Both were standing still."
        ],
        "answer": "C",
        "qa_level": "long_term",
        "qa_type": "mcqa",
        "old_answer": "C"
    },
    {
        "qa_idx": 18,
        "qa_task": "camera-direction",
        "question": "What does the camera do as the scene transitions from the outdoor shopping mall to the indoor mall environment between 3.0 and 3625.0 seconds?",
        "options": [
            "A. The camera zooms in on the characters.",
            "B. The camera pans to the left.",
            "C. The camera moves indoors.",
            "D. The camera tilts upwards."
        ],
        "answer": "C",
        "qa_level": "long_term",
        "qa_type": "mcqa",
        "old_answer": "C"
    },
    {
        "qa_idx": 19,
        "qa_task": "speed",
        "question": "Which character was moving faster on the escalator in the mall environment between 3.0 and 3625.0 seconds?",
        "options": [
            "A. The white character with pink accents.",
            "B. The pink character with darker pink spots.",
            "C. Both characters were moving at the same speed.",
            "D. Neither character was moving."
        ],
        "answer": "C",
        "qa_level": "long_term",
        "qa_type": "mcqa",
        "old_answer": "C"
    },
    {
        "qa_idx": 20,
        "qa_task": "attribute-change",
        "question": "How does the setting change from the beginning to the end of the video from 3.0 to 3625.0 seconds?",
        "options": [
            "A. From a shopping mall to a construction-themed playground.",
            "B. From a beach to an underwater exploration.",
            "C. From a classroom to a festive Halloween celebration.",
            "D. From a garden to a police station."
        ],
        "answer": "A",
        "qa_level": "long_term",
        "qa_type": "mcqa",
        "old_answer": "A"
    },
    {
        "qa_idx": 21,
        "qa_task": "character-understanding",
        "question": "What activity is the pig family engaged in at the beginning of the video from 3.0 to 3625.0 seconds?",
        "options": [
            "A. Exploring a colorful store.",
            "B. Riding scooters.",
            "C. Gardening.",
            "D. Attending a Halloween-themed celebration."
        ],
        "answer": "A",
        "qa_level": "long_term",
        "qa_type": "mcqa",
        "old_answer": "A"
    },
    {
        "qa_idx": 22,
        "qa_task": "descriptive-scene",
        "question": "Where do the anthropomorphic characters engage in various activities from 3.0 to 3625.0 seconds?",
        "options": [
            "A. In a shopping mall.",
            "B. In a classroom.",
            "C. In a garden.",
            "D. In a construction site."
        ],
        "answer": "A",
        "qa_level": "long_term",
        "qa_type": "mcqa",
        "old_answer": "A"
    }
]