[
    {
        "qa_idx": 0,
        "qa_type": "qa",
        "qa_level": "frame",
        "qa_task": "character-understanding",
        "question": "Is there a red stop sign visible in the frame at 1909.0 seconds?",
        "answer": "Yes",
        "old_answer": "Yes"
    },
    {
        "qa_idx": 1,
        "qa_task": "character-understanding",
        "question": "What is the person in the black shirt holding in the video frame at 504.0 seconds?",
        "options": [
            "A. A red tray with hotdogs.",
            "B. A green tray with burgers.",
            "C. A blue tray with sandwiches.",
            "D. A yellow tray with pizzas."
        ],
        "answer": "A",
        "qa_level": "frame",
        "qa_type": "mcqa",
        "old_answer": "A"
    },
    {
        "qa_idx": 2,
        "qa_type": "qa",
        "qa_level": "frame",
        "qa_task": "object understanding",
        "question": "Is the food dish being presented on a white, disposable tray at 1497.0 seconds into the video?",
        "answer": "Yes",
        "old_answer": "Yes"
    },
    {
        "qa_idx": 3,
        "qa_task": "character-understanding",
        "question": "What is the person in the video doing at 836.0 seconds?",
        "options": [
            "A. The person is cleaning the kitchen.",
            "B. The person is preparing food.",
            "C. The person is serving customers.",
            "D. The person is eating."
        ],
        "answer": "B",
        "qa_level": "frame",
        "qa_type": "mcqa",
        "old_answer": "B"
    },
    {
        "qa_idx": 4,
        "qa_task": "spatial-relationship",
        "question": "What is placed centrally within the image at 919.0 seconds into the video?",
        "options": [
            "A. A plate of salad.",
            "B. A bowl of soup or stew.",
            "C. A glass of juice.",
            "D. A loaf of bread."
        ],
        "answer": "B",
        "qa_level": "frame",
        "qa_type": "mcqa",
        "old_answer": "B"
    },
    {
        "qa_idx": 5,
        "qa_task": "descriptive-scene",
        "question": "What is the name of the building captured in the video frame at 778.0 seconds?",
        "options": [
            "A. Rollie's Mexican Patio.",
            "B. Joe's Italian Bistro.",
            "C. The Green Garden Cafe.",
            "D. The Blue Lagoon Bar."
        ],
        "answer": "A",
        "qa_level": "frame",
        "qa_type": "mcqa",
        "old_answer": "A"
    },
    {
        "qa_idx": 6,
        "qa_type": "qa",
        "qa_level": "cross_event",
        "qa_task": "object understanding",
        "question": "Is there a man in a green shirt eating food in both video events from 640.0 to 699.0 and 703.0 to 864.0?",
        "answer": "Yes",
        "old_answer": "Yes"
    },
    {
        "qa_idx": 7,
        "qa_task": "camera-direction",
        "question": "During the event from 1016.0 to 1079.0 seconds, does the camera focus more on the people or the food?",
        "options": [
            "A. The camera focuses more on the people.",
            "B. The camera focuses more on the food.",
            "C. The camera equally focuses on both the people and the food.",
            "D. The camera does not focus on either the people or the food."
        ],
        "answer": "C",
        "qa_level": "within_event",
        "qa_type": "mcqa",
        "old_answer": "C"
    },
    {
        "qa_idx": 8,
        "qa_type": "qa",
        "qa_level": "long_term",
        "qa_task": "plot-understanding",
        "question": "Does the video depict a continuous journey of exploring different food settings and social interactions from a busy street intersection to various dining environments, including food trucks and casual dining establishments, from 5.0 to 1948.0 seconds?",
        "answer": "Yes",
        "old_answer": "Yes"
    },
    {
        "qa_idx": 9,
        "qa_type": "qa",
        "qa_level": "long_term",
        "qa_task": "object understanding",
        "question": "Is there a food truck labeled 'TAQUERIA EL RAPIDO' in the video between 5.0 and 1948.0 seconds?",
        "answer": "Yes",
        "old_answer": "Yes"
    },
    {
        "qa_idx": 10,
        "qa_task": "attribute-change",
        "question": "How does the focus of the scene change from the beginning to the end of the video event from 877.0 to 938.0 seconds?",
        "options": [
            "A. From a man standing next to a dishwashing station to a person pouring liquid into a styrofoam cup.",
            "B. From a bustling kitchen to a quiet dining area.",
            "C. From a person stirring a pot to a person washing dishes.",
            "D. From a person deep-frying food to a person cleaning the kitchen."
        ],
        "answer": "A",
        "qa_level": "within_event",
        "qa_type": "mcqa",
        "old_answer": "A"
    },
    {
        "qa_idx": 11,
        "qa_task": "attribute-change",
        "question": "How does the focus of the food change from the beginning to the end of the event from 1149.0 to 1218.0 seconds?",
        "options": [
            "A. The focus shifts from a close-up of loaded fries to a close-up of noodles being lifted from a container.",
            "B. The focus remains on the loaded fries throughout the event.",
            "C. The focus shifts from a close-up of noodles to a close-up of loaded fries being lifted from a container.",
            "D. The focus remains on the noodles throughout the event."
        ],
        "answer": "A",
        "qa_level": "cross_event",
        "qa_type": "mcqa",
        "old_answer": "A"
    },
    {
        "qa_idx": 12,
        "qa_task": "temporal-relationship",
        "question": "What happens after the man in a green shirt is seen standing near a building with a beige exterior and red trim?",
        "options": [
            "A. The scene transitions to a bustling urban environment with multiple cars, traffic lights, trees, and commercial structures.",
            "B. The scene shifts to a close-up of food preparation in a kitchen setting.",
            "C. The scene captures a man in a green shirt eating food in a casual dining space.",
            "D. The scene transitions to an outdoor dining area under a canopy."
        ],
        "answer": "A",
        "qa_level": "long_term",
        "qa_type": "mcqa",
        "old_answer": "A"
    },
    {
        "qa_idx": 16,
        "qa_task": "camera-direction",
        "question": "In the video from 5.0 to 1948.0 seconds, what direction does the camera move when focusing on the food truck 'TAQUERIA EL RAPIDO'?",
        "options": [
            "A. The camera moves closer to the food truck.",
            "B. The camera moves away from the food truck.",
            "C. The camera moves to the left of the food truck.",
            "D. The camera moves to the right of the food truck."
        ],
        "answer": "A",
        "qa_level": "long_term",
        "qa_type": "mcqa",
        "old_answer": "A"
    },
    {
        "qa_idx": 17,
        "qa_task": "speed",
        "question": "Which vehicle is faster in the video from 5.0 to 1948.0 seconds?",
        "options": [
            "A. The dark truck nearing a crosswalk.",
            "B. The white SUV.",
            "C. The food truck 'TAQUERIA EL RAPIDO'.",
            "D. The van with the sign 'TAQUERIA EL RAPIDO'."
        ],
        "answer": "A",
        "qa_level": "long_term",
        "qa_type": "mcqa",
        "old_answer": "A"
    },
    {
        "qa_idx": 18,
        "qa_task": "attribute-change",
        "question": "How does the setting change from the beginning to the end of the video event from 5.0 to 1948.0 seconds?",
        "options": [
            "A. From a casual dining setting to a bustling kitchen environment.",
            "B. From a busy street intersection to a casual dining setting.",
            "C. From a food truck scene to a professional kitchen setting.",
            "D. From an outdoor social gathering to an indoor dining establishment."
        ],
        "answer": "D",
        "qa_level": "long_term",
        "qa_type": "mcqa",
        "old_answer": "D"
    },
    {
        "qa_idx": 19,
        "qa_task": "character-understanding",
        "question": "What is the man in the green shirt doing at the beginning of the video?",
        "options": [
            "A. Standing on a paved area with a backpack.",
            "B. Eating tacos at a table.",
            "C. Preparing food in a kitchen.",
            "D. Interacting with a food truck."
        ],
        "answer": "A",
        "qa_level": "long_term",
        "qa_type": "mcqa",
        "old_answer": "A"
    },
    {
        "qa_idx": 20,
        "qa_task": "object understanding",
        "question": "What kind of food items are prominently featured in the video from 5.0 to 1948.0 seconds?",
        "options": [
            "A. Burgers and fries.",
            "B. Tacos and hot dogs.",
            "C. Pizza and pasta.",
            "D. Sushi and sashimi."
        ],
        "answer": "B",
        "qa_level": "long_term",
        "qa_type": "mcqa",
        "old_answer": "B"
    },
    {
        "qa_idx": 21,
        "qa_task": "time-order",
        "question": "In which order do the events occur in the video from 5.0 to 1948.0 seconds?",
        "options": [
            "A. A man in a green shirt is seen standing on a paved area, then the focus shifts to a close-up of tacos, followed by a person in a green shirt seated at a table enjoying a meal.",
            "B. The scene opens with a man in a green shirt standing on a paved area, then transitions to a close-up of tacos, followed by a person in a green shirt seated at a table enjoying a meal, and finally, a busy street intersection is shown.",
            "C. The video starts with a man in a green shirt standing on a paved area, then shows a close-up of tacos, followed by a person in a green shirt seated at a table enjoying a meal, and ends with a busy street intersection and outdoor gatherings.",
            "D. The video begins with a man in a green shirt standing on a paved area, then transitions to a close-up of tacos, followed by a person in a green shirt seated at a table enjoying a meal, and concludes with a busy street intersection, outdoor gatherings, and a handshake between two men."
        ],
        "answer": "D",
        "qa_level": "long_term",
        "qa_type": "mcqa",
        "old_answer": "D"
    }
]