[
    {
        "qa_idx": 0,
        "qa_type": "qa",
        "qa_level": "frame",
        "qa_task": "object understanding",
        "question": "Is the boy standing slightly to the right in the frame at 701.0 seconds?",
        "answer": "Yes",
        "old_answer": "Yes"
    },
    {
        "qa_idx": 1,
        "qa_task": "object understanding",
        "question": "What is the primary focus of the frame at 1311.0 seconds into the video?",
        "options": [
            "A. A close-up shot of an individual, potentially a girl.",
            "B. A wide shot of a landscape.",
            "C. A group of people in a brightly lit room.",
            "D. A close-up shot of a man."
        ],
        "answer": "A",
        "qa_level": "frame",
        "qa_type": "mcqa",
        "old_answer": "A"
    },
    {
        "qa_idx": 2,
        "qa_task": "descriptive-scene",
        "question": "Where does the scene at 1729.0 seconds into the video take place?",
        "options": [
            "A. In a formal or semi-formal interior setting.",
            "B. In a garden.",
            "C. In a kitchen.",
            "D. In a busy street."
        ],
        "answer": "A",
        "qa_level": "frame",
        "qa_type": "mcqa",
        "old_answer": "A"
    },
    {
        "qa_idx": 3,
        "qa_type": "qa",
        "qa_level": "within_event",
        "qa_task": "object understanding",
        "question": "Is the woman wearing a beige suit jacket in the video from 1682.0 to 1745.0 seconds?",
        "answer": "Yes",
        "old_answer": "Yes"
    },
    {
        "qa_idx": 4,
        "qa_task": "descriptive-scene",
        "question": "Where does the scene at 1082.0 seconds into the video take place?",
        "options": [
            "A. In a kitchen.",
            "B. In an office or classroom.",
            "C. In a garden.",
            "D. In a living room."
        ],
        "answer": "B",
        "qa_level": "frame",
        "qa_type": "mcqa",
        "old_answer": "B"
    },
    {
        "qa_idx": 5,
        "qa_type": "qa",
        "qa_level": "within_event",
        "qa_task": "speed",
        "question": "Did the credits roll at a fast pace from 2329.0 to 2378.0 seconds?",
        "answer": "No",
        "old_answer": "No"
    },
    {
        "qa_idx": 6,
        "qa_task": "descriptive-scene",
        "question": "Where is the person in the video frame at 2020.0 seconds?",
        "options": [
            "A. In a park.",
            "B. In an office.",
            "C. In a home setting.",
            "D. In a store."
        ],
        "answer": "C",
        "qa_level": "frame",
        "qa_type": "mcqa",
        "old_answer": "C"
    },
    {
        "qa_idx": 7,
        "qa_type": "qa",
        "qa_level": "cross_event",
        "qa_task": "plot-understanding",
        "question": "Do both video events from 127.0 to 186.0 and 190.0 to 260.0 feature individuals in traditional attire?",
        "answer": "Yes",
        "old_answer": "Yes"
    },
    {
        "qa_idx": 8,
        "qa_type": "qa",
        "qa_level": "cross_event",
        "qa_task": "camera-direction",
        "question": "From the time of 510.0 to 515.0, does the camera shift to another indoor setting after showcasing a man in formal attire? And from the time of 516.0 to 580.0, does the camera transition between different architectural contexts, including both indoor and outdoor settings?",
        "answer": "Yes",
        "old_answer": "Yes"
    },
    {
        "qa_idx": 9,
        "qa_task": "attribute-change",
        "question": "How does the lighting change throughout the scene from 1372.0 to 1436.0 seconds?",
        "options": [
            "A. The lighting becomes darker and more intense.",
            "B. The lighting remains consistently dim.",
            "C. The lighting shifts from dim to warm and cozy.",
            "D. The lighting changes from bright to dark."
        ],
        "answer": "C",
        "qa_level": "within_event",
        "qa_type": "mcqa",
        "old_answer": "C"
    },
    {
        "qa_idx": 11,
        "qa_task": "temporal-relationship",
        "question": "What happens after the serene and dynamic close-up view of the water surface with expanding ripples?",
        "options": [
            "A. The video transitions to a series of frames featuring a logo with the stylized letters 'MD' and the word 'entertainment' beneath it.",
            "B. The video shows a woman standing in an indoor setting adorned with soft, warm lighting.",
            "C. The video captures a man standing against a weathered stone wall, dressed in a white shirt.",
            "D. The video transitions to a scene featuring a group of individuals in a well-lit corridor likely within an educational institution."
        ],
        "answer": "A",
        "qa_level": "long_term",
        "qa_type": "mcqa",
        "old_answer": "A"
    },
    {
        "qa_idx": 13,
        "qa_task": "time-order",
        "question": "In which order do the events occur in the video from 6.0 to 2388.0 seconds?",
        "options": [
            "A. A serene and dynamic close-up view of a water surface is captured, followed by a logo with the stylized letters 'MD' and the word 'entertainment'.",
            "B. A woman in light-colored clothing appears in a warmly lit background, followed by a man near a wooden wall.",
            "C. A series of frames featuring a logo with the stylized letters 'MD' and the word 'entertainment' beneath it, followed by a woman in light-colored clothing in a warmly lit background.",
            "D. A man positioned on the right in an indoor setting, followed by a woman in light-colored attire with jewelry in a dimly lit indoor setting."
        ],
        "answer": "C",
        "qa_level": "long_term",
        "qa_type": "mcqa",
        "old_answer": "C"
    },
    {
        "qa_idx": 14,
        "qa_task": "plot-understanding",
        "question": "What is the main focus of the video from 6.0 to 2388.0 seconds?",
        "options": [
            "A. A serene and dynamic close-up view of a water surface.",
            "B. A series of indoor and outdoor scenes featuring individuals in various settings.",
            "C. A detailed credits sequence listing various contributors to the production.",
            "D. A branding introduction featuring the 'MD entertainment' logo."
        ],
        "answer": "B",
        "qa_level": "long_term",
        "qa_type": "mcqa",
        "old_answer": "B"
    },
    {
        "qa_idx": 15,
        "qa_task": "camera-direction",
        "question": "What direction does the camera move when the scene transitions from the serene water surface to the logo with the stylized letters 'MD' and the word 'entertainment'?",
        "options": [
            "A. The camera moves closer to the water surface.",
            "B. The camera zooms out to reveal the logo.",
            "C. The camera pans to the left to show the logo.",
            "D. The camera tilts upwards to reveal the logo."
        ],
        "answer": "B",
        "qa_level": "long_term",
        "qa_type": "mcqa",
        "old_answer": "B"
    },
    {
        "qa_idx": 16,
        "qa_task": "speed",
        "question": "Which character appears to be moving faster in the video sequence from 6.0 to 2388.0 seconds?",
        "options": [
            "A. The woman in light-colored clothing with jewelry.",
            "B. The man in a light-colored shirt near a wooden wall.",
            "C. The woman seated on an intricately decorated couch.",
            "D. The man standing against a weathered stone wall."
        ],
        "answer": "A",
        "qa_level": "long_term",
        "qa_type": "mcqa",
        "old_answer": "A"
    },
    {
        "qa_idx": 17,
        "qa_task": "attribute-change",
        "question": "How does the lighting change from the beginning to the end of the video event from 6.0 to 2388.0 seconds?",
        "options": [
            "A. The lighting remains constant throughout.",
            "B. The lighting changes from dim to warm and ambient.",
            "C. The lighting changes from bright to dark.",
            "D. The lighting changes from warm to dim."
        ],
        "answer": "B",
        "qa_level": "long_term",
        "qa_type": "mcqa",
        "old_answer": "B"
    },
    {
        "qa_idx": 18,
        "qa_task": "object understanding",
        "question": "What is the logo featured in the video from 6.0 to 2388.0 seconds?",
        "options": [
            "A. MD entertainment.",
            "B. ABC productions.",
            "C. XYZ studios.",
            "D. LMN films."
        ],
        "answer": "A",
        "qa_level": "long_term",
        "qa_type": "mcqa",
        "old_answer": "A"
    }
]