[
    {
        "qa_idx": 0,
        "qa_type": "qa",
        "qa_level": "frame",
        "qa_task": "object understanding",
        "question": "Is there a large screen displaying a slide with the title 'Summary' in the video frame at 1679.0 seconds?",
        "answer": "Yes",
        "old_answer": "Yes"
    },
    {
        "qa_idx": 1,
        "qa_type": "qa",
        "qa_level": "within_event",
        "qa_task": "camera-direction",
        "question": "Does the camera remain stationary while capturing the speaker and presentation slides from 421.0 to 585.0 seconds?",
        "answer": "Yes",
        "old_answer": "Yes"
    },
    {
        "qa_idx": 2,
        "qa_task": "character-understanding",
        "question": "What is the title of the slide displayed at 844.0 seconds into the video?",
        "options": [
            "A. Samsung Health.",
            "B. Service Platform.",
            "C. Health Data Server.",
            "D. Billing Server."
        ],
        "answer": "B",
        "qa_level": "frame",
        "qa_type": "mcqa",
        "old_answer": "B"
    },
    {
        "qa_idx": 4,
        "qa_type": "qa",
        "qa_level": "cross_event",
        "qa_task": "speed",
        "question": "Did the presentation in the first event (421.0 to 585.0) proceed at a faster pace compared to the second event (624.0 to 699.0)?",
        "answer": "No",
        "old_answer": "No"
    },
    {
        "qa_idx": 8,
        "qa_task": "time-order",
        "question": "What is the correct sequence of events from the two video descriptions between 2.0 to 99.0 seconds and H to e seconds?",
        "options": [
            "A. The event starts with a promotional poster from the Samsung Developer Conference, followed by a slide titled 'Outline' in a presentation.",
            "B. The event starts with a slide titled 'Outline' in a presentation, followed by a promotional poster from the Samsung Developer Conference.",
            "C. The event starts with a promotional poster from the Samsung Developer Conference, followed by a scene unrelated to the conference.",
            "D. The event starts with a scene unrelated to the conference, followed by a slide titled 'Outline' in a presentation."
        ],
        "answer": "A",
        "qa_level": "cross_event",
        "qa_type": "mcqa",
        "old_answer": "A"
    },
    {
        "qa_idx": 10,
        "qa_task": "temporal-relationship",
        "question": "What was the main focus of the presentation at the Samsung Developer Conference after discussing the 'Global Challenge' slide?",
        "options": [
            "A. The history and evolution of Samsung Health.",
            "B. The integration of mobile technology and wearable devices in promoting fitness and health.",
            "C. The FDA Precertification Pilot program.",
            "D. The technical infrastructure of Samsung's health-related services."
        ],
        "answer": "B",
        "qa_level": "long_term",
        "qa_type": "mcqa",
        "old_answer": "B"
    },
    {
        "qa_idx": 11,
        "qa_task": "spatial-relationship",
        "question": "Where is the person standing while presenting the 'History' slide at the Samsung Developer Conference?",
        "options": [
            "A. On the right side of the frame in front of a blue backdrop.",
            "B. On the left side of the frame in front of a blue backdrop.",
            "C. In the center of the frame in front of a blue backdrop.",
            "D. On the right side of the frame in front of a red backdrop."
        ],
        "answer": "B",
        "qa_level": "long_term",
        "qa_type": "mcqa",
        "old_answer": "B"
    },
    {
        "qa_idx": 14,
        "qa_task": "object-direction",
        "question": "In which direction is the person presenting at the Samsung Developer Conference standing relative to the large screen displaying the presentation slides from 2.0 to 2130.0 seconds?",
        "options": [
            "A. To the left of the screen.",
            "B. To the right of the screen.",
            "C. In front of the screen.",
            "D. Behind the screen."
        ],
        "answer": "A",
        "qa_level": "long_term",
        "qa_type": "mcqa",
        "old_answer": "A"
    },
    {
        "qa_idx": 15,
        "qa_task": "camera-direction",
        "question": "How does the camera move during the presentation at the Samsung Developer Conference from 2.0 seconds to 2130.0 seconds?",
        "options": [
            "A. The camera remains stationary throughout the presentation.",
            "B. The camera moves closer to the speaker and the presentation slides.",
            "C. The camera moves away from the speaker and the presentation slides.",
            "D. The camera pans around the audience."
        ],
        "answer": "B",
        "qa_level": "long_term",
        "qa_type": "mcqa",
        "old_answer": "B"
    },
    {
        "qa_idx": 17,
        "qa_task": "attribute-change",
        "question": "How does the presentation content evolve from the beginning to the end of the Samsung Developer Conference?",
        "options": [
            "A. It starts with a promotional poster and ends with a detailed discussion on the FDA Precertification Pilot program.",
            "B. It begins with a fitness demonstration and concludes with a promotional poster.",
            "C. It starts with a discussion on Samsung Health's vision and ends with a fitness demonstration.",
            "D. It begins with a technical presentation on SDKs and ends with a promotional poster."
        ],
        "answer": "A",
        "qa_level": "long_term",
        "qa_type": "mcqa",
        "old_answer": "A"
    },
    {
        "qa_idx": 18,
        "qa_task": "character-understanding",
        "question": "What is the main activity of the person standing on the left side of the stage at the Samsung Developer Conference from 2.0 to 2130.0 seconds?",
        "options": [
            "A. The person is presenting slides about Samsung Health's vision and mission.",
            "B. The person is engaging in a fitness demonstration.",
            "C. The person is participating in a panel discussion.",
            "D. The person is setting up electronic equipment."
        ],
        "answer": "A",
        "qa_level": "long_term",
        "qa_type": "mcqa",
        "old_answer": "A"
    },
    {
        "qa_idx": 20,
        "qa_task": "time-order",
        "question": "In which order do the events occur in the video from 2.0 to 2130.0 seconds?",
        "options": [
            "A. The event starts with a promotional poster from the Samsung Developer Conference, followed by a presentation slide titled 'Outline', and then a slide describing Samsung Health's vision and mission.",
            "B. The event starts with a promotional poster from the Samsung Developer Conference, followed by a presentation slide titled 'Outline', and then a slide titled 'History' mapping out the evolution of Samsung's health services.",
            "C. The event starts with a promotional poster from the Samsung Developer Conference, followed by a presentation slide titled 'Outline', and then a slide titled 'Global Challenge' outlining components of a fitness or activity challenge.",
            "D. The event starts with a promotional poster from the Samsung Developer Conference, followed by a presentation slide titled 'Outline', and then a slide titled 'Service Platform and SDKs' along with the name 'Narendra Bidari'."
        ],
        "answer": "A",
        "qa_level": "long_term",
        "qa_type": "mcqa",
        "old_answer": "A"
    }
]