[
    {
        "qa_idx": 0,
        "qa_type": "qa",
        "qa_level": "frame",
        "qa_task": "character-understanding",
        "question": "Is there a character with a pumpkin head visible in the frame at 3913.0 seconds?",
        "answer": "Yes",
        "old_answer": "Yes"
    },
    {
        "qa_idx": 1,
        "qa_task": "character-understanding",
        "question": "What is the character on the left wearing on their head in the video frame at 780.0 seconds?",
        "options": [
            "A. A baseball cap.",
            "B. A chef's hat with cookie decorations.",
            "C. A helmet.",
            "D. A crown."
        ],
        "answer": "B",
        "qa_level": "frame",
        "qa_type": "mcqa",
        "old_answer": "B"
    },
    {
        "qa_idx": 2,
        "qa_type": "qa",
        "qa_level": "frame",
        "qa_task": "character-understanding",
        "question": "Are the hands holding the clipboard wearing gloves at 3071.0 seconds into the video?",
        "answer": "Yes",
        "old_answer": "Yes"
    },
    {
        "qa_idx": 3,
        "qa_task": "spatial-relationship",
        "question": "What is to the right of the animated character with blue hair at 242.0 seconds into the video?",
        "options": [
            "A. A row of grey lockers.",
            "B. A window.",
            "C. A door.",
            "D. A bookshelf."
        ],
        "answer": "A",
        "qa_level": "frame",
        "qa_type": "mcqa",
        "old_answer": "A"
    },
    {
        "qa_idx": 4,
        "qa_type": "qa",
        "qa_level": "within_event",
        "qa_task": "speed",
        "question": "Did the scene transition from the classroom to the blackout happen slowly between 4007.0 and 4008.0 seconds?",
        "answer": "No",
        "old_answer": "No"
    },
    {
        "qa_idx": 6,
        "qa_task": "character-understanding",
        "question": "What is the green toy-like character doing at the 1075.0 second mark of the video?",
        "options": [
            "A. The character is playing with toys.",
            "B. The character is writing in the notebook.",
            "C. The character is resting its head on one hand with eyes closed.",
            "D. The character is talking to someone."
        ],
        "answer": "C",
        "qa_level": "frame",
        "qa_type": "mcqa",
        "old_answer": "C"
    },
    {
        "qa_idx": 7,
        "qa_type": "qa",
        "qa_level": "cross_event",
        "qa_task": "action-understanding",
        "question": "In the event from 1411.0 to 1472.0, does the character with vampire-like features interact with a light switch?",
        "answer": "No",
        "old_answer": "No"
    },
    {
        "qa_idx": 8,
        "qa_task": "scene-understanding",
        "question": "What is the primary setting of the video event from 2582.0 to 2640.0 seconds?",
        "options": [
            "A. A classroom with educational elements.",
            "B. A park with playground equipment.",
            "C. A beach with sand and water.",
            "D. A city street with buildings and cars."
        ],
        "answer": "A",
        "qa_level": "within_event",
        "qa_type": "mcqa",
        "old_answer": "A"
    },
    {
        "qa_idx": 9,
        "qa_type": "qa",
        "qa_level": "cross_event",
        "qa_task": "action-understanding",
        "question": "In the scene from 2770.0 to 2835.0, does the blue creature with large eyes and small teeth engage in a dance routine in the brightly lit cafeteria?",
        "answer": "No",
        "old_answer": "No"
    },
    {
        "qa_idx": 10,
        "qa_task": "object-direction",
        "question": "In which direction does the focus move after showing the blue-haired character reading a book from 2985.0 to 3049.0 seconds?",
        "options": [
            "A. Towards a character with large blue pupils dressed as a vampire.",
            "B. Towards a wall clock with a yellow rim.",
            "C. Towards a serene night scene with a full moon and stars.",
            "D. Towards a toy character at rest."
        ],
        "answer": "A",
        "qa_level": "within_event",
        "qa_type": "mcqa",
        "old_answer": "A"
    },
    {
        "qa_idx": 11,
        "qa_type": "qa",
        "qa_level": "long_term",
        "qa_task": "object understanding",
        "question": "Is there a skeleton model with glowing red eyes in the classroom or laboratory setting at both 3.0 and 4264.0 seconds?",
        "answer": "Yes",
        "old_answer": "Yes"
    },
    {
        "qa_idx": 12,
        "qa_task": "temporal-relationship",
        "question": "What was the animated character in a purple outfit doing at the beginning of the event from 2708.0 to 2768.0 seconds?",
        "options": [
            "A. The character was giving a thumbs-up gesture.",
            "B. The character was gripping a yellow bar and appeared distressed.",
            "C. The character was standing with arms crossed.",
            "D. The character was interacting with a large blue toy."
        ],
        "answer": "B",
        "qa_level": "within_event",
        "qa_type": "mcqa",
        "old_answer": "B"
    },
    {
        "qa_idx": 13,
        "qa_task": "camera-direction",
        "question": "How does the camera movement direction change from the beginning to the end of the event sequence from 2425.0 to 2486.0 seconds?",
        "options": [
            "A. The camera starts by focusing on a toy and a table, then moves to a library, and finally focuses on characters in a hallway.",
            "B. The camera starts by focusing on a toy and a table, then moves to a kitchen, and finally focuses on characters in a garden.",
            "C. The camera starts by focusing on a toy and a table, then moves to a bedroom, and finally focuses on characters in a playground.",
            "D. The camera starts by focusing on a toy and a table, then moves to a bathroom, and finally focuses on characters in a living room."
        ],
        "answer": "A",
        "qa_level": "cross_event",
        "qa_type": "mcqa",
        "old_answer": "A"
    },
    {
        "qa_idx": 14,
        "qa_task": "descriptive-scene",
        "question": "Where do the events in the video primarily take place between the time of 2213.0 seconds to 2285.0 seconds?",
        "options": [
            "A. A lively classroom filled with anthropomorphic characters.",
            "B. A bustling city street.",
            "C. A serene beach.",
            "D. A dark forest."
        ],
        "answer": "A",
        "qa_level": "cross_event",
        "qa_type": "mcqa",
        "old_answer": "A"
    },
    {
        "qa_idx": 15,
        "qa_task": "object understanding",
        "question": "What is the appearance and function of the objects held by the characters in the scenes from 1752.0 to 1812.0 seconds?",
        "options": [
            "A. A small green figure holds a basket of small fruits or berries, and a green-skinned character holds a basket of red spherical objects resembling berries or small fruits.",
            "B. A small green figure holds a basket of flowers, and a green-skinned character holds a basket of vegetables.",
            "C. A small green figure holds a basket of toys, and a green-skinned character holds a basket of stones.",
            "D. A small green figure holds a basket of leaves, and a green-skinned character holds a basket of nuts."
        ],
        "answer": "A",
        "qa_level": "cross_event",
        "qa_type": "mcqa",
        "old_answer": "A"
    },
    {
        "qa_idx": 16,
        "qa_task": "descriptive-scene",
        "question": "Where do the events primarily take place in the video from 390.0 seconds to 470.0 seconds and H seconds to e seconds?",
        "options": [
            "A. In a vibrant and dynamic setting, a long hallway, a classroom, and a domestic environment.",
            "B. In a forest, a beach, and a mountain.",
            "C. In a city park, a shopping mall, and a library.",
            "D. In a spaceship, an underwater base, and a desert."
        ],
        "answer": "A",
        "qa_level": "cross_event",
        "qa_type": "mcqa",
        "old_answer": "A"
    },
    {
        "qa_idx": 17,
        "qa_task": "temporal-relationship",
        "question": "What was the boy in a uniform holding a flashlight and a large bone doing before the skeleton with glowing red eyes walked through the room?",
        "options": [
            "A. Wandering through various dimly lit rooms and hallways.",
            "B. Interacting with a toy skeleton with glowing red eyes.",
            "C. Standing in a brightly lit classroom.",
            "D. Engaging in a playful activity with other characters."
        ],
        "answer": "A",
        "qa_level": "long_term",
        "qa_type": "mcqa",
        "old_answer": "A"
    },
    {
        "qa_idx": 18,
        "qa_task": "spatial-relationship",
        "question": "Where is the anatomical skeleton model located in the classroom or laboratory setting?",
        "options": [
            "A. Beside a wall adorned with educational posters.",
            "B. In the middle of the room.",
            "C. Next to the double doors.",
            "D. On the workbench."
        ],
        "answer": "A",
        "qa_level": "long_term",
        "qa_type": "mcqa",
        "old_answer": "A"
    },
    {
        "qa_idx": 19,
        "qa_task": "causal",
        "question": "Why does the boy in a uniform hold a flashlight and a large bone while wandering through various dimly lit rooms and hallways from 3.0 to 4264.0 seconds?",
        "options": [
            "A. To enhance the atmosphere of exploration and investigation.",
            "B. To scare the skeleton with glowing red eyes.",
            "C. To find a hidden treasure.",
            "D. To play a prank on his friends."
        ],
        "answer": "A",
        "qa_level": "long_term",
        "qa_type": "mcqa",
        "old_answer": "A"
    },
    {
        "qa_idx": 20,
        "qa_task": "plot-understanding",
        "question": "What is the main theme of the video from 3.0 to 4264.0 seconds?",
        "options": [
            "A. A playful and educational environment with animated characters.",
            "B. A horror-themed exploration in a dimly lit laboratory.",
            "C. A sports competition in an outdoor setting.",
            "D. A cooking show in a vibrant kitchen."
        ],
        "answer": "A",
        "qa_level": "long_term",
        "qa_type": "mcqa",
        "old_answer": "A"
    },
    {
        "qa_idx": 21,
        "qa_task": "camera-direction",
        "question": "How does the camera movement change from the beginning to the end of the video event from 3.0 to 4264.0 seconds?",
        "options": [
            "A. The camera moves from a dimly lit classroom to a brightly lit outdoor setting.",
            "B. The camera remains static throughout the video event.",
            "C. The camera transitions from indoor scenes to outdoor scenes and back to indoor scenes.",
            "D. The camera focuses solely on a single character throughout the video event."
        ],
        "answer": "C",
        "qa_level": "long_term",
        "qa_type": "mcqa",
        "old_answer": "C"
    },
    {
        "qa_idx": 22,
        "qa_task": "speed",
        "question": "Which character moves faster in the video from 3.0 to 4264.0 seconds?",
        "options": [
            "A. The boy in a uniform holding a flashlight.",
            "B. The skeleton with glowing red eyes.",
            "C. The animated character with a human-like face.",
            "D. The toy skeleton with glowing red eyes."
        ],
        "answer": "B",
        "qa_level": "long_term",
        "qa_type": "mcqa",
        "old_answer": "B"
    },
    {
        "qa_idx": 23,
        "qa_task": "attribute-change",
        "question": "How does the lighting in the classroom or laboratory change from the beginning to the end of the event from 3.0 to 4264.0 seconds?",
        "options": [
            "A. The lighting changes from bright to dim.",
            "B. The lighting remains consistently bright.",
            "C. The lighting changes from dim to bright.",
            "D. The lighting remains consistently dim."
        ],
        "answer": "D",
        "qa_level": "long_term",
        "qa_type": "mcqa",
        "old_answer": "D"
    },
    {
        "qa_idx": 24,
        "qa_task": "character-understanding",
        "question": "What is the boy in a uniform holding while wandering through various dimly lit rooms and hallways from 3.0 to 4264.0 seconds?",
        "options": [
            "A. A flashlight and a large bone.",
            "B. A toy car and a book.",
            "C. A camera and a notebook.",
            "D. A lantern and a map."
        ],
        "answer": "A",
        "qa_level": "long_term",
        "qa_type": "mcqa",
        "old_answer": "A"
    },
    {
        "qa_idx": 25,
        "qa_task": "object understanding",
        "question": "What objects are prominently featured in the classroom or laboratory setting from 3.0 to 4264.0 seconds?",
        "options": [
            "A. A workbench with scientific apparatus, anatomical skeleton model, and educational posters.",
            "B. A basketball hoop, sports equipment, and a scoreboard.",
            "C. A kitchen counter with cooking utensils, ingredients, and a stove.",
            "D. A garden with plants, flowers, and a fountain."
        ],
        "answer": "A",
        "qa_level": "long_term",
        "qa_type": "mcqa",
        "old_answer": "A"
    }
]