[
    {
        "qa_idx": 0,
        "qa_type": "qa",
        "qa_level": "frame",
        "qa_task": "object understanding",
        "question": "Is there a framed picture of flowers in the children's bedroom at 588.0 seconds into the video?",
        "answer": "Yes",
        "old_answer": "Yes"
    },
    {
        "qa_idx": 1,
        "qa_task": "character-understanding",
        "question": "What is the large pig in the red convertible car doing at 536.0 seconds into the video?",
        "options": [
            "A. The large pig is driving the car.",
            "B. The large pig is waving his arm.",
            "C. The large pig is eating.",
            "D. The large pig is sleeping."
        ],
        "answer": "B",
        "qa_level": "frame",
        "qa_type": "mcqa",
        "old_answer": "B"
    },
    {
        "qa_idx": 2,
        "qa_type": "qa",
        "qa_level": "frame",
        "qa_task": "object understanding",
        "question": "Is there a character wearing glasses in the video frame at 523.0 seconds?",
        "answer": "Yes",
        "old_answer": "Yes"
    },
    {
        "qa_idx": 3,
        "qa_task": "object understanding",
        "question": "What is the color of the cartoon character with glasses in the foreground at 1882.0 seconds into the video?",
        "options": [
            "A. Blue.",
            "B. Green.",
            "C. Pink.",
            "D. Yellow."
        ],
        "answer": "C",
        "qa_level": "frame",
        "qa_type": "mcqa",
        "old_answer": "C"
    },
    {
        "qa_idx": 4,
        "qa_type": "qa",
        "qa_level": "within_event",
        "qa_task": "object understanding",
        "question": "Is there a character holding a trophy in the video event from 422.0 to 483.0 seconds?",
        "answer": "Yes",
        "old_answer": "Yes"
    },
    {
        "qa_idx": 5,
        "qa_task": "descriptive-scene",
        "question": "What is the background color in the scene at the 450.0-second mark?",
        "options": [
            "A. Light blue.",
            "B. Green.",
            "C. Yellow.",
            "D. Red."
        ],
        "answer": "A",
        "qa_level": "frame",
        "qa_type": "mcqa",
        "old_answer": "A"
    },
    {
        "qa_idx": 6,
        "qa_type": "qa",
        "qa_level": "within_event",
        "qa_task": "character-understanding",
        "question": "Did the animated characters participate in outdoor activities from 352.0 to 421.0 seconds?",
        "answer": "Yes",
        "old_answer": "Yes"
    },
    {
        "qa_idx": 8,
        "qa_type": "qa",
        "qa_level": "cross_event",
        "qa_task": "action-understanding",
        "question": "In the first event from 1419.0 to 1487.0, do the characters transition from an indoor to an outdoor setting?",
        "answer": "Yes",
        "old_answer": "Yes"
    },
    {
        "qa_idx": 9,
        "qa_type": "qa",
        "qa_level": "cross_event",
        "qa_task": "character-understanding",
        "question": "Were there any anthropomorphic pig characters in both video events from 1555.0 to 1614.0 and 1615.0 to 1700.0?",
        "answer": "Yes",
        "old_answer": "Yes"
    },
    {
        "qa_idx": 10,
        "qa_type": "qa",
        "qa_level": "long_term",
        "qa_task": "character-understanding",
        "question": "Do the animated characters engage in playful activities both indoors and outdoors throughout the video from 3.0 to 1915.0 seconds?",
        "answer": "Yes",
        "old_answer": "Yes"
    },
    {
        "qa_idx": 11,
        "qa_task": "descriptive-scene",
        "question": "What is the primary focus of the scene at 1300.0 seconds into the video?",
        "options": [
            "A. A pink anthropomorphic pig character.",
            "B. A cluttered background.",
            "C. Multiple characters interacting.",
            "D. A detailed landscape."
        ],
        "answer": "A",
        "qa_level": "frame",
        "qa_type": "mcqa",
        "old_answer": "A"
    },
    {
        "qa_idx": 12,
        "qa_task": "descriptive-scene",
        "question": "Where are the cartoon animal characters in the video frame at 884.0 seconds?",
        "options": [
            "A. In a classroom.",
            "B. On a grassy field.",
            "C. In a living room.",
            "D. On a beach."
        ],
        "answer": "B",
        "qa_level": "frame",
        "qa_type": "mcqa",
        "old_answer": "B"
    },
    {
        "qa_idx": 13,
        "qa_task": "descriptive-scene",
        "question": "Where is the fox character standing at 483.0 seconds into the video?",
        "options": [
            "A. In a kitchen.",
            "B. In front of a vehicle or cart.",
            "C. In a living room.",
            "D. On a beach."
        ],
        "answer": "B",
        "qa_level": "frame",
        "qa_type": "mcqa",
        "old_answer": "B"
    },
    {
        "qa_idx": 15,
        "qa_task": "descriptive-scene",
        "question": "Where does the initial scene of the video event take place from 722.0 to 784.0 seconds?",
        "options": [
            "A. In a kitchen.",
            "B. In a garden or farm-like area.",
            "C. In a living room.",
            "D. In a classroom."
        ],
        "answer": "B",
        "qa_level": "within_event",
        "qa_type": "mcqa",
        "old_answer": "B"
    },
    {
        "qa_idx": 16,
        "qa_task": "attribute-change",
        "question": "How does the background change from the beginning to the end of the event between 490.0 and 550.0 seconds?",
        "options": [
            "A. The background changes from a grassy area with scattered flowers to a solid light blue background.",
            "B. The background changes from a light blue backdrop to a grassy area with scattered flowers.",
            "C. The background changes from a solid light blue background to a dark blue background.",
            "D. The background changes from a grassy area with scattered flowers to a dark blue background."
        ],
        "answer": "A",
        "qa_level": "within_event",
        "qa_type": "mcqa",
        "old_answer": "A"
    },
    {
        "qa_idx": 17,
        "qa_task": "scene-understanding",
        "question": "What is the setting of the scene from 1914.0 to 1915.0 seconds in the video?",
        "options": [
            "A. A park with a playground.",
            "B. A kitchen environment.",
            "C. A classroom with students.",
            "D. A living room with a fireplace."
        ],
        "answer": "B",
        "qa_level": "within_event",
        "qa_type": "mcqa",
        "old_answer": "B"
    },
    {
        "qa_idx": 18,
        "qa_task": "causal",
        "question": "Why are the characters holding golden trophies in the video event from 422.0 to 483.0 seconds?",
        "options": [
            "A. They are celebrating an achievement.",
            "B. They are preparing for a race.",
            "C. They are planting flowers.",
            "D. They are having a picnic."
        ],
        "answer": "A",
        "qa_level": "within_event",
        "qa_type": "mcqa",
        "old_answer": "A"
    },
    {
        "qa_idx": 19,
        "qa_task": "time-order",
        "question": "What is the correct sequence of events in the two video descriptions from the time of 1711.0 to 1772.0 seconds and H to e seconds?",
        "options": [
            "A. The scene starts with two animated animal characters walking on green grass, followed by additional characters joining the scene, and ends with several characters standing on the grassy field.",
            "B. The scene starts with several characters standing on the grassy field, followed by additional characters joining the scene, and ends with two animated animal characters walking on green grass.",
            "C. The scene starts with additional characters joining the scene, followed by two animated animal characters walking on green grass, and ends with several characters standing on the grassy field.",
            "D. The scene starts with several characters standing on the grassy field, followed by two animated animal characters walking on green grass, and ends with additional characters joining the scene."
        ],
        "answer": "A",
        "qa_level": "cross_event",
        "qa_type": "mcqa",
        "old_answer": "A"
    },
    {
        "qa_idx": 20,
        "qa_task": "speed",
        "question": "Between the time of 422.0 to 483.0 seconds, which character is leading the bicycling group and what is the significance of their speed?",
        "options": [
            "A. A cheerful fox in a black and white helmet, holding a golden trophy, indicating they are the fastest and leading the group.",
            "B. A rabbit in a red helmet, holding a flag, indicating they are the fastest and leading the group.",
            "C. A bear in a blue helmet, holding a map, indicating they are the fastest and leading the group.",
            "D. A squirrel in a green helmet, holding a water bottle, indicating they are the fastest and leading the group."
        ],
        "answer": "A",
        "qa_level": "cross_event",
        "qa_type": "mcqa",
        "old_answer": "A"
    },
    {
        "qa_idx": 21,
        "qa_task": "temporal-relationship",
        "question": "What happens after the characters engage in activities involving the checklist inside the train?",
        "options": [
            "A. The characters are seen boarding or disembarking at the train station.",
            "B. The characters ride bicycles up a hill.",
            "C. The characters interact with a scarecrow in a grassy field.",
            "D. The characters participate in a celebratory event holding trophies."
        ],
        "answer": "A",
        "qa_level": "long_term",
        "qa_type": "mcqa",
        "old_answer": "A"
    },
    {
        "qa_idx": 22,
        "qa_task": "spatial-relationship",
        "question": "Where is the rabbit character with glasses and a blue hat standing in the train carriage?",
        "options": [
            "A. Near the door of the blue train car.",
            "B. In the center of the train carriage.",
            "C. On a checkered couch.",
            "D. Outside the train."
        ],
        "answer": "B",
        "qa_level": "long_term",
        "qa_type": "mcqa",
        "old_answer": "B"
    },
    {
        "qa_idx": 23,
        "qa_task": "causal",
        "question": "Why are the animated characters holding clipboards and engaging with checklists inside the train from 3.0 to 1915.0 seconds?",
        "options": [
            "A. They are preparing for a test.",
            "B. They are participating in an educational or recreational activity.",
            "C. They are checking their luggage.",
            "D. They are planning their journey."
        ],
        "answer": "B",
        "qa_level": "long_term",
        "qa_type": "mcqa",
        "old_answer": "B"
    },
    {
        "qa_idx": 26,
        "qa_task": "object-direction",
        "question": "In which direction does the train travel through the countryside landscape in the video event from 3.0 to 1915.0 seconds?",
        "options": [
            "A. Up a green hill.",
            "B. Down a green hill.",
            "C. Across a flat landscape.",
            "D. Through a tunnel."
        ],
        "answer": "A",
        "qa_level": "long_term",
        "qa_type": "mcqa",
        "old_answer": "A"
    },
    {
        "qa_idx": 27,
        "qa_task": "camera-direction",
        "question": "What does the camera do when the train is traveling through the countryside landscape from 3.0 to 1915.0 seconds?",
        "options": [
            "A. The camera moves closer to the train.",
            "B. The camera moves away from the train.",
            "C. The camera remains stationary.",
            "D. The camera follows the train from behind."
        ],
        "answer": "A",
        "qa_level": "long_term",
        "qa_type": "mcqa",
        "old_answer": "A"
    },
    {
        "qa_idx": 28,
        "qa_task": "speed",
        "question": "Which is faster, the train or the bicycles, in the video from 3.0 to 1915.0 seconds?",
        "options": [
            "A. The train.",
            "B. The bicycles.",
            "C. Both are at the same speed.",
            "D. None of the above."
        ],
        "answer": "A",
        "qa_level": "long_term",
        "qa_type": "mcqa",
        "old_answer": "A"
    },
    {
        "qa_idx": 29,
        "qa_task": "attribute-change",
        "question": "How does the setting change from the beginning to the end of the video event from 3.0 to 1915.0 seconds?",
        "options": [
            "A. From a bright and colorful scene to a cozy indoor environment.",
            "B. From a dark and gloomy scene to a bright and colorful scene.",
            "C. From a serene countryside setting to a lively outdoor fair.",
            "D. From a playful outdoor scene to a vibrant indoor classroom."
        ],
        "answer": "A",
        "qa_level": "long_term",
        "qa_type": "mcqa",
        "old_answer": "A"
    }
]