[
    {
        "qa_idx": 0,
        "qa_type": "qa",
        "qa_level": "frame",
        "qa_task": "object understanding",
        "question": "Is there an anthropomorphic animal character in the frame at 1826.0 seconds?",
        "answer": "Yes",
        "old_answer": "Yes"
    },
    {
        "qa_idx": 1,
        "qa_task": "descriptive-scene",
        "question": "Where is the humanoid pig character standing at 2384.0 seconds into the video?",
        "options": [
            "A. On a sandy beach.",
            "B. On a brown, possibly arid ground.",
            "C. In a dense forest.",
            "D. On a snowy mountain."
        ],
        "answer": "B",
        "qa_level": "frame",
        "qa_type": "mcqa",
        "old_answer": "B"
    },
    {
        "qa_idx": 2,
        "qa_type": "qa",
        "qa_level": "frame",
        "qa_task": "object understanding",
        "question": "Are there toys positioned in the lower half of the frame at 3371.0 seconds into the video?",
        "answer": "Yes",
        "old_answer": "Yes"
    },
    {
        "qa_idx": 3,
        "qa_task": "spatial-relationship",
        "question": "Where is the sun located in the frame captured at 2363.0 seconds?",
        "options": [
            "A. In the upper left corner.",
            "B. In the upper right corner.",
            "C. In the center.",
            "D. In the lower right corner."
        ],
        "answer": "B",
        "qa_level": "frame",
        "qa_type": "mcqa",
        "old_answer": "B"
    },
    {
        "qa_idx": 4,
        "qa_type": "qa",
        "qa_level": "within_event",
        "qa_task": "camera-direction",
        "question": "Does the camera remain stationary while the cheerful humanoid pig walks through the orchard from 1344.0 to 1401.0 seconds?",
        "answer": "No",
        "old_answer": "No"
    },
    {
        "qa_idx": 5,
        "qa_task": "object understanding",
        "question": "What is prominently positioned in the frame at 2784.0 seconds into the video?",
        "options": [
            "A. A large tree.",
            "B. A green dinosaur.",
            "C. A small building.",
            "D. A parked car."
        ],
        "answer": "B",
        "qa_level": "frame",
        "qa_type": "mcqa",
        "old_answer": "B"
    },
    {
        "qa_idx": 6,
        "qa_type": "qa",
        "qa_level": "cross_event",
        "qa_task": "character-understanding",
        "question": "Were the characters in the first event dressed in maritime attire from 1094.0 to 1159.0?",
        "answer": "Yes",
        "old_answer": "Yes"
    },
    {
        "qa_idx": 7,
        "qa_task": "camera-direction",
        "question": "How does the camera movement emphasize the details of the telephone in the event from 1601.0 to 1665.0 seconds?",
        "options": [
            "A. The camera moves forward to focus on the details of the telephone.",
            "B. The camera pans left to show the entire room.",
            "C. The camera zooms out to capture the outdoor scenery.",
            "D. The camera remains static throughout the scene."
        ],
        "answer": "A",
        "qa_level": "cross_event",
        "qa_type": "mcqa",
        "old_answer": "A"
    },
    {
        "qa_idx": 8,
        "qa_task": "speed",
        "question": "Between the time of 2765.0 seconds to 2825.0 seconds and the second event, which character or object is depicted as moving faster?",
        "options": [
            "A. The mechanical green dinosaur with cartoonish features.",
            "B. The small yellow rabbit character.",
            "C. The large green dragon with mechanical features.",
            "D. The figure dressed in white with a crown."
        ],
        "answer": "B",
        "qa_level": "cross_event",
        "qa_type": "mcqa",
        "old_answer": "B"
    },
    {
        "qa_idx": 9,
        "qa_task": "causal",
        "question": "Why did the characters transition from the outdoor Halloween-themed scene to the indoor crafting activities in the sequence from 2141.0 to 2204.0 seconds?",
        "options": [
            "A. They were preparing for a Halloween party.",
            "B. They wanted to escape the cold night.",
            "C. They were continuing their festive activities indoors.",
            "D. They were looking for more decorations."
        ],
        "answer": "C",
        "qa_level": "cross_event",
        "qa_type": "mcqa",
        "old_answer": "C"
    },
    {
        "qa_idx": 10,
        "qa_task": "spatial-relationship",
        "question": "Where is the anthropomorphic elephant character dressed in a white outfit with a red bow tie standing amidst the festivities?",
        "options": [
            "A. In a ball pit surrounded by multi-colored balls.",
            "B. Near a green trash bin with some discarded items.",
            "C. On a small green hill dotted with flowers and bushes.",
            "D. In a room decorated with pastel colors and books."
        ],
        "answer": "B",
        "qa_level": "long_term",
        "qa_type": "mcqa",
        "old_answer": "B"
    },
    {
        "qa_idx": 12,
        "qa_task": "attribute-change",
        "question": "How does the setting change from the beginning to the end of the video event from 15.0 to 3805.0 seconds?",
        "options": [
            "A. From an outdoor scene with animated characters to an indoor play area.",
            "B. From a vibrant indoor play area to a serene outdoor garden.",
            "C. From a colorful classroom to a lively beach scene.",
            "D. From a festive indoor space to a playful outdoor setting."
        ],
        "answer": "A",
        "qa_level": "long_term",
        "qa_type": "mcqa",
        "old_answer": "A"
    }
]