[
    {
        "qa_idx": 0,
        "qa_task": "character-understanding",
        "question": "What is prominently featured in the center of the scene at 1415.0 seconds into the video?",
        "options": [
            "A. A fireplace.",
            "B. A decorated Christmas tree.",
            "C. A dining table.",
            "D. A television."
        ],
        "answer": "B",
        "qa_level": "frame",
        "qa_type": "mcqa",
        "old_answer": "B"
    },
    {
        "qa_idx": 1,
        "qa_type": "qa",
        "qa_level": "within_event",
        "qa_task": "object understanding",
        "question": "Is there a television on a purple stand displaying an animated pirate ship scene in the room from 2367.0 to 2422.0 seconds?",
        "answer": "Yes",
        "old_answer": "Yes"
    },
    {
        "qa_idx": 2,
        "qa_task": "object understanding",
        "question": "What is the larger cat holding near the stove at 2406.0 seconds into the video?",
        "options": [
            "A. A frying pan.",
            "B. A baking tray.",
            "C. A mixing bowl.",
            "D. A cutting board."
        ],
        "answer": "B",
        "qa_level": "frame",
        "qa_type": "mcqa",
        "old_answer": "B"
    },
    {
        "qa_idx": 3,
        "qa_type": "qa",
        "qa_level": "within_event",
        "qa_task": "object understanding",
        "question": "Is there a windsock visible in the outdoor setting with the green airplane from 1831.0 to 1888.0 seconds?",
        "answer": "Yes",
        "old_answer": "Yes"
    },
    {
        "qa_idx": 4,
        "qa_task": "spatial-relationship",
        "question": "What is located to the left of the X-ray scanner at 1778.0 seconds into the video?",
        "options": [
            "A. A sign with a crossed-out bottle symbol.",
            "B. A large anthropomorphic cat dressed in a blue suit with a purple tie.",
            "C. Two smaller cats observing the proceedings.",
            "D. A security officer cat in a uniform."
        ],
        "answer": "B",
        "qa_level": "frame",
        "qa_type": "mcqa",
        "old_answer": "B"
    },
    {
        "qa_idx": 5,
        "qa_type": "qa",
        "qa_level": "cross_event",
        "qa_task": "character-understanding",
        "question": "Were the anthropomorphic cats dressed in winter attire in both the indoor and outdoor scenes from 673.0 to 733.0 and 736.0 to 833.0?",
        "answer": "Yes",
        "old_answer": "Yes"
    },
    {
        "qa_idx": 6,
        "qa_type": "qa",
        "qa_level": "cross_event",
        "qa_task": "action-understanding",
        "question": "In the scene from 1040.0 to 1103.0, do the animated cats engage in a snowball fight outside the house?",
        "answer": "No",
        "old_answer": "No"
    },
    {
        "qa_idx": 8,
        "qa_task": "descriptive-scene",
        "question": "Where does the scene primarily take place in the video events from 1040.0 to 1103.0 seconds?",
        "options": [
            "A. In a park.",
            "B. In a domestic indoor setting.",
            "C. In a school.",
            "D. In a shopping mall."
        ],
        "answer": "B",
        "qa_level": "cross_event",
        "qa_type": "mcqa",
        "old_answer": "B"
    },
    {
        "qa_idx": 9,
        "qa_task": "spatial-relationship",
        "question": "In the animated sequence from 901.0 to 961.0 seconds, where is the green armchair located in relation to the large window with green curtains?",
        "options": [
            "A. Next to the table with a laptop.",
            "B. Beside the bookshelf filled with books and a trophy.",
            "C. By the green armchair.",
            "D. Near the large window with green curtains."
        ],
        "answer": "D",
        "qa_level": "cross_event",
        "qa_type": "mcqa",
        "old_answer": "D"
    },
    {
        "qa_idx": 10,
        "qa_task": "spatial-relationship",
        "question": "Where are the anthropomorphic cats standing when they are seen in a row with distinctive clothing?",
        "options": [
            "A. In a cozy bedroom with light green walls and blue bunk beds.",
            "B. On a light-colored ground among autumn leaves.",
            "C. In a brightly colored indoor environment with a green backdrop.",
            "D. In a kitchen with green cabinetry and utensils."
        ],
        "answer": "B",
        "qa_level": "long_term",
        "qa_type": "mcqa",
        "old_answer": "B"
    },
    {
        "qa_idx": 12,
        "qa_task": "camera-direction",
        "question": "How does the camera movement change from the indoor scene at 142.0 seconds to the outdoor scene at 283.0 seconds?",
        "options": [
            "A. The camera zooms in on the characters.",
            "B. The camera pans from the indoor scene to the outdoor scene.",
            "C. The camera remains static.",
            "D. The camera moves closer to the window."
        ],
        "answer": "B",
        "qa_level": "long_term",
        "qa_type": "mcqa",
        "old_answer": "B"
    },
    {
        "qa_idx": 13,
        "qa_task": "attribute-change",
        "question": "How does the setting change from the beginning to the end of the video event sequence from 142.0 to 2771.0 seconds?",
        "options": [
            "A. The setting changes from a cozy bedroom to a snowy outdoor scene.",
            "B. The setting changes from a brightly colored indoor environment to a festive indoor scene.",
            "C. The setting changes from an autumnal outdoor scene to a wintery indoor scene.",
            "D. The setting changes from a playful indoor environment to an animated airport scene."
        ],
        "answer": "C",
        "qa_level": "long_term",
        "qa_type": "mcqa",
        "old_answer": "C"
    },
    {
        "qa_idx": 14,
        "qa_task": "time-order",
        "question": "In which order do the events occur in the video from 142.0 to 2771.0 seconds?",
        "options": [
            "A. The cats exchange a gift, the scene shifts outdoors, the cats take a group photo, the cats engage in a soccer match, the cats enjoy a winter scene, the cats have a family meal, the cats celebrate a festive occasion, the cats play in a park, the end credits roll.",
            "B. The cats take a group photo, the cats exchange a gift, the scene shifts outdoors, the cats engage in a soccer match, the cats enjoy a winter scene, the cats have a family meal, the cats celebrate a festive occasion, the cats play in a park, the end credits roll.",
            "C. The cats engage in a soccer match, the cats exchange a gift, the scene shifts outdoors, the cats take a group photo, the cats enjoy a winter scene, the cats have a family meal, the cats celebrate a festive occasion, the cats play in a park, the end credits roll.",
            "D. The cats exchange a gift, the cats take a group photo, the scene shifts outdoors, the cats engage in a soccer match, the cats enjoy a winter scene, the cats have a family meal, the cats celebrate a festive occasion, the cats play in a park, the end credits roll."
        ],
        "answer": "A",
        "qa_level": "long_term",
        "qa_type": "mcqa",
        "old_answer": "A"
    },
    {
        "qa_idx": 15,
        "qa_task": "descriptive-scene",
        "question": "Where do the anthropomorphic cats celebrate a birthday with a multi-layered cake?",
        "options": [
            "A. In a cozy bedroom with light green walls and blue bunk beds.",
            "B. In a brightly colored indoor scene with a green-themed wallpaper and a round window.",
            "C. In an outdoor autumn scene with a swing set and scattered trees.",
            "D. In a cozy indoor setting with light yellow striped walls and a large window."
        ],
        "answer": "B",
        "qa_level": "long_term",
        "qa_type": "mcqa",
        "old_answer": "B"
    }
]