[
    {
        "qa_idx": 0,
        "qa_type": "qa",
        "qa_level": "frame",
        "qa_task": "object understanding",
        "question": "Is there a house with light-yellow walls in the frame at 565.0 seconds?",
        "answer": "Yes",
        "old_answer": "Yes"
    },
    {
        "qa_idx": 1,
        "qa_task": "character-understanding",
        "question": "What is the main focus of the video frame at 2944.0 seconds?",
        "options": [
            "A. A person's face.",
            "B. A sliced, circular object.",
            "C. A landscape view.",
            "D. A group of people."
        ],
        "answer": "B",
        "qa_level": "frame",
        "qa_type": "mcqa",
        "old_answer": "B"
    },
    {
        "qa_idx": 2,
        "qa_type": "qa",
        "qa_level": "frame",
        "qa_task": "character-understanding",
        "question": "Are the animated pig characters standing on a large rock by the sea at the 3001.0 second mark?",
        "answer": "Yes",
        "old_answer": "Yes"
    },
    {
        "qa_idx": 3,
        "qa_type": "qa",
        "qa_level": "within_event",
        "qa_task": "speed",
        "question": "Did the characters move quickly during the event from 1988.0 to 2049.0 seconds?",
        "answer": "No",
        "old_answer": "No"
    },
    {
        "qa_idx": 4,
        "qa_task": "descriptive-scene",
        "question": "Where does the scene at 1429.0 seconds into the video take place?",
        "options": [
            "A. In a forest.",
            "B. In an indoor environment.",
            "C. In a park.",
            "D. In a classroom."
        ],
        "answer": "B",
        "qa_level": "frame",
        "qa_type": "mcqa",
        "old_answer": "B"
    },
    {
        "qa_idx": 5,
        "qa_type": "qa",
        "qa_level": "cross_event",
        "qa_task": "action-understanding",
        "question": "During the playful activities involving hand puppets in the brightly colored indoor setting from 111.0 to 172.0, do the characters also engage in a dance competition?",
        "answer": "No",
        "old_answer": "No"
    },
    {
        "qa_idx": 6,
        "qa_task": "camera-direction",
        "question": "During the video event from 680.0 to 730.0 seconds, does the camera focus more on the pig character's face or the background?",
        "options": [
            "A. The camera focuses more on the pig character's face.",
            "B. The camera focuses more on the background.",
            "C. The camera equally focuses on both the pig character's face and the background.",
            "D. The camera does not focus on the pig character's face at all."
        ],
        "answer": "A",
        "qa_level": "within_event",
        "qa_type": "mcqa",
        "old_answer": "A"
    },
    {
        "qa_idx": 7,
        "qa_type": "qa",
        "qa_level": "long_term",
        "qa_task": "character-understanding",
        "question": "Do the anthropomorphic pig characters engage in family-oriented activities both indoors and outdoors throughout the video from 1.0 to 3296.0 seconds?",
        "answer": "Yes",
        "old_answer": "Yes"
    },
    {
        "qa_idx": 8,
        "qa_task": "object-direction",
        "question": "In which direction do the bubbles float in the air during the outdoor scene from 2517.0 to 2606.0 seconds?",
        "options": [
            "A. Upwards.",
            "B. Downwards.",
            "C. Leftwards.",
            "D. Rightwards."
        ],
        "answer": "A",
        "qa_level": "within_event",
        "qa_type": "mcqa",
        "old_answer": "A"
    },
    {
        "qa_idx": 9,
        "qa_task": "temporal-relationship",
        "question": "What activity were the animated pig characters engaged in before the scene transitioned to the domestic environment with a green wall setting and staircase?",
        "options": [
            "A. Driving a red convertible car through a picturesque landscape.",
            "B. Engaging in playful interactions on a grassy field.",
            "C. Participating in a puppet show setup.",
            "D. Enjoying a meal together around a table."
        ],
        "answer": "B",
        "qa_level": "long_term",
        "qa_type": "mcqa",
        "old_answer": "B"
    },
    {
        "qa_idx": 12,
        "qa_task": "camera-direction",
        "question": "In the video from 1.0 to 3296.0 seconds, what is the camera movement when the pig family is shown driving through a picturesque landscape in a red convertible car?",
        "options": [
            "A. The camera moves closer to the car.",
            "B. The camera moves away from the car.",
            "C. The camera remains stationary.",
            "D. The camera moves around the car."
        ],
        "answer": "A",
        "qa_level": "long_term",
        "qa_type": "mcqa",
        "old_answer": "A"
    },
    {
        "qa_idx": 13,
        "qa_task": "speed",
        "question": "Which is faster, the red convertible car or the anthropomorphic pig characters walking?",
        "options": [
            "A. The red convertible car.",
            "B. The anthropomorphic pig characters walking.",
            "C. Both are at the same speed.",
            "D. None of the above."
        ],
        "answer": "A",
        "qa_level": "long_term",
        "qa_type": "mcqa",
        "old_answer": "A"
    },
    {
        "qa_idx": 14,
        "qa_task": "attribute-change",
        "question": "How does the setting change from the beginning to the end of the video from 1.0 to 3296.0 seconds?",
        "options": [
            "A. From an outdoor scene to a domestic kitchen.",
            "B. From a domestic kitchen to an outdoor scene.",
            "C. From a domestic kitchen to a classroom.",
            "D. From a classroom to an outdoor scene."
        ],
        "answer": "A",
        "qa_level": "long_term",
        "qa_type": "mcqa",
        "old_answer": "A"
    },
    {
        "qa_idx": 15,
        "qa_task": "object understanding",
        "question": "What objects are featured in the arts and crafts workspace in the video?",
        "options": [
            "A. Markers, paintbrushes, scissors, and various art supplies.",
            "B. Plates, utensils, glasses, and a steaming pot of food.",
            "C. A yellow convertible car, a bucket, and a shovel.",
            "D. A red convertible car, rolling green hills, and colorful trees."
        ],
        "answer": "A",
        "qa_level": "long_term",
        "qa_type": "mcqa",
        "old_answer": "A"
    },
    {
        "qa_idx": 16,
        "qa_task": "descriptive-scene",
        "question": "Where do the animated pig characters engage in playful activities involving hand puppets and arts and crafts?",
        "options": [
            "A. In a brightly colored indoor setting.",
            "B. In a green grassy field.",
            "C. In a domestic kitchen.",
            "D. In a red convertible car."
        ],
        "answer": "A",
        "qa_level": "long_term",
        "qa_type": "mcqa",
        "old_answer": "A"
    }
]