[
    {
        "qa_idx": 0,
        "qa_type": "qa",
        "qa_level": "frame",
        "qa_task": "object understanding",
        "question": "Is the character on the right surrounded by a blue-tinted ring at 525.0 seconds into the video?",
        "answer": "Yes",
        "old_answer": "Yes"
    },
    {
        "qa_idx": 1,
        "qa_type": "qa",
        "qa_level": "frame",
        "qa_task": "character-understanding",
        "question": "Is there evidence of human modification in the landscape at 516.0 seconds into the video?",
        "answer": "Yes",
        "old_answer": "Yes"
    },
    {
        "qa_idx": 2,
        "qa_task": "descriptive-scene",
        "question": "What is the primary light source in the room at 50.0 seconds into the video?",
        "options": [
            "A. A ceiling light.",
            "B. A table lamp.",
            "C. Natural light from the window.",
            "D. A floor lamp."
        ],
        "answer": "C",
        "qa_level": "frame",
        "qa_type": "mcqa",
        "old_answer": "C"
    },
    {
        "qa_idx": 3,
        "qa_task": "object understanding",
        "question": "What is the man wearing and carrying in the parking lot scene at 1239.0 seconds into the video?",
        "options": [
            "A. A dark-colored shirt and a backpack.",
            "B. A light-colored shirt and a shopping bag.",
            "C. A jacket and a briefcase.",
            "D. A t-shirt and a water bottle."
        ],
        "answer": "B",
        "qa_level": "frame",
        "qa_type": "mcqa",
        "old_answer": "B"
    },
    {
        "qa_idx": 4,
        "qa_type": "qa",
        "qa_level": "cross_event",
        "qa_task": "action-understanding",
        "question": "During the sequence from 2320.0 to 2384.0, do the characters engage in a high-speed car chase through a futuristic city?",
        "answer": "No",
        "old_answer": "No"
    },
    {
        "qa_idx": 6,
        "qa_type": "qa",
        "qa_level": "long_term",
        "qa_task": "object understanding",
        "question": "Is there a neon light frame present in the scene featuring a prominently displayed cat situated in an indoor setting with wooden furnishings and a possible window allowing daylight to filter through? (Time: 1.0 to 2502.0 seconds)",
        "answer": "Yes",
        "old_answer": "Yes"
    },
    {
        "qa_idx": 7,
        "qa_task": "camera-direction",
        "question": "During the scene from 834.0 to 837.0 seconds, does the camera focus on the man seated inside the airplane or does it move to show the background with airplane windows?",
        "options": [
            "A. The camera focuses on the man seated inside the airplane.",
            "B. The camera moves to show the background with airplane windows.",
            "C. The camera moves away from the man to show the entire cabin.",
            "D. The camera focuses on the neon frame."
        ],
        "answer": "A",
        "qa_level": "within_event",
        "qa_type": "mcqa",
        "old_answer": "A"
    },
    {
        "qa_idx": 8,
        "qa_task": "descriptive-scene",
        "question": "Where does the event primarily take place between 2242.0 seconds and 2312.0 seconds?",
        "options": [
            "A. A promotional graphic for a movie release.",
            "B. A brightly lit commercial space.",
            "C. A dark, neon-lit futuristic environment.",
            "D. All of the above."
        ],
        "answer": "D",
        "qa_level": "cross_event",
        "qa_type": "mcqa",
        "old_answer": "D"
    },
    {
        "qa_idx": 9,
        "qa_task": "object-direction",
        "question": "In the event sequence from 2320.0 to 2384.0 seconds, what direction does the large, metallic, aerodynamically-shaped object with blades extend outward?",
        "options": [
            "A. Left.",
            "B. Right.",
            "C. Upward.",
            "D. Downward."
        ],
        "answer": "B",
        "qa_level": "cross_event",
        "qa_type": "mcqa",
        "old_answer": "B"
    },
    {
        "qa_idx": 10,
        "qa_task": "plot-understanding",
        "question": "How does the lighting in the scenes contribute to the overall mood in the video events from 1832.0 to 1899.0 seconds and H to e seconds?",
        "options": [
            "A. The lighting shifts from bright to dark, creating a sense of unease.",
            "B. The lighting remains consistently bright, suggesting a cheerful atmosphere.",
            "C. The lighting transitions from subdued and dim to soft natural light, enhancing a contemplative and introspective mood.",
            "D. The lighting is consistently dark, indicating a sense of mystery and suspense."
        ],
        "answer": "C",
        "qa_level": "cross_event",
        "qa_type": "mcqa",
        "old_answer": "C"
    },
    {
        "qa_idx": 13,
        "qa_task": "object-direction",
        "question": "In the video from 1.0 to 2502.0 seconds, which direction do the animated characters with pink and blue glows move towards in the digital-themed setting?",
        "options": [
            "A. Towards the left.",
            "B. Towards the right.",
            "C. Towards the center.",
            "D. Away from the center."
        ],
        "answer": "C",
        "qa_level": "long_term",
        "qa_type": "mcqa",
        "old_answer": "C"
    },
    {
        "qa_idx": 14,
        "qa_task": "camera-direction",
        "question": "How does the camera move from 1.0 seconds to 2502.0 seconds in the video?",
        "options": [
            "A. The camera remains static throughout the video.",
            "B. The camera moves closer to the animated characters and then transitions to different scenes.",
            "C. The camera zooms out from the animated characters and then transitions to different scenes.",
            "D. The camera pans left and right throughout the video."
        ],
        "answer": "B",
        "qa_level": "long_term",
        "qa_type": "mcqa",
        "old_answer": "B"
    },
    {
        "qa_idx": 15,
        "qa_task": "speed",
        "question": "Which is faster, the animated human face or the transition to the abstract scene?",
        "options": [
            "A. The animated human face.",
            "B. The transition to the abstract scene.",
            "C. Both are at the same speed.",
            "D. None of the above."
        ],
        "answer": "B",
        "qa_level": "long_term",
        "qa_type": "mcqa",
        "old_answer": "B"
    },
    {
        "qa_idx": 16,
        "qa_task": "time-order",
        "question": "In which order do the events occur in the video from 1.0 to 2502.0 seconds?",
        "options": [
            "A. The event starts with an animated human face centrally positioned, transitions to an abstract scene with two animated characters, and then to a dark background with glowing lines and an angular geometric object.",
            "B. The event starts with a scene featuring a prominently displayed cat, transitions to a blue anthropomorphic figure with a white chest, and then to a digitally animated scene with two characters.",
            "C. The event starts with an animated scene featuring two distinct characters, transitions to an indoor dining environment, and then to a natural outdoor scene with a man standing next to a large mound of dirt.",
            "D. The event starts with a scene featuring three individuals each playing a guitar, transitions to an urban street scene during the daytime, and then to a scene within an aircraft with men dressed in tactical gear."
        ],
        "answer": "A",
        "qa_level": "long_term",
        "qa_type": "mcqa",
        "old_answer": "A"
    }
]