[
    {
        "qa_idx": 0,
        "qa_task": "object understanding",
        "question": "What is the male individual wearing at 79.0 seconds into the video?",
        "options": [
            "A. A white shirt with long sleeves.",
            "B. A black sleeveless shirt with a graphic design.",
            "C. A blue jacket with a hood.",
            "D. A red t-shirt with stripes."
        ],
        "answer": "B",
        "qa_level": "frame",
        "qa_type": "mcqa",
        "old_answer": "B"
    },
    {
        "qa_idx": 2,
        "qa_type": "qa",
        "qa_level": "within_event",
        "qa_task": "object understanding",
        "question": "Is there a refrigerator in the background of the video from 886.0 to 916.0 seconds?",
        "answer": "Yes",
        "old_answer": "Yes"
    },
    {
        "qa_idx": 3,
        "qa_task": "descriptive-scene",
        "question": "Where does the interaction between the two men take place at 960.0 seconds into the video?",
        "options": [
            "A. In a park.",
            "B. In an outdoor urban setting.",
            "C. In a shopping mall.",
            "D. In a residential area."
        ],
        "answer": "B",
        "qa_level": "frame",
        "qa_type": "mcqa",
        "old_answer": "B"
    },
    {
        "qa_idx": 4,
        "qa_type": "qa",
        "qa_level": "cross_event",
        "qa_task": "camera-direction",
        "question": "Does the camera remain stationary while capturing the interactions between individuals in the indoor construction setting from 212.0 to 273.0?",
        "answer": "Yes",
        "old_answer": "Yes"
    },
    {
        "qa_idx": 5,
        "qa_task": "attribute-change",
        "question": "How does the interaction between the woman in the wedding dress and the man in the bow tie change from the beginning to the end of the footage from 1859.0 to 1885.0 seconds?",
        "options": [
            "A. They start arguing and move apart.",
            "B. They begin walking and interacting together.",
            "C. They remain seated without any interaction.",
            "D. They leave the room separately."
        ],
        "answer": "B",
        "qa_level": "within_event",
        "qa_type": "mcqa",
        "old_answer": "B"
    },
    {
        "qa_idx": 6,
        "qa_type": "qa",
        "qa_level": "long_term",
        "qa_task": "speed",
        "question": "Did the individuals in the video move quickly while interacting in the unfinished room from 15.0 to 2018.0 seconds?",
        "answer": "No",
        "old_answer": "No"
    },
    {
        "qa_idx": 7,
        "qa_task": "speed",
        "question": "From 1183.0 to 1247.0 seconds, which scene transition occurs faster?",
        "options": [
            "A. From the blue backdrop to the dining setting.",
            "B. From the dining setting back to the blue backdrop.",
            "C. Both transitions occur at the same speed.",
            "D. None of the above."
        ],
        "answer": "C",
        "qa_level": "within_event",
        "qa_type": "mcqa",
        "old_answer": "C"
    },
    {
        "qa_idx": 8,
        "qa_task": "character-understanding",
        "question": "What are the main activities of the individuals in the video event from 1047.0 to 1136.0 seconds?",
        "options": [
            "A. The girl and the man are seated at a table, writing and examining documents.",
            "B. The girl and the man are playing a board game.",
            "C. The girl and the man are cooking in the kitchen.",
            "D. The girl and the man are watching television."
        ],
        "answer": "A",
        "qa_level": "cross_event",
        "qa_type": "mcqa",
        "old_answer": "A"
    },
    {
        "qa_idx": 9,
        "qa_task": "spatial-relationship",
        "question": "Where is the woman in the blue jacket seated in the unfinished room?",
        "options": [
            "A. On a blue chair.",
            "B. On a folding chair.",
            "C. On a metal chair.",
            "D. On a wooden chair."
        ],
        "answer": "A",
        "qa_level": "long_term",
        "qa_type": "mcqa",
        "old_answer": "A"
    },
    {
        "qa_idx": 10,
        "qa_task": "causal",
        "question": "Why is the room in the video described as having an unfinished appearance with scattered construction materials and exposed wiring?",
        "options": [
            "A. The room is being used for storage.",
            "B. The room is under construction or renovation.",
            "C. The room is being cleaned.",
            "D. The room is being used for a party."
        ],
        "answer": "B",
        "qa_level": "long_term",
        "qa_type": "mcqa",
        "old_answer": "B"
    },
    {
        "qa_idx": 11,
        "qa_task": "plot-understanding",
        "question": "What is the main theme of the video from 15.0 to 2018.0 seconds?",
        "options": [
            "A. A formal wedding ceremony.",
            "B. A casual social gathering in a kitchen.",
            "C. Ongoing construction and renovation work.",
            "D. A lively street scene with multiple men."
        ],
        "answer": "C",
        "qa_level": "long_term",
        "qa_type": "mcqa",
        "old_answer": "C"
    },
    {
        "qa_idx": 12,
        "qa_task": "object-direction",
        "question": "In the video from 15.0 to 2018.0 seconds, which direction does the man in a black sleeveless shirt with a graphic design move relative to the woman in a blue jacket over a brown shirt?",
        "options": [
            "A. Towards the woman.",
            "B. Away from the woman.",
            "C. To the left of the woman.",
            "D. To the right of the woman."
        ],
        "answer": "A",
        "qa_level": "long_term",
        "qa_type": "mcqa",
        "old_answer": "A"
    },
    {
        "qa_idx": 13,
        "qa_task": "camera-direction",
        "question": "How does the camera movement change from the outdoor to the indoor scenes between 15.0 seconds and 2018.0 seconds?",
        "options": [
            "A. The camera moves from a close-up of the house to a wide shot of the indoor room.",
            "B. The camera moves from a wide shot of the house to a close-up of the indoor room.",
            "C. The camera remains static throughout the scenes.",
            "D. The camera moves from a wide shot of the house to a wide shot of the indoor room."
        ],
        "answer": "B",
        "qa_level": "long_term",
        "qa_type": "mcqa",
        "old_answer": "B"
    },
    {
        "qa_idx": 14,
        "qa_task": "speed",
        "question": "Which individual is moving faster in the video from 15.0 to 2018.0 seconds?",
        "options": [
            "A. The man in a black sleeveless shirt with a graphic design.",
            "B. The woman in a blue jacket over a brown shirt.",
            "C. The girl in a denim jacket over a brown top.",
            "D. The man in a white shirt and denim shorts."
        ],
        "answer": "A",
        "qa_level": "long_term",
        "qa_type": "mcqa",
        "old_answer": "A"
    },
    {
        "qa_idx": 16,
        "qa_task": "character-understanding",
        "question": "What is the man wearing while standing beside a closed wooden door in the unfinished room?",
        "options": [
            "A. A black sleeveless shirt with a graphic design and jeans.",
            "B. A white shirt and denim shorts.",
            "C. A striped shirt with a sports team logo, a vest, and a hat.",
            "D. A grey suit with a purple shirt."
        ],
        "answer": "A",
        "qa_level": "long_term",
        "qa_type": "mcqa",
        "old_answer": "A"
    },
    {
        "qa_idx": 17,
        "qa_task": "object understanding",
        "question": "What kind of chair is the woman seated on in the unfinished room?",
        "options": [
            "A. A blue chair.",
            "B. A metal chair.",
            "C. A folding chair.",
            "D. A wooden chair."
        ],
        "answer": "C",
        "qa_level": "long_term",
        "qa_type": "mcqa",
        "old_answer": "C"
    },
    {
        "qa_idx": 18,
        "qa_task": "time-order",
        "question": "In which order do the events occur in the video from 15.0 to 2018.0 seconds?",
        "options": [
            "A. The scene begins with a house under construction, transitions indoors to a partially furnished room, and shows a man and woman interacting.",
            "B. The scene begins with a man and woman interacting indoors, transitions to a house under construction, and shows a man and woman interacting.",
            "C. The scene begins with a house under construction, transitions to a man and woman interacting indoors, and shows a man and woman interacting.",
            "D. The scene begins with a man and woman interacting indoors, transitions to a house under construction, and shows a man and woman interacting."
        ],
        "answer": "A",
        "qa_level": "long_term",
        "qa_type": "mcqa",
        "old_answer": "A"
    },
    {
        "qa_idx": 19,
        "qa_task": "descriptive-scene",
        "question": "Where do the interactions between the individuals primarily take place from 15.0 to 2018.0 seconds?",
        "options": [
            "A. In a fully furnished living room.",
            "B. In a room under construction or renovation.",
            "C. In a well-decorated dining area.",
            "D. In a garden."
        ],
        "answer": "B",
        "qa_level": "long_term",
        "qa_type": "mcqa",
        "old_answer": "B"
    }
]