[
    {
        "qa_idx": 0,
        "qa_type": "qa",
        "qa_level": "frame",
        "qa_task": "object understanding",
        "question": "Are there two large, animated plant pots in the frame at 1491.0 seconds into the video?",
        "answer": "Yes",
        "old_answer": "Yes"
    },
    {
        "qa_idx": 1,
        "qa_task": "spatial-relationship",
        "question": "What is the red character doing to the yellow character at 241.0 seconds into the video?",
        "options": [
            "A. Hugging the yellow character.",
            "B. Extending its tongue into the mouth of the yellow character.",
            "C. Holding hands with the yellow character.",
            "D. Standing far away from the yellow character."
        ],
        "answer": "B",
        "qa_level": "frame",
        "qa_type": "mcqa",
        "old_answer": "B"
    },
    {
        "qa_idx": 2,
        "qa_task": "character-understanding",
        "question": "What is the expression of the character seen through the 'T' in the video frame at 5.0 seconds?",
        "options": [
            "A. Sad.",
            "B. Angry.",
            "C. Joyous.",
            "D. Surprised."
        ],
        "answer": "C",
        "qa_level": "frame",
        "qa_type": "mcqa",
        "old_answer": "C"
    },
    {
        "qa_idx": 3,
        "qa_task": "spatial-relationship",
        "question": "Where is the first toy positioned in the frame at 927.0 seconds?",
        "options": [
            "A. In the lower left corner.",
            "B. To the right and slightly closer to the center.",
            "C. Further to the left.",
            "D. In the upper right corner."
        ],
        "answer": "A",
        "qa_level": "frame",
        "qa_type": "mcqa",
        "old_answer": "A"
    },
    {
        "qa_idx": 4,
        "qa_type": "qa",
        "qa_level": "within_event",
        "qa_task": "speed",
        "question": "Did the vehicles on the cobblestone street move quickly from 453.0 to 516.0 seconds?",
        "answer": "No",
        "old_answer": "No"
    },
    {
        "qa_idx": 5,
        "qa_task": "descriptive-scene",
        "question": "What is the primary source of illumination in the scene at 1177.0 seconds?",
        "options": [
            "A. A chandelier.",
            "B. A flaming torch and holiday lights.",
            "C. A ceiling light.",
            "D. A table lamp."
        ],
        "answer": "B",
        "qa_level": "frame",
        "qa_type": "mcqa",
        "old_answer": "B"
    },
    {
        "qa_idx": 6,
        "qa_task": "scene-understanding",
        "question": "What is the primary setting of the event from 1491.0 to 1550.0 seconds?",
        "options": [
            "A. A lively and colorful scene with animated objects and festive lights.",
            "B. A dark and gloomy forest.",
            "C. A quiet suburban neighborhood.",
            "D. A deserted beach."
        ],
        "answer": "A",
        "qa_level": "within_event",
        "qa_type": "mcqa",
        "old_answer": "A"
    },
    {
        "qa_idx": 7,
        "qa_task": "character-understanding",
        "question": "What are the main actions of the characters in the video events from 1420.0 to 1486.0 seconds and H to e seconds?",
        "options": [
            "A. The characters are engaged in a dramatic performance and playful, humorous activities.",
            "B. The characters are sitting quietly and reading books.",
            "C. The characters are cooking and serving food.",
            "D. The characters are cleaning and organizing the storage area."
        ],
        "answer": "A",
        "qa_level": "cross_event",
        "qa_type": "mcqa",
        "old_answer": "A"
    },
    {
        "qa_idx": 8,
        "qa_task": "plot-understanding",
        "question": "How does the environment change from the beginning to the end of the sequence in the first video event (1420.0 to 1486.0 seconds)?",
        "options": [
            "A. From a cluttered outdoor area to a festive atmosphere with animated toys.",
            "B. From a clean indoor area to a dark and eerie storage room.",
            "C. From a bright and colorful playground to a dimly lit workshop.",
            "D. From a quiet library to a noisy construction site."
        ],
        "answer": "A",
        "qa_level": "cross_event",
        "qa_type": "mcqa",
        "old_answer": "A"
    },
    {
        "qa_idx": 11,
        "qa_task": "object-direction",
        "question": "In the video events from 554.0 to 615.0 seconds and H to e seconds, what is the direction of the small ball on the floor in the indoor scene?",
        "options": [
            "A. The ball rolls from left to right.",
            "B. The ball rolls from right to left.",
            "C. The ball remains stationary.",
            "D. The ball rolls in a circular motion."
        ],
        "answer": "C",
        "qa_level": "cross_event",
        "qa_type": "mcqa",
        "old_answer": "C"
    },
    {
        "qa_idx": 12,
        "qa_task": "spatial-relationship",
        "question": "Where is the yellow cartoon character with a large red tongue positioned in the kitchen scene?",
        "options": [
            "A. On a wooden countertop.",
            "B. On a tiled wall.",
            "C. On a stove.",
            "D. On a window ledge."
        ],
        "answer": "A",
        "qa_level": "long_term",
        "qa_type": "mcqa",
        "old_answer": "A"
    },
    {
        "qa_idx": 14,
        "qa_task": "camera-direction",
        "question": "What does the camera do when the scene transitions from the cozy kitchen interior to the wooden countertop in a kitchen with objects like a yellow can, bottle caps, a wire whisk, and a container?",
        "options": [
            "A. The camera zooms in on the objects.",
            "B. The camera pans to the left.",
            "C. The camera moves closer to the countertop.",
            "D. The camera tilts upwards."
        ],
        "answer": "C",
        "qa_level": "long_term",
        "qa_type": "mcqa",
        "old_answer": "C"
    },
    {
        "qa_idx": 15,
        "qa_task": "speed",
        "question": "Which character is faster in the video event from 1.0 to 1990.0 seconds, the dog riding a bicycle or the yellow cartoon character with a large red tongue?",
        "options": [
            "A. The dog riding a bicycle.",
            "B. The yellow cartoon character with a large red tongue.",
            "C. Both are at the same speed.",
            "D. None of the above."
        ],
        "answer": "A",
        "qa_level": "long_term",
        "qa_type": "mcqa",
        "old_answer": "A"
    },
    {
        "qa_idx": 16,
        "qa_task": "attribute-change",
        "question": "How does the scene change from 1.0 seconds to 1990.0 seconds?",
        "options": [
            "A. The scene transitions from a vibrant and whimsical animated environment to a serene and realistic urban setting.",
            "B. The scene remains consistent with no significant changes.",
            "C. The scene transitions from a realistic urban setting to a vibrant and whimsical animated environment.",
            "D. The scene transitions from a serene and realistic urban setting to a vibrant and whimsical animated environment."
        ],
        "answer": "D",
        "qa_level": "long_term",
        "qa_type": "mcqa",
        "old_answer": "D"
    }
]