[
    {
        "qa_idx": 0,
        "qa_type": "qa",
        "qa_level": "frame",
        "qa_task": "character-understanding",
        "question": "Is the large character with a pink complexion wearing a yellow construction hat at 2719.0 seconds into the video?",
        "answer": "Yes",
        "old_answer": "Yes"
    },
    {
        "qa_idx": 1,
        "qa_type": "qa",
        "qa_level": "frame",
        "qa_task": "object understanding",
        "question": "Is there an alphabet chart displayed on a window in the background at 771.0 seconds into the video?",
        "answer": "Yes",
        "old_answer": "Yes"
    },
    {
        "qa_idx": 2,
        "qa_type": "qa",
        "qa_level": "within_event",
        "qa_task": "action-understanding",
        "question": "Does the character wearing a yellow construction helmet and a high-visibility jacket operate a red jackhammer on a tiled playground hopscotch area in the outdoor playground setting from 2729.0 to 2789.0 seconds?",
        "answer": "Yes",
        "old_answer": "Yes"
    },
    {
        "qa_idx": 3,
        "qa_task": "character-understanding",
        "question": "What is the teacher doing in the classroom scene at 3018.0 seconds into the video?",
        "options": [
            "A. The teacher is reading a book.",
            "B. The teacher is writing on the blackboard.",
            "C. The teacher is interacting with the animated characters.",
            "D. The teacher is sitting at a desk."
        ],
        "answer": "C",
        "qa_level": "frame",
        "qa_type": "mcqa",
        "old_answer": "C"
    },
    {
        "qa_idx": 4,
        "qa_type": "qa",
        "qa_level": "within_event",
        "qa_task": "character-understanding",
        "question": "Were the pigs wearing seat belts at the beginning of the scene from 3258.0 to 3310.0 seconds?",
        "answer": "Yes",
        "old_answer": "Yes"
    },
    {
        "qa_idx": 5,
        "qa_task": "descriptive-scene",
        "question": "What is the overall environment of the scene at 532.0 seconds into the video?",
        "options": [
            "A. A busy city street.",
            "B. A vibrant outdoor scene with trees and a van.",
            "C. An indoor setting with animated characters.",
            "D. A nighttime scene with streetlights."
        ],
        "answer": "B",
        "qa_level": "frame",
        "qa_type": "mcqa",
        "old_answer": "B"
    },
    {
        "qa_idx": 6,
        "qa_type": "qa",
        "qa_level": "long_term",
        "qa_task": "plot-understanding",
        "question": "Does the video depict a community celebration involving anthropomorphic animals engaging in various activities, including a parade, communal cleanup, and a festive event with nautical themes from 5.0 seconds to 3540.0 seconds?",
        "answer": "Yes",
        "old_answer": "Yes"
    },
    {
        "qa_idx": 7,
        "qa_task": "attribute-change",
        "question": "How does the setting change from the beginning to the end of the video events between 2729.0 seconds to 2789.0 seconds and H seconds to e seconds?",
        "options": [
            "A. The setting changes from an outdoor playground to an indoor classroom or playroom.",
            "B. The setting changes from an indoor classroom to an outdoor playground.",
            "C. The setting remains the same throughout the video events.",
            "D. The setting changes from a construction site to a park."
        ],
        "answer": "A",
        "qa_level": "cross_event",
        "qa_type": "mcqa",
        "old_answer": "A"
    },
    {
        "qa_idx": 8,
        "qa_task": "speed",
        "question": "How does the speed of the parade floats compare to the speed of the animated characters on the sidewalk in the video segments from 60.0 to 120.0 seconds and H to e seconds?",
        "options": [
            "A. The parade floats move faster than the animated characters on the sidewalk.",
            "B. The animated characters on the sidewalk move faster than the parade floats.",
            "C. Both the parade floats and the animated characters on the sidewalk move at the same speed.",
            "D. The speed of the parade floats and the animated characters on the sidewalk is not mentioned."
        ],
        "answer": "D",
        "qa_level": "cross_event",
        "qa_type": "mcqa",
        "old_answer": "D"
    },
    {
        "qa_idx": 9,
        "qa_task": "time-order",
        "question": "What activity is primarily depicted in the video event from 383.0 seconds to 464.0 seconds?",
        "options": [
            "A. Children playing in a playground.",
            "B. Children riding bicycles under supervision.",
            "C. A school assembly.",
            "D. A sports competition."
        ],
        "answer": "B",
        "qa_level": "cross_event",
        "qa_type": "mcqa",
        "old_answer": "B"
    },
    {
        "qa_idx": 10,
        "qa_task": "temporal-relationship",
        "question": "What activity were the anthropomorphic animals engaged in before the communal cleanup activity involving the rhinoceros character in a construction helmet?",
        "options": [
            "A. Participating in a parade.",
            "B. Engaging in a communal celebration.",
            "C. Riding bicycles.",
            "D. Shopping at various stores."
        ],
        "answer": "B",
        "qa_level": "long_term",
        "qa_type": "mcqa",
        "old_answer": "B"
    },
    {
        "qa_idx": 12,
        "qa_task": "causal",
        "question": "Why were the anthropomorphic animals holding brooms and trash cans during the parade from 5.0 to 3540.0 seconds?",
        "options": [
            "A. They were preparing for a race.",
            "B. They were involved in a communal cleanup activity.",
            "C. They were setting up decorations.",
            "D. They were playing a game."
        ],
        "answer": "B",
        "qa_level": "long_term",
        "qa_type": "mcqa",
        "old_answer": "B"
    },
    {
        "qa_idx": 13,
        "qa_task": "plot-understanding",
        "question": "What is the main theme of the video events from 5.0 to 3540.0 seconds?",
        "options": [
            "A. A community celebration with anthropomorphic animals.",
            "B. A sports competition among animals.",
            "C. A cooking show featuring animated characters.",
            "D. A mystery-solving adventure with animals."
        ],
        "answer": "A",
        "qa_level": "long_term",
        "qa_type": "mcqa",
        "old_answer": "A"
    },
    {
        "qa_idx": 14,
        "qa_task": "plot-understanding",
        "question": "What is the main theme of the video from 5.0 seconds to 3540.0 seconds?",
        "options": [
            "A. A community celebration with anthropomorphic animals.",
            "B. A sports competition among animals.",
            "C. A cooking show featuring animated characters.",
            "D. A mystery-solving adventure with animal detectives."
        ],
        "answer": "A",
        "qa_level": "long_term",
        "qa_type": "mcqa",
        "old_answer": "A"
    },
    {
        "qa_idx": 15,
        "qa_task": "camera-direction",
        "question": "How does the camera movement change from the beginning to the end of the video event from 5.0 seconds to 3540.0 seconds?",
        "options": [
            "A. The camera moves closer to the characters and then zooms out to show the entire scene.",
            "B. The camera remains static throughout the video.",
            "C. The camera moves away from the characters and then zooms in to show details.",
            "D. The camera continuously pans left and right without zooming in or out."
        ],
        "answer": "A",
        "qa_level": "long_term",
        "qa_type": "mcqa",
        "old_answer": "A"
    },
    {
        "qa_idx": 16,
        "qa_task": "speed",
        "question": "Which is faster, the red vehicle or the bicycles, in the video event from 383.0 seconds to 896.0 seconds?",
        "options": [
            "A. The red vehicle.",
            "B. The bicycles.",
            "C. Both are at the same speed.",
            "D. None of the above."
        ],
        "answer": "A",
        "qa_level": "long_term",
        "qa_type": "mcqa",
        "old_answer": "A"
    },
    {
        "qa_idx": 17,
        "qa_task": "attribute-change",
        "question": "How does the setting change from the beginning to the end of the video event from 5.0 seconds to 3540.0 seconds?",
        "options": [
            "A. From a lively street scene to a serene countryside.",
            "B. From a festive community celebration to a construction-themed festival.",
            "C. From a playful indoor setting to a nautical adventure.",
            "D. From a vibrant outdoor celebration to a medieval-themed environment."
        ],
        "answer": "D",
        "qa_level": "long_term",
        "qa_type": "mcqa",
        "old_answer": "D"
    }
]