[
    {
        "qa_idx": 0,
        "qa_type": "qa",
        "qa_level": "frame",
        "qa_task": "object understanding",
        "question": "Are there any stuffed animals in the room at the 934.0-second mark of the video?",
        "answer": "Yes",
        "old_answer": "Yes"
    },
    {
        "qa_idx": 1,
        "qa_task": "spatial-relationship",
        "question": "Where is the person standing in the frame at 3630.0 seconds into the video?",
        "options": [
            "A. On a yellow ladder.",
            "B. On the ground.",
            "C. On a bench.",
            "D. On a tree branch."
        ],
        "answer": "A",
        "qa_level": "frame",
        "qa_type": "mcqa",
        "old_answer": "A"
    },
    {
        "qa_idx": 2,
        "qa_type": "qa",
        "qa_level": "within_event",
        "qa_task": "character-understanding",
        "question": "Was one of the characters wearing blue roller skates from 3438.0 to 3495.0 seconds?",
        "answer": "Yes",
        "old_answer": "Yes"
    },
    {
        "qa_idx": 3,
        "qa_task": "descriptive-scene",
        "question": "Where are the animated characters located in the video frame at 2499.0 seconds?",
        "options": [
            "A. In a house.",
            "B. In a forest.",
            "C. In a vehicle, possibly a spaceship or an aircraft.",
            "D. In a classroom."
        ],
        "answer": "C",
        "qa_level": "frame",
        "qa_type": "mcqa",
        "old_answer": "C"
    },
    {
        "qa_idx": 4,
        "qa_type": "qa",
        "qa_level": "cross_event",
        "qa_task": "character-understanding",
        "question": "In both events from 3438.0 to 3495.0 and 3496.0 to 3552.0, were the characters engaged in playful activities outdoors?",
        "answer": "Yes",
        "old_answer": "Yes"
    },
    {
        "qa_idx": 5,
        "qa_task": "attribute-change",
        "question": "How does the setting change from the beginning to the end of the video event from 2831.0 to 2885.0 seconds?",
        "options": [
            "A. The scene changes from a boat on water to characters biking and interacting in grassy fields.",
            "B. The scene changes from a forest to a cityscape.",
            "C. The scene changes from a desert to a snowy landscape.",
            "D. The scene changes from a mountain to a beach."
        ],
        "answer": "A",
        "qa_level": "within_event",
        "qa_type": "mcqa",
        "old_answer": "A"
    },
    {
        "qa_idx": 6,
        "qa_type": "qa",
        "qa_level": "cross_event",
        "qa_task": "object understanding",
        "question": "Is there a tall spiral slide structure present in both video events from 271.0 to 335.0 and 336.0 to 396.0?",
        "answer": "Yes",
        "old_answer": "Yes"
    },
    {
        "qa_idx": 7,
        "qa_task": "speed",
        "question": "From 3.0 to 60.0 seconds, which character is depicted as moving faster in the video?",
        "options": [
            "A. The pig in a red dress.",
            "B. The zebra characters.",
            "C. Both are moving at the same speed.",
            "D. None of the characters are moving."
        ],
        "answer": "D",
        "qa_level": "within_event",
        "qa_type": "mcqa",
        "old_answer": "D"
    },
    {
        "qa_idx": 8,
        "qa_task": "character-understanding",
        "question": "Who is piloting the helicopter-like aircraft in the video from 2461.0 to 2523.0 seconds?",
        "options": [
            "A. A dog character.",
            "B. A rabbit character.",
            "C. A cat character.",
            "D. A bird character."
        ],
        "answer": "B",
        "qa_level": "within_event",
        "qa_type": "mcqa",
        "old_answer": "B"
    },
    {
        "qa_idx": 9,
        "qa_task": "character-understanding",
        "question": "What is the character on the left wearing in the video event from 3438.0 to 3495.0 seconds?",
        "options": [
            "A. A bright yellow outfit, a helmet with star patterns, glasses, and blue roller skates.",
            "B. A red outfit.",
            "C. A pink outfit holding a ball with colorful spots.",
            "D. A green outfit with a hat."
        ],
        "answer": "A",
        "qa_level": "within_event",
        "qa_type": "mcqa",
        "old_answer": "A"
    },
    {
        "qa_idx": 10,
        "qa_task": "camera-direction",
        "question": "In the event from 3372.0 to 3435.0 seconds, how does the camera movement enhance the playful and vibrant atmosphere of the scene?",
        "options": [
            "A. The camera zooms in on the characters' faces to capture their friendly expressions.",
            "B. The camera remains static, focusing on the background scenery.",
            "C. The camera moves away from the characters to show the entire grassy area.",
            "D. The camera pans quickly to create a sense of urgency."
        ],
        "answer": "A",
        "qa_level": "cross_event",
        "qa_type": "mcqa",
        "old_answer": "A"
    },
    {
        "qa_idx": 11,
        "qa_task": "camera-direction",
        "question": "How does the camera movement enhance the depiction of the family of pigs feeding the ducks from 397.0 to 487.0 seconds?",
        "options": [
            "A. The camera zooms in on the family of pigs to highlight their interactions with the ducks.",
            "B. The camera remains static, focusing on the entire scene without any movement.",
            "C. The camera pans away from the family of pigs to show the surrounding landscape.",
            "D. The camera moves underwater to show the ducks swimming."
        ],
        "answer": "A",
        "qa_level": "cross_event",
        "qa_type": "mcqa",
        "old_answer": "A"
    },
    {
        "qa_idx": 12,
        "qa_task": "spatial-relationship",
        "question": "Where is the green chest of drawers located in the room with the light purple wall and turquoise floor?",
        "options": [
            "A. Below the window.",
            "B. Beside the light switch.",
            "C. In front of the purple table.",
            "D. Next to the potted plant."
        ],
        "answer": "B",
        "qa_level": "long_term",
        "qa_type": "mcqa",
        "old_answer": "B"
    },
    {
        "qa_idx": 14,
        "qa_task": "attribute-change",
        "question": "How does the setting change from the beginning to the end of the video from 3.0 to 3981.0 seconds?",
        "options": [
            "A. From a brightly colored room to a maritime adventure.",
            "B. From a classroom to a grocery store.",
            "C. From a playground to a hospital.",
            "D. From a kitchen to a concert stage."
        ],
        "answer": "A",
        "qa_level": "long_term",
        "qa_type": "mcqa",
        "old_answer": "A"
    },
    {
        "qa_idx": 15,
        "qa_task": "character-understanding",
        "question": "What activity is the pig character primarily engaged in during the scenes from 3.0 to 3981.0 seconds?",
        "options": [
            "A. Playing with toys and interacting with other characters.",
            "B. Cooking and baking in the kitchen.",
            "C. Reading books and learning in a classroom.",
            "D. Participating in a musical performance."
        ],
        "answer": "A",
        "qa_level": "long_term",
        "qa_type": "mcqa",
        "old_answer": "A"
    },
    {
        "qa_idx": 16,
        "qa_task": "descriptive-scene",
        "question": "Where do the characters engage in pottery making and shaping clay?",
        "options": [
            "A. In a brightly colored room with a purple table.",
            "B. In a pottery studio with a brick wall backdrop.",
            "C. In a classroom with educational decorations.",
            "D. In a grocery store with colorful products."
        ],
        "answer": "B",
        "qa_level": "long_term",
        "qa_type": "mcqa",
        "old_answer": "B"
    }
]