[
    {
        "qa_idx": 0,
        "qa_type": "qa",
        "qa_level": "frame",
        "qa_task": "character-understanding",
        "question": "Is the person in the video dressed in a bright yellow and white costume that resembles a chick at 311.0 seconds?",
        "answer": "Yes",
        "old_answer": "Yes"
    },
    {
        "qa_idx": 1,
        "qa_task": "object understanding",
        "question": "What is the person dressed as in the video frame at 782.0 seconds?",
        "options": [
            "A. A green dinosaur.",
            "B. A blue robot.",
            "C. A red superhero.",
            "D. A yellow duck."
        ],
        "answer": "A",
        "qa_level": "frame",
        "qa_type": "mcqa",
        "old_answer": "A"
    },
    {
        "qa_idx": 2,
        "qa_type": "qa",
        "qa_level": "within_event",
        "qa_task": "action-understanding",
        "question": "During the event from 1289.0 to 1349.0 seconds, do the individuals dressed in farm or animal-themed costumes engage in a cooking competition?",
        "answer": "No",
        "old_answer": "No"
    },
    {
        "qa_idx": 3,
        "qa_task": "spatial-relationship",
        "question": "What is visible through the window in the kitchen scene at 1360.0 seconds?",
        "options": [
            "A. A cityscape with skyscrapers.",
            "B. A picturesque outdoor view with a windmill, barn, haystack, and mountains.",
            "C. A beach with palm trees and ocean waves.",
            "D. A forest with tall trees and a river."
        ],
        "answer": "B",
        "qa_level": "frame",
        "qa_type": "mcqa",
        "old_answer": "B"
    },
    {
        "qa_idx": 4,
        "qa_type": "qa",
        "qa_level": "cross_event",
        "qa_task": "speed",
        "question": "From the time of 983.0 to 1049.0, did the individuals in the colorful costumes perform their dance or playful activity at a slow pace?",
        "answer": "No",
        "old_answer": "No"
    },
    {
        "qa_idx": 5,
        "qa_task": "attribute-change",
        "question": "How does the setting of the room change from the beginning to the end of the event from 1186.0 to 1234.0 seconds?",
        "options": [
            "A. The room becomes less colorful and more subdued.",
            "B. The room remains vibrant and colorful throughout.",
            "C. The room transitions to a darker and more serious tone.",
            "D. The room becomes empty and devoid of decorations."
        ],
        "answer": "B",
        "qa_level": "within_event",
        "qa_type": "mcqa",
        "old_answer": "B"
    },
    {
        "qa_idx": 6,
        "qa_type": "qa",
        "qa_level": "long_term",
        "qa_task": "character-understanding",
        "question": "Did the video feature multiple individuals dressed in animal-themed costumes throughout the scenes from 3.0 to 1860.0 seconds?",
        "answer": "Yes",
        "old_answer": "Yes"
    },
    {
        "qa_idx": 7,
        "qa_task": "object-direction",
        "question": "In the underwater-themed scene from 580.0 to 643.0 seconds, which direction are the participants moving during their choreographed dance?",
        "options": [
            "A. Left to right.",
            "B. Right to left.",
            "C. Up and down.",
            "D. In a circular motion."
        ],
        "answer": "D",
        "qa_level": "within_event",
        "qa_type": "mcqa",
        "old_answer": "D"
    },
    {
        "qa_idx": 8,
        "qa_task": "speed",
        "question": "How does the speed of the scene transitions compare between the two video events from 442.0 to 503.0 seconds and H to e seconds?",
        "options": [
            "A. The scene transitions in the first event are faster than in the second event.",
            "B. The scene transitions in the second event are faster than in the first event.",
            "C. The scene transitions in both events are of the same speed.",
            "D. The speed of scene transitions is not mentioned in either event."
        ],
        "answer": "D",
        "qa_level": "cross_event",
        "qa_type": "mcqa",
        "old_answer": "D"
    },
    {
        "qa_idx": 9,
        "qa_task": "temporal-relationship",
        "question": "What happens after the scene with the woman standing in front of a playful, cartoon-like background in the first event (442.0 to 503.0 seconds)?",
        "options": [
            "A. The scene transitions back outdoors at nighttime in a forest with a woman in a feather-adorned costume.",
            "B. The scene shifts to a bright, cartoonish outdoor environment with a pond.",
            "C. The scene features a figure in a gray sheep costume enhancing the magical ambiance.",
            "D. The scene alternates between vibrant outdoor daytime settings with animated landscapes."
        ],
        "answer": "A",
        "qa_level": "cross_event",
        "qa_type": "mcqa",
        "old_answer": "A"
    },
    {
        "qa_idx": 12,
        "qa_task": "temporal-relationship",
        "question": "What happens after the scene with the woman in a whimsical duck costume near a small blue pond holding yellow ducks?",
        "options": [
            "A. A person dressed as a duck surrounded by animated ducks near a small pool of water.",
            "B. A person driving a red tractor along a dirt path through a fenced-in area.",
            "C. A person in a green attire resembling a frog suit sits near the water.",
            "D. A person in a kangaroo costume stands prominently to the left side."
        ],
        "answer": "A",
        "qa_level": "long_term",
        "qa_type": "mcqa",
        "old_answer": "A"
    },
    {
        "qa_idx": 13,
        "qa_task": "spatial-relationship",
        "question": "Where is the person in a yellow outfit holding rubber ducks positioned in the scene?",
        "options": [
            "A. Near a small blue pond.",
            "B. In front of a vividly illustrated background with green hills.",
            "C. On a grassy hill with large numerical figures '1' and '2'.",
            "D. In front of a red barn with white trim and cross-braced doors."
        ],
        "answer": "A",
        "qa_level": "long_term",
        "qa_type": "mcqa",
        "old_answer": "A"
    },
    {
        "qa_idx": 14,
        "qa_task": "causal",
        "question": "Why does the woman hold up a peace sign with yellow toy ducks perched on her fingers in the video from 60.0 to 1860.0 seconds?",
        "options": [
            "A. To emphasize the number two within a lively child-friendly environment.",
            "B. To show off her collection of toy ducks.",
            "C. To entertain the audience with a magic trick.",
            "D. To signal the end of the video."
        ],
        "answer": "A",
        "qa_level": "long_term",
        "qa_type": "mcqa",
        "old_answer": "A"
    },
    {
        "qa_idx": 15,
        "qa_task": "object-direction",
        "question": "In the video events from 3.0 to 1860.0 seconds, how are the animated ducks positioned in the playful outdoor setting?",
        "options": [
            "A. From right to left.",
            "B. From left to right.",
            "C. In a circle.",
            "D. Randomly scattered."
        ],
        "answer": "B",
        "qa_level": "long_term",
        "qa_type": "mcqa",
        "old_answer": "B"
    },
    {
        "qa_idx": 16,
        "qa_task": "speed",
        "question": "Which is faster, the red tractor or the person in a duck costume?",
        "options": [
            "A. The red tractor.",
            "B. The person in a duck costume.",
            "C. Both are at the same speed.",
            "D. None of the above."
        ],
        "answer": "A",
        "qa_level": "long_term",
        "qa_type": "mcqa",
        "old_answer": "A"
    },
    {
        "qa_idx": 17,
        "qa_task": "attribute-change",
        "question": "How does the background change from the beginning to the end of the video from 3.0 to 1860.0 seconds?",
        "options": [
            "A. From a plain white background to a vibrant farm setting.",
            "B. From a vibrant underwater setting to a colorful farm environment.",
            "C. From a whimsical animated environment to a vibrant garden setting.",
            "D. From a colorful animated farm setting to an underwater-themed environment."
        ],
        "answer": "C",
        "qa_level": "long_term",
        "qa_type": "mcqa",
        "old_answer": "C"
    },
    {
        "qa_idx": 19,
        "qa_task": "object understanding",
        "question": "What kind of costume is the person wearing near the small blue pond while holding yellow ducks?",
        "options": [
            "A. A frog costume.",
            "B. A duck costume.",
            "C. A cow costume.",
            "D. A sheep costume."
        ],
        "answer": "B",
        "qa_level": "long_term",
        "qa_type": "mcqa",
        "old_answer": "B"
    }
]