[
    {
        "qa_idx": 0,
        "qa_type": "qa",
        "qa_level": "frame",
        "qa_task": "character-understanding",
        "question": "Is the rabbit character holding a carton labeled 'EZZA' at 107.0 seconds into the video?",
        "answer": "Yes",
        "old_answer": "Yes"
    },
    {
        "qa_idx": 1,
        "qa_task": "descriptive-scene",
        "question": "Where does the scene at 1829.0 seconds into the video take place?",
        "options": [
            "A. In a park.",
            "B. At a construction zone on a road.",
            "C. In a shopping mall.",
            "D. At a beach."
        ],
        "answer": "B",
        "qa_level": "frame",
        "qa_type": "mcqa",
        "old_answer": "B"
    },
    {
        "qa_idx": 2,
        "qa_type": "qa",
        "qa_level": "frame",
        "qa_task": "object understanding",
        "question": "Are the characters in the video frame at 1196.0 seconds wearing costumes suggestive of a pirate or western theme?",
        "answer": "Yes",
        "old_answer": "Yes"
    },
    {
        "qa_idx": 3,
        "qa_type": "qa",
        "qa_level": "within_event",
        "qa_task": "plot-understanding",
        "question": "Does the event take place in a supermarket setting from 93.0 to 110.0 seconds?",
        "answer": "Yes",
        "old_answer": "Yes"
    },
    {
        "qa_idx": 4,
        "qa_task": "spatial-relationship",
        "question": "What is the background color in the frame at 429.0 seconds?",
        "options": [
            "A. Green.",
            "B. Light blue.",
            "C. Yellow.",
            "D. Pink."
        ],
        "answer": "B",
        "qa_level": "frame",
        "qa_type": "mcqa",
        "old_answer": "B"
    },
    {
        "qa_idx": 5,
        "qa_type": "qa",
        "qa_level": "cross_event",
        "qa_task": "character-understanding",
        "question": "Were the characters in both events engaged in activities involving fruits and vegetables from the time of 977.0 to 1043.0 and 1047.0 to 1059.0?",
        "answer": "Yes",
        "old_answer": "Yes"
    },
    {
        "qa_idx": 6,
        "qa_type": "qa",
        "qa_level": "cross_event",
        "qa_task": "camera-direction",
        "question": "From the time of 1062.0 to 1124.0, does the camera focus on the characters' gardening activities near the house?",
        "answer": "Yes",
        "old_answer": "Yes"
    },
    {
        "qa_idx": 7,
        "qa_task": "speed",
        "question": "Between 256.0 seconds and 318.0 seconds, how does the speed of the scene transitions compare to the speed of the characters' interactions?",
        "options": [
            "A. The scene transitions are faster than the characters' interactions.",
            "B. The characters' interactions are faster than the scene transitions.",
            "C. Both the scene transitions and the characters' interactions are at the same speed.",
            "D. None of the above."
        ],
        "answer": "A",
        "qa_level": "within_event",
        "qa_type": "mcqa",
        "old_answer": "A"
    },
    {
        "qa_idx": 8,
        "qa_type": "qa",
        "qa_level": "long_term",
        "qa_task": "object understanding",
        "question": "In the scenes from 4.0 to 3273.0 seconds, is there a teddy bear present in the kitchen and bedroom settings?",
        "answer": "Yes",
        "old_answer": "Yes"
    },
    {
        "qa_idx": 10,
        "qa_type": "qa",
        "qa_level": "long_term",
        "qa_task": "character-understanding",
        "question": "Do the anthropomorphic pig characters appear in both the kitchen and the bedroom scenes from 4.0 to 3273.0 seconds?",
        "answer": "Yes",
        "old_answer": "Yes"
    },
    {
        "qa_idx": 11,
        "qa_task": "attribute-change",
        "question": "How does the environment change from the beginning to the end of the video events between 1234.0 seconds to 1299.0 seconds and H seconds to e seconds?",
        "options": [
            "A. The environment changes from a serene orchard to a lively pirate-themed adventure and then to an educational playroom.",
            "B. The environment remains the same throughout the video events.",
            "C. The environment changes from a bustling city to a quiet countryside.",
            "D. The environment changes from an indoor playroom to a serene orchard."
        ],
        "answer": "A",
        "qa_level": "cross_event",
        "qa_type": "mcqa",
        "old_answer": "A"
    },
    {
        "qa_idx": 12,
        "qa_task": "camera-direction",
        "question": "How does the camera movement emphasize the details of the countryside setting and the construction area in the events from 1752.0 to 1815.0 seconds?",
        "options": [
            "A. The camera remains static, focusing on the characters without moving.",
            "B. The camera moves forward to capture the details of the table.",
            "C. The camera pans across the scenes, highlighting the vibrant countryside and the construction area.",
            "D. The camera zooms in and out rapidly, creating a sense of urgency."
        ],
        "answer": "C",
        "qa_level": "cross_event",
        "qa_type": "mcqa",
        "old_answer": "C"
    },
    {
        "qa_idx": 14,
        "qa_task": "temporal-relationship",
        "question": "What happens after the family of animated characters is seen shopping in the supermarket?",
        "options": [
            "A. The characters engage in playful activities at an outdoor playground.",
            "B. The characters are seen in a nighttime scene inside a children's bedroom.",
            "C. The characters are involved in a gardening activity in a vibrant outdoor setting.",
            "D. The characters are seen traveling in a red convertible car."
        ],
        "answer": "A",
        "qa_level": "long_term",
        "qa_type": "mcqa",
        "old_answer": "A"
    },
    {
        "qa_idx": 15,
        "qa_task": "spatial-relationship",
        "question": "Where is the glass of yellow beverage with bubbles and a striped straw located in the kitchen scene?",
        "options": [
            "A. On the stove.",
            "B. On the countertop.",
            "C. On the coffee table.",
            "D. On the window sill."
        ],
        "answer": "C",
        "qa_level": "long_term",
        "qa_type": "mcqa",
        "old_answer": "C"
    },
    {
        "qa_idx": 17,
        "qa_task": "object-direction",
        "question": "In the video from 4.0 to 3273.0 seconds, which direction does the red car travel in the countryside setting?",
        "options": [
            "A. Uphill.",
            "B. Downhill.",
            "C. Left.",
            "D. Right."
        ],
        "answer": "A",
        "qa_level": "long_term",
        "qa_type": "mcqa",
        "old_answer": "A"
    },
    {
        "qa_idx": 19,
        "qa_task": "speed",
        "question": "Which character is faster in the video from 4.0 to 3273.0 seconds, the pig pushing the shopping cart or the rabbit at the checkout counter?",
        "options": [
            "A. The pig pushing the shopping cart.",
            "B. The rabbit at the checkout counter.",
            "C. Both are at the same speed.",
            "D. None of the above."
        ],
        "answer": "A",
        "qa_level": "long_term",
        "qa_type": "mcqa",
        "old_answer": "A"
    },
    {
        "qa_idx": 20,
        "qa_task": "attribute-change",
        "question": "How does the setting change from the beginning to the end of the video from 4.0 to 3273.0 seconds?",
        "options": [
            "A. From a brightly colored kitchen to a nighttime children's bedroom.",
            "B. From a supermarket to an outdoor playground.",
            "C. From a cheerful outdoor scene to a cozy indoor study.",
            "D. From a vibrant classroom to a serene countryside."
        ],
        "answer": "C",
        "qa_level": "long_term",
        "qa_type": "mcqa",
        "old_answer": "C"
    },
    {
        "qa_idx": 22,
        "qa_task": "time-order",
        "question": "In which order do the events occur in the video from 4.0 to 3273.0 seconds?",
        "options": [
            "A. The event starts with a cheerful scene featuring Peppa Pig, transitions to a kitchen scene, then a supermarket, followed by a playground, a bedtime routine, a fairground, a pirate-themed room, an orchard, a classroom, a train journey, a library, a space-themed amusement ride, a countryside trip, a school, and ends with a cozy room with a computer.",
            "B. The event starts with a supermarket scene, transitions to a kitchen scene, then a playground, followed by a cheerful scene featuring Peppa Pig, a bedtime routine, a fairground, a pirate-themed room, an orchard, a classroom, a train journey, a library, a space-themed amusement ride, a countryside trip, a school, and ends with a cozy room with a computer.",
            "C. The event starts with a playground scene, transitions to a kitchen scene, then a supermarket, followed by a cheerful scene featuring Peppa Pig, a bedtime routine, a fairground, a pirate-themed room, an orchard, a classroom, a train journey, a library, a space-themed amusement ride, a countryside trip, a school, and ends with a cozy room with a computer.",
            "D. The event starts with a bedtime routine, transitions to a kitchen scene, then a supermarket, followed by a cheerful scene featuring Peppa Pig, a playground, a fairground, a pirate-themed room, an orchard, a classroom, a train journey, a library, a space-themed amusement ride, a countryside trip, a school, and ends with a cozy room with a computer."
        ],
        "answer": "A",
        "qa_level": "long_term",
        "qa_type": "mcqa",
        "old_answer": "A"
    },
    {
        "qa_idx": 23,
        "qa_task": "descriptive-scene",
        "question": "Where do the characters gather around a blue oval table in the video from 4.0 to 3273.0 seconds?",
        "options": [
            "A. In a brightly colored kitchen.",
            "B. In a cozy children's bedroom.",
            "C. In a supermarket.",
            "D. In an outdoor playground."
        ],
        "answer": "A",
        "qa_level": "long_term",
        "qa_type": "mcqa",
        "old_answer": "A"
    }
]