[
    {
        "qa_idx": 0,
        "qa_type": "qa",
        "qa_level": "frame",
        "qa_task": "object understanding",
        "question": "Is there a woman present in the conference or meeting setting at 1149.0 seconds into the video?",
        "answer": "Yes",
        "old_answer": "Yes"
    },
    {
        "qa_idx": 3,
        "qa_type": "qa",
        "qa_level": "within_event",
        "qa_task": "camera-direction",
        "question": "Does the camera capture the individuals seated on modern armchairs around a glass table at the beginning of the event from 2147.0 to 2203.0 seconds?",
        "answer": "Yes",
        "old_answer": "Yes"
    },
    {
        "qa_idx": 5,
        "qa_type": "qa",
        "qa_level": "cross_event",
        "qa_task": "character-understanding",
        "question": "Were there four individuals seated in a semi-circle in both events from 370.0 to 415.0 and 416.0 to 477.0?",
        "answer": "Yes",
        "old_answer": "Yes"
    },
    {
        "qa_idx": 7,
        "qa_type": "qa",
        "qa_level": "cross_event",
        "qa_task": "object understanding",
        "question": "In the event from 478.0 to 538.0 seconds, is there a large screen displaying a blue abstract design in the background?",
        "answer": "Yes",
        "old_answer": "Yes"
    },
    {
        "qa_idx": 9,
        "qa_task": "speed",
        "question": "Between 67.0 and 68.0 seconds, how would you describe the speed of the light beams radiating from the bright light source?",
        "options": [
            "A. The light beams are moving slowly.",
            "B. The light beams are moving at a moderate speed.",
            "C. The light beams are moving rapidly.",
            "D. The light beams are stationary."
        ],
        "answer": "C",
        "qa_level": "within_event",
        "qa_type": "mcqa",
        "old_answer": "C"
    },
    {
        "qa_idx": 12,
        "qa_task": "descriptive-scene",
        "question": "Where do the events in the video take place between 67.0 seconds to 129.0 seconds and H seconds to e seconds?",
        "options": [
            "A. In a bright outdoor environment followed by an indoor interview setting.",
            "B. In a dark outdoor environment followed by a formal indoor setting.",
            "C. In a professional indoor setting throughout.",
            "D. In a casual indoor setting followed by a bright outdoor environment."
        ],
        "answer": "B",
        "qa_level": "cross_event",
        "qa_type": "mcqa",
        "old_answer": "B"
    },
    {
        "qa_idx": 15,
        "qa_task": "time-order",
        "question": "In which order do the events occur in the video from 5.0 to 3028.0 seconds?",
        "options": [
            "A. The video begins with an emblem on a black background, transitions to an industrial area, then to a rocket on a launch pad, followed by indoor scenes of technical tasks, and concludes with a control room and extravehicular activities.",
            "B. The video starts with a bright light source, transitions to 'EXPEDITION 46/47' text, followed by an indoor interview setting, and concludes with a man in a casual indoor setting.",
            "C. The video begins in a modern office environment, transitions to a studio discussion, followed by a man in a dark polo shirt, and concludes with a casual yet professional studio discussion.",
            "D. The video starts with a man in a studio setting, transitions to a larger group setup, followed by a formal meeting, and concludes with a structured interaction."
        ],
        "answer": "A",
        "qa_level": "long_term",
        "qa_type": "mcqa",
        "old_answer": "A"
    },
    {
        "qa_idx": 17,
        "qa_task": "speed",
        "question": "Which object is moving faster in the video event from 5.0 to 3028.0 seconds, the rocket or the individuals in the control room?",
        "options": [
            "A. The rocket.",
            "B. The individuals in the control room.",
            "C. Both are moving at the same speed.",
            "D. None of the above."
        ],
        "answer": "A",
        "qa_level": "long_term",
        "qa_type": "mcqa",
        "old_answer": "A"
    },
    {
        "qa_idx": 18,
        "qa_task": "attribute-change",
        "question": "How does the background change from the beginning to the end of the video event sequence from 5.0 to 3028.0 seconds?",
        "options": [
            "A. From a black background with a space mission emblem to a blue-themed professional studio setting.",
            "B. From a blue-themed professional studio setting to a black background with a space mission emblem.",
            "C. From a modern office environment to a control room filled with monitors and panels.",
            "D. From a control room filled with monitors and panels to a modern office environment."
        ],
        "answer": "A",
        "qa_level": "long_term",
        "qa_type": "mcqa",
        "old_answer": "A"
    }
]