[
    {
        "qa_idx": 0,
        "qa_type": "qa",
        "qa_level": "frame",
        "qa_task": "object understanding",
        "question": "Are there any fish with luminescent lure-like appendages in the frame at 754.0 seconds?",
        "answer": "Yes",
        "old_answer": "Yes"
    },
    {
        "qa_idx": 1,
        "qa_task": "descriptive-scene",
        "question": "Where does the scene at 1677.0 seconds into the video take place?",
        "options": [
            "A. In a kitchen.",
            "B. In a living room.",
            "C. In a bathroom.",
            "D. In a garden."
        ],
        "answer": "C",
        "qa_level": "frame",
        "qa_type": "mcqa",
        "old_answer": "C"
    },
    {
        "qa_idx": 2,
        "qa_type": "qa",
        "qa_level": "within_event",
        "qa_task": "action-understanding",
        "question": "During the scene from 1866.0 to 1878.0 seconds, does the pink ant-like character get up and start cleaning the cluttered environment?",
        "answer": "No",
        "old_answer": "No"
    },
    {
        "qa_idx": 3,
        "qa_task": "object understanding",
        "question": "What is located on the right side of the frame at 955.0 seconds?",
        "options": [
            "A. A small, dark creature with red-tipped ears.",
            "B. A large flowerpot with a dark green plant.",
            "C. A wooden panel with metal bars.",
            "D. A prominent green lock."
        ],
        "answer": "B",
        "qa_level": "frame",
        "qa_type": "mcqa",
        "old_answer": "B"
    },
    {
        "qa_idx": 4,
        "qa_type": "qa",
        "qa_level": "cross_event",
        "qa_task": "camera-direction",
        "question": "Does the camera move from an interior chaotic scene to an exterior view of a building between the time of 368.0 to 428.0?",
        "answer": "Yes",
        "old_answer": "Yes"
    },
    {
        "qa_idx": 5,
        "qa_type": "qa",
        "qa_level": "cross_event",
        "qa_task": "object understanding",
        "question": "Is there a green padlock in the cage in both events from 922.0 to 982.0 and 983.0 to 1047.0?",
        "answer": "Yes",
        "old_answer": "Yes"
    },
    {
        "qa_idx": 6,
        "qa_task": "speed",
        "question": "From 1052.0 to 1108.0 seconds, which character is moving the fastest in the scene?",
        "options": [
            "A. The red worm.",
            "B. The pink worm.",
            "C. The cricket-like character.",
            "D. The yellow-striped character."
        ],
        "answer": "C",
        "qa_level": "within_event",
        "qa_type": "mcqa",
        "old_answer": "C"
    },
    {
        "qa_idx": 7,
        "qa_type": "qa",
        "qa_level": "long_term",
        "qa_task": "action-understanding",
        "question": "After the animated characters interact in the garden with tomato plants and futuristic structures at 5.0 seconds, do they proceed to clean up the garden area meticulously at 2061.0 seconds?",
        "answer": "No",
        "old_answer": "No"
    },
    {
        "qa_idx": 8,
        "qa_task": "scene-understanding",
        "question": "What is the primary setting of the events described between 1430.0 to 1507.0 seconds and H to e seconds?",
        "options": [
            "A. A vibrant and animated kitchen environment.",
            "B. A dark and gloomy basement.",
            "C. A bustling city street.",
            "D. A quiet library."
        ],
        "answer": "A",
        "qa_level": "cross_event",
        "qa_type": "mcqa",
        "old_answer": "A"
    },
    {
        "qa_idx": 9,
        "qa_task": "speed",
        "question": "How does the speed of the characters change between the two scenes from 1579.0 to 1641.0 seconds and H to e seconds?",
        "options": [
            "A. The characters in the first scene move slowly, while the characters in the second scene move quickly.",
            "B. The characters in the first scene move quickly, while the characters in the second scene move slowly.",
            "C. The speed of the characters remains constant in both scenes.",
            "D. The characters in both scenes move at varying speeds."
        ],
        "answer": "A",
        "qa_level": "cross_event",
        "qa_type": "mcqa",
        "old_answer": "A"
    },
    {
        "qa_idx": 10,
        "qa_task": "object understanding",
        "question": "What is the appearance and function of the cages in the two video events from 922.0 to 982.0 seconds?",
        "options": [
            "A. The cages are made of wood with metal bars and a large green padlock, used to confine various creatures.",
            "B. The cages are made of plastic with no bars, used as playhouses for the characters.",
            "C. The cages are made of glass with no locks, used to display the creatures.",
            "D. The cages are made of metal with no padlocks, used to store objects."
        ],
        "answer": "A",
        "qa_level": "cross_event",
        "qa_type": "mcqa",
        "old_answer": "A"
    },
    {
        "qa_idx": 12,
        "qa_task": "temporal-relationship",
        "question": "What happens after the scene with the large green figure dominating the foreground against a cityscape?",
        "options": [
            "A. The scene transitions to a rustic and lively environment with animated toy characters.",
            "B. The scene shifts to a bustling urban life with a small pink house contrasting against tall modern buildings.",
            "C. The scene shows a peaceful and productive garden environment with a large rust-colored water tower.",
            "D. The scene features a large green figure dominating the foreground against a cityscape."
        ],
        "answer": "A",
        "qa_level": "long_term",
        "qa_type": "mcqa",
        "old_answer": "A"
    },
    {
        "qa_idx": 13,
        "qa_task": "spatial-relationship",
        "question": "Where is the large green figure positioned in the urban setting?",
        "options": [
            "A. In the foreground against a cityscape.",
            "B. In a garden filled with flora.",
            "C. On a rooftop with a clear sky.",
            "D. Inside a wooden and metal cage."
        ],
        "answer": "A",
        "qa_level": "long_term",
        "qa_type": "mcqa",
        "old_answer": "A"
    },
    {
        "qa_idx": 15,
        "qa_task": "camera-direction",
        "question": "What is the camera doing when the scene transitions from an urban skyline to a rustic and lively scene at 5.0 to 2061.0 seconds?",
        "options": [
            "A. The camera is zooming in on the characters.",
            "B. The camera is panning from the urban skyline to the rustic scene.",
            "C. The camera is tilting upwards.",
            "D. The camera is moving away from the scene."
        ],
        "answer": "B",
        "qa_level": "long_term",
        "qa_type": "mcqa",
        "old_answer": "B"
    },
    {
        "qa_idx": 16,
        "qa_task": "speed",
        "question": "Which character is faster, the flying character perched atop a vertical lever or the large green figure dominating the foreground against a cityscape?",
        "options": [
            "A. The flying character perched atop a vertical lever.",
            "B. The large green figure dominating the foreground against a cityscape.",
            "C. Both are at the same speed.",
            "D. None of the above."
        ],
        "answer": "A",
        "qa_level": "long_term",
        "qa_type": "mcqa",
        "old_answer": "A"
    },
    {
        "qa_idx": 17,
        "qa_task": "attribute-change",
        "question": "How does the environment change from the beginning to the end of the video from 5.0 to 2061.0 seconds?",
        "options": [
            "A. From a minimalistic scene to a chaotic and dynamic environment.",
            "B. From a chaotic and dynamic environment to a minimalistic scene.",
            "C. From an indoor setting to an outdoor setting.",
            "D. From a playful environment to a serene environment."
        ],
        "answer": "A",
        "qa_level": "long_term",
        "qa_type": "mcqa",
        "old_answer": "A"
    },
    {
        "qa_idx": 18,
        "qa_task": "object understanding",
        "question": "What kind of object is prominently displayed at the beginning of the video?",
        "options": [
            "A. A yellow character within the letter 'U'.",
            "B. A green character within the letter 'A'.",
            "C. A blue character within the letter 'T'.",
            "D. A red character within the letter 'B'."
        ],
        "answer": "A",
        "qa_level": "long_term",
        "qa_type": "mcqa",
        "old_answer": "A"
    }
]