[
    {
        "qa_idx": 0,
        "qa_type": "qa",
        "qa_level": "frame",
        "qa_task": "object understanding",
        "question": "Is there a baking tray with partially baked or freshly prepared batter in the frame at 923.0 seconds?",
        "answer": "Yes",
        "old_answer": "Yes"
    },
    {
        "qa_idx": 1,
        "qa_task": "character-understanding",
        "question": "What is the character in the foreground holding at 996.0 seconds into the video?",
        "options": [
            "A. A large bowl decorated with strawberry motifs.",
            "B. A large plate decorated with floral motifs.",
            "C. A small cup decorated with animal motifs.",
            "D. A large tray decorated with geometric motifs."
        ],
        "answer": "A",
        "qa_level": "frame",
        "qa_type": "mcqa",
        "old_answer": "A"
    },
    {
        "qa_idx": 2,
        "qa_type": "qa",
        "qa_level": "within_event",
        "qa_task": "object understanding",
        "question": "Is there a white dog with green ears and a pink collar in the video from 1847.0 to 1851.0 seconds?",
        "answer": "Yes",
        "old_answer": "Yes"
    },
    {
        "qa_idx": 3,
        "qa_task": "descriptive-scene",
        "question": "Where does the scene at 1700.0 seconds take place?",
        "options": [
            "A. In a whimsical and colorful interior environment.",
            "B. In a dark and gloomy forest.",
            "C. In a modern office setting.",
            "D. In a quiet suburban neighborhood."
        ],
        "answer": "A",
        "qa_level": "frame",
        "qa_type": "mcqa",
        "old_answer": "A"
    },
    {
        "qa_idx": 4,
        "qa_type": "qa",
        "qa_level": "within_event",
        "qa_task": "speed",
        "question": "Are the characters in the video event from 1127.0 to 1187.0 seconds moving at a fast pace?",
        "answer": "No",
        "old_answer": "No"
    },
    {
        "qa_idx": 5,
        "qa_task": "character-understanding",
        "question": "What is the young girl wearing on her feet at 367.0 seconds into the video?",
        "options": [
            "A. Blue shoes.",
            "B. Green shoes.",
            "C. Pink shoes.",
            "D. Yellow shoes."
        ],
        "answer": "C",
        "qa_level": "frame",
        "qa_type": "mcqa",
        "old_answer": "C"
    },
    {
        "qa_idx": 6,
        "qa_type": "qa",
        "qa_level": "cross_event",
        "qa_task": "camera-direction",
        "question": "In the event from 941.0 to 1009.0, does the camera move from an indoor kitchen scene to an outdoor garden scene?",
        "answer": "Yes",
        "old_answer": "Yes"
    },
    {
        "qa_idx": 7,
        "qa_task": "character-understanding",
        "question": "What are the animated characters doing by the lakeside in the video from 1188.0 to 1241.0 seconds?",
        "options": [
            "A. Playing guitars.",
            "B. Fishing.",
            "C. Swimming.",
            "D. Painting."
        ],
        "answer": "A",
        "qa_level": "within_event",
        "qa_type": "mcqa",
        "old_answer": "A"
    },
    {
        "qa_idx": 8,
        "qa_task": "attribute-change",
        "question": "How does the environment change from the beginning to the end of the event from 1438.0 seconds to 1503.0 seconds?",
        "options": [
            "A. The environment changes from a snowy outdoor setting to a chaotic indoor scene.",
            "B. The environment changes from a snowy outdoor setting to a beautifully animated garden scene.",
            "C. The environment changes from a warm-toned rustic setting to a cave-like environment.",
            "D. The environment changes from a festive atmosphere to a disrupted event."
        ],
        "answer": "B",
        "qa_level": "cross_event",
        "qa_type": "mcqa",
        "old_answer": "B"
    },
    {
        "qa_idx": 10,
        "qa_task": "spatial-relationship",
        "question": "Where is the pink cart wheel positioned relative to the character with a strawberry-like head and glasses?",
        "options": [
            "A. On the left side of the frame.",
            "B. On the right side of the frame.",
            "C. In the center of the frame.",
            "D. Behind the character."
        ],
        "answer": "A",
        "qa_level": "long_term",
        "qa_type": "mcqa",
        "old_answer": "A"
    },
    {
        "qa_idx": 12,
        "qa_task": "camera-direction",
        "question": "At what time does the camera shift focus to a large, multicolored cluster of balloons amid the green backdrop?",
        "options": [
            "A. 17.0 seconds.",
            "B. 19.0 seconds.",
            "C. 21.0 seconds.",
            "D. 27.0 seconds."
        ],
        "answer": "A",
        "qa_level": "long_term",
        "qa_type": "mcqa",
        "old_answer": "A"
    },
    {
        "qa_idx": 13,
        "qa_task": "speed",
        "question": "Which character is moving faster in the video from 3.0 seconds to 1851.0 seconds?",
        "options": [
            "A. The character with a strawberry-like head and glasses.",
            "B. The character with blue hair and a decorative headband.",
            "C. The character with pink hair and a white and magenta dress.",
            "D. The character with a large sun hat and glasses."
        ],
        "answer": "A",
        "qa_level": "long_term",
        "qa_type": "mcqa",
        "old_answer": "A"
    },
    {
        "qa_idx": 14,
        "qa_task": "attribute-change",
        "question": "How does the environment change from the beginning to the end of the video from 3.0 seconds to 1851.0 seconds?",
        "options": [
            "A. The environment changes from a whimsical garden to a snowy landscape.",
            "B. The environment changes from a lush green garden to an indoor animated setting.",
            "C. The environment changes from a vibrant garden to a serene lakeside scene.",
            "D. The environment changes from a colorful indoor setting to a vibrant outdoor garden."
        ],
        "answer": "B",
        "qa_level": "long_term",
        "qa_type": "mcqa",
        "old_answer": "B"
    },
    {
        "qa_idx": 15,
        "qa_task": "character-understanding",
        "question": "What is the character with a strawberry-like head wearing in the video from 3.0 to 1851.0 seconds?",
        "options": [
            "A. A large straw hat with a blue band.",
            "B. A sun hat and green attire.",
            "C. A strawberry-themed hat and vibrant, brightly colored clothing.",
            "D. A blue hairband and a decorative headpiece."
        ],
        "answer": "C",
        "qa_level": "long_term",
        "qa_type": "mcqa",
        "old_answer": "C"
    }
]