[
    {
        "qa_idx": 1,
        "qa_type": "qa",
        "qa_level": "frame",
        "qa_task": "object understanding",
        "question": "Is the anthropomorphic character holding a small toy airplane at 375.0 seconds into the video?",
        "answer": "Yes",
        "old_answer": "Yes"
    },
    {
        "qa_idx": 3,
        "qa_task": "descriptive-scene",
        "question": "Where does the scene at 1512.0 seconds into the video take place?",
        "options": [
            "A. In a classroom.",
            "B. In a natural outdoor environment.",
            "C. In a city park.",
            "D. In a living room."
        ],
        "answer": "B",
        "qa_level": "frame",
        "qa_type": "mcqa",
        "old_answer": "B"
    },
    {
        "qa_idx": 4,
        "qa_type": "qa",
        "qa_level": "cross_event",
        "qa_task": "action-understanding",
        "question": "In the event from 1825.0 to 1885.0, does the scene transition from a beach setting to a maritime setting featuring sailboats?",
        "answer": "Yes",
        "old_answer": "Yes"
    },
    {
        "qa_idx": 5,
        "qa_type": "qa",
        "qa_level": "long_term",
        "qa_task": "action-understanding",
        "question": "After the family of anthropomorphic pigs finished their breakfast, did they clean the kitchen thoroughly before leaving for their journey? (3.0 - 2739.0 seconds)",
        "answer": "No",
        "old_answer": "No"
    },
    {
        "qa_idx": 6,
        "qa_task": "descriptive-scene",
        "question": "Where does the animated scene take place from 203.0 to 254.0 seconds?",
        "options": [
            "A. In a cozy room.",
            "B. In a garden.",
            "C. In a forest.",
            "D. In a castle courtyard."
        ],
        "answer": "A",
        "qa_level": "within_event",
        "qa_type": "mcqa",
        "old_answer": "A"
    },
    {
        "qa_idx": 7,
        "qa_task": "spatial-relationship",
        "question": "Where is the family of anthropomorphic pigs seated during their travel?",
        "options": [
            "A. In a car.",
            "B. In a train compartment.",
            "C. In a boat.",
            "D. In a plane."
        ],
        "answer": "B",
        "qa_level": "long_term",
        "qa_type": "mcqa",
        "old_answer": "B"
    },
    {
        "qa_idx": 8,
        "qa_task": "speed",
        "question": "Which mode of transportation is faster in the video from 3.0 to 2739.0 seconds, the train or the hovercraft?",
        "options": [
            "A. The train.",
            "B. The hovercraft.",
            "C. Both are at the same speed.",
            "D. None of the above."
        ],
        "answer": "B",
        "qa_level": "long_term",
        "qa_type": "mcqa",
        "old_answer": "B"
    },
    {
        "qa_idx": 9,
        "qa_task": "attribute-change",
        "question": "How does the time of day change from the beginning to the end of the video event from 3.0 to 2739.0 seconds?",
        "options": [
            "A. It changes from morning to night.",
            "B. It changes from night to morning.",
            "C. It remains daytime throughout.",
            "D. It changes from daytime to nighttime."
        ],
        "answer": "D",
        "qa_level": "long_term",
        "qa_type": "mcqa",
        "old_answer": "D"
    },
    {
        "qa_idx": 10,
        "qa_task": "object understanding",
        "question": "What objects are present in the kitchen scene at the beginning of the video?",
        "options": [
            "A. Bowls of cereal, cups, juice, and a refrigerator with colorful magnets.",
            "B. A laptop, cereal, and a jug.",
            "C. A toy airplane, dolls, and a remote control.",
            "D. A construction vehicle, traffic cones, and a green cross sign."
        ],
        "answer": "A",
        "qa_level": "long_term",
        "qa_type": "mcqa",
        "old_answer": "A"
    }
]