[
    {
        "qa_idx": 0,
        "qa_type": "qa",
        "qa_level": "frame",
        "qa_task": "object understanding",
        "question": "Is there a blue vase with purple flowers on the chest of drawers in the video frame at 2623.0 seconds?",
        "answer": "Yes",
        "old_answer": "Yes"
    },
    {
        "qa_idx": 2,
        "qa_task": "spatial-relationship",
        "question": "What is adjacent to the anthropomorphic object with a red cap in the frame at 725.0 seconds?",
        "options": [
            "A. A pirate-themed vessel.",
            "B. A treasure chest.",
            "C. A palm tree.",
            "D. A sandy beach."
        ],
        "answer": "A",
        "qa_level": "frame",
        "qa_type": "mcqa",
        "old_answer": "A"
    },
    {
        "qa_idx": 3,
        "qa_type": "qa",
        "qa_level": "within_event",
        "qa_task": "plot-understanding",
        "question": "Does the video event transition from a playful setting to a cozy nighttime scene and back to a playful setting from 873.0 to 985.0 seconds?",
        "answer": "Yes",
        "old_answer": "Yes"
    },
    {
        "qa_idx": 4,
        "qa_task": "plot-understanding",
        "question": "What is the main activity the anthropomorphic orange cat is engaged in during the outdoor scene from 1404.0 to 1441.0 seconds?",
        "options": [
            "A. Playing with a ball.",
            "B. Holding a blue net.",
            "C. Climbing a tree.",
            "D. Sleeping under a tree."
        ],
        "answer": "B",
        "qa_level": "within_event",
        "qa_type": "mcqa",
        "old_answer": "B"
    },
    {
        "qa_idx": 5,
        "qa_task": "attribute-change",
        "question": "How does the lighting in the room change from 399.0 seconds to 402.0 seconds?",
        "options": [
            "A. The room becomes darker.",
            "B. The room becomes brightly lit.",
            "C. The room's lighting remains the same.",
            "D. The room's lighting fluctuates."
        ],
        "answer": "B",
        "qa_level": "within_event",
        "qa_type": "mcqa",
        "old_answer": "B"
    },
    {
        "qa_idx": 6,
        "qa_task": "speed",
        "question": "Between the time of 399.0 seconds to 462.0 seconds, which object is depicted as moving or producing output at a faster rate?",
        "options": [
            "A. The printer producing multiple copies of the same image.",
            "B. The cat characters interacting in the library or study room.",
            "C. The scanner or copier with green and red indicator lights.",
            "D. The mobile phone on the table."
        ],
        "answer": "A",
        "qa_level": "cross_event",
        "qa_type": "mcqa",
        "old_answer": "A"
    },
    {
        "qa_idx": 7,
        "qa_task": "object-direction",
        "question": "In the video events from 473.0 to 533.0 seconds and H to e seconds, what is the direction of the movement of the anthropomorphic cats in the dojo-like indoor scene?",
        "options": [
            "A. The cats move from left to right.",
            "B. The cats move from right to left.",
            "C. The cats move from top to bottom.",
            "D. The cats move from bottom to top."
        ],
        "answer": "A",
        "qa_level": "cross_event",
        "qa_type": "mcqa",
        "old_answer": "A"
    },
    {
        "qa_idx": 9,
        "qa_task": "temporal-relationship",
        "question": "What were the cats doing before they started interacting with the cardboard boxes and items like a paddle and skis?",
        "options": [
            "A. They were in a colorful sewing room interacting with a computer, sewing machine, fabrics, and mannequins.",
            "B. They were in a domestic scene with a staircase, paw-patterned wallpaper, and colorful paintings on the wall.",
            "C. They were in a bustling clothing workshop full of sewing tools, spools of thread, and pinned sketches.",
            "D. They were in a digital drawing tablet showing dress designs."
        ],
        "answer": "A",
        "qa_level": "long_term",
        "qa_type": "mcqa",
        "old_answer": "A"
    },
    {
        "qa_idx": 10,
        "qa_task": "spatial-relationship",
        "question": "Where are the three anthropomorphic cats standing in the initial scene of the video?",
        "options": [
            "A. On a cloud-like shape.",
            "B. On a grassy field.",
            "C. On a playground.",
            "D. On a treehouse."
        ],
        "answer": "A",
        "qa_level": "long_term",
        "qa_type": "mcqa",
        "old_answer": "A"
    },
    {
        "qa_idx": 11,
        "qa_task": "causal",
        "question": "Why did the orange cat paint a stick figure and an anchor symbol on the box?",
        "options": [
            "A. To prepare for an outdoor activity.",
            "B. To decorate the box for a gift.",
            "C. To label the box for storage.",
            "D. To create a piece of art for a competition."
        ],
        "answer": "A",
        "qa_level": "long_term",
        "qa_type": "mcqa",
        "old_answer": "A"
    },
    {
        "qa_idx": 13,
        "qa_task": "speed",
        "question": "Which character is moving faster in the video from 3.0 to 2719.0 seconds?",
        "options": [
            "A. The cat on the scooter.",
            "B. The cat on the sled.",
            "C. The cat on the bicycle.",
            "D. The cat on the swing."
        ],
        "answer": "C",
        "qa_level": "long_term",
        "qa_type": "mcqa",
        "old_answer": "C"
    },
    {
        "qa_idx": 14,
        "qa_task": "attribute-change",
        "question": "How does the background change from the beginning to the end of the video from 3.0 to 2719.0 seconds?",
        "options": [
            "A. From a bright yellow background to a plain white background.",
            "B. From a bright yellow background to a vibrant and colorful background.",
            "C. From a plain white background to a bright yellow background.",
            "D. From a vibrant and colorful background to a plain white background."
        ],
        "answer": "B",
        "qa_level": "long_term",
        "qa_type": "mcqa",
        "old_answer": "B"
    },
    {
        "qa_idx": 15,
        "qa_task": "object understanding",
        "question": "What objects are featured in the sewing room where a cat interacts with a computer?",
        "options": [
            "A. Sewing machine, fabrics, and mannequins.",
            "B. Books, a lamp, and a chair.",
            "C. Kitchen utensils, a stove, and a refrigerator.",
            "D. Musical instruments, a microphone, and a speaker."
        ],
        "answer": "A",
        "qa_level": "long_term",
        "qa_type": "mcqa",
        "old_answer": "A"
    },
    {
        "qa_idx": 16,
        "qa_task": "time-order",
        "question": "In which order do the events occur in the video from 3.0 to 2719.0 seconds?",
        "options": [
            "A. The video begins with three cheerful anthropomorphic cats against a bright yellow background, followed by an outdoor sunny day scene, then a colorful sewing room, and ends with the cats interacting with cardboard boxes.",
            "B. The video begins with an outdoor sunny day scene, followed by three cheerful anthropomorphic cats against a bright yellow background, then a colorful sewing room, and ends with the cats interacting with cardboard boxes.",
            "C. The video begins with a colorful sewing room, followed by three cheerful anthropomorphic cats against a bright yellow background, then an outdoor sunny day scene, and ends with the cats interacting with cardboard boxes.",
            "D. The video begins with the cats interacting with cardboard boxes, followed by three cheerful anthropomorphic cats against a bright yellow background, then an outdoor sunny day scene, and ends with a colorful sewing room."
        ],
        "answer": "A",
        "qa_level": "long_term",
        "qa_type": "mcqa",
        "old_answer": "A"
    },
    {
        "qa_idx": 17,
        "qa_task": "descriptive-scene",
        "question": "Where do the anthropomorphic cats interact with a computer, sewing machine, fabrics, and mannequins amidst a creative mess?",
        "options": [
            "A. In a colorful sewing room.",
            "B. In a whimsical house.",
            "C. In a domestic scene with a staircase.",
            "D. In a bustling clothing workshop."
        ],
        "answer": "A",
        "qa_level": "long_term",
        "qa_type": "mcqa",
        "old_answer": "A"
    }
]