[
    {
        "qa_idx": 0,
        "qa_type": "qa",
        "qa_level": "frame",
        "qa_task": "object understanding",
        "question": "Is the man in the red shirt holding a spoon at 1065.0 seconds into the video?",
        "answer": "Yes",
        "old_answer": "Yes"
    },
    {
        "qa_idx": 2,
        "qa_task": "spatial-relationship",
        "question": "What is the central focus of the group gathering in the frame at 918.0 seconds?",
        "options": [
            "A. A table with a cake.",
            "B. A television.",
            "C. A dance floor.",
            "D. A fireplace."
        ],
        "answer": "A",
        "qa_level": "frame",
        "qa_type": "mcqa",
        "old_answer": "A"
    },
    {
        "qa_idx": 3,
        "qa_type": "qa",
        "qa_level": "within_event",
        "qa_task": "character-understanding",
        "question": "Were there both men and women at the social gathering from 815.0 to 876.0 seconds?",
        "answer": "Yes",
        "old_answer": "Yes"
    },
    {
        "qa_idx": 5,
        "qa_type": "qa",
        "qa_level": "within_event",
        "qa_task": "speed",
        "question": "Did the individuals in the video move quickly between 190.0 and 218.0 seconds?",
        "answer": "No",
        "old_answer": "No"
    },
    {
        "qa_idx": 6,
        "qa_type": "qa",
        "qa_level": "cross_event",
        "qa_task": "object understanding",
        "question": "Is there a decorative piece of art on a dark blue accent wall in both events from 1559.0 to 1620.0 and 1672.0 to 1720.0?",
        "answer": "Yes",
        "old_answer": "Yes"
    },
    {
        "qa_idx": 8,
        "qa_type": "qa",
        "qa_level": "long_term",
        "qa_task": "speed",
        "question": "Did the individuals move quickly between the indoor and outdoor settings from 145.0 seconds to 403.0 seconds?",
        "answer": "No",
        "old_answer": "No"
    },
    {
        "qa_idx": 11,
        "qa_task": "speed",
        "question": "Which is faster, the transition from the outdoor nighttime scene to the indoor setting or the transition from the indoor setting back to the outdoor nighttime scene?",
        "options": [
            "A. The transition from the outdoor nighttime scene to the indoor setting.",
            "B. The transition from the indoor setting back to the outdoor nighttime scene.",
            "C. Both transitions are at the same speed.",
            "D. None of the above."
        ],
        "answer": "A",
        "qa_level": "long_term",
        "qa_type": "mcqa",
        "old_answer": "A"
    },
    {
        "qa_idx": 13,
        "qa_task": "time-order",
        "question": "In which order do the events occur in the video from 5.0 to 1803.0 seconds?",
        "options": [
            "A. Nighttime scene with two men -> Group of individuals in a nighttime outdoor scene -> Indoor setting with a hallway -> Nighttime outdoor scene with a metallic railing -> Indoor dining area with wooden furniture -> Nighttime outdoor social gathering -> Celebratory event with a birthday cake -> Indoor dining area with a man and a woman -> Group of men in a well-lit room.",
            "B. Group of individuals in a nighttime outdoor scene -> Nighttime scene with two men -> Indoor setting with a hallway -> Nighttime outdoor scene with a metallic railing -> Indoor dining area with wooden furniture -> Nighttime outdoor social gathering -> Celebratory event with a birthday cake -> Indoor dining area with a man and a woman -> Group of men in a well-lit room.",
            "C. Nighttime scene with two men -> Indoor setting with a hallway -> Group of individuals in a nighttime outdoor scene -> Nighttime outdoor scene with a metallic railing -> Indoor dining area with wooden furniture -> Nighttime outdoor social gathering -> Celebratory event with a birthday cake -> Indoor dining area with a man and a woman -> Group of men in a well-lit room.",
            "D. Nighttime scene with two men -> Group of individuals in a nighttime outdoor scene -> Indoor setting with a hallway -> Nighttime outdoor scene with a metallic railing -> Indoor dining area with wooden furniture -> Celebratory event with a birthday cake -> Nighttime outdoor social gathering -> Indoor dining area with a man and a woman -> Group of men in a well-lit room."
        ],
        "answer": "A",
        "qa_level": "long_term",
        "qa_type": "mcqa",
        "old_answer": "A"
    }
]