[
    {
        "qa_idx": 0,
        "qa_task": "spatial-relationship",
        "question": "What is the backdrop in the animated scene at 605.0 seconds?",
        "options": [
            "A. A bright red curtain with faint golden lines.",
            "B. A dark blue curtain with silver stars.",
            "C. A green forest with tall trees.",
            "D. A cityscape with tall buildings."
        ],
        "answer": "A",
        "qa_level": "frame",
        "qa_type": "mcqa",
        "old_answer": "A"
    },
    {
        "qa_idx": 1,
        "qa_type": "qa",
        "qa_level": "frame",
        "qa_task": "object understanding",
        "question": "Is there a guitar resting against the bookcase in the video frame at 534.0 seconds?",
        "answer": "Yes",
        "old_answer": "Yes"
    },
    {
        "qa_idx": 2,
        "qa_type": "qa",
        "qa_level": "within_event",
        "qa_task": "action-understanding",
        "question": "Does the bear raise its left paw in a tranquil, forested environment against a clear blue sky between 896.0 and 960.0 seconds?",
        "answer": "Yes",
        "old_answer": "Yes"
    },
    {
        "qa_idx": 3,
        "qa_type": "qa",
        "qa_level": "within_event",
        "qa_task": "camera-direction",
        "question": "Does the camera remain stationary while capturing the violin inside the open case from 482.0 to 544.0 seconds?",
        "answer": "No",
        "old_answer": "No"
    },
    {
        "qa_idx": 4,
        "qa_task": "scene-understanding",
        "question": "What is the setting of the event from 482.0 to 544.0 seconds?",
        "options": [
            "A. A busy city street.",
            "B. A richly decorated indoor room.",
            "C. A beach.",
            "D. A forest."
        ],
        "answer": "B",
        "qa_level": "within_event",
        "qa_type": "mcqa",
        "old_answer": "B"
    },
    {
        "qa_idx": 5,
        "qa_type": "qa",
        "qa_level": "long_term",
        "qa_task": "character-understanding",
        "question": "Did the video feature anthropomorphic bears engaging in various activities both indoors and outdoors from 21.0 to 2030.0 seconds?",
        "answer": "Yes",
        "old_answer": "Yes"
    },
    {
        "qa_idx": 6,
        "qa_task": "speed",
        "question": "From 836.0 to 895.0 seconds, which character is depicted as moving faster in the final scene?",
        "options": [
            "A. The bear on a unicycle.",
            "B. The small figure in a bright pink outfit.",
            "C. The clapping bears.",
            "D. The girl in front of the book."
        ],
        "answer": "A",
        "qa_level": "within_event",
        "qa_type": "mcqa",
        "old_answer": "A"
    },
    {
        "qa_idx": 7,
        "qa_task": "object-direction",
        "question": "In the video events from 1023.0 to 1088.0 seconds, what direction does the figure in pink and white move?",
        "options": [
            "A. The figure moves quickly across the frame.",
            "B. The figure moves slowly towards the door.",
            "C. The figure moves upwards on the staircase.",
            "D. The figure moves downwards on the staircase."
        ],
        "answer": "A",
        "qa_level": "cross_event",
        "qa_type": "mcqa",
        "old_answer": "A"
    },
    {
        "qa_idx": 8,
        "qa_task": "plot-understanding",
        "question": "How does the setting transition from the outdoor garden scene to the indoor scene in the video between 1835.0 seconds and 1904.0 seconds?",
        "options": [
            "A. The scene transitions from a vibrant garden to a dark forest and then to a rustic indoor setting.",
            "B. The scene transitions from a vibrant garden directly to a cozy indoor setting.",
            "C. The scene transitions from a vibrant garden to a beach and then to a rustic indoor setting.",
            "D. The scene transitions from a vibrant garden to a cityscape and then to a rustic indoor setting."
        ],
        "answer": "A",
        "qa_level": "cross_event",
        "qa_type": "mcqa",
        "old_answer": "A"
    },
    {
        "qa_idx": 9,
        "qa_task": "spatial-relationship",
        "question": "Where are the two toys in red helmets positioned in the indoor setting?",
        "options": [
            "A. On a play mat decorated with a yellow and blue design.",
            "B. On a wooden shelf filled with books.",
            "C. Near a large, colorful poster with a celestial design.",
            "D. Next to a vintage television set."
        ],
        "answer": "A",
        "qa_level": "long_term",
        "qa_type": "mcqa",
        "old_answer": "A"
    },
    {
        "qa_idx": 10,
        "qa_task": "plot-understanding",
        "question": "What is the main theme of the video from 15.0 to 2030.0 seconds?",
        "options": [
            "A. Space exploration and adventure.",
            "B. A musical performance by anthropomorphic bears.",
            "C. A playful and imaginative environment with various animated characters.",
            "D. A serene and tranquil natural setting."
        ],
        "answer": "C",
        "qa_level": "long_term",
        "qa_type": "mcqa",
        "old_answer": "C"
    },
    {
        "qa_idx": 11,
        "qa_task": "speed",
        "question": "What is the speed reading on the exercise equipment console labeled 'ForestTrack' in the scene from 15.0 to 2030.0 seconds?",
        "options": [
            "A. 0 km/h.",
            "B. 5 km/h.",
            "C. 10 km/h.",
            "D. 15 km/h."
        ],
        "answer": "A",
        "qa_level": "long_term",
        "qa_type": "mcqa",
        "old_answer": "A"
    },
    {
        "qa_idx": 13,
        "qa_task": "time-order",
        "question": "In which order do the events occur in the video from 15.0 to 2030.0 seconds?",
        "options": [
            "A. Cozy interior setting with a fireplace and toys, outdoor meal with bears, night sky with stars, indoor scenes with bears and toys, space-themed adventure, underwater exploration, garden activities, indoor fumigation, outdoor picnic, cozy indoor setting with toys, detective theme.",
            "B. Cozy interior setting with a fireplace and toys, night sky with stars, outdoor meal with bears, indoor scenes with bears and toys, space-themed adventure, underwater exploration, garden activities, indoor fumigation, outdoor picnic, cozy indoor setting with toys, detective theme.",
            "C. Outdoor meal with bears, cozy interior setting with a fireplace and toys, night sky with stars, indoor scenes with bears and toys, space-themed adventure, underwater exploration, garden activities, indoor fumigation, outdoor picnic, cozy indoor setting with toys, detective theme.",
            "D. Cozy interior setting with a fireplace and toys, outdoor meal with bears, night sky with stars, indoor scenes with bears and toys, space-themed adventure, underwater exploration, garden activities, indoor fumigation, cozy indoor setting with toys, outdoor picnic, detective theme."
        ],
        "answer": "A",
        "qa_level": "long_term",
        "qa_type": "mcqa",
        "old_answer": "A"
    }
]