[
    {
        "qa_idx": 0,
        "qa_task": "character-understanding",
        "question": "What is the character in the center of the scene doing at 3006.0 seconds into the video?",
        "options": [
            "A. Sitting on a swing.",
            "B. Climbing a tree.",
            "C. Playing with a ball.",
            "D. Running around."
        ],
        "answer": "A",
        "qa_level": "frame",
        "qa_type": "mcqa",
        "old_answer": "A"
    },
    {
        "qa_idx": 1,
        "qa_type": "qa",
        "qa_level": "within_event",
        "qa_task": "action-understanding",
        "question": "During the nighttime scene from 1498.0 to 1576.0 seconds, do the characters set up a campfire in the backyard?",
        "answer": "No",
        "old_answer": "No"
    },
    {
        "qa_idx": 2,
        "qa_type": "qa",
        "qa_level": "cross_event",
        "qa_task": "character-understanding",
        "question": "Did the older character in nautical attire hold a flashlight in both events from 1399.0 to 1479.0 and 1498.0 to 1576.0?",
        "answer": "Yes",
        "old_answer": "Yes"
    },
    {
        "qa_idx": 3,
        "qa_type": "qa",
        "qa_level": "cross_event",
        "qa_task": "speed",
        "question": "Did the characters in the scene from 548.0 to 599.0 move at a faster pace compared to the characters in the scene from 604.0 to 664.0?",
        "answer": "No",
        "old_answer": "No"
    },
    {
        "qa_idx": 4,
        "qa_task": "object-direction",
        "question": "In which direction are the characters looking while standing together on the track or playground from 3178.0 to 3234.0 seconds?",
        "options": [
            "A. Downwards.",
            "B. Upwards.",
            "C. Sideways.",
            "D. Forwards."
        ],
        "answer": "B",
        "qa_level": "within_event",
        "qa_type": "mcqa",
        "old_answer": "B"
    },
    {
        "qa_idx": 5,
        "qa_task": "temporal-relationship",
        "question": "What were the characters doing before they were seen in a lively, organized indoor environment with a computer screen?",
        "options": [
            "A. They were standing on a grassy hill with a yellow building in the background.",
            "B. They were engaged in a show-and-tell scenario against a plain, light blue background.",
            "C. They were displaying a picture to each other against a plain blue background.",
            "D. They were typing on an old computer in a colorful and lively purple-walled room."
        ],
        "answer": "C",
        "qa_level": "long_term",
        "qa_type": "mcqa",
        "old_answer": "C"
    },
    {
        "qa_idx": 6,
        "qa_task": "time-order",
        "question": "In which order do the events occur in the video from 5.0 seconds to 3830.0 seconds?",
        "options": [
            "A. The scene starts with a bright outdoor scene, transitions to an indoor office setting, then to various animated scenes focusing on anthropomorphic pig characters, followed by outdoor winter activities, and concludes with a playful indoor setting.",
            "B. The scene starts with a bright outdoor scene, transitions to various animated scenes focusing on anthropomorphic pig characters, then to an indoor office setting, followed by outdoor winter activities, and concludes with a playful indoor setting.",
            "C. The scene starts with a bright outdoor scene, transitions to various animated scenes focusing on anthropomorphic pig characters, then to outdoor winter activities, followed by an indoor office setting, and concludes with a playful indoor setting.",
            "D. The scene starts with a bright outdoor scene, transitions to an indoor office setting, then to outdoor winter activities, followed by various animated scenes focusing on anthropomorphic pig characters, and concludes with a playful indoor setting."
        ],
        "answer": "A",
        "qa_level": "long_term",
        "qa_type": "mcqa",
        "old_answer": "A"
    },
    {
        "qa_idx": 8,
        "qa_task": "speed",
        "question": "Which character is moving faster in the video from 5.0 to 3830.0 seconds?",
        "options": [
            "A. The character holding a green book-like object.",
            "B. The character skiing down a snowy slope.",
            "C. The character standing near the doorway.",
            "D. The character typing on an old computer."
        ],
        "answer": "B",
        "qa_level": "long_term",
        "qa_type": "mcqa",
        "old_answer": "B"
    },
    {
        "qa_idx": 9,
        "qa_task": "attribute-change",
        "question": "How does the environment change from the beginning to the end of the video event from 5.0 seconds to 3830.0 seconds?",
        "options": [
            "A. The environment changes from a bright, sunny outdoor setting to a lively indoor setting with characters engaged in playful activities.",
            "B. The environment changes from a snowy winter scene to a summer beach scene.",
            "C. The environment changes from a dark, nighttime setting to a bright, sunny outdoor setting.",
            "D. The environment changes from an indoor classroom setting to an outdoor sports event."
        ],
        "answer": "A",
        "qa_level": "long_term",
        "qa_type": "mcqa",
        "old_answer": "A"
    },
    {
        "qa_idx": 10,
        "qa_task": "descriptive-scene",
        "question": "Where do the animated characters engage in winter activities such as skiing or sledding, as seen in the video from 108.0 seconds to 544.0 seconds?",
        "options": [
            "A. In a snowy landscape with evergreen trees and a clear blue sky.",
            "B. In a grassy field with colorful flowers.",
            "C. In a classroom with educational materials.",
            "D. In a cozy indoor setting with a fireplace."
        ],
        "answer": "A",
        "qa_level": "long_term",
        "qa_type": "mcqa",
        "old_answer": "A"
    }
]