[
    {
        "qa_idx": 0,
        "qa_task": "descriptive-scene",
        "question": "Where is the animated character located at 2070.0 seconds into the video?",
        "options": [
            "A. In a city.",
            "B. In a forest or park area.",
            "C. In a house.",
            "D. In a spaceship."
        ],
        "answer": "B",
        "qa_level": "frame",
        "qa_type": "mcqa",
        "old_answer": "B"
    },
    {
        "qa_idx": 1,
        "qa_type": "qa",
        "qa_level": "frame",
        "qa_task": "object understanding",
        "question": "Is the authority figure holding a yellow megaphone at 257.0 seconds into the video?",
        "answer": "Yes",
        "old_answer": "Yes"
    },
    {
        "qa_idx": 2,
        "qa_task": "object understanding",
        "question": "What is the appearance of the chicken coop in the animated outdoor scene at 1688.0 seconds into the video?",
        "options": [
            "A. The chicken coop has a red slanted roof and metal walls, with a door on one side.",
            "B. The chicken coop has a yellow slanted roof and wooden walls, with a window on one side.",
            "C. The chicken coop has a green flat roof and brick walls, with a chimney on one side.",
            "D. The chicken coop has a blue curved roof and glass walls, with a balcony on one side."
        ],
        "answer": "B",
        "qa_level": "frame",
        "qa_type": "mcqa",
        "old_answer": "B"
    },
    {
        "qa_idx": 3,
        "qa_type": "qa",
        "qa_level": "within_event",
        "qa_task": "camera-direction",
        "question": "Does the camera remain stationary while focusing on the bunny and pig smiling at each other from 996.0 to 1085.0 seconds?",
        "answer": "No",
        "old_answer": "No"
    },
    {
        "qa_idx": 4,
        "qa_task": "object understanding",
        "question": "What is the larger pig character holding in the frame captured at 1610.0 seconds?",
        "options": [
            "A. A red apple.",
            "B. A yellow flower.",
            "C. A blue ball.",
            "D. A green leaf."
        ],
        "answer": "B",
        "qa_level": "frame",
        "qa_type": "mcqa",
        "old_answer": "B"
    },
    {
        "qa_idx": 5,
        "qa_task": "character-understanding",
        "question": "What are the pig-like characters doing in the video frame at 3044.0 seconds?",
        "options": [
            "A. They are standing atop a red brick bridge, looking ahead with smiles.",
            "B. They are sitting inside a house, reading books.",
            "C. They are swimming in a lake.",
            "D. They are flying in the sky."
        ],
        "answer": "A",
        "qa_level": "frame",
        "qa_type": "mcqa",
        "old_answer": "A"
    },
    {
        "qa_idx": 6,
        "qa_type": "qa",
        "qa_level": "cross_event",
        "qa_task": "action-understanding",
        "question": "Between 806.0 to 870.0 seconds and 874.0 to 932.0 seconds, do the anthropomorphic characters engage in a cooking competition in the market scene?",
        "answer": "No",
        "old_answer": "No"
    },
    {
        "qa_idx": 7,
        "qa_type": "qa",
        "qa_level": "cross_event",
        "qa_task": "camera-direction",
        "question": "Does the camera remain stationary while capturing the market scene from 806.0 to 870.0 seconds and the outdoor sports activities from 874.0 to 932.0 seconds?",
        "answer": "No",
        "old_answer": "No"
    },
    {
        "qa_idx": 8,
        "qa_task": "character-understanding",
        "question": "Which characters are present at the beginning of the event from 1568.0 to 1625.0 seconds?",
        "options": [
            "A. A zebra in a purple dress, a pig in a red dress, and a white animal in a pink dress holding a colorful ball.",
            "B. A lion in a blue dress, a tiger in a green dress, and a bear in a yellow dress.",
            "C. A dog in a brown dress, a cat in a black dress, and a rabbit in a white dress.",
            "D. A horse in a red dress, a cow in a blue dress, and a sheep in a green dress."
        ],
        "answer": "A",
        "qa_level": "within_event",
        "qa_type": "mcqa",
        "old_answer": "A"
    },
    {
        "qa_idx": 9,
        "qa_task": "temporal-relationship",
        "question": "What activity were the characters engaged in before the relay race featuring Peppa Pig holding a yellow baton on the racetrack?",
        "options": [
            "A. Participating in a tea party indoors.",
            "B. Engaging in a high jump or pole vault setup.",
            "C. Playing with toys and an airplane outdoors.",
            "D. Riding a bicycle on a grassy terrain."
        ],
        "answer": "B",
        "qa_level": "long_term",
        "qa_type": "mcqa",
        "old_answer": "B"
    },
    {
        "qa_idx": 10,
        "qa_task": "spatial-relationship",
        "question": "Where is the yellow bat located in the outdoor setting with a clear blue sky and green grass?",
        "options": [
            "A. In the center-left.",
            "B. In the center-right.",
            "C. Near the bottom-left.",
            "D. Near the top-right."
        ],
        "answer": "B",
        "qa_level": "long_term",
        "qa_type": "mcqa",
        "old_answer": "B"
    },
    {
        "qa_idx": 12,
        "qa_task": "plot-understanding",
        "question": "What is the main activity that Peppa Pig and other characters are engaged in from 534.0 to 1280.0 seconds?",
        "options": [
            "A. Participating in a relay race and other outdoor sports activities.",
            "B. Having a tea party indoors.",
            "C. Engaging in a classroom learning session.",
            "D. Going on a family picnic."
        ],
        "answer": "A",
        "qa_level": "long_term",
        "qa_type": "mcqa",
        "old_answer": "A"
    },
    {
        "qa_idx": 15,
        "qa_task": "speed",
        "question": "Which character is faster in the relay race, Peppa Pig or the other animal characters?",
        "options": [
            "A. Peppa Pig.",
            "B. The other animal characters.",
            "C. Both are at the same speed.",
            "D. None of the above."
        ],
        "answer": "A",
        "qa_level": "long_term",
        "qa_type": "mcqa",
        "old_answer": "A"
    },
    {
        "qa_idx": 16,
        "qa_task": "attribute-change",
        "question": "How does the setting change from the beginning to the end of the video from 3.0 to 3561.0 seconds?",
        "options": [
            "A. From an indoor setting to an outdoor setting.",
            "B. From a clear, uncomplicated scene to a vibrant and colorful market scene.",
            "C. From a playful outdoor setting to a serene countryside scene.",
            "D. From a vibrant outdoor scene to a cheerful indoor classroom."
        ],
        "answer": "B",
        "qa_level": "long_term",
        "qa_type": "mcqa",
        "old_answer": "B"
    },
    {
        "qa_idx": 17,
        "qa_task": "object understanding",
        "question": "What objects are featured in the indoor setting during the tea party around a small table?",
        "options": [
            "A. A teapot, cups, and cookies.",
            "B. A basketball and a hoop.",
            "C. A yellow bat and a ball.",
            "D. A bicycle and a helmet."
        ],
        "answer": "A",
        "qa_level": "long_term",
        "qa_type": "mcqa",
        "old_answer": "A"
    },
    {
        "qa_idx": 18,
        "qa_task": "time-order",
        "question": "In which order do the events occur in the video from 3.0 to 3561.0 seconds?",
        "options": [
            "A. Peppa Pig and friends play outdoors, then have a tea party indoors, followed by a relay race, and finally a picnic.",
            "B. Peppa Pig and friends have a tea party indoors, then play outdoors, followed by a relay race, and finally a picnic.",
            "C. Peppa Pig and friends play outdoors, then have a relay race, followed by a tea party indoors, and finally a picnic.",
            "D. Peppa Pig and friends have a relay race, then play outdoors, followed by a tea party indoors, and finally a picnic."
        ],
        "answer": "A",
        "qa_level": "long_term",
        "qa_type": "mcqa",
        "old_answer": "A"
    }
]