[
    {
        "qa_idx": 0,
        "qa_type": "qa",
        "qa_level": "frame",
        "qa_task": "character-understanding",
        "question": "Were two men visible in the top right corner of the frame at 596.0 seconds?",
        "answer": "Yes",
        "old_answer": "Yes"
    },
    {
        "qa_idx": 1,
        "qa_task": "object understanding",
        "question": "What is the headline of the article featured on the GameSpot web page at 866.0 seconds into the video?",
        "options": [
            "A. Pokemon Go's Latest Achievement: Helping Sell Pizza.",
            "B. Pokemon Go's New Update: New Features and Fixes.",
            "C. Pokemon Go's Impact on Local Businesses.",
            "D. Pokemon Go's Success: A Global Phenomenon."
        ],
        "answer": "A",
        "qa_level": "frame",
        "qa_type": "mcqa",
        "old_answer": "A"
    },
    {
        "qa_idx": 2,
        "qa_type": "qa",
        "qa_level": "frame",
        "qa_task": "character-understanding",
        "question": "At 866.0 seconds into the video, are there two men visible in the top right corner of the frame?",
        "answer": "Yes",
        "old_answer": "Yes"
    },
    {
        "qa_idx": 5,
        "qa_type": "qa",
        "qa_level": "within_event",
        "qa_task": "speed",
        "question": "Are the two men engaged in the activity at a fast pace between 2067.0 seconds and 2130.0 seconds?",
        "answer": "No",
        "old_answer": "No"
    },
    {
        "qa_idx": 6,
        "qa_task": "speed",
        "question": "Between 2828.0 seconds and 2906.0 seconds, which event occurs faster in the video?",
        "options": [
            "A. The transition from the studio scene to the desktop screen.",
            "B. The discussion about the NES Classic Edition.",
            "C. The display of the time on the taskbar changing from 6:38 PM to 6:39 PM.",
            "D. The display of social media handles '@luke_lafr' and '@linustech'."
        ],
        "answer": "C",
        "qa_level": "within_event",
        "qa_type": "mcqa",
        "old_answer": "C"
    },
    {
        "qa_idx": 7,
        "qa_type": "qa",
        "qa_level": "cross_event",
        "qa_task": "action-understanding",
        "question": "In the event from 807.0 to 867.0 seconds, do the two men appear to be discussing or reacting to a GameSpot article about Pokemon Go?",
        "answer": "Yes",
        "old_answer": "Yes"
    },
    {
        "qa_idx": 8,
        "qa_type": "qa",
        "qa_level": "long_term",
        "qa_task": "object understanding",
        "question": "Is there a microphone present between the two men in the studio setting from 220.0 to 3151.0 seconds?",
        "answer": "Yes",
        "old_answer": "Yes"
    },
    {
        "qa_idx": 10,
        "qa_task": "plot-understanding",
        "question": "What is the main focus of the discussion in the video segment from 2516.0 to 2793.0 seconds?",
        "options": [
            "A. The growth of PC shipments in the US.",
            "B. The incompatibility of Nvidia GTX 1080 and 1070 Display Ports with Vive HMD.",
            "C. Promotional information for the store at merch.linustechtips.com.",
            "D. The background decorations in the studio."
        ],
        "answer": "B",
        "qa_level": "cross_event",
        "qa_type": "mcqa",
        "old_answer": "B"
    },
    {
        "qa_idx": 12,
        "qa_task": "causal",
        "question": "Why are the two men discussing the Nintendo Entertainment System (NES) Classic Edition in the video event from 2828.0 to 2906.0 seconds?",
        "options": [
            "A. They are reviewing the latest gaming consoles.",
            "B. They are discussing the cultural significance of retro gaming.",
            "C. They are promoting a new game release.",
            "D. They are talking about the latest tech news."
        ],
        "answer": "B",
        "qa_level": "cross_event",
        "qa_type": "mcqa",
        "old_answer": "B"
    },
    {
        "qa_idx": 16,
        "qa_task": "object-direction",
        "question": "In which direction are the two men seated relative to each other during the recording of 'The WAN Show' from 220.0 seconds to 3151.0 seconds?",
        "options": [
            "A. Side by side.",
            "B. Facing each other.",
            "C. Back to back.",
            "D. Diagonally."
        ],
        "answer": "A",
        "qa_level": "long_term",
        "qa_type": "mcqa",
        "old_answer": "A"
    },
    {
        "qa_idx": 18,
        "qa_task": "speed",
        "question": "Which is faster, the browsing session on TweakTown or the discussion about the TechCrunch article?",
        "options": [
            "A. The browsing session on TweakTown.",
            "B. The discussion about the TechCrunch article.",
            "C. Both are at the same speed.",
            "D. None of the above."
        ],
        "answer": "A",
        "qa_level": "long_term",
        "qa_type": "mcqa",
        "old_answer": "A"
    },
    {
        "qa_idx": 19,
        "qa_task": "attribute-change",
        "question": "How does the background setting change from the beginning to the end of the video between 220.0 seconds and 3151.0 seconds?",
        "options": [
            "A. The background changes from a wooden panel backdrop to a tech-centric environment with shelves and various items.",
            "B. The background changes from a tech-centric environment to a wooden panel backdrop.",
            "C. The background remains the same throughout the video.",
            "D. The background changes from a tech-centric environment to an outdoor setting."
        ],
        "answer": "A",
        "qa_level": "long_term",
        "qa_type": "mcqa",
        "old_answer": "A"
    },
    {
        "qa_idx": 21,
        "qa_task": "object understanding",
        "question": "What branded chair is visible in the recording or streaming setup?",
        "options": [
            "A. Herman Miller.",
            "B. Secretlab.",
            "C. MAXNOMIC.",
            "D. DXRacer."
        ],
        "answer": "C",
        "qa_level": "long_term",
        "qa_type": "mcqa",
        "old_answer": "C"
    },
    {
        "qa_idx": 22,
        "qa_task": "time-order",
        "question": "In which order do the events occur in the video from 220.0 seconds to 3151.0 seconds?",
        "options": [
            "A. The WAN Show recording -> Workspace environment -> TechCrunch article on Pokémon Go -> TweakTown article on Pokémon Go -> The Guardian article on Pokémon Go -> GameSpot article on Pokémon Go -> Pokémon Go and McDonald's partnership -> The Verge article on Pokémon Go -> Tom's Hardware article on Nvidia GTX 1080 and 1070 -> TechRadar article on Nintendo NES -> Hotspot Shield advertisement.",
            "B. Workspace environment -> The WAN Show recording -> TechCrunch article on Pokémon Go -> TweakTown article on Pokémon Go -> The Guardian article on Pokémon Go -> GameSpot article on Pokémon Go -> Pokémon Go and McDonald's partnership -> The Verge article on Pokémon Go -> Tom's Hardware article on Nvidia GTX 1080 and 1070 -> TechRadar article on Nintendo NES -> Hotspot Shield advertisement.",
            "C. The WAN Show recording -> TechCrunch article on Pokémon Go -> Workspace environment -> TweakTown article on Pokémon Go -> The Guardian article on Pokémon Go -> GameSpot article on Pokémon Go -> Pokémon Go and McDonald's partnership -> The Verge article on Pokémon Go -> Tom's Hardware article on Nvidia GTX 1080 and 1070 -> TechRadar article on Nintendo NES -> Hotspot Shield advertisement.",
            "D. The WAN Show recording -> Workspace environment -> TweakTown article on Pokémon Go -> TechCrunch article on Pokémon Go -> The Guardian article on Pokémon Go -> GameSpot article on Pokémon Go -> Pokémon Go and McDonald's partnership -> The Verge article on Pokémon Go -> Tom's Hardware article on Nvidia GTX 1080 and 1070 -> TechRadar article on Nintendo NES -> Hotspot Shield advertisement."
        ],
        "answer": "A",
        "qa_level": "long_term",
        "qa_type": "mcqa",
        "old_answer": "A"
    }
]