[
    {
        "qa_idx": 0,
        "qa_type": "qa",
        "qa_level": "frame",
        "qa_task": "character-understanding",
        "question": "Are the animated characters interacting with each other at 570.0 seconds into the video?",
        "answer": "Yes",
        "old_answer": "Yes"
    },
    {
        "qa_idx": 1,
        "qa_task": "descriptive-scene",
        "question": "Where does the scene at 1101.0 seconds into the video take place?",
        "options": [
            "A. In a garden.",
            "B. In a living room.",
            "C. In a desert.",
            "D. In an office."
        ],
        "answer": "A",
        "qa_level": "frame",
        "qa_type": "mcqa",
        "old_answer": "A"
    },
    {
        "qa_idx": 2,
        "qa_type": "qa",
        "qa_level": "frame",
        "qa_task": "object understanding",
        "question": "Is there a colorful small worm-like figure standing upright on the floor in the video frame at 1952.0 seconds?",
        "answer": "Yes",
        "old_answer": "Yes"
    },
    {
        "qa_idx": 3,
        "qa_task": "character-understanding",
        "question": "What is the insect-like character doing at 85.0 seconds into the video?",
        "options": [
            "A. The insect-like character is flying.",
            "B. The insect-like character is standing in a pet food bowl and interacting with another similar character.",
            "C. The insect-like character is hiding behind a trash can.",
            "D. The insect-like character is sitting on the ground."
        ],
        "answer": "B",
        "qa_level": "frame",
        "qa_type": "mcqa",
        "old_answer": "B"
    },
    {
        "qa_idx": 4,
        "qa_type": "qa",
        "qa_level": "within_event",
        "qa_task": "plot-understanding",
        "question": "Does the video event transition between different scenes and environments from 280.0 to 340.0 seconds?",
        "answer": "Yes",
        "old_answer": "Yes"
    },
    {
        "qa_idx": 5,
        "qa_task": "object understanding",
        "question": "What objects are featured in the foreground at 203.0 seconds into the video?",
        "options": [
            "A. A small toy, a bottle cap, and a mouse-like character.",
            "B. A small toy, a bottle cap, and a cat-like character.",
            "C. A small toy, a bottle cap, and a dog-like character.",
            "D. A small toy, a bottle cap, and a rabbit-like character."
        ],
        "answer": "A",
        "qa_level": "frame",
        "qa_type": "mcqa",
        "old_answer": "A"
    },
    {
        "qa_idx": 6,
        "qa_type": "qa",
        "qa_level": "cross_event",
        "qa_task": "camera-direction",
        "question": "Does the camera remain stationary while capturing the whimsical town settings and the household bathroom scene from 215.0 to 274.0 and 280.0 to 340.0, respectively?",
        "answer": "No",
        "old_answer": "No"
    },
    {
        "qa_idx": 8,
        "qa_type": "qa",
        "qa_level": "cross_event",
        "qa_task": "action-understanding",
        "question": "Does the first event from 723.0 to 809.0 seconds conclude with an animated garden scene featuring two cartoon-like worms engaged in dramatic action, with one worm breathing fire?",
        "answer": "Yes",
        "old_answer": "Yes"
    },
    {
        "qa_idx": 10,
        "qa_task": "attribute-change",
        "question": "How does the setting change from the beginning to the end of the event between 280.0 seconds and 340.0 seconds?",
        "options": [
            "A. From a household bathroom scene to an urban street scene.",
            "B. From an underwater scene to a household bathroom scene.",
            "C. From a domestic indoor environment to an underwater scene.",
            "D. From an urban street scene to a household bathroom scene."
        ],
        "answer": "A",
        "qa_level": "cross_event",
        "qa_type": "mcqa",
        "old_answer": "A"
    },
    {
        "qa_idx": 12,
        "qa_task": "camera-direction",
        "question": "How does the camera movement change from 1.0 seconds to 2035.0 seconds in the video?",
        "options": [
            "A. The camera remains static throughout the video.",
            "B. The camera moves closer to the characters and objects, providing detailed close-ups.",
            "C. The camera zooms out to provide a broader view of the scenes.",
            "D. The camera pans horizontally across the scenes."
        ],
        "answer": "B",
        "qa_level": "long_term",
        "qa_type": "mcqa",
        "old_answer": "B"
    },
    {
        "qa_idx": 13,
        "qa_task": "speed",
        "question": "Which character is moving the fastest in the video from 1.0 to 2035.0 seconds?",
        "options": [
            "A. The yellow character with exaggerated facial features.",
            "B. The small red bean-like character.",
            "C. The reddish-orange worm.",
            "D. The green frog."
        ],
        "answer": "C",
        "qa_level": "long_term",
        "qa_type": "mcqa",
        "old_answer": "C"
    },
    {
        "qa_idx": 14,
        "qa_task": "attribute-change",
        "question": "How does the environment change from the beginning to the end of the video from 1.0 to 2035.0 seconds?",
        "options": [
            "A. The environment changes from a whimsical animated cityscape to a cluttered urban alleyway.",
            "B. The environment changes from a serene garden to an underwater scene.",
            "C. The environment changes from a vibrant cityscape to a dark, industrial setting.",
            "D. The environment changes from a playful indoor setting to a serene outdoor garden."
        ],
        "answer": "A",
        "qa_level": "long_term",
        "qa_type": "mcqa",
        "old_answer": "A"
    },
    {
        "qa_idx": 15,
        "qa_task": "character-understanding",
        "question": "What is the appearance of the blue bird character in the video from 1.0 to 2035.0 seconds?",
        "options": [
            "A. The blue bird has large eyes with droopy eyelids, an orange beak, and a yellow tuft of feathers on its head.",
            "B. The blue bird has small eyes, a red beak, and no feathers on its head.",
            "C. The blue bird has green eyes, a blue beak, and a red tuft of feathers on its head.",
            "D. The blue bird has black eyes, a yellow beak, and no feathers on its head."
        ],
        "answer": "A",
        "qa_level": "long_term",
        "qa_type": "mcqa",
        "old_answer": "A"
    }
]