[
    {
        "qa_idx": 0,
        "qa_type": "qa",
        "qa_level": "frame",
        "qa_task": "character-understanding",
        "question": "Are the participants in the video conference wearing formal attire at 561.0 seconds?",
        "answer": "Yes",
        "old_answer": "Yes"
    },
    {
        "qa_idx": 1,
        "qa_task": "spatial-relationship",
        "question": "What is the layout of the frame at 1518.0 seconds into the video?",
        "options": [
            "A. A single person speaking.",
            "B. Multiple sections featuring individuals.",
            "C. A group of people sitting together.",
            "D. An empty room."
        ],
        "answer": "B",
        "qa_level": "frame",
        "qa_type": "mcqa",
        "old_answer": "B"
    },
    {
        "qa_idx": 2,
        "qa_type": "qa",
        "qa_level": "frame",
        "qa_task": "object understanding",
        "question": "Are the solar panels of the International Space Station visible in the frame at 2013.0 seconds?",
        "answer": "Yes",
        "old_answer": "Yes"
    },
    {
        "qa_idx": 3,
        "qa_type": "qa",
        "qa_level": "within_event",
        "qa_task": "speed",
        "question": "Did the woman at the desk address the audience quickly from 1459.0 to 1518.0 seconds?",
        "answer": "No",
        "old_answer": "No"
    },
    {
        "qa_idx": 4,
        "qa_type": "qa",
        "qa_level": "within_event",
        "qa_task": "object understanding",
        "question": "Is there a poster with the NASA logo in the video from 156.0 to 242.0 seconds?",
        "answer": "Yes",
        "old_answer": "Yes"
    },
    {
        "qa_idx": 6,
        "qa_type": "qa",
        "qa_level": "long_term",
        "qa_task": "object understanding",
        "question": "Is there a lunar rover shown on the moon in the video between 5.0 and 2014.0 seconds?",
        "answer": "Yes",
        "old_answer": "Yes"
    },
    {
        "qa_idx": 8,
        "qa_task": "attribute-change",
        "question": "How does the background setting change from the beginning to the end of the video events from 1226.0 to 1302.0 seconds?",
        "options": [
            "A. The background changes from a blue backdrop with a NASA logo to a SpaceX display with spacecraft machinery.",
            "B. The background changes from a wooden panel to a green screen.",
            "C. The background remains the same throughout the video.",
            "D. The background changes from a SpaceX display to a blue backdrop with a NASA logo."
        ],
        "answer": "A",
        "qa_level": "cross_event",
        "qa_type": "mcqa",
        "old_answer": "A"
    },
    {
        "qa_idx": 11,
        "qa_task": "temporal-relationship",
        "question": "What happens after the scene showcasing the International Space Station (ISS) floating in outer space?",
        "options": [
            "A. A scene with a woman in a professional black blazer providing information related to NASA.",
            "B. A scene with a multi-person video conference featuring six individuals in formal attire.",
            "C. A scene depicting the interior of a spacecraft with astronauts in suits.",
            "D. A scene with a man in a suit standing in front of a SpaceX display and spacecraft machinery."
        ],
        "answer": "C",
        "qa_level": "long_term",
        "qa_type": "mcqa",
        "old_answer": "C"
    },
    {
        "qa_idx": 12,
        "qa_task": "spatial-relationship",
        "question": "Where is the NASA logo prominently displayed during the live broadcast?",
        "options": [
            "A. On the left side of the background.",
            "B. On the right side of the background.",
            "C. On the top left corner.",
            "D. On the top right corner."
        ],
        "answer": "D",
        "qa_level": "long_term",
        "qa_type": "mcqa",
        "old_answer": "D"
    },
    {
        "qa_idx": 14,
        "qa_task": "counting",
        "question": "How many astronauts are shown in the spacecraft in the final frame of the first description?",
        "options": [
            "A. Two.",
            "B. Three.",
            "C. Four.",
            "D. Six."
        ],
        "answer": "C",
        "qa_level": "long_term",
        "qa_type": "mcqa",
        "old_answer": "C"
    },
    {
        "qa_idx": 15,
        "qa_task": "time-order",
        "question": "In which order do the events occur in the video from 5.0 to 2014.0 seconds?",
        "options": [
            "A. The video begins with a triptych layout depicting scenes of space exploration, followed by scenes related to space missions, and then a launch sequence. The final frames highlight key moments from a lunar mission.",
            "B. The video begins with a woman seated at a desk with the NASA logo and 'LIVE' indicator, followed by a multi-person video conference, and then transitions to a man in a suit standing in front of a SpaceX display.",
            "C. The video begins with a mosaic of eight individuals in a virtual meeting, followed by a single individual in a suit and tie, and then returns to a multi-person format. The final frames show the interior of a space station.",
            "D. The video begins with a clear view of the International Space Station (ISS) floating in space, followed by an interior scene of a multi-functional workspace within a spacecraft or space station."
        ],
        "answer": "A",
        "qa_level": "long_term",
        "qa_type": "mcqa",
        "old_answer": "A"
    },
    {
        "qa_idx": 17,
        "qa_task": "camera-direction",
        "question": "What is the camera movement direction when the video transitions from the triptych layout depicting scenes of space exploration to the scenes related to space missions from 5.0 to 2014.0 seconds?",
        "options": [
            "A. The camera moves closer to the rocket launch.",
            "B. The camera zooms out to show the entire triptych layout.",
            "C. The camera shifts to focus on the middle segment of the triptych.",
            "D. The camera transitions to a different scene without moving."
        ],
        "answer": "D",
        "qa_level": "long_term",
        "qa_type": "mcqa",
        "old_answer": "D"
    },
    {
        "qa_idx": 18,
        "qa_task": "speed",
        "question": "Which is faster, the rocket launch or the lunar rover on the moon?",
        "options": [
            "A. The rocket launch.",
            "B. The lunar rover on the moon.",
            "C. Both are at the same speed.",
            "D. None of the above."
        ],
        "answer": "A",
        "qa_level": "long_term",
        "qa_type": "mcqa",
        "old_answer": "A"
    }
]