[
    {
        "qa_idx": 0,
        "qa_type": "qa",
        "qa_level": "frame",
        "qa_task": "object understanding",
        "question": "Is there a person showing expressions of worry or fear in the frame at 780.0 seconds?",
        "answer": "Yes",
        "old_answer": "Yes"
    },
    {
        "qa_idx": 1,
        "qa_task": "spatial-relationship",
        "question": "What is positioned in the lower foreground of the frame at 1515.0 seconds into the video?",
        "options": [
            "A. A lake.",
            "B. A path or road.",
            "C. A garden.",
            "D. A fountain."
        ],
        "answer": "B",
        "qa_level": "frame",
        "qa_type": "mcqa",
        "old_answer": "B"
    },
    {
        "qa_idx": 2,
        "qa_task": "character-understanding",
        "question": "What is the large green anthropomorphic bear doing in the video frame at 42.0 seconds?",
        "options": [
            "A. The bear is dancing.",
            "B. The bear is sitting.",
            "C. The bear is gazing upwards.",
            "D. The bear is walking."
        ],
        "answer": "C",
        "qa_level": "frame",
        "qa_type": "mcqa",
        "old_answer": "C"
    },
    {
        "qa_idx": 4,
        "qa_task": "character-understanding",
        "question": "What is the anthropomorphic mouse doing in the video frame at 331.0 seconds?",
        "options": [
            "A. The mouse is shopping.",
            "B. The mouse is eating popcorn.",
            "C. The mouse is playing with other animals.",
            "D. The mouse is working at the 'WATCH' shop."
        ],
        "answer": "B",
        "qa_level": "frame",
        "qa_type": "mcqa",
        "old_answer": "B"
    },
    {
        "qa_idx": 5,
        "qa_type": "qa",
        "qa_level": "cross_event",
        "qa_task": "character-understanding",
        "question": "Between the time of 761.0 to 821.0 and 822.0 to 882.0, did the animated dog character appear inside an airplane?",
        "answer": "Yes",
        "old_answer": "Yes"
    },
    {
        "qa_idx": 6,
        "qa_task": "speed",
        "question": "During the event from 761.0 to 821.0 seconds, which scene transition happens faster?",
        "options": [
            "A. From the airplane interior to the dog character with a blue hose.",
            "B. From the dog character with a blue hose to the three anthropomorphic mice.",
            "C. From the three anthropomorphic mice back to the dog character.",
            "D. From the dog character back to the airplane setting with smoke."
        ],
        "answer": "D",
        "qa_level": "within_event",
        "qa_type": "mcqa",
        "old_answer": "D"
    },
    {
        "qa_idx": 7,
        "qa_type": "qa",
        "qa_level": "long_term",
        "qa_task": "plot-understanding",
        "question": "Do the animated characters experience a variety of interactions and activities in different commercial and retail environments from 1.0 to 236.0 seconds?",
        "answer": "Yes",
        "old_answer": "Yes"
    },
    {
        "qa_idx": 9,
        "qa_task": "object understanding",
        "question": "What is the primary color of the bus in the first event sequence from 1257.0 to 1365.0 seconds?",
        "options": [
            "A. Red.",
            "B. Blue.",
            "C. Green.",
            "D. Orange."
        ],
        "answer": "D",
        "qa_level": "cross_event",
        "qa_type": "mcqa",
        "old_answer": "D"
    },
    {
        "qa_idx": 10,
        "qa_task": "spatial-relationship",
        "question": "What is the spatial relationship between the indoor and outdoor settings in the video events from 1257.0 to 1365.0 seconds?",
        "options": [
            "A. The indoor scenes are followed by outdoor scenes, transitioning from a bus to an airport and then to a snowy landscape.",
            "B. The outdoor scenes are followed by indoor scenes, transitioning from a snowy landscape to an airport and then to a bus.",
            "C. The indoor scenes and outdoor scenes are interspersed randomly without any specific order.",
            "D. The indoor scenes are only depicted in the beginning, and the rest of the video is entirely outdoors."
        ],
        "answer": "A",
        "qa_level": "cross_event",
        "qa_type": "mcqa",
        "old_answer": "A"
    },
    {
        "qa_idx": 11,
        "qa_task": "speed",
        "question": "How does the speed of events change between the airplane scenes and the indoor scenes in the video events from 761.0 to 821.0 seconds?",
        "options": [
            "A. The events in the airplane scenes progress more slowly compared to the indoor scenes.",
            "B. The events in the indoor scenes progress more slowly compared to the airplane scenes.",
            "C. The speed of events is consistent between the airplane and indoor scenes.",
            "D. The speed of events is faster in the airplane scenes compared to the indoor scenes."
        ],
        "answer": "A",
        "qa_level": "cross_event",
        "qa_type": "mcqa",
        "old_answer": "A"
    },
    {
        "qa_idx": 12,
        "qa_task": "character-understanding",
        "question": "What are the main actions of the anthropomorphic characters in the video events from 1450.0 to 1516.0 seconds and H to e seconds?",
        "options": [
            "A. The characters are engaging in a planned adventure, interacting with maps and tools, and participating in a comedic sled ride.",
            "B. The characters are primarily involved in a peaceful winter landscape, with no significant actions or interactions.",
            "C. The characters are depicted in a serene, wintry scene with no anthropomorphic elements.",
            "D. The characters are shown in a royal setting, with no indication of an adventure or sled ride."
        ],
        "answer": "A",
        "qa_level": "cross_event",
        "qa_type": "mcqa",
        "old_answer": "A"
    },
    {
        "qa_idx": 13,
        "qa_task": "spatial-relationship",
        "question": "Where is the green bear character with a military-style hat seen interacting with other characters?",
        "options": [
            "A. On an escalator.",
            "B. In a food court.",
            "C. In a grocery store aisle.",
            "D. In a control room."
        ],
        "answer": "C",
        "qa_level": "long_term",
        "qa_type": "mcqa",
        "old_answer": "C"
    },
    {
        "qa_idx": 14,
        "qa_task": "plot-understanding",
        "question": "What is the main setting of the video from 1.0 to 1915.0 seconds?",
        "options": [
            "A. A shopping mall.",
            "B. A suburban neighborhood.",
            "C. An airplane.",
            "D. A snowy mountainous landscape."
        ],
        "answer": "A",
        "qa_level": "long_term",
        "qa_type": "mcqa",
        "old_answer": "A"
    },
    {
        "qa_idx": 15,
        "qa_task": "speed",
        "question": "Which vehicle was moving faster in the video from 1.0 to 1915.0 seconds?",
        "options": [
            "A. The yellow all-terrain vehicle (ATV).",
            "B. The red car.",
            "C. The orange vehicle.",
            "D. The red van."
        ],
        "answer": "A",
        "qa_level": "long_term",
        "qa_type": "mcqa",
        "old_answer": "A"
    },
    {
        "qa_idx": 16,
        "qa_task": "object understanding",
        "question": "What are some of the storefronts visible in the shopping mall from 1.0 to 236.0 seconds?",
        "options": [
            "A. Food Plaza, Ice Cream, Zodiac, Gents Saloon, CASIO, Gold Shop, Royal Store, Star Garments, MEGA STYLE, BOOK, WATCH, MOBILE, LEE.",
            "B. Food Plaza, Ice Cream, Zodiac, Gents Saloon, CASIO, Gold Shop, Royal Store, Star Garments, MEGA STYLE, BOOK, WATCH, MOBILE, LEE, TEA, JEANS HUB, ASIAN, FOOD CORNER.",
            "C. Food Plaza, Ice Cream, Zodiac, Gents Saloon, CASIO, Gold Shop, Royal Store, Star Garments, MEGA STYLE, BOOK, WATCH, MOBILE, LEE, TEA, JEANS HUB, ASIAN, FOOD CORNER, FOOD PLAZA.",
            "D. Food Plaza, Ice Cream, Zodiac, Gents Saloon, CASIO, Gold Shop, Royal Store, Star Garments, MEGA STYLE, BOOK, WATCH, MOBILE, LEE, TEA, JEANS HUB, ASIAN, FOOD CORNER, FOOD PLAZA, LEE, MEGA STYLE, FOOD PLAZA, BOOK, GOLD GOLD."
        ],
        "answer": "A",
        "qa_level": "long_term",
        "qa_type": "mcqa",
        "old_answer": "A"
    },
    {
        "qa_idx": 17,
        "qa_task": "descriptive-scene",
        "question": "Where do the events from 1.0 to 1915.0 seconds primarily take place?",
        "options": [
            "A. In a shopping mall.",
            "B. In a suburban neighborhood.",
            "C. In an airplane.",
            "D. In a snowy mountainous landscape."
        ],
        "answer": "A",
        "qa_level": "long_term",
        "qa_type": "mcqa",
        "old_answer": "A"
    }
]