[
    {
        "qa_idx": 0,
        "qa_type": "qa",
        "qa_level": "frame",
        "qa_task": "character-understanding",
        "question": "Is the animated dog holding a tennis racket at 3432.0 seconds into the video?",
        "answer": "Yes",
        "old_answer": "Yes"
    },
    {
        "qa_idx": 1,
        "qa_task": "character-understanding",
        "question": "What is depicted in the framed picture on the wall in the video frame at 3303.0 seconds?",
        "options": [
            "A. A landscape.",
            "B. A baby.",
            "C. A group of people.",
            "D. An animal."
        ],
        "answer": "B",
        "qa_level": "frame",
        "qa_type": "mcqa",
        "old_answer": "B"
    },
    {
        "qa_idx": 2,
        "qa_task": "character-understanding",
        "question": "What is the pink human-like figure doing in the video frame at 1027.0 seconds?",
        "options": [
            "A. The figure is sitting on a bench.",
            "B. The figure is holding a framed object.",
            "C. The figure is climbing the tree.",
            "D. The figure is painting on an easel."
        ],
        "answer": "B",
        "qa_level": "frame",
        "qa_type": "mcqa",
        "old_answer": "B"
    },
    {
        "qa_idx": 3,
        "qa_type": "qa",
        "qa_level": "within_event",
        "qa_task": "action-understanding",
        "question": "Between 1145.0 and 1207.0 seconds, does the green character with a dark hat use the brightly colored gadget to paint a mural on the building?",
        "answer": "No",
        "old_answer": "No"
    },
    {
        "qa_idx": 4,
        "qa_task": "spatial-relationship",
        "question": "Where is the mirror located in the bathroom scene at 2302.0 seconds?",
        "options": [
            "A. Above the sink on the left side.",
            "B. Above the shelf on the right side.",
            "C. On the floor.",
            "D. On the ceiling."
        ],
        "answer": "A",
        "qa_level": "frame",
        "qa_type": "mcqa",
        "old_answer": "A"
    },
    {
        "qa_idx": 5,
        "qa_type": "qa",
        "qa_level": "cross_event",
        "qa_task": "action-understanding",
        "question": "In the event from 3103.0 to 3164.0, does the red cartoon dog fall on its back during the interactions on the tennis court?",
        "answer": "Yes",
        "old_answer": "Yes"
    },
    {
        "qa_idx": 6,
        "qa_type": "qa",
        "qa_level": "long_term",
        "qa_task": "action-understanding",
        "question": "After the characters finish their underwater adventure, do they immediately start painting on a canvas in the kitchen? (Time: 959.0 to 3433.0 seconds)",
        "answer": "No",
        "old_answer": "No"
    },
    {
        "qa_idx": 7,
        "qa_task": "scene-understanding",
        "question": "What is the initial setting of the event from 2973.0 to 3033.0 seconds?",
        "options": [
            "A. A sterile, enclosed environment with an open panel leading into a larger, brightly lit room.",
            "B. A simple indoor setting with a colorful two-tone wall.",
            "C. A domestic environment with a blue mouse holding a red utensil.",
            "D. An outdoor setting with animated tennis matches."
        ],
        "answer": "A",
        "qa_level": "within_event",
        "qa_type": "mcqa",
        "old_answer": "A"
    },
    {
        "qa_idx": 8,
        "qa_task": "speed",
        "question": "Between the time of 2345.0 seconds to 2409.0 seconds and H seconds to e seconds, which character exhibited the highest relative speed?",
        "options": [
            "A. The green dog character.",
            "B. The pink character.",
            "C. The purple mouse.",
            "D. The anthropomorphic mice enjoying a meal."
        ],
        "answer": "A",
        "qa_level": "cross_event",
        "qa_type": "mcqa",
        "old_answer": "A"
    },
    {
        "qa_idx": 10,
        "qa_task": "action-understanding",
        "question": "What is the main activity of the green dog wearing a military hat in the hallway scene from 3300.0 to 3368.0 seconds?",
        "options": [
            "A. The green dog is standing still.",
            "B. The green dog is engaging in dynamic motion with urgency.",
            "C. The green dog is sitting down.",
            "D. The green dog is sleeping."
        ],
        "answer": "B",
        "qa_level": "cross_event",
        "qa_type": "mcqa",
        "old_answer": "B"
    },
    {
        "qa_idx": 11,
        "qa_task": "temporal-relationship",
        "question": "What happens after the animated characters in yellow hoodies interact with the mermaid-mouse hybrid on the rock in the ocean?",
        "options": [
            "A. The scene transitions to an indoor kitchen setting where animated characters engage in culinary activities.",
            "B. The characters continue to row a boat and stand on a beach.",
            "C. The characters observe the ocean through binoculars.",
            "D. The characters engage in a playful interaction on the boat."
        ],
        "answer": "A",
        "qa_level": "long_term",
        "qa_type": "mcqa",
        "old_answer": "A"
    },
    {
        "qa_idx": 12,
        "qa_task": "spatial-relationship",
        "question": "Where is the pink cartoon dog positioned while preparing dishes in the kitchen?",
        "options": [
            "A. Near the refrigerator.",
            "B. By the sink.",
            "C. At the counter.",
            "D. Next to the stove."
        ],
        "answer": "C",
        "qa_level": "long_term",
        "qa_type": "mcqa",
        "old_answer": "C"
    },
    {
        "qa_idx": 13,
        "qa_task": "causal",
        "question": "Why did the animated characters transition from the ocean setting to the kitchen setting?",
        "options": [
            "A. They wanted to prepare food after their ocean adventure.",
            "B. They were escaping from a storm.",
            "C. They were looking for a treasure.",
            "D. They were following the mermaid-mouse hybrid."
        ],
        "answer": "A",
        "qa_level": "long_term",
        "qa_type": "mcqa",
        "old_answer": "A"
    },
    {
        "qa_idx": 14,
        "qa_task": "time-order",
        "question": "In which order do the events occur in the video from 4.0 to 3433.0 seconds?",
        "options": [
            "A. The animated characters are on a boat, then they are in a kitchen, followed by a cooking competition, and finally, they are underwater.",
            "B. The animated characters are in a kitchen, then they are on a boat, followed by a cooking competition, and finally, they are underwater.",
            "C. The animated characters are in a cooking competition, then they are on a boat, followed by a kitchen scene, and finally, they are underwater.",
            "D. The animated characters are underwater, then they are in a kitchen, followed by a cooking competition, and finally, they are on a boat."
        ],
        "answer": "A",
        "qa_level": "long_term",
        "qa_type": "mcqa",
        "old_answer": "A"
    },
    {
        "qa_idx": 15,
        "qa_task": "plot-understanding",
        "question": "What is the main theme of the video from 4.0 to 3433.0 seconds?",
        "options": [
            "A. A fishing adventure and culinary competition.",
            "B. A space exploration and alien encounter.",
            "C. A treasure hunt and pirate battle.",
            "D. A sports tournament and training camp."
        ],
        "answer": "A",
        "qa_level": "long_term",
        "qa_type": "mcqa",
        "old_answer": "A"
    },
    {
        "qa_idx": 16,
        "qa_task": "camera-direction",
        "question": "In the video event from 4.0 to 3433.0 seconds, what is the camera movement when the red boat is shown moving across the water?",
        "options": [
            "A. The camera moves closer to the boat.",
            "B. The camera moves away from the boat.",
            "C. The camera remains stationary.",
            "D. The camera moves around the boat."
        ],
        "answer": "A",
        "qa_level": "long_term",
        "qa_type": "mcqa",
        "old_answer": "A"
    },
    {
        "qa_idx": 17,
        "qa_task": "speed",
        "question": "Which character is moving faster, the red boat or the characters rowing a boat in the ocean scenes from 4.0 to 3433.0 seconds?",
        "options": [
            "A. The red boat.",
            "B. The characters rowing a boat.",
            "C. Both are moving at the same speed.",
            "D. None of the above."
        ],
        "answer": "A",
        "qa_level": "long_term",
        "qa_type": "mcqa",
        "old_answer": "A"
    },
    {
        "qa_idx": 18,
        "qa_task": "attribute-change",
        "question": "How did the color of the liquid in the glasses change from the beginning to the end of the video event from 4.0 to 3433.0 seconds?",
        "options": [
            "A. From red to pink.",
            "B. From pink to red.",
            "C. From blue to green.",
            "D. From green to blue."
        ],
        "answer": "A",
        "qa_level": "long_term",
        "qa_type": "mcqa",
        "old_answer": "A"
    },
    {
        "qa_idx": 19,
        "qa_task": "character-understanding",
        "question": "What is the main activity of the pink cartoon dog in the kitchen scenes from 4.0 to 3433.0 seconds?",
        "options": [
            "A. Chopping vegetables and preparing dishes.",
            "B. Observing the ocean through binoculars.",
            "C. Steering a boat.",
            "D. Engaging in a fishing adventure."
        ],
        "answer": "A",
        "qa_level": "long_term",
        "qa_type": "mcqa",
        "old_answer": "A"
    },
    {
        "qa_idx": 20,
        "qa_task": "descriptive-scene",
        "question": "Where do the animated characters transition to after the ocean scenes?",
        "options": [
            "A. A forest.",
            "B. A kitchen.",
            "C. A desert.",
            "D. A city."
        ],
        "answer": "B",
        "qa_level": "long_term",
        "qa_type": "mcqa",
        "old_answer": "B"
    }
]