[
    {
        "qa_idx": 0,
        "qa_type": "qa",
        "qa_level": "frame",
        "qa_task": "object understanding",
        "question": "Is there a wooden table between the two chairs in the video frame at 1757.0 seconds?",
        "answer": "Yes",
        "old_answer": "Yes"
    },
    {
        "qa_idx": 1,
        "qa_task": "spatial-relationship",
        "question": "What is visible at the right edge of the frame at the 58.0-second mark?",
        "options": [
            "A. A toy.",
            "B. A hand.",
            "C. A ball.",
            "D. A leash."
        ],
        "answer": "B",
        "qa_level": "frame",
        "qa_type": "mcqa",
        "old_answer": "B"
    },
    {
        "qa_idx": 2,
        "qa_type": "qa",
        "qa_level": "frame",
        "qa_task": "object understanding",
        "question": "Is the woman wearing dark clothing in the frame captured at 264.0 seconds?",
        "answer": "Yes",
        "old_answer": "Yes"
    },
    {
        "qa_idx": 3,
        "qa_task": "descriptive-scene",
        "question": "Where does the scene at 426.0 seconds into the video take place?",
        "options": [
            "A. In a park.",
            "B. In a living room.",
            "C. In a kitchen.",
            "D. In a backyard."
        ],
        "answer": "B",
        "qa_level": "frame",
        "qa_type": "mcqa",
        "old_answer": "B"
    },
    {
        "qa_idx": 4,
        "qa_type": "qa",
        "qa_level": "within_event",
        "qa_task": "camera-direction",
        "question": "Does the camera remain stationary while capturing the man in the red and blue plaid shirt near the green car from 572.0 to 621.0 seconds?",
        "answer": "No",
        "old_answer": "No"
    },
    {
        "qa_idx": 5,
        "qa_task": "object understanding",
        "question": "What objects are visible in the background of the scene at 704.0 seconds into the video?",
        "options": [
            "A. A framed picture of a dog, a large dispenser, and various cabinets and equipment.",
            "B. A television, a bookshelf, and a coffee table.",
            "C. A window, a plant, and a sofa.",
            "D. A painting, a clock, and a lamp."
        ],
        "answer": "A",
        "qa_level": "frame",
        "qa_type": "mcqa",
        "old_answer": "A"
    },
    {
        "qa_idx": 6,
        "qa_type": "qa",
        "qa_level": "within_event",
        "qa_task": "object understanding",
        "question": "Is there a colorful children's slide in the garden or backyard in the video from 495.0 to 570.0 seconds?",
        "answer": "Yes",
        "old_answer": "Yes"
    },
    {
        "qa_idx": 7,
        "qa_task": "spatial-relationship",
        "question": "What is visible above the medical personnel in the room at 1134.0 seconds into the video?",
        "options": [
            "A. A white ceiling-mounted surgical light.",
            "B. A blue curtain.",
            "C. A ventilation system.",
            "D. A clock."
        ],
        "answer": "A",
        "qa_level": "frame",
        "qa_type": "mcqa",
        "old_answer": "A"
    },
    {
        "qa_idx": 8,
        "qa_type": "qa",
        "qa_level": "cross_event",
        "qa_task": "object understanding",
        "question": "Is there a wall clock visible in the background of the event from 1094.0 to 1158.0?",
        "answer": "Yes",
        "old_answer": "Yes"
    },
    {
        "qa_idx": 9,
        "qa_task": "attribute-change",
        "question": "How does the setting change from the beginning to the end of the video event from 73.0 to 120.0 seconds?",
        "options": [
            "A. The setting changes from an outdoor park to an indoor interview setting.",
            "B. The setting changes from an indoor interview setting to a playful indoor environment and then to an outdoor park.",
            "C. The setting remains consistently indoors throughout the video.",
            "D. The setting changes from a playful indoor environment to an indoor interview setting."
        ],
        "answer": "B",
        "qa_level": "within_event",
        "qa_type": "mcqa",
        "old_answer": "B"
    },
    {
        "qa_idx": 10,
        "qa_task": "attribute-change",
        "question": "How does the lighting in the operating room change from the beginning to the end of the scene from 902.0 to 942.0 seconds?",
        "options": [
            "A. The lighting becomes dimmer.",
            "B. The lighting remains well-lit with natural light.",
            "C. The lighting changes to a blue hue.",
            "D. The lighting becomes completely dark."
        ],
        "answer": "B",
        "qa_level": "within_event",
        "qa_type": "mcqa",
        "old_answer": "B"
    },
    {
        "qa_idx": 11,
        "qa_task": "speed",
        "question": "How does the speed of interaction with the dog differ between the two scenes from 495.0 to 570.0 seconds and H to e seconds?",
        "options": [
            "A. In the first scene, the interaction is slow and affectionate, while in the second scene, the interaction is fast and energetic.",
            "B. In the first scene, the interaction is fast and energetic, while in the second scene, the interaction is slow and affectionate.",
            "C. In both scenes, the interaction speed is the same.",
            "D. In the first scene, there is no interaction with the dog, while in the second scene, the interaction is slow and affectionate."
        ],
        "answer": "A",
        "qa_level": "cross_event",
        "qa_type": "mcqa",
        "old_answer": "A"
    },
    {
        "qa_idx": 12,
        "qa_task": "temporal-relationship",
        "question": "What happens after the scene featuring 'The Eel Pie' establishment adorned with colorful flower baskets and multiple parked cars?",
        "options": [
            "A. A residential scene showcasing a two-story house with two cars parked in front.",
            "B. A close-up of a dog in an outdoor setting characterized by green grass and patches of dirt.",
            "C. A girl holding a large book or magazine with an individual with long blonde hair positioned close to her.",
            "D. A man in a plaid shirt standing in a lush, green environment, interacting with something off-screen."
        ],
        "answer": "A",
        "qa_level": "long_term",
        "qa_type": "mcqa",
        "old_answer": "A"
    },
    {
        "qa_idx": 13,
        "qa_task": "plot-understanding",
        "question": "What is the main theme of the video from 1.0 to 1908.0 seconds?",
        "options": [
            "A. The video primarily focuses on various interactions between people and dogs in different settings, including urban streets, residential areas, parks, and veterinary clinics.",
            "B. The video is about a series of car races in different urban and rural settings.",
            "C. The video showcases a cooking competition in various kitchens and restaurants.",
            "D. The video is a documentary about the history of architecture in different cities."
        ],
        "answer": "A",
        "qa_level": "long_term",
        "qa_type": "mcqa",
        "old_answer": "A"
    },
    {
        "qa_idx": 14,
        "qa_task": "camera-direction",
        "question": "How does the camera movement change from the urban street scene to the indoor family-oriented scenes between 1.0 and 1908.0 seconds?",
        "options": [
            "A. The camera moves from a wide outdoor shot to close-up indoor shots.",
            "B. The camera remains static throughout.",
            "C. The camera moves from indoor to outdoor scenes.",
            "D. The camera zooms in and out repeatedly."
        ],
        "answer": "A",
        "qa_level": "long_term",
        "qa_type": "mcqa",
        "old_answer": "A"
    },
    {
        "qa_idx": 15,
        "qa_task": "attribute-change",
        "question": "How does the setting change from the beginning to the end of the video from 1.0 to 1908.0 seconds?",
        "options": [
            "A. From an urban street scene to a cozy indoor environment.",
            "B. From a park to a veterinary clinic.",
            "C. From a veterinary clinic to a bustling market.",
            "D. From a residential street to a serene park."
        ],
        "answer": "A",
        "qa_level": "long_term",
        "qa_type": "mcqa",
        "old_answer": "A"
    },
    {
        "qa_idx": 16,
        "qa_task": "character-understanding",
        "question": "What is Dr. Scott Miller doing in the video between 1.0 and 1908.0 seconds?",
        "options": [
            "A. Holding a guinea pig.",
            "B. Interacting with a dog.",
            "C. Interviewing a man in checkered clothing.",
            "D. Walking in a park."
        ],
        "answer": "C",
        "qa_level": "long_term",
        "qa_type": "mcqa",
        "old_answer": "C"
    },
    {
        "qa_idx": 17,
        "qa_task": "object understanding",
        "question": "What kind of establishment is adorned with colorful flower baskets in the video?",
        "options": [
            "A. The Eel Pie.",
            "B. The Cherry Tree Veterinary Practice.",
            "C. A grocery store.",
            "D. A pet store."
        ],
        "answer": "A",
        "qa_level": "long_term",
        "qa_type": "mcqa",
        "old_answer": "A"
    },
    {
        "qa_idx": 18,
        "qa_task": "time-order",
        "question": "In which order do the events occur in the video from 1.0 to 1908.0 seconds?",
        "options": [
            "A. Urban street scene, residential scene, girl holding a book, dog in outdoor setting, woman in dark clothing, park or garden area, boy and dog on grass, person and dog in park, cozy indoor scenes, bridge with pedestrians, veterinary clinic, grocery store, domestic indoor environment, man and dog in indoor setting, cozy indoor scene with dog and girl.",
            "B. Urban street scene, girl holding a book, residential scene, dog in outdoor setting, woman in dark clothing, park or garden area, boy and dog on grass, person and dog in park, cozy indoor scenes, bridge with pedestrians, veterinary clinic, grocery store, domestic indoor environment, man and dog in indoor setting, cozy indoor scene with dog and girl.",
            "C. Urban street scene, residential scene, girl holding a book, dog in outdoor setting, woman in dark clothing, park or garden area, boy and dog on grass, person and dog in park, cozy indoor scenes, bridge with pedestrians, grocery store, veterinary clinic, domestic indoor environment, man and dog in indoor setting, cozy indoor scene with dog and girl.",
            "D. Urban street scene, residential scene, girl holding a book, dog in outdoor setting, woman in dark clothing, park or garden area, boy and dog on grass, person and dog in park, cozy indoor scenes, bridge with pedestrians, veterinary clinic, grocery store, domestic indoor environment, cozy indoor scene with dog and girl, man and dog in indoor setting."
        ],
        "answer": "A",
        "qa_level": "long_term",
        "qa_type": "mcqa",
        "old_answer": "A"
    },
    {
        "qa_idx": 19,
        "qa_task": "descriptive-scene",
        "question": "Where does the event sequence primarily take place from 1.0 to 1908.0 seconds?",
        "options": [
            "A. In a bustling urban street with historical buildings and quaint establishments.",
            "B. In a serene park or garden with lush greenery and playful interactions.",
            "C. In a cozy indoor setting with family interactions and pet care.",
            "D. In a professional veterinary clinic with medical procedures."
        ],
        "answer": "B",
        "qa_level": "long_term",
        "qa_type": "mcqa",
        "old_answer": "B"
    }
]