[
    {
        "qa_idx": 0,
        "qa_task": "spatial-relationship",
        "question": "What is placed close to the bed in the bedroom scene at 2334.0 seconds?",
        "options": [
            "A. A chair.",
            "B. A bedside table with a lamp.",
            "C. A wardrobe.",
            "D. A desk."
        ],
        "answer": "B",
        "qa_level": "frame",
        "qa_type": "mcqa",
        "old_answer": "B"
    },
    {
        "qa_idx": 1,
        "qa_task": "object understanding",
        "question": "What objects are visible on the desk in the clinical office setting at 1577.0 seconds into the video?",
        "options": [
            "A. A model of a human brain and some medication bottles.",
            "B. A stack of books and a coffee mug.",
            "C. A vase with flowers and a photo frame.",
            "D. A toy car and a coloring book."
        ],
        "answer": "A",
        "qa_level": "frame",
        "qa_type": "mcqa",
        "old_answer": "A"
    },
    {
        "qa_idx": 2,
        "qa_type": "qa",
        "qa_level": "within_event",
        "qa_task": "speed",
        "question": "Did the interactions and activities in the professional setting occur at a fast pace between 1914.0 and 1977.0 seconds?",
        "answer": "No",
        "old_answer": "No"
    },
    {
        "qa_idx": 3,
        "qa_task": "descriptive-scene",
        "question": "What is the primary focus of the video frame at 1747.0 seconds?",
        "options": [
            "A. The background colors.",
            "B. The man's presence and expression.",
            "C. The surrounding environment.",
            "D. The lighting setup."
        ],
        "answer": "B",
        "qa_level": "frame",
        "qa_type": "mcqa",
        "old_answer": "B"
    },
    {
        "qa_idx": 4,
        "qa_task": "character-understanding",
        "question": "What is the girl in the bedroom scene wearing in the video event from 2367.0 to 2398.0 seconds?",
        "options": [
            "A. A dark-colored shirt.",
            "B. A light-colored shirt.",
            "C. A striped shirt.",
            "D. A floral-patterned shirt."
        ],
        "answer": "B",
        "qa_level": "within_event",
        "qa_type": "mcqa",
        "old_answer": "B"
    },
    {
        "qa_idx": 5,
        "qa_task": "camera-direction",
        "question": "How does the camera movement emphasize the medical setting in the scene from 2293.0 to 2366.0 seconds?",
        "options": [
            "A. The camera moves forward to focus on the details of the bed and the patient.",
            "B. The camera pans to the left to show the entire room.",
            "C. The camera zooms out to capture the entire hospital building.",
            "D. The camera remains stationary throughout the scene."
        ],
        "answer": "A",
        "qa_level": "cross_event",
        "qa_type": "mcqa",
        "old_answer": "A"
    },
    {
        "qa_idx": 6,
        "qa_task": "spatial-relationship",
        "question": "Where is the woman with highlighted curly blonde hair located in the video?",
        "options": [
            "A. In a cozy indoor setting.",
            "B. In a classroom.",
            "C. In a professional office setting.",
            "D. In a park."
        ],
        "answer": "A",
        "qa_level": "long_term",
        "qa_type": "mcqa",
        "old_answer": "A"
    },
    {
        "qa_idx": 7,
        "qa_task": "plot-understanding",
        "question": "What is the main setting of the video from 1.0 to 2877.0 seconds?",
        "options": [
            "A. A park or garden area.",
            "B. A medical or clinical environment.",
            "C. A classroom or educational setting.",
            "D. A cozy indoor setting with a focus on personal interactions."
        ],
        "answer": "B",
        "qa_level": "long_term",
        "qa_type": "mcqa",
        "old_answer": "B"
    },
    {
        "qa_idx": 8,
        "qa_task": "speed",
        "question": "Which is faster, the transition from the cozy bedroom scene to the classroom setting or the transition from the classroom setting to the professional office setting?",
        "options": [
            "A. The transition from the cozy bedroom scene to the classroom setting.",
            "B. The transition from the classroom setting to the professional office setting.",
            "C. Both transitions are at the same speed.",
            "D. None of the above."
        ],
        "answer": "A",
        "qa_level": "long_term",
        "qa_type": "mcqa",
        "old_answer": "A"
    },
    {
        "qa_idx": 9,
        "qa_task": "attribute-change",
        "question": "How does the background change from the beginning to the end of the video event from 1.0 to 2877.0 seconds?",
        "options": [
            "A. From a vibrant yellow background to a serene park setting.",
            "B. From a vibrant yellow background to a clinical setting.",
            "C. From a vibrant yellow background to a dimly lit scene with end credits.",
            "D. From a vibrant yellow background to a cozy bedroom setting."
        ],
        "answer": "C",
        "qa_level": "long_term",
        "qa_type": "mcqa",
        "old_answer": "C"
    },
    {
        "qa_idx": 10,
        "qa_task": "character-understanding",
        "question": "What is the woman with highlighted curly blonde hair doing in the indoor setting?",
        "options": [
            "A. She is holding a small pink laptop with a cloud sticker.",
            "B. She is undergoing a medical examination.",
            "C. She is interacting with a man in a modern living room.",
            "D. She is adjusting her glasses."
        ],
        "answer": "B",
        "qa_level": "long_term",
        "qa_type": "mcqa",
        "old_answer": "B"
    },
    {
        "qa_idx": 11,
        "qa_task": "object understanding",
        "question": "What objects are featured on the bed in the cozy setting with colorful star-patterned pillows?",
        "options": [
            "A. A plush doll and various stuffed animals.",
            "B. A laptop and a book.",
            "C. A phone and a tablet.",
            "D. A lamp and a clock."
        ],
        "answer": "A",
        "qa_level": "long_term",
        "qa_type": "mcqa",
        "old_answer": "A"
    }
]