[
    {
        "qa_idx": 0,
        "qa_type": "qa",
        "qa_level": "frame",
        "qa_task": "object understanding",
        "question": "Is there a houseplant with broad leaves in a pot on the floor at 1050.0 seconds into the video?",
        "answer": "Yes",
        "old_answer": "Yes"
    },
    {
        "qa_idx": 2,
        "qa_task": "object understanding",
        "question": "What character is precariously balanced on a rope between two buildings at 699.0 seconds into the video?",
        "options": [
            "A. A cat with a mischievous grin.",
            "B. A mouse with large ears and an exaggerated expression.",
            "C. A bird with colorful feathers.",
            "D. A dog with a wagging tail."
        ],
        "answer": "B",
        "qa_level": "frame",
        "qa_type": "mcqa",
        "old_answer": "B"
    },
    {
        "qa_idx": 3,
        "qa_task": "spatial-relationship",
        "question": "What is the chameleon affixed to in the frame at the 1474.0-second mark?",
        "options": [
            "A. A wooden chair.",
            "B. A paneled wall.",
            "C. A spinning fan blade.",
            "D. A patterned red rug."
        ],
        "answer": "C",
        "qa_level": "frame",
        "qa_type": "mcqa",
        "old_answer": "C"
    },
    {
        "qa_idx": 4,
        "qa_type": "qa",
        "qa_level": "within_event",
        "qa_task": "camera-direction",
        "question": "Does the camera remain stationary while the characters interact with the vanity's items from 1263.0 to 1307.0 seconds?",
        "answer": "No",
        "old_answer": "No"
    },
    {
        "qa_idx": 6,
        "qa_type": "qa",
        "qa_level": "cross_event",
        "qa_task": "plot-understanding",
        "question": "Do both video events feature a blend of natural and man-made elements in an urban setting from the time of 2124.0 to 2177.0 and 2178.0 to 2235.0?",
        "answer": "Yes",
        "old_answer": "Yes"
    },
    {
        "qa_idx": 8,
        "qa_task": "plot-understanding",
        "question": "How does the setting transition from the indoor scene to the outdoor environment in the video event from 1990.0 to 2068.0 seconds?",
        "options": [
            "A. The toys move from a decorated room to a garden-like setting.",
            "B. The toys are transported by a vehicle to a new location.",
            "C. The scene changes abruptly without any transition.",
            "D. The toys are carried by a human to the outdoor environment."
        ],
        "answer": "A",
        "qa_level": "cross_event",
        "qa_type": "mcqa",
        "old_answer": "A"
    },
    {
        "qa_idx": 9,
        "qa_task": "spatial-relationship",
        "question": "Where is the human hand gripping animated characters in the video?",
        "options": [
            "A. In an indoor setting with floor clutter.",
            "B. In an outdoor setting with structural elements.",
            "C. In a dimly lit, earthy environment.",
            "D. In a well-lit outdoor environment."
        ],
        "answer": "B",
        "qa_level": "long_term",
        "qa_type": "mcqa",
        "old_answer": "B"
    },
    {
        "qa_idx": 10,
        "qa_task": "camera-direction",
        "question": "How does the camera move in the video from 1.0 to 2286.0 seconds?",
        "options": [
            "A. The camera moves closer to the animated characters.",
            "B. The camera moves away from the animated characters.",
            "C. The camera remains stationary.",
            "D. The camera pans across different scenes."
        ],
        "answer": "D",
        "qa_level": "long_term",
        "qa_type": "mcqa",
        "old_answer": "D"
    },
    {
        "qa_idx": 11,
        "qa_task": "speed",
        "question": "Which character moves faster in the video from 1.0 to 2286.0 seconds?",
        "options": [
            "A. The yellow slug-like character.",
            "B. The red and yellow-striped worm.",
            "C. The green chameleon.",
            "D. The animated mouse."
        ],
        "answer": "D",
        "qa_level": "long_term",
        "qa_type": "mcqa",
        "old_answer": "D"
    },
    {
        "qa_idx": 12,
        "qa_task": "attribute-change",
        "question": "How does the environment change from the beginning to the end of the video from 1.0 to 2286.0 seconds?",
        "options": [
            "A. The environment changes from a predominantly white background with animated characters to a vibrant urban street scene with multi-story buildings.",
            "B. The environment changes from a cluttered outdoor area with debris and greenery to a serene indoor scene with a windowsill adorned with plants and flowers.",
            "C. The environment changes from a dimly lit, earthy environment with animated characters to a playful indoor setting with various scattered items and animated elements.",
            "D. The environment changes from a whimsical animated garden scene to a cold, wintry environment with snow and icicles."
        ],
        "answer": "A",
        "qa_level": "long_term",
        "qa_type": "mcqa",
        "old_answer": "A"
    },
    {
        "qa_idx": 13,
        "qa_task": "character-understanding",
        "question": "What is the main activity of the human hand in the video from 1.0 to 2286.0 seconds?",
        "options": [
            "A. The human hand is gripping animated characters.",
            "B. The human hand is drawing on a piece of paper.",
            "C. The human hand is playing a musical instrument.",
            "D. The human hand is cooking food."
        ],
        "answer": "A",
        "qa_level": "long_term",
        "qa_type": "mcqa",
        "old_answer": "A"
    },
    {
        "qa_idx": 14,
        "qa_task": "object understanding",
        "question": "What objects are prominently featured in the cluttered outdoor environment with animated characters?",
        "options": [
            "A. A large green vase, a pink object, and a green bottle.",
            "B. A red and yellow striped caterpillar, a large leaf, and a feather.",
            "C. A blue flowerpot with pink flower patterns, a green plant, and a birdcage.",
            "D. A yellow musical note, a black flying creature, and a blue planter box."
        ],
        "answer": "A",
        "qa_level": "long_term",
        "qa_type": "mcqa",
        "old_answer": "A"
    },
    {
        "qa_idx": 15,
        "qa_task": "time-order",
        "question": "In which order do the events occur in the video from 1.0 to 2286.0 seconds?",
        "options": [
            "A. The video begins with a sequence featuring a predominantly white background with large, gradient-colored letters spelling 'TUBA' across the middle. An animated banana character overlaps the letters 'U' and 'B'.",
            "B. The frame shows a title card for an episode titled 'Cocoon 1,' part of 'Larva Season 1.'.",
            "C. The scene begins with an ornate, golden frame featuring intricate patterns and the text 'To be continued...', suggesting a transitional moment in the storyline.",
            "D. The event starts with an animated garden scene featuring various toy-like characters positioned on plant stems against a backdrop of a wooden trellis and leaves, with blurred urban buildings visible."
        ],
        "answer": "A",
        "qa_level": "long_term",
        "qa_type": "mcqa",
        "old_answer": "A"
    },
    {
        "qa_idx": 16,
        "qa_task": "descriptive-scene",
        "question": "Where do the animated characters interact with each other in the video from 1.0 to 2286.0 seconds?",
        "options": [
            "A. In a garden environment.",
            "B. In an urban alleyway.",
            "C. In a cozy indoor setting.",
            "D. All of the above."
        ],
        "answer": "D",
        "qa_level": "long_term",
        "qa_type": "mcqa",
        "old_answer": "D"
    }
]