[
    {
        "qa_idx": 0,
        "qa_type": "qa",
        "qa_level": "frame",
        "qa_task": "character-understanding",
        "question": "Are the two individuals seated on the ground at 1682.0 seconds into the video?",
        "answer": "Yes",
        "old_answer": "Yes"
    },
    {
        "qa_idx": 1,
        "qa_type": "qa",
        "qa_level": "within_event",
        "qa_task": "action-understanding",
        "question": "Between 1120.0 and 1186.0 seconds, does the man in the urban alley start painting the green section of the wall?",
        "answer": "No",
        "old_answer": "No"
    },
    {
        "qa_idx": 2,
        "qa_task": "character-understanding",
        "question": "What is digitally overlaid in the middle of the scene at 41.0 seconds into the video?",
        "options": [
            "A. A blue star.",
            "B. A green tree.",
            "C. A red chili pepper.",
            "D. A yellow sun."
        ],
        "answer": "C",
        "qa_level": "frame",
        "qa_type": "mcqa",
        "old_answer": "C"
    },
    {
        "qa_idx": 3,
        "qa_type": "qa",
        "qa_level": "within_event",
        "qa_task": "action-understanding",
        "question": "During the event from 1556.0 to 1647.0 seconds, does the man seen standing outdoors start a campfire to illuminate the area?",
        "answer": "No",
        "old_answer": "No"
    },
    {
        "qa_idx": 4,
        "qa_task": "character-understanding",
        "question": "What is the person doing with the food in the video at 133.0 seconds?",
        "options": [
            "A. Cooking the food.",
            "B. Tearing or inspecting the food.",
            "C. Eating the food.",
            "D. Throwing the food away."
        ],
        "answer": "B",
        "qa_level": "frame",
        "qa_type": "mcqa",
        "old_answer": "B"
    },
    {
        "qa_idx": 5,
        "qa_type": "qa",
        "qa_level": "cross_event",
        "qa_task": "character-understanding",
        "question": "In both events from 1556.0 to 1647.0 and 1650.0 to 1712.0, were there men interacting with animals in a nighttime outdoor setting?",
        "answer": "Yes",
        "old_answer": "Yes"
    },
    {
        "qa_idx": 6,
        "qa_type": "qa",
        "qa_level": "cross_event",
        "qa_task": "action-understanding",
        "question": "In the event from 700.0 to 765.0, do the two men engage in a cooking competition within the rustic eatery?",
        "answer": "No",
        "old_answer": "No"
    },
    {
        "qa_idx": 7,
        "qa_task": "object-direction",
        "question": "In which direction is the man standing relative to the vehicle's headlights at the beginning of the event from 1556.0 to 1647.0 seconds?",
        "options": [
            "A. Directly in front of the vehicle.",
            "B. To the left of the vehicle.",
            "C. To the right of the vehicle.",
            "D. Behind the vehicle."
        ],
        "answer": "A",
        "qa_level": "within_event",
        "qa_type": "mcqa",
        "old_answer": "A"
    },
    {
        "qa_idx": 9,
        "qa_task": "time-order",
        "question": "What is the correct sequence of scenes in the video event from 990.0 to 1054.0 seconds?",
        "options": [
            "A. Street food setting, bustling street scene, residential area, market area.",
            "B. Bustling street scene, residential area, street food setting, market area.",
            "C. Market area, bustling street scene, residential area, street food setting.",
            "D. Residential area, bustling street scene, market area, street food setting."
        ],
        "answer": "B",
        "qa_level": "cross_event",
        "qa_type": "mcqa",
        "old_answer": "B"
    },
    {
        "qa_idx": 10,
        "qa_task": "plot-understanding",
        "question": "What is the main theme depicted in the video from 11.0 to 1889.0 seconds?",
        "options": [
            "A. A series of cooking and dining scenes in various settings.",
            "B. A sports event with multiple activities.",
            "C. A musical concert with different performances.",
            "D. A wildlife documentary featuring various animals."
        ],
        "answer": "A",
        "qa_level": "long_term",
        "qa_type": "mcqa",
        "old_answer": "A"
    },
    {
        "qa_idx": 11,
        "qa_task": "camera-direction",
        "question": "How does the camera move in the video sequence from 11.0 to 1889.0 seconds?",
        "options": [
            "A. The camera remains stationary throughout the video.",
            "B. The camera moves closer to the subjects in various scenes.",
            "C. The camera moves away from the subjects in various scenes.",
            "D. The camera pans around the subjects in various scenes."
        ],
        "answer": "B",
        "qa_level": "long_term",
        "qa_type": "mcqa",
        "old_answer": "B"
    },
    {
        "qa_idx": 13,
        "qa_task": "time-order",
        "question": "In which order do the events occur in the video from 11.0 to 1889.0 seconds?",
        "options": [
            "A. The video starts with a bustling market scene, transitions to an indoor sweet shop, then to a communal meal sharing, followed by a cooking scene, and ends with a nighttime urban scene.",
            "B. The video starts with a communal meal sharing, transitions to a bustling market scene, then to an indoor sweet shop, followed by a cooking scene, and ends with a nighttime urban scene.",
            "C. The video starts with a cooking scene, transitions to a bustling market scene, then to an indoor sweet shop, followed by a communal meal sharing, and ends with a nighttime urban scene.",
            "D. The video starts with a nighttime urban scene, transitions to a bustling market scene, then to an indoor sweet shop, followed by a communal meal sharing, and ends with a cooking scene."
        ],
        "answer": "A",
        "qa_level": "long_term",
        "qa_type": "mcqa",
        "old_answer": "A"
    }
]