[
    {
        "qa_idx": 0,
        "qa_type": "qa",
        "qa_level": "frame",
        "qa_task": "object understanding",
        "question": "Is there a large red notification bell icon in the center of the frame at 1772.0 seconds?",
        "answer": "Yes",
        "old_answer": "Yes"
    },
    {
        "qa_idx": 1,
        "qa_task": "object understanding",
        "question": "What is the man wearing in the frame captured at 1812.0 seconds into the video?",
        "options": [
            "A. A casual t-shirt and jeans.",
            "B. A suit, including a shirt and a suit jacket.",
            "C. A sports uniform.",
            "D. A bathrobe."
        ],
        "answer": "B",
        "qa_level": "frame",
        "qa_type": "mcqa",
        "old_answer": "B"
    },
    {
        "qa_idx": 2,
        "qa_type": "qa",
        "qa_level": "within_event",
        "qa_task": "character-understanding",
        "question": "Were the individuals in the video dressed in sophisticated attire from 193.0 to 207.0 seconds?",
        "answer": "Yes",
        "old_answer": "Yes"
    },
    {
        "qa_idx": 3,
        "qa_task": "character-understanding",
        "question": "What is the man doing in the video frame at 1086.0 seconds?",
        "options": [
            "A. The man is standing.",
            "B. The man is sitting.",
            "C. The man is kneeling.",
            "D. The man is lying down."
        ],
        "answer": "C",
        "qa_level": "frame",
        "qa_type": "mcqa",
        "old_answer": "C"
    },
    {
        "qa_idx": 4,
        "qa_type": "qa",
        "qa_level": "cross_event",
        "qa_task": "action-understanding",
        "question": "Between 423.0 to 485.0 and 487.0 to 520.0, do the men in tuxedos engage in a dance performance in the elegantly decorated room?",
        "answer": "No",
        "old_answer": "No"
    },
    {
        "qa_idx": 5,
        "qa_task": "scene-understanding",
        "question": "What is the setting of the event from 1437.0 to 1451.0 seconds in the video?",
        "options": [
            "A. A lively outdoor social gathering behind a reflective glass wall.",
            "B. A quiet indoor meeting room.",
            "C. A bustling city street.",
            "D. A deserted beach."
        ],
        "answer": "A",
        "qa_level": "within_event",
        "qa_type": "mcqa",
        "old_answer": "A"
    },
    {
        "qa_idx": 6,
        "qa_task": "object understanding",
        "question": "What type of clothing is the young boy wearing in the video from 876.0 to 893.0 seconds?",
        "options": [
            "A. Dark-colored clothing.",
            "B. Light-colored clothing.",
            "C. A knitted sweater.",
            "D. A suit and tie."
        ],
        "answer": "B",
        "qa_level": "within_event",
        "qa_type": "mcqa",
        "old_answer": "B"
    },
    {
        "qa_idx": 7,
        "qa_task": "object-direction",
        "question": "In the events from 423.0 to 485.0 seconds and H to e seconds, what is the direction of the movement of the men in the final moments of the first event?",
        "options": [
            "A. The men are moving towards the table with the tea set.",
            "B. The men are moving towards the ornate drapes.",
            "C. The men are lying or seated in a disheveled and injured state on the ornate carpeted floor.",
            "D. The men are moving towards the framed paintings."
        ],
        "answer": "C",
        "qa_level": "cross_event",
        "qa_type": "mcqa",
        "old_answer": "C"
    },
    {
        "qa_idx": 8,
        "qa_task": "scene-understanding",
        "question": "How does the scene transition from the initial setting to the final setting in the event from 708.0 to 794.0 seconds?",
        "options": [
            "A. From a dimly lit room with a computer to a chaotic scene with dark smoke and debris.",
            "B. From a bright outdoor setting to a quiet indoor room.",
            "C. From a crowded public place to a serene natural environment.",
            "D. From a sunny beach to a dark alley."
        ],
        "answer": "A",
        "qa_level": "cross_event",
        "qa_type": "mcqa",
        "old_answer": "A"
    },
    {
        "qa_idx": 9,
        "qa_task": "object-direction",
        "question": "In the video events from 708.0 to 794.0 seconds and H to e seconds, what is the direction of the movement of the person in the final part of the first event?",
        "options": [
            "A. The person moves towards the left side of the frame.",
            "B. The person moves towards the right side of the frame.",
            "C. The person moves towards the center of the frame.",
            "D. The person moves towards the background of the frame."
        ],
        "answer": "C",
        "qa_level": "cross_event",
        "qa_type": "mcqa",
        "old_answer": "C"
    },
    {
        "qa_idx": 10,
        "qa_task": "spatial-relationship",
        "question": "Where is the man seated in a luxurious armchair surrounded by books?",
        "options": [
            "A. In a richly decorated library.",
            "B. On a beach.",
            "C. In a modern, organized closet.",
            "D. In a military vehicle."
        ],
        "answer": "A",
        "qa_level": "long_term",
        "qa_type": "mcqa",
        "old_answer": "A"
    },
    {
        "qa_idx": 11,
        "qa_task": "plot-understanding",
        "question": "What is the main theme of the video from 1.0 to 1855.0 seconds?",
        "options": [
            "A. A series of formal gatherings and social interactions.",
            "B. A sequence of beach and outdoor activities.",
            "C. A collection of scenes from various movies and TV shows.",
            "D. A tutorial on how to fold clothes."
        ],
        "answer": "C",
        "qa_level": "long_term",
        "qa_type": "mcqa",
        "old_answer": "C"
    },
    {
        "qa_idx": 12,
        "qa_task": "camera-direction",
        "question": "How does the camera movement change from the beginning to the end of the video from 1.0 to 1855.0 seconds?",
        "options": [
            "A. The camera moves from a close-up shot to a wide shot.",
            "B. The camera moves from a wide shot to a close-up shot.",
            "C. The camera remains static throughout the video.",
            "D. The camera moves from an indoor setting to an outdoor setting."
        ],
        "answer": "A",
        "qa_level": "long_term",
        "qa_type": "mcqa",
        "old_answer": "A"
    },
    {
        "qa_idx": 13,
        "qa_task": "attribute-change",
        "question": "How does the atmosphere change from the beginning to the end of the video from 1.0 to 1855.0 seconds?",
        "options": [
            "A. From a lively beach setting to a formal indoor gathering.",
            "B. From a modern, organized closet to a richly decorated library.",
            "C. From a serene lakeside setting to a tense indoor confrontation.",
            "D. From a sophisticated social event to a dramatic and intense scene."
        ],
        "answer": "D",
        "qa_level": "long_term",
        "qa_type": "mcqa",
        "old_answer": "D"
    },
    {
        "qa_idx": 14,
        "qa_task": "time-order",
        "question": "In which order do the events occur in the video from 1.0 to 1855.0 seconds?",
        "options": [
            "A. The event begins with a background filled with various posters, transitions to a close-up shot of a man with subtitles indicating the movie 'Inception' (2010), and ends with a man in a richly decorated library.",
            "B. The event begins with a woman inviting viewers to subscribe on YouTube, transitions to a beach setting with people engaging in typical beach activities, and ends with a man in a richly decorated library.",
            "C. The event begins with a scene at 151.0 seconds depicting a boy in front of a large umbrella, transitions to a man riding a scooter along a sunlit path, and ends with a man in a richly decorated library.",
            "D. The event begins with a busy indoor scene at 487 seconds featuring numerous men in suits, transitions to a woman highlighted in a dimly lit environment discussing the film 'Gone Baby Gone,' and ends with a man named Lionel in a well-lit domestic scene."
        ],
        "answer": "A",
        "qa_level": "long_term",
        "qa_type": "mcqa",
        "old_answer": "A"
    }
]