[
    {
        "qa_idx": 0,
        "qa_type": "qa",
        "qa_level": "frame",
        "qa_task": "object understanding",
        "question": "Is the mobile phone being held by two hands in the video frame at 1358.0 seconds?",
        "answer": "Yes",
        "old_answer": "Yes"
    },
    {
        "qa_idx": 1,
        "qa_task": "spatial-relationship",
        "question": "What is positioned at the lower part of the frame at 470.0 seconds?",
        "options": [
            "A. A person's finger.",
            "B. A black tool.",
            "C. A plain surface.",
            "D. A metallic area with a cross-like cutout."
        ],
        "answer": "B",
        "qa_level": "frame",
        "qa_type": "mcqa",
        "old_answer": "B"
    },
    {
        "qa_idx": 2,
        "qa_type": "qa",
        "qa_level": "within_event",
        "qa_task": "object understanding",
        "question": "Is the battery labeled 'BM22' visible in the video from 243.0 to 303.0 seconds?",
        "answer": "Yes",
        "old_answer": "Yes"
    },
    {
        "qa_idx": 4,
        "qa_type": "qa",
        "qa_level": "within_event",
        "qa_task": "action-understanding",
        "question": "During the event from 856.0 to 916.0 seconds, does the person use a soldering iron to attach new components to the circuit board?",
        "answer": "No",
        "old_answer": "No"
    },
    {
        "qa_idx": 6,
        "qa_type": "qa",
        "qa_level": "cross_event",
        "qa_task": "action-understanding",
        "question": "During the phone repair process from 1225.0 to 1267.0 and 1290.0 to 1340.0, does the individual use a hammer to fix the mobile phone?",
        "answer": "No",
        "old_answer": "No"
    },
    {
        "qa_idx": 7,
        "qa_type": "qa",
        "qa_level": "cross_event",
        "qa_task": "camera-direction",
        "question": "Does the camera focus on the detailed view of the mobile phone's internal components in both events from 1136.0 to 1217.0 and 1225.0 to 1267.0?",
        "answer": "Yes",
        "old_answer": "Yes"
    },
    {
        "qa_idx": 9,
        "qa_task": "speed",
        "question": "Between 553.0 and 622.0 seconds, which activity is performed more quickly?",
        "options": [
            "A. Manipulating parts inside the phone with tweezers.",
            "B. Transitioning to a different setting with the sky as a backdrop.",
            "C. Detailed handling of a partly disassembled device.",
            "D. Examining or assembling the device against a white background."
        ],
        "answer": "B",
        "qa_level": "within_event",
        "qa_type": "mcqa",
        "old_answer": "B"
    },
    {
        "qa_idx": 10,
        "qa_type": "qa",
        "qa_level": "long_term",
        "qa_task": "speed",
        "question": "Did the disassembly and examination of the smartphone components occur at a fast pace between 1.0 and 1895.0 seconds?",
        "answer": "No",
        "old_answer": "No"
    },
    {
        "qa_idx": 11,
        "qa_task": "object-direction",
        "question": "In the events from 856.0 to 916.0 seconds and H to e seconds, what is the direction of the focus shift in the scenes?",
        "options": [
            "A. From a larger circuit board on the left to a smaller board on the right.",
            "B. From a smaller circuit board on the right to a larger board on the left.",
            "C. From a camera module to a circuit board.",
            "D. From a circuit board to a camera module."
        ],
        "answer": "A",
        "qa_level": "cross_event",
        "qa_type": "mcqa",
        "old_answer": "A"
    },
    {
        "qa_idx": 13,
        "qa_task": "temporal-relationship",
        "question": "What was the person doing before the detailed examination of the smartphone's internal components?",
        "options": [
            "A. The person was seated at a desk, engaged in technical tasks involving electronic components and devices.",
            "B. The person was working on a tablet computer.",
            "C. The person was handling a small electronic device like a hard drive.",
            "D. The person was interacting with a large display showing a close-up of another device's internals."
        ],
        "answer": "A",
        "qa_level": "long_term",
        "qa_type": "mcqa",
        "old_answer": "A"
    },
    {
        "qa_idx": 17,
        "qa_task": "camera-direction",
        "question": "How does the camera movement change from 1.0 to 1895.0 seconds in the video?",
        "options": [
            "A. The camera remains static throughout the video.",
            "B. The camera zooms in and out to focus on different components.",
            "C. The camera moves around the room to show different angles.",
            "D. The camera follows the person as they move around the workspace."
        ],
        "answer": "B",
        "qa_level": "long_term",
        "qa_type": "mcqa",
        "old_answer": "B"
    },
    {
        "qa_idx": 18,
        "qa_task": "speed",
        "question": "Which activity is performed faster in the video from 1.0 to 1895.0 seconds, the disassembly of the smartphone or the examination of its internal components?",
        "options": [
            "A. The disassembly of the smartphone.",
            "B. The examination of its internal components.",
            "C. Both activities are performed at the same speed.",
            "D. None of the above."
        ],
        "answer": "A",
        "qa_level": "long_term",
        "qa_type": "mcqa",
        "old_answer": "A"
    },
    {
        "qa_idx": 19,
        "qa_task": "attribute-change",
        "question": "How does the state of the mobile phone change from the beginning to the end of the video between 1.0 and 1895.0 seconds?",
        "options": [
            "A. The mobile phone is assembled at the beginning and remains assembled throughout.",
            "B. The mobile phone is disassembled at the beginning and remains disassembled throughout.",
            "C. The mobile phone is assembled at the beginning and is disassembled by the end.",
            "D. The mobile phone is disassembled at the beginning and is assembled by the end."
        ],
        "answer": "C",
        "qa_level": "long_term",
        "qa_type": "mcqa",
        "old_answer": "C"
    },
    {
        "qa_idx": 22,
        "qa_task": "time-order",
        "question": "In which order do the events occur in the video from 1.0 to 1895.0 seconds?",
        "options": [
            "A. The video begins with a close-up scene where a disassembled mobile phone is depicted on a plain surface, with its back cover removed, exposing internal components such as the battery and SIM card slot. A pair of hands are actively working on the mobile phone, possibly involved in tasks like assembly, repair, or inspection.",
            "B. The sequence begins with a prominent logo centered against a clean, white background. The logo comprises stylized red letters 'g' and 'r', integrated with a blue smartphone graphic, along with the text 'Geekyranjit' in bold red and black, indicating a tech-related branding.",
            "C. The video begins with a close-up view of a partially disassembled smartphone, with the back cover removed to reveal the internal components including a battery labeled 'BM22', various connectors, and the camera module. A hand and a tool are seen interacting with the device, indicating a repair or examination process.",
            "D. The scene transitions from a close-up view of the interior components of a mobile phone with its back cover removed, revealing the battery labeled BM22 and various electronic parts, to a wider view of a man seated at a desk working on a laptop in a home or office setting."
        ],
        "answer": "B",
        "qa_level": "long_term",
        "qa_type": "mcqa",
        "old_answer": "B"
    }
]