[
    {
        "qa_idx": 0,
        "qa_type": "qa",
        "qa_level": "frame",
        "qa_task": "object understanding",
        "question": "Is the sky in the video frame at 882.0 seconds dark purple with large, white stars?",
        "answer": "Yes",
        "old_answer": "Yes"
    },
    {
        "qa_idx": 1,
        "qa_task": "character-understanding",
        "question": "What is the driver doing in the video frame at 1313.0 seconds?",
        "options": [
            "A. The driver is talking to passengers.",
            "B. The driver is navigating the vehicle.",
            "C. The driver is eating.",
            "D. The driver is sleeping."
        ],
        "answer": "B",
        "qa_level": "frame",
        "qa_type": "mcqa",
        "old_answer": "B"
    },
    {
        "qa_idx": 2,
        "qa_task": "character-understanding",
        "question": "What is the smaller pig holding in the video frame at 487.0 seconds?",
        "options": [
            "A. A blue pterodactyl toy.",
            "B. A green dinosaur toy.",
            "C. A red ball.",
            "D. A yellow flower."
        ],
        "answer": "B",
        "qa_level": "frame",
        "qa_type": "mcqa",
        "old_answer": "B"
    },
    {
        "qa_idx": 3,
        "qa_type": "qa",
        "qa_level": "cross_event",
        "qa_task": "speed",
        "question": "Did the train in the nighttime scene from 171.0 to 232.0 travel faster than the train in the snowy landscape from 237.0 to 295.0?",
        "answer": "No",
        "old_answer": "No"
    },
    {
        "qa_idx": 4,
        "qa_type": "qa",
        "qa_level": "cross_event",
        "qa_task": "action-understanding",
        "question": "In the video events from 389.0 to 469.0 and 470.0 to 530.0 seconds, do the scenes feature anthropomorphic pig characters interacting with other characters in both events?",
        "answer": "Yes",
        "old_answer": "Yes"
    },
    {
        "qa_idx": 5,
        "qa_task": "descriptive-scene",
        "question": "What is the overall environment of the characters in the video from 616.0 to 699.0 seconds?",
        "options": [
            "A. A dark and eerie forest.",
            "B. A warmly lit and cozy indoor setting with toys and books.",
            "C. A busy city street.",
            "D. A quiet library."
        ],
        "answer": "B",
        "qa_level": "within_event",
        "qa_type": "mcqa",
        "old_answer": "B"
    },
    {
        "qa_idx": 6,
        "qa_task": "scene-understanding",
        "question": "What is the primary setting of the events described in both video descriptions from 776.0 to 836.0 seconds and H to e seconds?",
        "options": [
            "A. A festive indoor scene with a ball pit and cartoon characters.",
            "B. A dark and eerie forest with mysterious creatures.",
            "C. A bustling city street with various human characters.",
            "D. A quiet countryside with natural landscapes."
        ],
        "answer": "A",
        "qa_level": "cross_event",
        "qa_type": "mcqa",
        "old_answer": "A"
    },
    {
        "qa_idx": 7,
        "qa_task": "camera-direction",
        "question": "How does the camera movement contribute to the transition between the indoor animated scene and the outdoor festive scenario from 1003.0 to 1074.0 seconds?",
        "options": [
            "A. The camera zooms in on the smaller rabbit in the yellow outfit before transitioning to the outdoor setting.",
            "B. The camera pans from the vibrant orange background to the outdoor hillside setting.",
            "C. The camera remains static while the scene changes from indoor to outdoor.",
            "D. The camera follows the larger rabbit in the purple outfit as it moves from the indoor scene to the outdoor setting."
        ],
        "answer": "B",
        "qa_level": "cross_event",
        "qa_type": "mcqa",
        "old_answer": "B"
    },
    {
        "qa_idx": 9,
        "qa_task": "attribute-change",
        "question": "How does the environment change from the beginning to the end of the video between 6.0 and 1926.0 seconds?",
        "options": [
            "A. From a cave exploration setting to a rainy urban scene.",
            "B. From a sunny countryside to a snowy landscape.",
            "C. From a classroom setting to a medieval castle.",
            "D. From a prehistoric scene to a festive indoor play area."
        ],
        "answer": "A",
        "qa_level": "long_term",
        "qa_type": "mcqa",
        "old_answer": "A"
    }
]