[
    {
        "qa_idx": 0,
        "qa_task": "character-understanding",
        "question": "What is the individual wearing in the video frame at 1484.0 seconds?",
        "options": [
            "A. A red dress and a hat.",
            "B. A blue suit and a crown.",
            "C. A green robe and a necklace.",
            "D. A black tuxedo and a bow tie."
        ],
        "answer": "B",
        "qa_level": "frame",
        "qa_type": "mcqa",
        "old_answer": "B"
    },
    {
        "qa_idx": 1,
        "qa_task": "object understanding",
        "question": "What is the man wearing at 812.0 seconds into the video?",
        "options": [
            "A. A blue suit with a white shirt and a dark tie.",
            "B. A black suit with a red shirt and a blue tie.",
            "C. A gray suit with a white shirt and a red tie.",
            "D. A brown suit with a yellow shirt and a green tie."
        ],
        "answer": "A",
        "qa_level": "frame",
        "qa_type": "mcqa",
        "old_answer": "A"
    },
    {
        "qa_idx": 2,
        "qa_type": "qa",
        "qa_level": "within_event",
        "qa_task": "camera-direction",
        "question": "Does the camera move away from the woman performing on stage between 523.0 and 583.0 seconds?",
        "answer": "No",
        "old_answer": "No"
    },
    {
        "qa_idx": 3,
        "qa_task": "character-understanding",
        "question": "What is the woman holding in the video frame at 278.0 seconds?",
        "options": [
            "A. A book.",
            "B. A guitar.",
            "C. A microphone.",
            "D. A violin."
        ],
        "answer": "B",
        "qa_level": "frame",
        "qa_type": "mcqa",
        "old_answer": "B"
    },
    {
        "qa_idx": 4,
        "qa_type": "qa",
        "qa_level": "within_event",
        "qa_task": "object understanding",
        "question": "Is the performer playing a guitar in front of a microphone during the event from 370.0 to 383.0 seconds?",
        "answer": "Yes",
        "old_answer": "Yes"
    },
    {
        "qa_idx": 5,
        "qa_task": "spatial-relationship",
        "question": "Where is the woman playing the guitar positioned on the stage at 592.0 seconds into the video?",
        "options": [
            "A. On the left side of the stage.",
            "B. On the right side of the stage.",
            "C. Centrally positioned.",
            "D. At the back of the stage."
        ],
        "answer": "C",
        "qa_level": "frame",
        "qa_type": "mcqa",
        "old_answer": "C"
    },
    {
        "qa_idx": 6,
        "qa_type": "qa",
        "qa_level": "cross_event",
        "qa_task": "camera-direction",
        "question": "Does the camera remain stationary while capturing the man at the podium during the event from 931.0 to 1031.0 seconds?",
        "answer": "No",
        "old_answer": "No"
    },
    {
        "qa_idx": 8,
        "qa_task": "object understanding",
        "question": "What object is the man in the blue outfit holding during the event from 1862.0 to 1924.0 seconds?",
        "options": [
            "A. A microphone.",
            "B. An award.",
            "C. A book.",
            "D. A glass."
        ],
        "answer": "B",
        "qa_level": "cross_event",
        "qa_type": "mcqa",
        "old_answer": "B"
    },
    {
        "qa_idx": 9,
        "qa_task": "plot-understanding",
        "question": "What is the main theme of the event described in the video from 1.0 to 2113.0 seconds?",
        "options": [
            "A. A formal business conference.",
            "B. A musical concert.",
            "C. A comedy roast event.",
            "D. A sports award ceremony."
        ],
        "answer": "C",
        "qa_level": "long_term",
        "qa_type": "mcqa",
        "old_answer": "C"
    },
    {
        "qa_idx": 10,
        "qa_task": "speed",
        "question": "Which individual is likely to be moving faster, the man in the dark suit with a red pocket square or the woman with a guitar, based on the descriptions from 1.0 to 2113.0 seconds?",
        "options": [
            "A. The man in the dark suit with a red pocket square.",
            "B. The woman with a guitar.",
            "C. Both are moving at the same speed.",
            "D. None of the above."
        ],
        "answer": "A",
        "qa_level": "long_term",
        "qa_type": "mcqa",
        "old_answer": "A"
    },
    {
        "qa_idx": 11,
        "qa_task": "attribute-change",
        "question": "How does the backdrop change from the beginning to the end of the event?",
        "options": [
            "A. From a gradient purple and pink backdrop to a colorful, geometric design with blue and green hues.",
            "B. From a dark, plain backdrop to a vibrant, colorful stage with star patterns and cartoonish designs.",
            "C. From a simple, monochromatic background to a dynamic, illuminated stage with vertical panels and spotlights.",
            "D. From a plain white backdrop to a stage with a Comedy Central logo and vibrant lighting."
        ],
        "answer": "B",
        "qa_level": "long_term",
        "qa_type": "mcqa",
        "old_answer": "B"
    }
]