[
    {
        "qa_idx": 1,
        "qa_type": "qa",
        "qa_level": "frame",
        "qa_task": "object understanding",
        "question": "Is there a reflective surface in the frame at 1880.0 seconds?",
        "answer": "Yes",
        "old_answer": "Yes"
    },
    {
        "qa_idx": 2,
        "qa_task": "descriptive-scene",
        "question": "Where are the men in the video frame at 400.0 seconds?",
        "options": [
            "A. In a kitchen.",
            "B. On a stage.",
            "C. In a garden.",
            "D. In an office."
        ],
        "answer": "B",
        "qa_level": "frame",
        "qa_type": "mcqa",
        "old_answer": "B"
    },
    {
        "qa_idx": 3,
        "qa_type": "qa",
        "qa_level": "within_event",
        "qa_task": "action-understanding",
        "question": "Does the video show a person in a helmet holding a large weapon at the beginning of the event from 302.0 to 333.0 seconds?",
        "answer": "Yes",
        "old_answer": "Yes"
    },
    {
        "qa_idx": 5,
        "qa_type": "qa",
        "qa_level": "cross_event",
        "qa_task": "character-understanding",
        "question": "Were there multiple individuals involved in both events from 1757.0 to 1815.0 and 1833.0 to 1880.0?",
        "answer": "Yes",
        "old_answer": "Yes"
    },
    {
        "qa_idx": 6,
        "qa_type": "qa",
        "qa_level": "long_term",
        "qa_task": "object understanding",
        "question": "Is there a Yoda figurine on the table during the discussion in the studio setting from 7.0 to 1880.0 seconds?",
        "answer": "Yes",
        "old_answer": "Yes"
    },
    {
        "qa_idx": 8,
        "qa_task": "counting",
        "question": "How many life-sized cutouts of characters from 'Star Trek: Discovery' are there in the frame at 317.0 seconds?",
        "options": [
            "A. 1.",
            "B. 2.",
            "C. 3.",
            "D. Several."
        ],
        "answer": "D",
        "qa_level": "frame",
        "qa_type": "mcqa",
        "old_answer": "D"
    },
    {
        "qa_idx": 10,
        "qa_task": "character-understanding",
        "question": "What is the central figure in the scene wearing at 1532.0 seconds into the video?",
        "options": [
            "A. A suit.",
            "B. A diaper.",
            "C. A dress.",
            "D. A uniform."
        ],
        "answer": "B",
        "qa_level": "frame",
        "qa_type": "mcqa",
        "old_answer": "B"
    },
    {
        "qa_idx": 12,
        "qa_task": "object understanding",
        "question": "What items are positioned in front of the people seated in the recording studio at 1809.0 seconds into the video?",
        "options": [
            "A. Microphones, cups, and a small figurine.",
            "B. Books, laptops, and a vase.",
            "C. Plates, cutlery, and a candle.",
            "D. Notebooks, pens, and a plant."
        ],
        "answer": "A",
        "qa_level": "frame",
        "qa_type": "mcqa",
        "old_answer": "A"
    },
    {
        "qa_idx": 13,
        "qa_task": "object understanding",
        "question": "What details are included in the weather forecast overlay at 252.0 seconds into the video?",
        "options": [
            "A. Temperatures and conditions for the days of the week from Tuesday to Saturday.",
            "B. A map of the world with weather patterns.",
            "C. A list of cities with their respective temperatures.",
            "D. A radar image showing precipitation."
        ],
        "answer": "A",
        "qa_level": "frame",
        "qa_type": "mcqa",
        "old_answer": "A"
    },
    {
        "qa_idx": 14,
        "qa_task": "descriptive-scene",
        "question": "What is the main theme of the poster captured at 589.0 seconds into the video?",
        "options": [
            "A. Summer vacation.",
            "B. Halloween.",
            "C. Holiday season.",
            "D. Spring festival."
        ],
        "answer": "C",
        "qa_level": "frame",
        "qa_type": "mcqa",
        "old_answer": "C"
    },
    {
        "qa_idx": 15,
        "qa_task": "object-direction",
        "question": "In which direction does the scene transition from the black-and-white setting to the indoor studio setting between 1757.0 seconds and 1815.0 seconds?",
        "options": [
            "A. From left to right.",
            "B. From right to left.",
            "C. From top to bottom.",
            "D. From bottom to top."
        ],
        "answer": "A",
        "qa_level": "within_event",
        "qa_type": "mcqa",
        "old_answer": "A"
    },
    {
        "qa_idx": 16,
        "qa_task": "temporal-relationship",
        "question": "What was happening at 1540.0 and 1541.0 seconds in the video?",
        "options": [
            "A. A man wearing gloves is engaged in a cooking demonstration.",
            "B. The scene shifts to an informal discussion setup with individuals seated at a table.",
            "C. The focus transitions to multiple individuals, including three men wearing distinct clothing.",
            "D. The scene portrays a group discussion in a decorated studio environment."
        ],
        "answer": "C",
        "qa_level": "within_event",
        "qa_type": "mcqa",
        "old_answer": "C"
    },
    {
        "qa_idx": 17,
        "qa_task": "speed",
        "question": "Between 1661.0 seconds and 1726.0 seconds, which scene transition happens faster?",
        "options": [
            "A. The transition from the studio scene to the outdoor landscape.",
            "B. The transition from the outdoor landscape to the multi-scene collage.",
            "C. Both transitions happen at the same speed.",
            "D. None of the above."
        ],
        "answer": "A",
        "qa_level": "within_event",
        "qa_type": "mcqa",
        "old_answer": "A"
    },
    {
        "qa_idx": 19,
        "qa_task": "camera-direction",
        "question": "At the beginning of the video event from 302.0 to 333.0 seconds, is the camera focused on a person in a helmet or on two men sitting onstage?",
        "options": [
            "A. The camera is focused on a person in a helmet.",
            "B. The camera is focused on two men sitting onstage.",
            "C. The camera is focused on two women onstage.",
            "D. The camera is focused on a man with a city landscape in the background."
        ],
        "answer": "A",
        "qa_level": "within_event",
        "qa_type": "mcqa",
        "old_answer": "A"
    },
    {
        "qa_idx": 20,
        "qa_task": "causal",
        "question": "Why is the muscular man holding a can and wearing a metal glove with colorful stones in the outdoor scene at 1667.0 and 1668.0 seconds?",
        "options": [
            "A. He is demonstrating a new product.",
            "B. He is parodying a movie franchise.",
            "C. He is performing a workout routine.",
            "D. He is participating in a serious interview."
        ],
        "answer": "B",
        "qa_level": "within_event",
        "qa_type": "mcqa",
        "old_answer": "B"
    },
    {
        "qa_idx": 22,
        "qa_task": "spatial-relationship",
        "question": "In the video event from 1595.0 to 1655.0 seconds, where is the Great Sphinx located in relation to the Pyramids of Giza?",
        "options": [
            "A. The Great Sphinx is behind the Pyramids of Giza.",
            "B. The Great Sphinx is in front of the Pyramids of Giza.",
            "C. The Great Sphinx is to the left of the Pyramids of Giza.",
            "D. The Great Sphinx is to the right of the Pyramids of Giza."
        ],
        "answer": "B",
        "qa_level": "cross_event",
        "qa_type": "mcqa",
        "old_answer": "B"
    },
    {
        "qa_idx": 23,
        "qa_task": "attribute-change",
        "question": "How does the scene change from the beginning to the end of the event from 1595.0 seconds to 1655.0 seconds?",
        "options": [
            "A. The sky changes from clear blue to cloudy.",
            "B. The Sphinx and pyramids are shown from a distant view to a detailed close-up view.",
            "C. The Sphinx changes from a lion's body to a human body.",
            "D. The pyramids change from small to large."
        ],
        "answer": "B",
        "qa_level": "cross_event",
        "qa_type": "mcqa",
        "old_answer": "B"
    },
    {
        "qa_idx": 25,
        "qa_task": "camera-direction",
        "question": "How does the camera movement change between the two video events from 449.0 to 509.0 seconds and H to e seconds?",
        "options": [
            "A. The camera moves from a static position near a window to a dynamic talk show environment.",
            "B. The camera remains static in both events.",
            "C. The camera moves from a dynamic talk show environment to a static position near a window.",
            "D. The camera moves from an outdoor scene to an indoor scene."
        ],
        "answer": "A",
        "qa_level": "cross_event",
        "qa_type": "mcqa",
        "old_answer": "A"
    },
    {
        "qa_idx": 26,
        "qa_task": "descriptive-scene",
        "question": "Where does the event sequence primarily take place between 1661.0 seconds and 1726.0 seconds?",
        "options": [
            "A. In a studio with media-related context and an outdoor landscape.",
            "B. In a classroom with students and a teacher.",
            "C. In a shopping mall with various stores.",
            "D. In a hospital with doctors and patients."
        ],
        "answer": "A",
        "qa_level": "cross_event",
        "qa_type": "mcqa",
        "old_answer": "A"
    },
    {
        "qa_idx": 27,
        "qa_task": "camera-direction",
        "question": "How does the camera movement contribute to the viewer's understanding of the studio environment from 1236.0 seconds to 1507.0 seconds?",
        "options": [
            "A. The camera remains static, focusing on the entire group and the table.",
            "B. The camera moves around the room, capturing different angles of the participants and the decorations.",
            "C. The camera zooms in on individual figurines and toys on the table.",
            "D. The camera pans across the sign displaying 'Franco Escamilla' and 'LA MESA REÑOÑA FRANCO ESCAMILLA Y LA DIABLO SQUAD.'."
        ],
        "answer": "B",
        "qa_level": "cross_event",
        "qa_type": "mcqa",
        "old_answer": "B"
    },
    {
        "qa_idx": 28,
        "qa_task": "camera-direction",
        "question": "How does the camera direction change from the beginning to the end of the event from 334.0 to 410.0 seconds?",
        "options": [
            "A. The camera moves from the audience to the stage and then to a black screen.",
            "B. The camera remains focused on the audience throughout the event.",
            "C. The camera moves from the stage to the audience and then to a black screen.",
            "D. The camera remains focused on the stage throughout the event."
        ],
        "answer": "A",
        "qa_level": "cross_event",
        "qa_type": "mcqa",
        "old_answer": "A"
    },
    {
        "qa_idx": 29,
        "qa_task": "speed",
        "question": "How does the speed of the scene transition in the video event from 1595.0 to 1655.0 seconds compare to the speed of the scene transition in the video event from H to e seconds?",
        "options": [
            "A. The scene transition speed in the first event is faster than in the second event.",
            "B. The scene transition speed in the first event is slower than in the second event.",
            "C. The scene transition speed in both events is the same.",
            "D. The scene transition speed in the first event is variable, while in the second event it is constant."
        ],
        "answer": "A",
        "qa_level": "cross_event",
        "qa_type": "mcqa",
        "old_answer": "A"
    },
    {
        "qa_idx": 30,
        "qa_task": "temporal-relationship",
        "question": "What happens after the scene featuring the Great Sphinx and the Pyramids of Giza in Egypt?",
        "options": [
            "A. A group of individuals is seated around a table, engaged in a lively discussion.",
            "B. A man is centrally positioned indoors near a large window showcasing a cityscape.",
            "C. The event sequence commences with a studio scene featuring multiple individuals engaged in conversation.",
            "D. The event begins with a television kitchen setup where a man is engaged in a cooking demonstration."
        ],
        "answer": "D",
        "qa_level": "long_term",
        "qa_type": "mcqa",
        "old_answer": "D"
    },
    {
        "qa_idx": 31,
        "qa_task": "spatial-relationship",
        "question": "What is prominently displayed in the backdrop of the studio setting where the group of individuals is seated around a table?",
        "options": [
            "A. A sign reading 'Franco Escamilla'.",
            "B. A large poster of the Great Sphinx.",
            "C. A banner with 'TE DESEA UNA FELIZ NAVIDAD'.",
            "D. A logo of 'Netflix'."
        ],
        "answer": "A",
        "qa_level": "long_term",
        "qa_type": "mcqa",
        "old_answer": "A"
    },
    {
        "qa_idx": 33,
        "qa_task": "counting",
        "question": "How many individuals are seated around the table in the studio setting at 7.0 to 1880.0 seconds?",
        "options": [
            "A. Two.",
            "B. Three.",
            "C. Four.",
            "D. Multiple."
        ],
        "answer": "D",
        "qa_level": "long_term",
        "qa_type": "mcqa",
        "old_answer": "D"
    },
    {
        "qa_idx": 36,
        "qa_task": "object-direction",
        "question": "In the video event from 7.0 to 1880.0 seconds, which direction does the camera move when focusing on the man in a yellow long-sleeved top holding a microphone on stage?",
        "options": [
            "A. The camera moves to the left.",
            "B. The camera moves to the right.",
            "C. The camera moves forward.",
            "D. The camera moves backward."
        ],
        "answer": "C",
        "qa_level": "long_term",
        "qa_type": "mcqa",
        "old_answer": "C"
    },
    {
        "qa_idx": 37,
        "qa_task": "camera-direction",
        "question": "In the video sequence from 7.0 to 1880.0 seconds, what is the camera movement when the scene transitions from the group discussion around the table to the close-up of the man in a helmet holding a large weapon?",
        "options": [
            "A. The camera zooms in on the man in the helmet.",
            "B. The camera pans to the left to focus on the man in the helmet.",
            "C. The camera tilts upwards to capture the man in the helmet.",
            "D. The camera remains stationary while the scene changes."
        ],
        "answer": "A",
        "qa_level": "long_term",
        "qa_type": "mcqa",
        "old_answer": "A"
    },
    {
        "qa_idx": 38,
        "qa_task": "speed",
        "question": "Which event occurs faster, the transition from the studio discussion to the Netflix panel or the transition from the Netflix panel to the urban event?",
        "options": [
            "A. The transition from the studio discussion to the Netflix panel.",
            "B. The transition from the Netflix panel to the urban event.",
            "C. Both transitions occur at the same speed.",
            "D. None of the above."
        ],
        "answer": "A",
        "qa_level": "long_term",
        "qa_type": "mcqa",
        "old_answer": "A"
    },
    {
        "qa_idx": 39,
        "qa_task": "attribute-change",
        "question": "How does the visual scene change from the beginning to the end of the event sequence from 7.0 to 1880.0 seconds?",
        "options": [
            "A. The scene transitions from a predominantly reddish visual scene to a festive holiday-themed setting.",
            "B. The scene transitions from a predominantly reddish visual scene to a black-and-white scene of individuals gathered closely.",
            "C. The scene transitions from a predominantly reddish visual scene to a studio setting with foam panels and framed pictures.",
            "D. The scene transitions from a predominantly reddish visual scene to a detailed view of the Great Sphinx and the Pyramids of Giza."
        ],
        "answer": "A",
        "qa_level": "long_term",
        "qa_type": "mcqa",
        "old_answer": "A"
    },
    {
        "qa_idx": 42,
        "qa_task": "time-order",
        "question": "In which order do the events occur in the video from 7.0 to 1880.0 seconds?",
        "options": [
            "A. The event begins with a predominantly reddish visual scene with a circular logo, transitions to a title screen 'PRODUCCIONES PRESENTA', and then shifts to a setting with multiple individuals seated around a table covered with various objects.",
            "B. The event begins with a large audience seated in a darkened venue, transitions to a stage where two men are present against an illuminated red and white graphic, and then shifts to a man in a yellow long-sleeved top holding a microphone.",
            "C. The event begins with a television kitchen setup where a man is engaged in a cooking demonstration, transitions to an informal discussion setup with individuals seated at a table, and then shifts to a group discussion in a decorated studio environment.",
            "D. The event begins with the iconic Great Sphinx and the Pyramids of Giza, transitions to a detailed view of the Sphinx with a lion's body, and then shifts to a studio scene featuring multiple individuals engaged in conversation."
        ],
        "answer": "A",
        "qa_level": "long_term",
        "qa_type": "mcqa",
        "old_answer": "A"
    }
]