[
    {
        "qa_idx": 0,
        "qa_task": "character-understanding",
        "question": "What is the woman wearing in the video at 861.0 seconds?",
        "options": [
            "A. A red dress.",
            "B. A light blue blouse.",
            "C. A green sweater.",
            "D. A yellow jacket."
        ],
        "answer": "B",
        "qa_level": "frame",
        "qa_type": "mcqa",
        "old_answer": "B"
    },
    {
        "qa_idx": 1,
        "qa_type": "qa",
        "qa_level": "within_event",
        "qa_task": "plot-understanding",
        "question": "Does the video event transition between multiple indoor and outdoor settings from 405.0 to 465.0 seconds?",
        "answer": "Yes",
        "old_answer": "Yes"
    },
    {
        "qa_idx": 2,
        "qa_task": "spatial-relationship",
        "question": "What is the man seated at in the frame at 147.0 seconds?",
        "options": [
            "A. A sofa.",
            "B. A desk.",
            "C. A chair.",
            "D. A table."
        ],
        "answer": "B",
        "qa_level": "frame",
        "qa_type": "mcqa",
        "old_answer": "B"
    },
    {
        "qa_idx": 3,
        "qa_type": "qa",
        "qa_level": "within_event",
        "qa_task": "character-understanding",
        "question": "Was one of the men wearing a checkered shirt and glasses in the scene from 1556.0 to 1614.0 seconds?",
        "answer": "Yes",
        "old_answer": "Yes"
    },
    {
        "qa_idx": 4,
        "qa_task": "speed",
        "question": "Between 2831.0 seconds and 2893.0 seconds, which character is depicted as being in motion?",
        "options": [
            "A. The man in the dark hoodie.",
            "B. The well-dressed man in a dim room.",
            "C. The man in the suit in a formal setting.",
            "D. The person walking in the alleyway."
        ],
        "answer": "D",
        "qa_level": "within_event",
        "qa_type": "mcqa",
        "old_answer": "D"
    },
    {
        "qa_idx": 7,
        "qa_task": "attribute-change",
        "question": "How does the setting change from the beginning to the end of the event from 1959.0 to 2057.0 seconds?",
        "options": [
            "A. The scene changes from an outdoor suburban area to an indoor formal setting.",
            "B. The scene changes from an outdoor suburban area to a formal interaction in front of a building.",
            "C. The scene changes from an indoor vehicle setting to an outdoor suburban area.",
            "D. The scene changes from a formal interaction in front of a building to an indoor vehicle setting."
        ],
        "answer": "B",
        "qa_level": "cross_event",
        "qa_type": "mcqa",
        "old_answer": "B"
    },
    {
        "qa_idx": 8,
        "qa_task": "descriptive-scene",
        "question": "Where does the event primarily take place in the video from 2062.0 to 2130.0 seconds?",
        "options": [
            "A. In a grand house with a luxurious exterior and formal indoor settings.",
            "B. In a bustling city street with heavy traffic.",
            "C. In a rural farm with open fields and barns.",
            "D. In a beach resort with sandy shores and palm trees."
        ],
        "answer": "A",
        "qa_level": "cross_event",
        "qa_type": "mcqa",
        "old_answer": "A"
    },
    {
        "qa_idx": 9,
        "qa_task": "plot-understanding",
        "question": "What is the main theme depicted in the video from 9.0 to 2907.0 seconds?",
        "options": [
            "A. A series of formal and social gatherings in various indoor and outdoor settings.",
            "B. A continuous depiction of underwater scenes and aquatic life.",
            "C. A detailed exploration of a single family's daily life in a suburban home.",
            "D. A documentary about the history and architecture of a famous city."
        ],
        "answer": "A",
        "qa_level": "long_term",
        "qa_type": "mcqa",
        "old_answer": "A"
    },
    {
        "qa_idx": 10,
        "qa_task": "speed",
        "question": "Which is faster, the red bus or the silver car, as seen in the video from 405.0 seconds to 2907.0 seconds?",
        "options": [
            "A. The red bus.",
            "B. The silver car.",
            "C. Both are at the same speed.",
            "D. None of the above."
        ],
        "answer": "B",
        "qa_level": "long_term",
        "qa_type": "mcqa",
        "old_answer": "B"
    },
    {
        "qa_idx": 11,
        "qa_task": "character-understanding",
        "question": "What is the woman wearing while standing beside an antique desk in a well-furnished room?",
        "options": [
            "A. A light-colored dress with blue jewelry.",
            "B. A gray top.",
            "C. A patterned outfit.",
            "D. A light-colored gown with a decorative neckline."
        ],
        "answer": "A",
        "qa_level": "long_term",
        "qa_type": "mcqa",
        "old_answer": "A"
    }
]