[
    {
        "qa_idx": 0,
        "qa_type": "qa",
        "qa_level": "frame",
        "qa_task": "object understanding",
        "question": "Is there an open door frame on the left side of the image at the 172.0-second mark?",
        "answer": "Yes",
        "old_answer": "Yes"
    },
    {
        "qa_idx": 2,
        "qa_type": "qa",
        "qa_level": "frame",
        "qa_task": "character-understanding",
        "question": "Is the cartoon character sleeping in the frame at 1673.0 seconds?",
        "answer": "Yes",
        "old_answer": "Yes"
    },
    {
        "qa_idx": 4,
        "qa_task": "character-understanding",
        "question": "What is the small yellow figure holding in its hand at 1056.0 seconds into the video?",
        "options": [
            "A. A hat.",
            "B. A sock.",
            "C. A carrot.",
            "D. A book."
        ],
        "answer": "B",
        "qa_level": "frame",
        "qa_type": "mcqa",
        "old_answer": "B"
    },
    {
        "qa_idx": 5,
        "qa_type": "qa",
        "qa_level": "cross_event",
        "qa_task": "camera-direction",
        "question": "Does the camera focus on the texture of the crumpled lined notebook paper at any point between 1708.0 to 1737.0 and 1738.0 to 1833.0?",
        "answer": "Yes",
        "old_answer": "Yes"
    },
    {
        "qa_idx": 7,
        "qa_task": "camera-direction",
        "question": "Does the camera move closer to the blue figure or does the blue figure move towards the camera from 66.0 to 99.0 seconds?",
        "options": [
            "A. The camera moves closer to the blue figure.",
            "B. The blue figure moves towards the camera.",
            "C. The camera moves away from the blue figure.",
            "D. The blue figure moves away from the camera."
        ],
        "answer": "A",
        "qa_level": "within_event",
        "qa_type": "mcqa",
        "old_answer": "A"
    },
    {
        "qa_idx": 8,
        "qa_type": "qa",
        "qa_level": "long_term",
        "qa_task": "object understanding",
        "question": "Does the video feature a green clover in multiple scenes from 3.0 to 1959.0 seconds?",
        "answer": "Yes",
        "old_answer": "Yes"
    },
    {
        "qa_idx": 10,
        "qa_task": "character-understanding",
        "question": "What is the main action of the blue stick figure in the animation from 693.0 to 754.0 seconds?",
        "options": [
            "A. The blue stick figure is laughing.",
            "B. The blue stick figure is crying.",
            "C. The blue stick figure is dancing.",
            "D. The blue stick figure is sleeping."
        ],
        "answer": "B",
        "qa_level": "cross_event",
        "qa_type": "mcqa",
        "old_answer": "B"
    },
    {
        "qa_idx": 11,
        "qa_task": "temporal-relationship",
        "question": "What happens after the blue stick-figure character interacts with the green clover in the construction site setting?",
        "options": [
            "A. The blue stick-figure character balances on a suspended steel beam.",
            "B. The blue stick-figure character steps into a brown, amorphous substance.",
            "C. The blue stick-figure character appears in a bathroom setting.",
            "D. The blue stick-figure character interacts with a gray-scale, sketched kitchen appliance."
        ],
        "answer": "A",
        "qa_level": "long_term",
        "qa_type": "mcqa",
        "old_answer": "A"
    },
    {
        "qa_idx": 12,
        "qa_task": "spatial-relationship",
        "question": "Where is the blue stick-figure character holding a green clover seen interacting with various construction elements?",
        "options": [
            "A. In a playground.",
            "B. At a crosswalk.",
            "C. At a construction site.",
            "D. In a bathroom."
        ],
        "answer": "C",
        "qa_level": "long_term",
        "qa_type": "mcqa",
        "old_answer": "C"
    },
    {
        "qa_idx": 14,
        "qa_task": "speed",
        "question": "Which character is depicted moving faster in the video from 3.0 to 1959.0 seconds?",
        "options": [
            "A. The blue stick-figure character walking across the crosswalk.",
            "B. The blue stick-figure character balancing on a suspended steel beam.",
            "C. The blue stick-figure character running with a wide-open mouth.",
            "D. The blue stick-figure character standing still."
        ],
        "answer": "C",
        "qa_level": "long_term",
        "qa_type": "mcqa",
        "old_answer": "C"
    },
    {
        "qa_idx": 15,
        "qa_task": "attribute-change",
        "question": "How does the background of the scenes change throughout the video from 3.0 to 1959.0 seconds?",
        "options": [
            "A. The background changes from a lined notebook paper style to a detailed urban setting.",
            "B. The background remains consistently a lined notebook paper style with various whimsical elements.",
            "C. The background changes from a lined notebook paper style to a realistic cityscape.",
            "D. The background changes from a lined notebook paper style to a colorful animated forest."
        ],
        "answer": "B",
        "qa_level": "long_term",
        "qa_type": "mcqa",
        "old_answer": "B"
    },
    {
        "qa_idx": 16,
        "qa_task": "character-understanding",
        "question": "What is the blue stick-figure character holding while balancing on a suspended steel beam?",
        "options": [
            "A. A red brick.",
            "B. A green clover.",
            "C. A blue pen.",
            "D. A yellow pencil."
        ],
        "answer": "B",
        "qa_level": "long_term",
        "qa_type": "mcqa",
        "old_answer": "B"
    },
    {
        "qa_idx": 18,
        "qa_task": "time-order",
        "question": "In which order do the events occur in the video from 3.0 to 1959.0 seconds?",
        "options": [
            "A. The title sequence of the cartoon 'Clover the Top' is presented, followed by a blue stick-figure character walking with a green clover, then a construction site setting appears, and finally, characters navigate a door in a whimsical bathroom setting.",
            "B. The title sequence of the cartoon 'Clover the Top' is presented, followed by a blue stick-figure character walking with a green clover, then a construction site setting appears, and finally, characters navigate a door in a whimsical bathroom setting.",
            "C. The title sequence of the cartoon 'Clover the Top' is presented, followed by a blue stick-figure character walking with a green clover, then a construction site setting appears, and finally, characters navigate a door in a whimsical bathroom setting.",
            "D. The title sequence of the cartoon 'Clover the Top' is presented, followed by a blue stick-figure character walking with a green clover, then a construction site setting appears, and finally, characters navigate a door in a whimsical bathroom setting."
        ],
        "answer": "A",
        "qa_level": "long_term",
        "qa_type": "mcqa",
        "old_answer": "A"
    }
]