[
    {
        "qa_idx": 0,
        "qa_task": "spatial-relationship",
        "question": "What is positioned prominently in the foreground of the scene at 1498.0 seconds into the video?",
        "options": [
            "A. A bookcase loaded with books.",
            "B. Two striped armchairs.",
            "C. A desk with a computer.",
            "D. A large window."
        ],
        "answer": "B",
        "qa_level": "frame",
        "qa_type": "mcqa",
        "old_answer": "B"
    },
    {
        "qa_idx": 1,
        "qa_type": "qa",
        "qa_level": "frame",
        "qa_task": "character-understanding",
        "question": "Are there two individuals standing on the wooden platform at 1637.0 seconds into the video?",
        "answer": "Yes",
        "old_answer": "Yes"
    },
    {
        "qa_idx": 2,
        "qa_task": "spatial-relationship",
        "question": "What is the bear focusing on in the laboratory-like environment at 1457.0 seconds into the video?",
        "options": [
            "A. A computer screen.",
            "B. A series of glassware and scientific equipment.",
            "C. A bookshelf filled with books.",
            "D. A checkered curtain."
        ],
        "answer": "B",
        "qa_level": "frame",
        "qa_type": "mcqa",
        "old_answer": "B"
    },
    {
        "qa_idx": 3,
        "qa_task": "descriptive-scene",
        "question": "Where is the pig in the video frame at 983.0 seconds?",
        "options": [
            "A. In a library.",
            "B. In a relaxed outdoor setting.",
            "C. In a barn.",
            "D. In a living room."
        ],
        "answer": "B",
        "qa_level": "frame",
        "qa_type": "mcqa",
        "old_answer": "B"
    },
    {
        "qa_idx": 4,
        "qa_task": "character-understanding",
        "question": "What is the character doing at 1739.0 seconds into the video?",
        "options": [
            "A. The character is writing a letter.",
            "B. The character is reading a book.",
            "C. The character is painting a picture.",
            "D. The character is watching television."
        ],
        "answer": "B",
        "qa_level": "frame",
        "qa_type": "mcqa",
        "old_answer": "B"
    },
    {
        "qa_idx": 6,
        "qa_task": "camera-direction",
        "question": "How does the camera movement direction change from the outdoor garden scene to the indoor setting in the event from 1119.0 to 1190.0 seconds?",
        "options": [
            "A. The camera moves from a wide shot of the garden to a close-up of the bear indoors.",
            "B. The camera moves from a close-up of the bear in the garden to a wide shot of the indoor setting.",
            "C. The camera remains static throughout both the garden and indoor scenes.",
            "D. The camera moves from a high-angle shot of the garden to a low-angle shot indoors."
        ],
        "answer": "A",
        "qa_level": "cross_event",
        "qa_type": "mcqa",
        "old_answer": "A"
    },
    {
        "qa_idx": 7,
        "qa_task": "character-understanding",
        "question": "What are the main activities of the bear and the child in the video events from 1468.0 to 1529.0 seconds?",
        "options": [
            "A. The bear is riding a stationary bike while the child rests, and later the bear shakes hands with another bear in a lab coat.",
            "B. The bear and the child are playing outside in a garden.",
            "C. The bear is cooking food while the child is reading a book.",
            "D. The bear and the child are painting the walls of a cave."
        ],
        "answer": "A",
        "qa_level": "cross_event",
        "qa_type": "mcqa",
        "old_answer": "A"
    },
    {
        "qa_idx": 9,
        "qa_task": "plot-understanding",
        "question": "What is the main difference in the setting between the two video events from 361.0 to 421.0 seconds and H to e seconds?",
        "options": [
            "A. The first event is set in a rural train station, while the second event is set in a winter forest.",
            "B. The first event is set in a city park, while the second event is set in a summer beach.",
            "C. The first event is set in a busy urban area, while the second event is set in a desert.",
            "D. The first event is set in a school playground, while the second event is set in a mountain cabin."
        ],
        "answer": "A",
        "qa_level": "cross_event",
        "qa_type": "mcqa",
        "old_answer": "A"
    },
    {
        "qa_idx": 10,
        "qa_task": "temporal-relationship",
        "question": "What was the bear doing before it was seen holding a panda with a yellow suitcase near a green train?",
        "options": [
            "A. The bear was performing a balancing and juggling act.",
            "B. The bear was interacting with a child in a purple hoodie.",
            "C. The bear was pouring liquid from a shiny samovar into a teacup.",
            "D. The bear was riding a stationary bike."
        ],
        "answer": "A",
        "qa_level": "long_term",
        "qa_type": "mcqa",
        "old_answer": "A"
    },
    {
        "qa_idx": 11,
        "qa_task": "spatial-relationship",
        "question": "Where is the green train labeled 'Moscow - Alaska' located in the video from 4.0 to 1905.0 seconds?",
        "options": [
            "A. Near a large tree and a yellow house with a red roof.",
            "B. In a lively yard with various animals including a small dog, a pig, and a goat.",
            "C. Inside a room with polka-dotted curtains and bookshelves.",
            "D. In a cozy indoor setting with a large brown bear and a small panda bear."
        ],
        "answer": "B",
        "qa_level": "long_term",
        "qa_type": "mcqa",
        "old_answer": "B"
    },
    {
        "qa_idx": 13,
        "qa_task": "camera-direction",
        "question": "What direction does the camera move when the scene transitions from the bear and panda near the green train to the brightly lit scene on the porch showcasing the yellow wooden structure and vivid green background?",
        "options": [
            "A. The camera moves closer to the bear and panda.",
            "B. The camera moves away from the bear and panda.",
            "C. The camera moves to the left of the bear and panda.",
            "D. The camera moves to the right of the bear and panda."
        ],
        "answer": "B",
        "qa_level": "long_term",
        "qa_type": "mcqa",
        "old_answer": "B"
    },
    {
        "qa_idx": 14,
        "qa_task": "attribute-change",
        "question": "How does the environment change from the beginning to the end of the video event from 4.0 to 1905.0 seconds?",
        "options": [
            "A. From a playful outdoor scene to a cozy indoor setting.",
            "B. From a wintery forest to a vibrant garden.",
            "C. From a rustic wooden house to a digital animation platform.",
            "D. From a serene garden to a bustling train station."
        ],
        "answer": "C",
        "qa_level": "long_term",
        "qa_type": "mcqa",
        "old_answer": "C"
    },
    {
        "qa_idx": 15,
        "qa_task": "time-order",
        "question": "In which order do the events occur in the video from 4.0 to 1905.0 seconds?",
        "options": [
            "A. The event starts with a playful scene featuring a large bear performing a balancing and juggling act, followed by a scene set inside a room featuring a polka-dotted curtain-adorned window, then a sequence in a lush, green environment starts with a panda being carried outdoors, and finally, the event concludes with a screen of a tablet showing video thumbnails from the series 'Masha and the Bear'.",
            "B. The event starts with a scene set inside a room featuring a polka-dotted curtain-adorned window, followed by a playful scene featuring a large bear performing a balancing and juggling act, then a sequence in a lush, green environment starts with a panda being carried outdoors, and finally, the event concludes with a screen of a tablet showing video thumbnails from the series 'Masha and the Bear'.",
            "C. The event starts with a sequence in a lush, green environment starts with a panda being carried outdoors, followed by a playful scene featuring a large bear performing a balancing and juggling act, then a scene set inside a room featuring a polka-dotted curtain-adorned window, and finally, the event concludes with a screen of a tablet showing video thumbnails from the series 'Masha and the Bear'.",
            "D. The event starts with a playful scene featuring a large bear performing a balancing and juggling act, followed by a sequence in a lush, green environment starts with a panda being carried outdoors, then a scene set inside a room featuring a polka-dotted curtain-adorned window, and finally, the event concludes with a screen of a tablet showing video thumbnails from the series 'Masha and the Bear'."
        ],
        "answer": "A",
        "qa_level": "long_term",
        "qa_type": "mcqa",
        "old_answer": "A"
    }
]