[
    {
        "qa_idx": 1,
        "qa_type": "qa",
        "qa_level": "frame",
        "qa_task": "character-understanding",
        "question": "At 195.0 seconds into the video, were there individuals walking along the platform?",
        "answer": "Yes",
        "old_answer": "Yes"
    },
    {
        "qa_idx": 2,
        "qa_task": "spatial-relationship",
        "question": "What is the person walking on at 167.0 seconds into the video?",
        "options": [
            "A. A sandy beach.",
            "B. A railway track.",
            "C. A grassy field.",
            "D. A concrete sidewalk."
        ],
        "answer": "B",
        "qa_level": "frame",
        "qa_type": "mcqa",
        "old_answer": "B"
    },
    {
        "qa_idx": 3,
        "qa_type": "qa",
        "qa_level": "within_event",
        "qa_task": "action-understanding",
        "question": "During the event from 668.0 to 710.0 seconds, does the scene show a person manually adjusting the server racks in the data center?",
        "answer": "No",
        "old_answer": "No"
    },
    {
        "qa_idx": 4,
        "qa_task": "spatial-relationship",
        "question": "What is visible under the person's hands in the frame at 1019.0 seconds?",
        "options": [
            "A. A glass partition.",
            "B. A marble or stone counter surface.",
            "C. A white object, possibly a receipt or paper.",
            "D. Yellow and white elements."
        ],
        "answer": "C",
        "qa_level": "frame",
        "qa_type": "mcqa",
        "old_answer": "C"
    },
    {
        "qa_idx": 5,
        "qa_type": "qa",
        "qa_level": "within_event",
        "qa_task": "object understanding",
        "question": "Is there a white vase in the room where the man is seated at the beginning of the event from 245.0 to 303.0 seconds?",
        "answer": "Yes",
        "old_answer": "Yes"
    },
    {
        "qa_idx": 6,
        "qa_task": "object understanding",
        "question": "What text is printed on the man's black t-shirt at 1574.0 seconds into the video?",
        "options": [
            "A. Just Do It.",
            "B. Buy The Dip.",
            "C. Stay Positive.",
            "D. Keep Calm."
        ],
        "answer": "B",
        "qa_level": "frame",
        "qa_type": "mcqa",
        "old_answer": "B"
    },
    {
        "qa_idx": 8,
        "qa_task": "object understanding",
        "question": "What is the primary focus of the news segment in the first event from 1307.0 to 1369.0 seconds?",
        "options": [
            "A. The remarkable increase in Bitcoin's value over the year.",
            "B. The launch of a new cryptocurrency.",
            "C. The decline in stock market values.",
            "D. The introduction of a new financial regulation."
        ],
        "answer": "A",
        "qa_level": "cross_event",
        "qa_type": "mcqa",
        "old_answer": "A"
    },
    {
        "qa_idx": 10,
        "qa_task": "spatial-relationship",
        "question": "What is the background when the man in a blue shirt is seen mid-conversation or engaged in an interview?",
        "options": [
            "A. A beach-themed painting, colorful cushions on a couch, and a sizable potted plant.",
            "B. A digital map representing Europe, Asia, and Australia.",
            "C. A futuristic setting with a glowing Bitcoin symbol encircled by a digital ring.",
            "D. A bustling city environment featuring a prominent skyscraper."
        ],
        "answer": "A",
        "qa_level": "long_term",
        "qa_type": "mcqa",
        "old_answer": "A"
    },
    {
        "qa_idx": 13,
        "qa_task": "attribute-change",
        "question": "How does the setting change from the beginning to the end of the video sequence from 1.0 to 2035.0 seconds?",
        "options": [
            "A. From a black screen to a visualization of Earth from space.",
            "B. From a bustling urban scene to a quiet suburban neighborhood.",
            "C. From a financial news segment to a serene coastal town.",
            "D. From a formal interview setting to a busy market scene."
        ],
        "answer": "A",
        "qa_level": "long_term",
        "qa_type": "mcqa",
        "old_answer": "A"
    },
    {
        "qa_idx": 14,
        "qa_task": "time-order",
        "question": "In which order do the events occur in the video from 1.0 to 118.0 seconds?",
        "options": [
            "A. (a) Black screen, (b) 'JULY 1999' text, (c) Man in glasses and red garment, (d) Illuminated globe, (e) CNBC broadcast on Bitcoin, (f) 'Varney & Co.' show on Fox Business.",
            "B. (a) 'JULY 1999' text, (b) Man in glasses and red garment, (c) Illuminated globe, (d) CNBC broadcast on Bitcoin, (e) 'Varney & Co.' show on Fox Business, (f) Black screen.",
            "C. (a) Man in glasses and red garment, (b) 'JULY 1999' text, (c) Illuminated globe, (d) CNBC broadcast on Bitcoin, (e) 'Varney & Co.' show on Fox Business, (f) Black screen.",
            "D. (a) Illuminated globe, (b) 'JULY 1999' text, (c) Man in glasses and red garment, (d) CNBC broadcast on Bitcoin, (e) 'Varney & Co.' show on Fox Business, (f) Black screen."
        ],
        "answer": "A",
        "qa_level": "long_term",
        "qa_type": "mcqa",
        "old_answer": "A"
    }
]