[
    {
        "qa_idx": 1,
        "qa_type": "qa",
        "qa_level": "frame",
        "qa_task": "character-understanding",
        "question": "Is there a woman reclining on the couch at 513.0 seconds into the video?",
        "answer": "Yes",
        "old_answer": "Yes"
    },
    {
        "qa_idx": 3,
        "qa_task": "object understanding",
        "question": "What is the pattern on the tablecloth in the scene at 1531.0 seconds into the video?",
        "options": [
            "A. Striped.",
            "B. Floral.",
            "C. Checkered.",
            "D. Plain."
        ],
        "answer": "B",
        "qa_level": "frame",
        "qa_type": "mcqa",
        "old_answer": "B"
    },
    {
        "qa_idx": 4,
        "qa_task": "character-understanding",
        "question": "What is the woman wearing in the video frame at 1919.0 seconds?",
        "options": [
            "A. A patterned blue shirt with red accents, a brown cardigan, and a pink headband.",
            "B. A red dress with white polka dots and a yellow hat.",
            "C. A green sweater and blue jeans.",
            "D. A black t-shirt and a white scarf."
        ],
        "answer": "A",
        "qa_level": "frame",
        "qa_type": "mcqa",
        "old_answer": "A"
    },
    {
        "qa_idx": 5,
        "qa_type": "qa",
        "qa_level": "cross_event",
        "qa_task": "action-understanding",
        "question": "In the event from 1467.0 to 1537.0, do the individuals on the balcony start painting the pink wall?",
        "answer": "No",
        "old_answer": "No"
    },
    {
        "qa_idx": 6,
        "qa_type": "qa",
        "qa_level": "cross_event",
        "qa_task": "camera-direction",
        "question": "Does the camera remain stationary while capturing the interactions among individuals in the well-furnished room from 670.0 to 760.0?",
        "answer": "No",
        "old_answer": "No"
    },
    {
        "qa_idx": 7,
        "qa_task": "camera-direction",
        "question": "At the beginning of the event from 761.0 to 860.0 seconds, which direction is the woman in a black sleeveless top moving?",
        "options": [
            "A. Moving left.",
            "B. Moving right.",
            "C. Moving forward.",
            "D. Moving backward."
        ],
        "answer": "B",
        "qa_level": "within_event",
        "qa_type": "mcqa",
        "old_answer": "B"
    },
    {
        "qa_idx": 9,
        "qa_task": "attribute-change",
        "question": "How does the backdrop change as the interaction progresses from 1176.0 seconds to 1243.0 seconds?",
        "options": [
            "A. The backdrop transitions to include a park and a playground.",
            "B. The backdrop transitions to include concrete stairs, a bicycle, and articles of clothing.",
            "C. The backdrop transitions to include a beach and a boardwalk.",
            "D. The backdrop transitions to include a forest and a river."
        ],
        "answer": "B",
        "qa_level": "within_event",
        "qa_type": "mcqa",
        "old_answer": "B"
    },
    {
        "qa_idx": 13,
        "qa_task": "attribute-change",
        "question": "How does the environment change from the beginning to the end of the events between 366.0 seconds to 426.0 seconds and H seconds to e seconds?",
        "options": [
            "A. The environment changes from a quiet, empty room to a bustling, well-decorated living area with multiple women interacting.",
            "B. The environment changes from a dark, empty room to a bright, empty room.",
            "C. The environment changes from a busy kitchen to a quiet, empty living room.",
            "D. The environment remains the same throughout the events."
        ],
        "answer": "A",
        "qa_level": "cross_event",
        "qa_type": "mcqa",
        "old_answer": "A"
    },
    {
        "qa_idx": 15,
        "qa_task": "temporal-relationship",
        "question": "What happened after the scene featuring two women engaging in conversation inside a typical domestic setting?",
        "options": [
            "A. The scene transitions to an outdoor area with residential buildings and laundry hanging.",
            "B. The scene transitions to a kitchen setting where two women engage, surrounded by kitchen utilities.",
            "C. The scene transitions to a cozy living room with a couch and colorful cushions.",
            "D. The scene transitions to a bustling urban residential area with a fenced patio and several individuals."
        ],
        "answer": "A",
        "qa_level": "long_term",
        "qa_type": "mcqa",
        "old_answer": "A"
    },
    {
        "qa_idx": 16,
        "qa_task": "spatial-relationship",
        "question": "Where is the man holding a green bucket located in the video?",
        "options": [
            "A. In a kitchen.",
            "B. In a living room.",
            "C. In an outdoor area.",
            "D. In a bedroom."
        ],
        "answer": "C",
        "qa_level": "long_term",
        "qa_type": "mcqa",
        "old_answer": "C"
    },
    {
        "qa_idx": 17,
        "qa_task": "causal",
        "question": "Why did the man hold a handgun in the kitchen?",
        "options": [
            "A. To threaten someone.",
            "B. To clean it.",
            "C. To show it to the women.",
            "D. To use it as a prop for the 'Humor Multi Show'."
        ],
        "answer": "A",
        "qa_level": "long_term",
        "qa_type": "mcqa",
        "old_answer": "A"
    },
    {
        "qa_idx": 21,
        "qa_task": "speed",
        "question": "Which individual was moving faster in the video, the man in a red patterned shirt or the woman in a floral-patterned top with a striped cardigan?",
        "options": [
            "A. The man in a red patterned shirt.",
            "B. The woman in a floral-patterned top with a striped cardigan.",
            "C. Both were moving at the same speed.",
            "D. None of the above."
        ],
        "answer": "A",
        "qa_level": "long_term",
        "qa_type": "mcqa",
        "old_answer": "A"
    },
    {
        "qa_idx": 22,
        "qa_task": "character-understanding",
        "question": "What is the woman wearing who is standing prominently in front of a worn door with scratches?",
        "options": [
            "A. A shiny, purple sequined top with accessories including a shoulder bag.",
            "B. A red top with a leopard print.",
            "C. A pink checkered blouse.",
            "D. A floral top and red pants."
        ],
        "answer": "A",
        "qa_level": "long_term",
        "qa_type": "mcqa",
        "old_answer": "A"
    },
    {
        "qa_idx": 23,
        "qa_task": "object understanding",
        "question": "What kind of tablecloth is frequently mentioned in the video descriptions?",
        "options": [
            "A. Floral tablecloth.",
            "B. Striped tablecloth.",
            "C. Checkered tablecloth.",
            "D. Plain tablecloth."
        ],
        "answer": "A",
        "qa_level": "long_term",
        "qa_type": "mcqa",
        "old_answer": "A"
    },
    {
        "qa_idx": 24,
        "qa_task": "time-order",
        "question": "In which order do the events occur in the video from 1.0 to 2067.0 seconds?",
        "options": [
            "A. Two women engage in conversation indoors, followed by an outdoor scene with residential buildings and laundry hanging, then indoor scenes with humorous activities, and finally a bustling kitchen-living area.",
            "B. The video starts with a bustling kitchen-living area, then transitions to indoor scenes with humorous activities, followed by an outdoor scene with residential buildings and laundry hanging, and ends with two women engaging in conversation indoors.",
            "C. The video begins with indoor scenes with humorous activities, then transitions to a bustling kitchen-living area, followed by an outdoor scene with residential buildings and laundry hanging, and ends with two women engaging in conversation indoors.",
            "D. The video starts with an outdoor scene with residential buildings and laundry hanging, then transitions to two women engaging in conversation indoors, followed by indoor scenes with humorous activities, and ends with a bustling kitchen-living area."
        ],
        "answer": "A",
        "qa_level": "long_term",
        "qa_type": "mcqa",
        "old_answer": "A"
    }
]