[
    {
        "qa_idx": 0,
        "qa_type": "qa",
        "qa_level": "frame",
        "qa_task": "character-understanding",
        "question": "Is the animated character wearing an orange-colored outfit at 1331.0 seconds into the video?",
        "answer": "Yes",
        "old_answer": "Yes"
    },
    {
        "qa_idx": 1,
        "qa_task": "character-understanding",
        "question": "What is the character in the foreground doing at 1381.0 seconds into the video?",
        "options": [
            "A. Planting seeds.",
            "B. Watering flowers.",
            "C. Picking apples.",
            "D. Mowing the lawn."
        ],
        "answer": "B",
        "qa_level": "frame",
        "qa_type": "mcqa",
        "old_answer": "B"
    },
    {
        "qa_idx": 2,
        "qa_type": "qa",
        "qa_level": "frame",
        "qa_task": "object understanding",
        "question": "Is there a character wearing a green hat and scarf at 22.0 seconds into the video?",
        "answer": "Yes",
        "old_answer": "Yes"
    },
    {
        "qa_idx": 3,
        "qa_task": "character-understanding",
        "question": "What is the person in the video doing at 1217.0 seconds?",
        "options": [
            "A. Flying a kite.",
            "B. Riding a bicycle.",
            "C. Playing soccer.",
            "D. Reading a book."
        ],
        "answer": "A",
        "qa_level": "frame",
        "qa_type": "mcqa",
        "old_answer": "A"
    },
    {
        "qa_idx": 4,
        "qa_type": "qa",
        "qa_level": "within_event",
        "qa_task": "character-understanding",
        "question": "Were the characters in the video enjoying ice skating from 552.0 to 602.0 seconds?",
        "answer": "Yes",
        "old_answer": "Yes"
    },
    {
        "qa_idx": 5,
        "qa_task": "spatial-relationship",
        "question": "Where is the sun positioned in the frame at 1916.0 seconds into the video?",
        "options": [
            "A. On the left-hand side.",
            "B. On the right-hand side.",
            "C. In the center.",
            "D. Behind the house."
        ],
        "answer": "B",
        "qa_level": "frame",
        "qa_type": "mcqa",
        "old_answer": "B"
    },
    {
        "qa_idx": 6,
        "qa_type": "qa",
        "qa_level": "cross_event",
        "qa_task": "speed",
        "question": "Did the festive activities in the second event (355.0 to 396.0) unfold at a faster pace compared to the cozy and colorful children's bedroom scene in the first event (280.0 to 353.0)?",
        "answer": "Yes",
        "old_answer": "Yes"
    },
    {
        "qa_idx": 7,
        "qa_task": "character-understanding",
        "question": "Which characters are seen joyfully skating and interacting with each other in the video event from 684.0 to 744.0 seconds?",
        "options": [
            "A. A pig in a red coat with purple gloves and a zebra in a green coat with a pink scarf.",
            "B. A dog in a blue coat with yellow gloves and a cat in a red scarf.",
            "C. A rabbit in a yellow coat with green gloves and a bear in a blue scarf.",
            "D. A horse in a purple coat with orange gloves and a cow in a green scarf."
        ],
        "answer": "A",
        "qa_level": "within_event",
        "qa_type": "mcqa",
        "old_answer": "A"
    },
    {
        "qa_idx": 8,
        "qa_type": "qa",
        "qa_level": "cross_event",
        "qa_task": "object understanding",
        "question": "Between the time of 3016.0 to 3074.0 and 3076.0 to 3136.0, is there a bell present on the boat in both video events?",
        "answer": "Yes",
        "old_answer": "Yes"
    },
    {
        "qa_idx": 9,
        "qa_task": "attribute-change",
        "question": "How does the outdoor scene visible through the window change from 2069.0 to 2124.0 seconds?",
        "options": [
            "A. The rain stops and the sky clears up.",
            "B. The rain intensifies and the clouds become darker.",
            "C. The rain turns into snow.",
            "D. The outdoor scene remains the same with dark clouds and raindrops."
        ],
        "answer": "D",
        "qa_level": "within_event",
        "qa_type": "mcqa",
        "old_answer": "D"
    },
    {
        "qa_idx": 10,
        "qa_type": "qa",
        "qa_level": "long_term",
        "qa_task": "plot-understanding",
        "question": "Do the animated characters experience both indoor and outdoor festive activities throughout the video from 5.0 to 3281.0 seconds?",
        "answer": "Yes",
        "old_answer": "Yes"
    },
    {
        "qa_idx": 11,
        "qa_task": "attribute-change",
        "question": "How does the background change from the beginning to the end of the segment between 3279.0 and 3281.0 seconds?",
        "options": [
            "A. It changes from light blue to a scene with Peppa Pig illustration and show’s title.",
            "B. It changes from dark blue to a scene with Peppa Pig illustration and show’s title.",
            "C. It changes from light blue to a scene with a different cartoon character.",
            "D. It changes from light blue to a blank screen."
        ],
        "answer": "A",
        "qa_level": "within_event",
        "qa_type": "mcqa",
        "old_answer": "A"
    },
    {
        "qa_idx": 13,
        "qa_task": "temporal-relationship",
        "question": "What were the animated characters doing before they were seen celebrating indoors with Santa Claus?",
        "options": [
            "A. They were ice skating outdoors.",
            "B. They were traveling in a red car.",
            "C. They were interacting in a snowy environment.",
            "D. They were preparing food in the kitchen."
        ],
        "answer": "C",
        "qa_level": "long_term",
        "qa_type": "mcqa",
        "old_answer": "C"
    },
    {
        "qa_idx": 14,
        "qa_task": "spatial-relationship",
        "question": "Where is the snowman located in relation to the light yellow, two-story house?",
        "options": [
            "A. In front of the house.",
            "B. Beside the house.",
            "C. Behind the house.",
            "D. On the roof of the house."
        ],
        "answer": "B",
        "qa_level": "long_term",
        "qa_type": "mcqa",
        "old_answer": "B"
    },
    {
        "qa_idx": 15,
        "qa_task": "plot-understanding",
        "question": "What is the main theme of the video events from 5.0 to 3281.0 seconds?",
        "options": [
            "A. Winter and Christmas celebrations.",
            "B. Summer beach activities.",
            "C. Autumn harvest festival.",
            "D. Spring garden party."
        ],
        "answer": "A",
        "qa_level": "long_term",
        "qa_type": "mcqa",
        "old_answer": "A"
    },
    {
        "qa_idx": 16,
        "qa_task": "object-direction",
        "question": "In which direction does the red vehicle travel along the snow-blanketed road under a clear sky with bright sunshine and scattered snowflakes?",
        "options": [
            "A. Towards the house.",
            "B. Away from the house.",
            "C. Towards the snowy hills.",
            "D. Away from the snowy hills."
        ],
        "answer": "A",
        "qa_level": "long_term",
        "qa_type": "mcqa",
        "old_answer": "A"
    },
    {
        "qa_idx": 17,
        "qa_task": "camera-direction",
        "question": "How does the camera move in the scene from 5.0 to 3281.0 seconds when the view shifts from the snowy scene featuring a light yellow house to the animated characters in the winter-themed amusement park?",
        "options": [
            "A. The camera zooms in on the house and then cuts to the amusement park.",
            "B. The camera pans from the house to the amusement park.",
            "C. The camera moves closer to the house and then transitions to the amusement park.",
            "D. The camera remains stationary and then cuts to the amusement park."
        ],
        "answer": "C",
        "qa_level": "long_term",
        "qa_type": "mcqa",
        "old_answer": "C"
    },
    {
        "qa_idx": 18,
        "qa_task": "attribute-change",
        "question": "How does the setting change from the beginning to the end of the video from 5.0 to 3281.0 seconds?",
        "options": [
            "A. From a snowy outdoor scene to a festive indoor setting.",
            "B. From a sunny beach scene to a rainy indoor setting.",
            "C. From a rainy indoor setting to a sunny outdoor scene.",
            "D. From a festive indoor setting to a snowy outdoor scene."
        ],
        "answer": "A",
        "qa_level": "long_term",
        "qa_type": "mcqa",
        "old_answer": "A"
    },
    {
        "qa_idx": 19,
        "qa_task": "object understanding",
        "question": "What objects are featured in the kitchen scene with the anthropomorphic pigs?",
        "options": [
            "A. A yellow countertop, various kitchen utensils, bowls filled with ingredients, and a milk carton.",
            "B. A blue countertop, various kitchen utensils, bowls filled with fruits, and a juice carton.",
            "C. A red countertop, various kitchen utensils, bowls filled with vegetables, and a water bottle.",
            "D. A green countertop, various kitchen utensils, bowls filled with snacks, and a soda can."
        ],
        "answer": "A",
        "qa_level": "long_term",
        "qa_type": "mcqa",
        "old_answer": "A"
    },
    {
        "qa_idx": 20,
        "qa_task": "descriptive-scene",
        "question": "Where do the animated characters celebrate amidst a snowy environment with a colorful train and multiple festive elements from 5.0 to 3281.0 seconds?",
        "options": [
            "A. In a lively winter-themed amusement park.",
            "B. In a cozy indoor setting with Christmas decorations.",
            "C. In a snowy outdoor scene with a snowman and a red vehicle.",
            "D. In a brightly lit kitchen with pastel-colored surroundings."
        ],
        "answer": "A",
        "qa_level": "long_term",
        "qa_type": "mcqa",
        "old_answer": "A"
    }
]