[
    {
        "qa_idx": 0,
        "qa_type": "qa",
        "qa_level": "frame",
        "qa_task": "object understanding",
        "question": "Is there a tomato among the food items in the scene at 1519.0 seconds?",
        "answer": "Yes",
        "old_answer": "Yes"
    },
    {
        "qa_idx": 1,
        "qa_task": "descriptive-scene",
        "question": "What is the overall environment of the frame captured at 618.0 seconds into the video?",
        "options": [
            "A. A chaotic and disorganized scene with random objects.",
            "B. A serene natural landscape with trees and a river.",
            "C. A symmetrical and organized pattern of bright orange objects with a grid-like overlay of glowing blue lines.",
            "D. A busy urban street with cars and pedestrians."
        ],
        "answer": "C",
        "qa_level": "frame",
        "qa_type": "mcqa",
        "old_answer": "C"
    },
    {
        "qa_idx": 2,
        "qa_task": "spatial-relationship",
        "question": "What is hanging beside the bee on the metallic pipe at 947.0 seconds into the video?",
        "options": [
            "A. A piece of food.",
            "B. A crushed tin can.",
            "C. A wooden slat.",
            "D. A patch of green vegetation."
        ],
        "answer": "B",
        "qa_level": "frame",
        "qa_type": "mcqa",
        "old_answer": "B"
    },
    {
        "qa_idx": 4,
        "qa_type": "qa",
        "qa_level": "long_term",
        "qa_task": "plot-understanding",
        "question": "Does the video depict a consistent urban environment throughout the entire sequence from 1.0 to 2237.0 seconds?",
        "answer": "No",
        "old_answer": "No"
    },
    {
        "qa_idx": 5,
        "qa_task": "attribute-change",
        "question": "How does the lighting change from the beginning to the end of the scenes described between 743.0 to 803.0 seconds and H to e seconds?",
        "options": [
            "A. The lighting remains consistently bright throughout both scenes.",
            "B. The lighting changes from dim and shadowy to bright and well-lit.",
            "C. The lighting changes from bright and well-lit to dim and shadowy.",
            "D. The lighting remains consistently dim and shadowy throughout both scenes."
        ],
        "answer": "D",
        "qa_level": "cross_event",
        "qa_type": "mcqa",
        "old_answer": "D"
    },
    {
        "qa_idx": 6,
        "qa_task": "plot-understanding",
        "question": "What is the primary setting transition observed between the two video descriptions from 228.0 to 300.0 seconds and H to e seconds?",
        "options": [
            "A. From an outdoor serene landscape to an industrial-like environment.",
            "B. From a forest floor to a garden-like setting.",
            "C. From a damp underground cave to a lively outdoor setting.",
            "D. From a whimsical setting to a run-down environment."
        ],
        "answer": "A",
        "qa_level": "cross_event",
        "qa_type": "mcqa",
        "old_answer": "A"
    },
    {
        "qa_idx": 8,
        "qa_task": "speed",
        "question": "Which characters are moving faster in the video from 1.0 to 2237.0 seconds?",
        "options": [
            "A. The animated worms near the fire hydrant.",
            "B. The fish swimming underwater.",
            "C. The animated caterpillars in the industrial setting.",
            "D. The animated characters in the wrestling ring."
        ],
        "answer": "B",
        "qa_level": "long_term",
        "qa_type": "mcqa",
        "old_answer": "B"
    },
    {
        "qa_idx": 9,
        "qa_task": "attribute-change",
        "question": "How does the environment change from the beginning to the end of the video from 1.0 to 2237.0 seconds?",
        "options": [
            "A. The environment changes from a minimalist scene to a vibrant natural setting.",
            "B. The environment changes from an underwater scene to an urban street.",
            "C. The environment changes from a cluttered indoor setting to a serene outdoor garden.",
            "D. The environment changes from a dark industrial setting to a bright kitchen."
        ],
        "answer": "A",
        "qa_level": "long_term",
        "qa_type": "mcqa",
        "old_answer": "A"
    }
]