[
    {
        "qa_idx": 0,
        "qa_type": "qa",
        "qa_level": "frame",
        "qa_task": "character-understanding",
        "question": "Is there a sign for the 'Department of Tourist Information & Reservation' visible in the frame at 1303.0 seconds?",
        "answer": "Yes",
        "old_answer": "Yes"
    },
    {
        "qa_idx": 2,
        "qa_type": "qa",
        "qa_level": "frame",
        "qa_task": "character-understanding",
        "question": "Is the individual in the video frame at 1749.0 seconds wearing a green garment?",
        "answer": "Yes",
        "old_answer": "Yes"
    },
    {
        "qa_idx": 3,
        "qa_task": "counting",
        "question": "How many bicycles are visible in the bicycle parking area at 379.0 seconds into the video?",
        "options": [
            "A. 1.",
            "B. 2.",
            "C. Several.",
            "D. None."
        ],
        "answer": "C",
        "qa_level": "frame",
        "qa_type": "mcqa",
        "old_answer": "C"
    },
    {
        "qa_idx": 4,
        "qa_type": "qa",
        "qa_level": "within_event",
        "qa_task": "object understanding",
        "question": "Is there a map on the wall in the background of the video from 151.0 to 192.0 seconds?",
        "answer": "Yes",
        "old_answer": "Yes"
    },
    {
        "qa_idx": 5,
        "qa_type": "qa",
        "qa_level": "cross_event",
        "qa_task": "action-understanding",
        "question": "Does the first event sequence (6.0 to 79.0) involve a live broadcast announcement by 'KARL ROCK'?",
        "answer": "Yes",
        "old_answer": "Yes"
    },
    {
        "qa_idx": 7,
        "qa_type": "qa",
        "qa_level": "long_term",
        "qa_task": "object understanding",
        "question": "Is there a map of India visible in the background during the indoor scenes from 6.0 to 2495.0 seconds?",
        "answer": "Yes",
        "old_answer": "Yes"
    },
    {
        "qa_idx": 9,
        "qa_type": "qa",
        "qa_level": "long_term",
        "qa_task": "plot-understanding",
        "question": "Does the video transition from an indoor live streaming session to various outdoor urban scenes and then back to the indoor live streaming session between 6.0 seconds and 1387.0 seconds?",
        "answer": "Yes",
        "old_answer": "Yes"
    },
    {
        "qa_idx": 10,
        "qa_task": "counting",
        "question": "How many times does the scene transition between frames with 'GOING LIVE NOW' and other transitional graphics from 6.0 seconds to 79.0 seconds?",
        "options": [
            "A. 1-2 times.",
            "B. 3-4 times.",
            "C. 5-6 times.",
            "D. 7-8 times."
        ],
        "answer": "C",
        "qa_level": "cross_event",
        "qa_type": "mcqa",
        "old_answer": "C"
    },
    {
        "qa_idx": 11,
        "qa_task": "object-direction",
        "question": "In the video events from 1209.0 to 1304.0 seconds and H to e seconds, what is the direction of the map displayed on the computer screen?",
        "options": [
            "A. Left to right.",
            "B. Right to left.",
            "C. Top to bottom.",
            "D. Bottom to top."
        ],
        "answer": "A",
        "qa_level": "cross_event",
        "qa_type": "mcqa",
        "old_answer": "A"
    },
    {
        "qa_idx": 13,
        "qa_task": "temporal-relationship",
        "question": "What happens after the man in the green shirt is seen engaging with the camera in a room with a map and a poster?",
        "options": [
            "A. The scene transitions to an outdoor urban environment with wet pavement and bicycles.",
            "B. The man changes his clothing and continues the live stream.",
            "C. The man starts discussing a police bust involving life insurance fraud.",
            "D. The scene transitions to a split-screen layout featuring a website for 'Centre Tours and Travel'."
        ],
        "answer": "A",
        "qa_level": "long_term",
        "qa_type": "mcqa",
        "old_answer": "A"
    },
    {
        "qa_idx": 14,
        "qa_task": "spatial-relationship",
        "question": "What is visible on the door in the room where the man is seated during the live stream session from 6.0 to 2495.0 seconds?",
        "options": [
            "A. A map of India.",
            "B. A poster with text.",
            "C. Clothing articles.",
            "D. A bookshelf."
        ],
        "answer": "C",
        "qa_level": "long_term",
        "qa_type": "mcqa",
        "old_answer": "C"
    },
    {
        "qa_idx": 16,
        "qa_task": "counting",
        "question": "How many times does the man in the green shirt appear in the indoor setting with a map and a poster in the background?",
        "options": [
            "A. 3 times.",
            "B. 5 times.",
            "C. 7 times.",
            "D. 9 times."
        ],
        "answer": "C",
        "qa_level": "long_term",
        "qa_type": "mcqa",
        "old_answer": "C"
    },
    {
        "qa_idx": 20,
        "qa_task": "attribute-change",
        "question": "How does the setting change from the indoor scenes to the outdoor scenes between 6.0 seconds and 445.0 seconds?",
        "options": [
            "A. The indoor scenes feature a man in a green shirt with a map and poster in the background, while the outdoor scenes show a wet urban environment with trees, bicycles, and public transportation.",
            "B. The indoor scenes feature a man in a green shirt with a map and poster in the background, while the outdoor scenes show a dry urban environment with no greenery.",
            "C. The indoor scenes feature a man in a green shirt with a map and poster in the background, while the outdoor scenes show a desert landscape with no urban elements.",
            "D. The indoor scenes feature a man in a green shirt with a map and poster in the background, while the outdoor scenes show a beach with people sunbathing."
        ],
        "answer": "A",
        "qa_level": "long_term",
        "qa_type": "mcqa",
        "old_answer": "A"
    },
    {
        "qa_idx": 23,
        "qa_task": "time-order",
        "question": "In which order do the events occur in the video from 6.0 to 2495.0 seconds?",
        "options": [
            "A. The video starts with a poster announcing 'GOING LIVE NOW' by 'KARL ROCK', transitions to a man in a green shirt engaging with the camera in a room with a map and poster, then moves to an outdoor urban scene with wet pavement and bicycles, and finally shows a man in front of the 'Department of Tourist Information & Reservation'.",
            "B. The video starts with a man in a green shirt engaging with the camera in a room with a map and poster, transitions to a poster announcing 'GOING LIVE NOW' by 'KARL ROCK', then moves to an outdoor urban scene with wet pavement and bicycles, and finally shows a man in front of the 'Department of Tourist Information & Reservation'.",
            "C. The video starts with an outdoor urban scene with wet pavement and bicycles, transitions to a man in a green shirt engaging with the camera in a room with a map and poster, then moves to a poster announcing 'GOING LIVE NOW' by 'KARL ROCK', and finally shows a man in front of the 'Department of Tourist Information & Reservation'.",
            "D. The video starts with a man in front of the 'Department of Tourist Information & Reservation', transitions to an outdoor urban scene with wet pavement and bicycles, then moves to a man in a green shirt engaging with the camera in a room with a map and poster, and finally shows a poster announcing 'GOING LIVE NOW' by 'KARL ROCK'."
        ],
        "answer": "A",
        "qa_level": "long_term",
        "qa_type": "mcqa",
        "old_answer": "A"
    }
]