[
    {
        "qa_idx": 0,
        "qa_type": "qa",
        "qa_level": "frame",
        "qa_task": "character-understanding",
        "question": "Are the characters in the video frame at 716.0 seconds dressed in different colors?",
        "answer": "Yes",
        "old_answer": "Yes"
    },
    {
        "qa_idx": 1,
        "qa_type": "qa",
        "qa_level": "frame",
        "qa_task": "character-understanding",
        "question": "Are the two anthropomorphic pig characters looking upwards with expressions of delight at 2664.0 seconds into the video?",
        "answer": "Yes",
        "old_answer": "Yes"
    },
    {
        "qa_idx": 2,
        "qa_type": "qa",
        "qa_level": "within_event",
        "qa_task": "speed",
        "question": "Did the train-like vehicle designed as a rocket travel through the outer-space environment at a slow pace from 2596.0 to 2679.0 seconds?",
        "answer": "No",
        "old_answer": "No"
    },
    {
        "qa_idx": 3,
        "qa_type": "qa",
        "qa_level": "within_event",
        "qa_task": "character-understanding",
        "question": "Were the two anthropomorphic pigs having a cheerful conversation in the children's room from 1494.0 to 1558.0 seconds?",
        "answer": "Yes",
        "old_answer": "Yes"
    },
    {
        "qa_idx": 4,
        "qa_task": "object understanding",
        "question": "What toys are the two smaller pigs holding at 2337.0 seconds into the video?",
        "options": [
            "A. A red car and a blue ball.",
            "B. A green dinosaur and a brown teddy bear.",
            "C. A yellow duck and a white rabbit.",
            "D. A purple dragon and a black cat."
        ],
        "answer": "B",
        "qa_level": "frame",
        "qa_type": "mcqa",
        "old_answer": "B"
    },
    {
        "qa_idx": 5,
        "qa_task": "attribute-change",
        "question": "How do the windows in the classroom change during the event from 261.0 to 299.0 seconds?",
        "options": [
            "A. The windows become covered with more educational materials.",
            "B. The windows change color.",
            "C. The windows are framed with bright yellow curtains and patterned with polka dots.",
            "D. The windows are closed."
        ],
        "answer": "C",
        "qa_level": "within_event",
        "qa_type": "mcqa",
        "old_answer": "C"
    },
    {
        "qa_idx": 6,
        "qa_type": "qa",
        "qa_level": "cross_event",
        "qa_task": "object understanding",
        "question": "Is there a houseplant in the indoor setting of the video event from 303.0 to 363.0?",
        "answer": "Yes",
        "old_answer": "Yes"
    },
    {
        "qa_idx": 7,
        "qa_type": "qa",
        "qa_level": "long_term",
        "qa_task": "action-understanding",
        "question": "After the family of pigs finished their picnic near the body of water, did they immediately start a campfire to roast marshmallows? (Time: 3.0 to 3362.0 seconds)",
        "answer": "No",
        "old_answer": "No"
    },
    {
        "qa_idx": 8,
        "qa_task": "spatial-relationship",
        "question": "In the video event from 2035.0 to 2099.0 seconds, where is the smiling potato character with a mustache and a hat located?",
        "options": [
            "A. In front of simple framed drawings on a purple background.",
            "B. In a cozy living room with a purple sofa.",
            "C. In a brightly lit indoor setting with green walls and pink lamps.",
            "D. In front of a television with framed pictures on green walls."
        ],
        "answer": "A",
        "qa_level": "cross_event",
        "qa_type": "mcqa",
        "old_answer": "A"
    },
    {
        "qa_idx": 10,
        "qa_task": "temporal-relationship",
        "question": "What happens after the family of anthropomorphic pigs is shown traveling in their yellow van through clear skies and rolling hills?",
        "options": [
            "A. The family is seen engaging in a picnic near a body of water.",
            "B. The family interacts with a dog cartoon character in a red cap outside the vehicle.",
            "C. The family is shown inside a vehicle, focusing on navigation devices.",
            "D. The family is seen traveling in their van through clear skies and rolling hills."
        ],
        "answer": "A",
        "qa_level": "long_term",
        "qa_type": "mcqa",
        "old_answer": "A"
    },
    {
        "qa_idx": 11,
        "qa_task": "spatial-relationship",
        "question": "Where is the yellow toy cash register located in the children's playroom or educational space?",
        "options": [
            "A. On a green shelving unit.",
            "B. On a blue oval-shaped table.",
            "C. On a blackboard.",
            "D. On a purple floor."
        ],
        "answer": "B",
        "qa_level": "long_term",
        "qa_type": "mcqa",
        "old_answer": "B"
    },
    {
        "qa_idx": 13,
        "qa_task": "camera-direction",
        "question": "How does the camera move in the scene from 3.0 to 3362.0 seconds when the animated pig characters are shown interacting around a vintage desktop computer on a blue table?",
        "options": [
            "A. The camera zooms in on the characters.",
            "B. The camera pans across the room.",
            "C. The camera remains static.",
            "D. The camera moves closer to the computer."
        ],
        "answer": "C",
        "qa_level": "long_term",
        "qa_type": "mcqa",
        "old_answer": "C"
    },
    {
        "qa_idx": 14,
        "qa_task": "speed",
        "question": "Which vehicle is faster, the blue car or the red car, as depicted in the video from 3.0 to 3362.0 seconds?",
        "options": [
            "A. The blue car.",
            "B. The red car.",
            "C. Both are at the same speed.",
            "D. None of the above."
        ],
        "answer": "B",
        "qa_level": "long_term",
        "qa_type": "mcqa",
        "old_answer": "B"
    },
    {
        "qa_idx": 15,
        "qa_task": "attribute-change",
        "question": "How does the setting change from the beginning to the end of the video event from 3.0 to 3362.0 seconds?",
        "options": [
            "A. From an indoor domestic scene to a vibrant outdoor environment.",
            "B. From a classroom setting to a medical-themed indoor room.",
            "C. From a children's playroom to a whimsical space-themed illustration.",
            "D. From a rural scene to a bustling supermarket."
        ],
        "answer": "A",
        "qa_level": "long_term",
        "qa_type": "mcqa",
        "old_answer": "A"
    },
    {
        "qa_idx": 16,
        "qa_task": "time-order",
        "question": "In which order do the events occur in the video from 3.0 to 3362.0 seconds?",
        "options": [
            "A. Peppa Pig title card, indoor domestic scene, home office area, yellow chick in a framed screen, outdoor scene with a yellow house, cheerful family interaction outside their home.",
            "B. Peppa Pig title card, yellow chick in a framed screen, indoor domestic scene, home office area, outdoor scene with a yellow house, cheerful family interaction outside their home.",
            "C. Peppa Pig title card, indoor domestic scene, yellow chick in a framed screen, home office area, outdoor scene with a yellow house, cheerful family interaction outside their home.",
            "D. Peppa Pig title card, indoor domestic scene, home office area, outdoor scene with a yellow house, yellow chick in a framed screen, cheerful family interaction outside their home."
        ],
        "answer": "A",
        "qa_level": "long_term",
        "qa_type": "mcqa",
        "old_answer": "A"
    }
]