[
    {
        "qa_idx": 0,
        "qa_type": "qa",
        "qa_level": "frame",
        "qa_task": "character-understanding",
        "question": "Does the yellow creature have a surprised expression at 1218.0 seconds?",
        "answer": "Yes",
        "old_answer": "Yes"
    },
    {
        "qa_idx": 1,
        "qa_type": "qa",
        "qa_level": "frame",
        "qa_task": "character-understanding",
        "question": "Is the storyboard credit given to Tae-wook, Koh at 2088.0 seconds into the video?",
        "answer": "Yes",
        "old_answer": "Yes"
    },
    {
        "qa_idx": 2,
        "qa_task": "object understanding",
        "question": "What is the prominent animated character in the center of the frame at 568.0 seconds into the video?",
        "options": [
            "A. A horned character.",
            "B. A striped character.",
            "C. A pumpkin.",
            "D. A cardboard box."
        ],
        "answer": "A",
        "qa_level": "frame",
        "qa_type": "mcqa",
        "old_answer": "A"
    },
    {
        "qa_idx": 3,
        "qa_type": "qa",
        "qa_level": "within_event",
        "qa_task": "action-understanding",
        "question": "Does the dark grey cloud emit blue lightning bolts in the video event from 2400.0 to 2460.0 seconds?",
        "answer": "Yes",
        "old_answer": "Yes"
    },
    {
        "qa_idx": 4,
        "qa_type": "qa",
        "qa_level": "within_event",
        "qa_task": "speed",
        "question": "Did the animated characters in the 'Larva Season 2' scene move quickly in the bustling urban streetscape between 1.0 and 64.0 seconds?",
        "answer": "Yes",
        "old_answer": "Yes"
    },
    {
        "qa_idx": 5,
        "qa_task": "object understanding",
        "question": "What is the expression of the central animated character in the frame captured at 1900.0 seconds?",
        "options": [
            "A. Happy and smiling.",
            "B. Surprised or shocked.",
            "C. Angry and frowning.",
            "D. Sad and crying."
        ],
        "answer": "B",
        "qa_level": "frame",
        "qa_type": "mcqa",
        "old_answer": "B"
    },
    {
        "qa_idx": 6,
        "qa_type": "qa",
        "qa_level": "cross_event",
        "qa_task": "action-understanding",
        "question": "In the first event from 125.0 to 285.0, do the animated sequences feature anthropomorphic matchsticks?",
        "answer": "Yes",
        "old_answer": "Yes"
    },
    {
        "qa_idx": 7,
        "qa_task": "attribute-change",
        "question": "How does the environment change from the beginning to the end of the event from 1004.0 to 1063.0 seconds?",
        "options": [
            "A. The environment changes from a serene courtyard to a gritty urban-like space.",
            "B. The environment changes from a sunny day to a stormy night.",
            "C. The environment changes from a forest to a desert.",
            "D. The environment changes from a beach to a mountain."
        ],
        "answer": "A",
        "qa_level": "within_event",
        "qa_type": "mcqa",
        "old_answer": "A"
    },
    {
        "qa_idx": 8,
        "qa_task": "character-understanding",
        "question": "What is the expression of the red creature in the video from 367.0 to 429.0 seconds?",
        "options": [
            "A. Calm with closed eyes.",
            "B. Distressed with teary eyes.",
            "C. Happy with a big smile.",
            "D. Angry with a frown."
        ],
        "answer": "B",
        "qa_level": "within_event",
        "qa_type": "mcqa",
        "old_answer": "B"
    },
    {
        "qa_idx": 9,
        "qa_task": "attribute-change",
        "question": "How does the setting change from 2231.0 seconds to 2299.0 seconds?",
        "options": [
            "A. From a cluttered indoor scene to a bustling coastal city skyline.",
            "B. From a sunny outdoor scene to a dark indoor room.",
            "C. From a quiet rural area to a busy industrial site.",
            "D. From a serene beach to a crowded marketplace."
        ],
        "answer": "A",
        "qa_level": "within_event",
        "qa_type": "mcqa",
        "old_answer": "A"
    },
    {
        "qa_idx": 10,
        "qa_task": "character-understanding",
        "question": "What are the main actions of the animated worm-like creatures in the video events from 430.0 to 511.0 seconds and H to e seconds?",
        "options": [
            "A. The worm-like creatures are expressing joy and cheer, interacting with other characters, and engaging with a container of noodles.",
            "B. The worm-like creatures are fighting with each other and destroying the environment.",
            "C. The worm-like creatures are sleeping and not interacting with anything.",
            "D. The worm-like creatures are building a house and planting flowers."
        ],
        "answer": "A",
        "qa_level": "cross_event",
        "qa_type": "mcqa",
        "old_answer": "A"
    },
    {
        "qa_idx": 11,
        "qa_task": "temporal-relationship",
        "question": "What happens after the scene featuring a large tree against a wooden fence with green shrubs and blooming pink flowers?",
        "options": [
            "A. The scene transitions to a well-organized kitchen environment with various fruits arranged on a wooden countertop.",
            "B. The scene transitions to a serene animated environment with detailed backdrops of foliage and delightful toy characters in vibrant colors.",
            "C. The scene transitions to a bustling nighttime cityscape dominated by a towering skyscraper under a dark sky.",
            "D. The scene transitions to a vibrant, colorful background featuring an illustration of a bowl of noodles."
        ],
        "answer": "B",
        "qa_level": "long_term",
        "qa_type": "mcqa",
        "old_answer": "B"
    },
    {
        "qa_idx": 12,
        "qa_task": "spatial-relationship",
        "question": "Where is the red animated toy character with a white bandage on its head positioned in the scene between 1.0 and 2460.0 seconds?",
        "options": [
            "A. Between two large terracotta flower pots.",
            "B. On a windowsill filled with household items.",
            "C. In a whimsical bathroom setting.",
            "D. On a wooden surface scattered with large playing cards."
        ],
        "answer": "A",
        "qa_level": "long_term",
        "qa_type": "mcqa",
        "old_answer": "A"
    },
    {
        "qa_idx": 13,
        "qa_task": "causal",
        "question": "Why does the red animated toy character have a white bandage on its head in the scene between 1.0 and 2460.0 seconds?",
        "options": [
            "A. The character was involved in a playful interaction that resulted in an injury.",
            "B. The character was trying to hide from other characters.",
            "C. The character was cooking in the kitchen.",
            "D. The character was playing with a ball."
        ],
        "answer": "A",
        "qa_level": "long_term",
        "qa_type": "mcqa",
        "old_answer": "A"
    },
    {
        "qa_idx": 15,
        "qa_task": "camera-direction",
        "question": "How does the camera move in the scene from 1.0 to 2460.0 seconds when the animated characters are interacting in various settings?",
        "options": [
            "A. The camera remains static throughout the scenes.",
            "B. The camera moves closer to the animated characters and objects.",
            "C. The camera zooms out to show a wider view of the settings.",
            "D. The camera pans left and right to follow the characters."
        ],
        "answer": "B",
        "qa_level": "long_term",
        "qa_type": "mcqa",
        "old_answer": "B"
    },
    {
        "qa_idx": 16,
        "qa_task": "attribute-change",
        "question": "How does the environment change from the beginning to the end of the video from 1.0 to 2460.0 seconds?",
        "options": [
            "A. The environment changes from a vibrant, animated indoor setting to a serene, snowy outdoor scene.",
            "B. The environment changes from a cozy indoor setting to a bustling urban cityscape.",
            "C. The environment changes from a playful, animated garden to a dramatic, sepia-toned cityscape.",
            "D. The environment changes from a whimsical indoor setting to a serene, plant-filled indoor space."
        ],
        "answer": "C",
        "qa_level": "long_term",
        "qa_type": "mcqa",
        "old_answer": "C"
    },
    {
        "qa_idx": 17,
        "qa_task": "character-understanding",
        "question": "What is the expression of the red animated toy character with a white bandage on its head between two large terracotta flower pots?",
        "options": [
            "A. Happy.",
            "B. Surprised.",
            "C. Distressed.",
            "D. Angry."
        ],
        "answer": "C",
        "qa_level": "long_term",
        "qa_type": "mcqa",
        "old_answer": "C"
    }
]