[
    {
        "qa_idx": 0,
        "qa_type": "qa",
        "qa_level": "frame",
        "qa_task": "object understanding",
        "question": "Are the characters holding toys in the video frame at 2438.0 seconds?",
        "answer": "Yes",
        "old_answer": "Yes"
    },
    {
        "qa_idx": 1,
        "qa_task": "descriptive-scene",
        "question": "What is the background like in the video frame at 722.0 seconds?",
        "options": [
            "A. Bright and colorful.",
            "B. Dark.",
            "C. Plain white.",
            "D. Light blue."
        ],
        "answer": "B",
        "qa_level": "frame",
        "qa_type": "mcqa",
        "old_answer": "B"
    },
    {
        "qa_idx": 2,
        "qa_type": "qa",
        "qa_level": "frame",
        "qa_task": "object understanding",
        "question": "Is there a clearly distinguishable human face in the frame at 877.0 seconds?",
        "answer": "Yes",
        "old_answer": "Yes"
    },
    {
        "qa_idx": 3,
        "qa_task": "counting",
        "question": "How many logos are visible in the frame at 343.0 seconds?",
        "options": [
            "A.0.",
            "B.1.",
            "C.2.",
            "D.3."
        ],
        "answer": "B",
        "qa_level": "frame",
        "qa_type": "mcqa",
        "old_answer": "B"
    },
    {
        "qa_idx": 4,
        "qa_type": "qa",
        "qa_level": "within_event",
        "qa_task": "action-understanding",
        "question": "During the scene from 1594.0 to 1658.0 seconds, does the blue cartoon character with striped ears start painting a picture after playing the guitar?",
        "answer": "No",
        "old_answer": "No"
    },
    {
        "qa_idx": 6,
        "qa_type": "qa",
        "qa_level": "within_event",
        "qa_task": "object understanding",
        "question": "Is there a purple toy character in the final scene of the video event from 519.0 to 583.0 seconds?",
        "answer": "Yes",
        "old_answer": "Yes"
    },
    {
        "qa_idx": 7,
        "qa_task": "spatial-relationship",
        "question": "Where is the green toy character positioned in the frame at 292.0 seconds?",
        "options": [
            "A. On a table.",
            "B. On a red couch.",
            "C. On the floor.",
            "D. On a chair."
        ],
        "answer": "B",
        "qa_level": "frame",
        "qa_type": "mcqa",
        "old_answer": "B"
    },
    {
        "qa_idx": 8,
        "qa_type": "qa",
        "qa_level": "cross_event",
        "qa_task": "speed",
        "question": "Did the characters in the scene from 178.0 to 238.0 engage in activities at a slower pace compared to the characters in the scene from 242.0 to 292.0?",
        "answer": "Yes",
        "old_answer": "Yes"
    },
    {
        "qa_idx": 9,
        "qa_task": "speed",
        "question": "From 36.0 to 37.0 seconds, which mode of transportation appears to be the fastest in the animated scene?",
        "options": [
            "A. Scooters.",
            "B. Skateboards.",
            "C. Bicycles.",
            "D. All are at the same speed."
        ],
        "answer": "C",
        "qa_level": "within_event",
        "qa_type": "mcqa",
        "old_answer": "C"
    },
    {
        "qa_idx": 10,
        "qa_task": "speed",
        "question": "Between 2401.0 seconds and 2421.0 seconds, which character is highlighted first in the video?",
        "options": [
            "A. Bubbles.",
            "B. Slick.",
            "C. Newt.",
            "D. The character in a purple plush costume."
        ],
        "answer": "A",
        "qa_level": "within_event",
        "qa_type": "mcqa",
        "old_answer": "A"
    },
    {
        "qa_idx": 13,
        "qa_task": "causal",
        "question": "Why are the characters in the video wearing protective hats and surrounded by bees?",
        "options": [
            "A. They are participating in a beekeeping scenario.",
            "B. They are playing a musical performance.",
            "C. They are engaged in a dining setting.",
            "D. They are involved in a farm activity."
        ],
        "answer": "A",
        "qa_level": "long_term",
        "qa_type": "mcqa",
        "old_answer": "A"
    },
    {
        "qa_idx": 15,
        "qa_task": "speed",
        "question": "Which mode of transport is depicted as being used faster in the video from 36.0 to 2438.0 seconds?",
        "options": [
            "A. Scooters.",
            "B. Skateboards.",
            "C. Bicycles.",
            "D. Tricycles."
        ],
        "answer": "C",
        "qa_level": "long_term",
        "qa_type": "mcqa",
        "old_answer": "C"
    },
    {
        "qa_idx": 17,
        "qa_task": "time-order",
        "question": "In which order do the events occur in the video from 24.0 to 2438.0 seconds?",
        "options": [
            "A. The video starts with a clear sky-blue background featuring a logo, then shifts to an animated blue character with white and blue striped ears, followed by a central blue-costumed character interacting with mechanical legs, and finally transitions to a colorful 'oddbods' logo.",
            "B. The video starts with a toy holding a bouquet of pink flowers, then shifts to two characters engaging over coffee cups, followed by multiple musical toys performing energetically, and finally transitions to a colorful 'oddbods' logo.",
            "C. The video starts with a lively scene filled with colorful, cartoonish toy characters, then shifts to a title card displaying 'Oddbods', followed by animated toys spread across a gradient background, and finally transitions to a colorful 'oddbods' logo.",
            "D. The video starts with a toy bird with vibrant colors, then shifts to a hand interacting with a similar bird, followed by a human face engaged with a tablet displaying a blue bird, and finally transitions to a colorful 'oddbods' logo."
        ],
        "answer": "A",
        "qa_level": "long_term",
        "qa_type": "mcqa",
        "old_answer": "A"
    },
    {
        "qa_idx": 18,
        "qa_task": "descriptive-scene",
        "question": "Where do the animated characters engage in playful activities with scooters, skateboards, and bicycles at 36.0 and 37.0 seconds, and again in a lively scene at 2438.0 seconds?",
        "options": [
            "A. In a park.",
            "B. In a café.",
            "C. In a vibrant animated environment.",
            "D. In a classroom."
        ],
        "answer": "C",
        "qa_level": "long_term",
        "qa_type": "mcqa",
        "old_answer": "C"
    }
]