[
    {
        "qa_idx": 0,
        "qa_task": "descriptive-scene",
        "question": "What is the central figure in the scene at 403.0 seconds into the video?",
        "options": [
            "A. A cartoonish anthropomorphic carrot.",
            "B. A cartoonish anthropomorphic apple.",
            "C. A cartoonish anthropomorphic banana.",
            "D. A cartoonish anthropomorphic tomato."
        ],
        "answer": "A",
        "qa_level": "frame",
        "qa_type": "mcqa",
        "old_answer": "A"
    },
    {
        "qa_idx": 1,
        "qa_type": "qa",
        "qa_level": "frame",
        "qa_task": "character-understanding",
        "question": "Are there three pig characters in the room at 1125.0 seconds into the video?",
        "answer": "Yes",
        "old_answer": "Yes"
    },
    {
        "qa_idx": 3,
        "qa_type": "qa",
        "qa_level": "within_event",
        "qa_task": "action-understanding",
        "question": "Does the video feature a green pea looking out from the house window at the beginning of the scene from 373.0 to 411.0 seconds?",
        "answer": "Yes",
        "old_answer": "Yes"
    },
    {
        "qa_idx": 5,
        "qa_type": "qa",
        "qa_level": "cross_event",
        "qa_task": "plot-understanding",
        "question": "Do the characters in the video transition from a playful snowy environment to a construction site between the time of 690.0 to 809.0?",
        "answer": "Yes",
        "old_answer": "Yes"
    },
    {
        "qa_idx": 6,
        "qa_task": "object-direction",
        "question": "In which direction does the blue bus travel through the snowy environment from 752.0 to 809.0 seconds?",
        "options": [
            "A. Up a steep slope.",
            "B. Down a steep slope.",
            "C. Across a flat surface.",
            "D. Around a curve."
        ],
        "answer": "A",
        "qa_level": "within_event",
        "qa_type": "mcqa",
        "old_answer": "A"
    },
    {
        "qa_idx": 7,
        "qa_type": "qa",
        "qa_level": "cross_event",
        "qa_task": "speed",
        "question": "Did the characters in the event from 1422.0 to 1491.0 move faster than the characters in the event from 1492.0 to 1531.0?",
        "answer": "No",
        "old_answer": "No"
    },
    {
        "qa_idx": 8,
        "qa_task": "scene-understanding",
        "question": "What is the setting of the event from 1080.0 to 1147.0 seconds?",
        "options": [
            "A. A bustling city street.",
            "B. A serene winter scene with a snow-covered slope and evergreen trees.",
            "C. A sunny beach with palm trees.",
            "D. A dense forest with autumn leaves."
        ],
        "answer": "B",
        "qa_level": "within_event",
        "qa_type": "mcqa",
        "old_answer": "B"
    },
    {
        "qa_idx": 9,
        "qa_type": "qa",
        "qa_level": "long_term",
        "qa_task": "object understanding",
        "question": "Is there a Christmas tree present in the scenes from 16.0 to 1805.0 seconds?",
        "answer": "Yes",
        "old_answer": "Yes"
    },
    {
        "qa_idx": 10,
        "qa_type": "qa",
        "qa_level": "long_term",
        "qa_task": "action-understanding",
        "question": "After the festive indoor scene with Santa Claus holding a beverage and a cookie near the Christmas tree at 16.0 seconds, did Santa Claus start dancing with the animated characters in the room at 1805.0 seconds?",
        "answer": "No",
        "old_answer": "No"
    },
    {
        "qa_idx": 12,
        "qa_task": "plot-understanding",
        "question": "What is the main activity taking place in the children's room from 1151.0 to 1229.0 seconds?",
        "options": [
            "A. A puppet theater show.",
            "B. A birthday party.",
            "C. A reading session.",
            "D. A cooking class."
        ],
        "answer": "A",
        "qa_level": "cross_event",
        "qa_type": "mcqa",
        "old_answer": "A"
    },
    {
        "qa_idx": 13,
        "qa_task": "temporal-relationship",
        "question": "What was the character resembling Santa Claus doing before he was seen holding a beverage and a cookie?",
        "options": [
            "A. He was emerging from a yellow chimney holding a letter and a brown sack.",
            "B. He was reading a book with a green Christmas tree on the cover.",
            "C. He was interacting with animated characters holding toys.",
            "D. He was ice-skating with other characters."
        ],
        "answer": "A",
        "qa_level": "long_term",
        "qa_type": "mcqa",
        "old_answer": "A"
    },
    {
        "qa_idx": 15,
        "qa_task": "time-order",
        "question": "In which order do the events occur in the video from 16.0 to 1805.0 seconds?",
        "options": [
            "A. Festive night scene with Santa on the roof, indoor Christmas setting, Santa reading a book, winter travel scene, cooking activity, Christmas tree decoration, characters using rotary dial telephones, Peppa Pig admiring a doll box, animated vegetable characters on stage, animated toys in a children's room, Peppa Pig title screen, museum exhibit, birthday celebration, autumn garden setting.",
            "B. Festive night scene with Santa on the roof, indoor Christmas setting, Santa reading a book, winter travel scene, cooking activity, Christmas tree decoration, characters using rotary dial telephones, Peppa Pig admiring a doll box, animated vegetable characters on stage, animated toys in a children's room, Peppa Pig title screen, birthday celebration, museum exhibit, autumn garden setting.",
            "C. Festive night scene with Santa on the roof, indoor Christmas setting, Santa reading a book, winter travel scene, cooking activity, Christmas tree decoration, characters using rotary dial telephones, Peppa Pig admiring a doll box, animated vegetable characters on stage, animated toys in a children's room, Peppa Pig title screen, autumn garden setting, museum exhibit, birthday celebration.",
            "D. Festive night scene with Santa on the roof, indoor Christmas setting, Santa reading a book, winter travel scene, cooking activity, Christmas tree decoration, characters using rotary dial telephones, Peppa Pig admiring a doll box, animated vegetable characters on stage, animated toys in a children's room, Peppa Pig title screen, museum exhibit, autumn garden setting, birthday celebration."
        ],
        "answer": "A",
        "qa_level": "long_term",
        "qa_type": "mcqa",
        "old_answer": "A"
    },
    {
        "qa_idx": 17,
        "qa_task": "camera-direction",
        "question": "In the video event from 16.0 to 1805.0 seconds, what is the camera movement when the scene transitions from the outdoor snowy landscape to the indoor festive setting?",
        "options": [
            "A. The camera zooms in on the characters.",
            "B. The camera pans from left to right.",
            "C. The camera moves from outside to inside.",
            "D. The camera remains stationary."
        ],
        "answer": "C",
        "qa_level": "long_term",
        "qa_type": "mcqa",
        "old_answer": "C"
    },
    {
        "qa_idx": 18,
        "qa_task": "speed",
        "question": "Which character is moving faster in the video from 649.0 seconds to 1090.0 seconds?",
        "options": [
            "A. The toy character moving through the snow.",
            "B. The animated characters skiing across the slope.",
            "C. The toy character standing on the snow-covered ground.",
            "D. The animated characters ice-skating."
        ],
        "answer": "B",
        "qa_level": "long_term",
        "qa_type": "mcqa",
        "old_answer": "B"
    },
    {
        "qa_idx": 19,
        "qa_task": "attribute-change",
        "question": "How does the setting change from the beginning to the end of the video event from 16.0 to 1805.0 seconds?",
        "options": [
            "A. From a festive indoor Christmas setting to a snowy outdoor winter scene.",
            "B. From a snowy outdoor winter scene to a festive indoor Christmas setting.",
            "C. From a sunny outdoor scene to a snowy indoor winter scene.",
            "D. From a snowy indoor winter scene to a sunny outdoor scene."
        ],
        "answer": "A",
        "qa_level": "long_term",
        "qa_type": "mcqa",
        "old_answer": "A"
    },
    {
        "qa_idx": 20,
        "qa_task": "character-understanding",
        "question": "What is Santa Claus doing in the indoor festive scenes from 16.0 to 1805.0 seconds?",
        "options": [
            "A. Holding a sack and a beverage.",
            "B. Reading a book and holding a pen.",
            "C. Interacting with animated characters and holding toys.",
            "D. All of the above."
        ],
        "answer": "D",
        "qa_level": "long_term",
        "qa_type": "mcqa",
        "old_answer": "D"
    }
]