[
    {
        "qa_idx": 0,
        "qa_type": "qa",
        "qa_level": "frame",
        "qa_task": "character-understanding",
        "question": "Is there an adult character sitting on a green armchair holding a trophy at 1820.0 seconds into the video?",
        "answer": "Yes",
        "old_answer": "Yes"
    },
    {
        "qa_idx": 1,
        "qa_type": "qa",
        "qa_level": "within_event",
        "qa_task": "action-understanding",
        "question": "During the scene from 1868.0 to 1917.0 seconds, do the anthropomorphic orange cats engage in a dance performance around the wooden table?",
        "answer": "No",
        "old_answer": "No"
    },
    {
        "qa_idx": 2,
        "qa_task": "object understanding",
        "question": "What is the anthropomorphic cat character wearing at 2061.0 seconds into the video?",
        "options": [
            "A. A blue outfit and holding a yellow flag.",
            "B. A green outfit and holding a red flag.",
            "C. A red outfit and waving a checkered flag.",
            "D. A yellow outfit and holding a blue flag."
        ],
        "answer": "C",
        "qa_level": "frame",
        "qa_type": "mcqa",
        "old_answer": "C"
    },
    {
        "qa_idx": 3,
        "qa_type": "qa",
        "qa_level": "within_event",
        "qa_task": "object understanding",
        "question": "Is there a large glass building with decorated Christmas trees in the background of the outdoor scene from 234.0 to 292.0 seconds?",
        "answer": "Yes",
        "old_answer": "Yes"
    },
    {
        "qa_idx": 4,
        "qa_task": "descriptive-scene",
        "question": "Where does the scene begin in the video event from 1219.0 to 1289.0 seconds?",
        "options": [
            "A. In a dense forest.",
            "B. In a sparse outdoor winter environment.",
            "C. In a busy city street.",
            "D. In a cozy indoor setting."
        ],
        "answer": "B",
        "qa_level": "within_event",
        "qa_type": "mcqa",
        "old_answer": "B"
    },
    {
        "qa_idx": 5,
        "qa_type": "qa",
        "qa_level": "cross_event",
        "qa_task": "character-understanding",
        "question": "In the first event from 481.0 to 543.0, was the orange cat wearing a red dress and a red bow?",
        "answer": "Yes",
        "old_answer": "Yes"
    },
    {
        "qa_idx": 6,
        "qa_type": "qa",
        "qa_level": "long_term",
        "qa_task": "character-understanding",
        "question": "Do the anthropomorphic cats engage in shopping activities in a grocery store during winter from 4.0 to 2735.0 seconds?",
        "answer": "Yes",
        "old_answer": "Yes"
    },
    {
        "qa_idx": 7,
        "qa_type": "qa",
        "qa_level": "long_term",
        "qa_task": "object understanding",
        "question": "Is there a yellow couch in the indoor scenes described between 4.0 and 2735.0 seconds?",
        "answer": "Yes",
        "old_answer": "Yes"
    },
    {
        "qa_idx": 9,
        "qa_task": "attribute-change",
        "question": "How does the scene's lighting and thematic decoration change from the beginning to the end of the video between 110.0 seconds and 174.0 seconds?",
        "options": [
            "A. The scene starts dark and becomes progressively brighter with more festive decorations.",
            "B. The scene starts bright and well-lit, maintaining a festive theme throughout with increasing decorations.",
            "C. The scene starts with minimal lighting and no decorations, gradually becoming brighter with festive decorations.",
            "D. The scene starts with a festive theme and becomes darker with fewer decorations."
        ],
        "answer": "B",
        "qa_level": "cross_event",
        "qa_type": "mcqa",
        "old_answer": "B"
    },
    {
        "qa_idx": 10,
        "qa_task": "temporal-relationship",
        "question": "What happened after the anthropomorphic cats were seen shopping in a grocery store during winter?",
        "options": [
            "A. The scene transitions to a toy store with colorful toys.",
            "B. The scene transitions to a bakery with various types of bread.",
            "C. The scene transitions to a cozy living room with cats interacting.",
            "D. The scene transitions to a retail store with household supplies."
        ],
        "answer": "D",
        "qa_level": "long_term",
        "qa_type": "mcqa",
        "old_answer": "D"
    },
    {
        "qa_idx": 11,
        "qa_task": "spatial-relationship",
        "question": "Where are the anthropomorphic cats shopping for toys?",
        "options": [
            "A. In a grocery store.",
            "B. In a toy store.",
            "C. In a bakery.",
            "D. In a supermarket aisle."
        ],
        "answer": "B",
        "qa_level": "long_term",
        "qa_type": "mcqa",
        "old_answer": "B"
    },
    {
        "qa_idx": 12,
        "qa_task": "descriptive-scene",
        "question": "Where do the anthropomorphic cats engage in shopping activities during the winter season?",
        "options": [
            "A. In a grocery store.",
            "B. In a bakery.",
            "C. In a toy store.",
            "D. In a retail store."
        ],
        "answer": "A",
        "qa_level": "long_term",
        "qa_type": "mcqa",
        "old_answer": "A"
    },
    {
        "qa_idx": 14,
        "qa_task": "camera-direction",
        "question": "How does the camera movement change from the grocery store scene at 4.0 seconds to the cozy indoor setting at 2735.0 seconds?",
        "options": [
            "A. The camera moves from a wide shot of the grocery store to a close-up of the indoor setting.",
            "B. The camera moves from a close-up of the grocery store to a wide shot of the indoor setting.",
            "C. The camera remains static throughout both scenes.",
            "D. The camera moves from a wide shot of the grocery store to a medium shot of the indoor setting."
        ],
        "answer": "A",
        "qa_level": "long_term",
        "qa_type": "mcqa",
        "old_answer": "A"
    },
    {
        "qa_idx": 15,
        "qa_task": "speed",
        "question": "Which character is faster in the video from 4.0 to 2735.0 seconds, the cat pushing the shopping cart or the cat pushing the heavily loaded cart?",
        "options": [
            "A. The cat pushing the shopping cart.",
            "B. The cat pushing the heavily loaded cart.",
            "C. Both are at the same speed.",
            "D. None of the above."
        ],
        "answer": "A",
        "qa_level": "long_term",
        "qa_type": "mcqa",
        "old_answer": "A"
    },
    {
        "qa_idx": 16,
        "qa_task": "attribute-change",
        "question": "How does the background change from the beginning to the end of the video from 4.0 to 2735.0 seconds?",
        "options": [
            "A. From a bright yellow background to a snowy outdoor environment.",
            "B. From a grocery store to a cozy indoor setting.",
            "C. From a winter-themed grocery store to a playful outdoor playground.",
            "D. From a serene sky to a vibrant grocery store."
        ],
        "answer": "A",
        "qa_level": "long_term",
        "qa_type": "mcqa",
        "old_answer": "A"
    },
    {
        "qa_idx": 17,
        "qa_task": "character-understanding",
        "question": "What is the orange cat wearing while standing cheerfully next to a shopping cart in the grocery store?",
        "options": [
            "A. A red beanie, scarf, and boots.",
            "B. A blue sailor outfit.",
            "C. A green shirt and purple pants.",
            "D. A pink dress and red bow."
        ],
        "answer": "A",
        "qa_level": "long_term",
        "qa_type": "mcqa",
        "old_answer": "A"
    },
    {
        "qa_idx": 18,
        "qa_task": "object understanding",
        "question": "What kind of items are seen on the shelves in the grocery store during the winter setting?",
        "options": [
            "A. Meat, pasta, fish, and fruits.",
            "B. Books, toys, and games.",
            "C. Clothes, shoes, and accessories.",
            "D. Electronics, gadgets, and appliances."
        ],
        "answer": "A",
        "qa_level": "long_term",
        "qa_type": "mcqa",
        "old_answer": "A"
    }
]