[
    {
        "qa_idx": 0,
        "qa_task": "character-understanding",
        "question": "What is the character on the left holding in the video frame at 1939.0 seconds?",
        "options": [
            "A. A compass.",
            "B. A map.",
            "C. A flashlight.",
            "D. A camera."
        ],
        "answer": "B",
        "qa_level": "frame",
        "qa_type": "mcqa",
        "old_answer": "B"
    },
    {
        "qa_idx": 1,
        "qa_type": "qa",
        "qa_level": "frame",
        "qa_task": "object understanding",
        "question": "Is the teapot emitting steam at 3116.0 seconds into the video?",
        "answer": "Yes",
        "old_answer": "Yes"
    },
    {
        "qa_idx": 2,
        "qa_task": "spatial-relationship",
        "question": "Where are the three human figures located in relation to the airplane at 1222.0 seconds into the video?",
        "options": [
            "A. Inside the airplane.",
            "B. On the stairs.",
            "C. On the ground near the airplane.",
            "D. In the sky."
        ],
        "answer": "C",
        "qa_level": "frame",
        "qa_type": "mcqa",
        "old_answer": "C"
    },
    {
        "qa_idx": 3,
        "qa_type": "qa",
        "qa_level": "within_event",
        "qa_task": "character-understanding",
        "question": "Was there a red dog holding a beverage in the animated airplane cabin between 1316.0 and 1375.0 seconds?",
        "answer": "Yes",
        "old_answer": "Yes"
    },
    {
        "qa_idx": 4,
        "qa_task": "object understanding",
        "question": "What is the position of the two animated characters in the snowy scene at 2036.0 seconds into the video?",
        "options": [
            "A. Both characters are standing on the snow.",
            "B. One character is upside down with its lower body and legs protruding from the snow, while the other character is mostly beneath the snow with only its head and hands visible.",
            "C. Both characters are lying flat on the snow.",
            "D. One character is sitting on the snow, while the other is standing next to it."
        ],
        "answer": "B",
        "qa_level": "frame",
        "qa_type": "mcqa",
        "old_answer": "B"
    },
    {
        "qa_idx": 5,
        "qa_type": "qa",
        "qa_level": "cross_event",
        "qa_task": "speed",
        "question": "From 1917.0 to 1980.0 seconds, do the characters traverse the snowy terrain at a fast pace?",
        "answer": "No",
        "old_answer": "No"
    },
    {
        "qa_idx": 6,
        "qa_task": "speed",
        "question": "Between 636.0 seconds and 637.0 seconds, which character moves faster in the supermarket aisle?",
        "options": [
            "A. The green dog with a hat.",
            "B. The red dog.",
            "C. Both move at the same speed.",
            "D. None of the above."
        ],
        "answer": "A",
        "qa_level": "within_event",
        "qa_type": "mcqa",
        "old_answer": "A"
    },
    {
        "qa_idx": 7,
        "qa_task": "object understanding",
        "question": "What is the appearance and function of the wooden sled in the video event from 2033.0 to 2095.0 seconds?",
        "options": [
            "A. The sled is metallic and used for carrying food supplies.",
            "B. The sled is wooden and used for carrying two animated characters.",
            "C. The sled is plastic and used for carrying snowballs.",
            "D. The sled is made of ice and used for carrying treasure."
        ],
        "answer": "B",
        "qa_level": "cross_event",
        "qa_type": "mcqa",
        "old_answer": "B"
    },
    {
        "qa_idx": 9,
        "qa_task": "spatial-relationship",
        "question": "What is the spatial relationship between the characters and the environment in the two video events from 2621.0 to 2687.0 seconds?",
        "options": [
            "A. In the first event, the characters interact in a simple, uncluttered space transitioning to a hotel reception area, while in the second event, the characters are in a chaotic, vibrant environment with dynamic actions.",
            "B. In the first event, the characters are in a chaotic, vibrant environment with dynamic actions, while in the second event, the characters interact in a simple, uncluttered space transitioning to a hotel reception area.",
            "C. In both events, the characters interact in a simple, uncluttered space transitioning to a hotel reception area.",
            "D. In both events, the characters are in a chaotic, vibrant environment with dynamic actions."
        ],
        "answer": "A",
        "qa_level": "cross_event",
        "qa_type": "mcqa",
        "old_answer": "A"
    },
    {
        "qa_idx": 11,
        "qa_task": "time-order",
        "question": "In which order do the events occur in the video from 56.0 to 3389.0 seconds?",
        "options": [
            "A. The green dragon is trapped inside a large, dome-shaped metal cage. -> The mice are seen walking in single file in a cave or temple-like setting. -> The scene transitions to a brightly lit supermarket aisle packed with colorful products. -> The scene shifts to a grocery store with neatly arranged products on blue and purple shelves. -> The scene transitions to a train station platform with a train spanning the frame.",
            "B. The green dragon is trapped inside a large, dome-shaped metal cage. -> The scene transitions to a brightly lit supermarket aisle packed with colorful products. -> The mice are seen walking in single file in a cave or temple-like setting. -> The scene shifts to a grocery store with neatly arranged products on blue and purple shelves. -> The scene transitions to a train station platform with a train spanning the frame.",
            "C. The scene transitions to a brightly lit supermarket aisle packed with colorful products. -> The green dragon is trapped inside a large, dome-shaped metal cage. -> The mice are seen walking in single file in a cave or temple-like setting. -> The scene shifts to a grocery store with neatly arranged products on blue and purple shelves. -> The scene transitions to a train station platform with a train spanning the frame.",
            "D. The green dragon is trapped inside a large, dome-shaped metal cage. -> The scene shifts to a grocery store with neatly arranged products on blue and purple shelves. -> The scene transitions to a brightly lit supermarket aisle packed with colorful products. -> The mice are seen walking in single file in a cave or temple-like setting. -> The scene transitions to a train station platform with a train spanning the frame."
        ],
        "answer": "A",
        "qa_level": "long_term",
        "qa_type": "mcqa",
        "old_answer": "A"
    }
]