[
    {
        "qa_idx": 0,
        "qa_type": "qa",
        "qa_level": "frame",
        "qa_task": "object understanding",
        "question": "Is the human figure in the video frame at 133.0 seconds holding a pole?",
        "answer": "Yes",
        "old_answer": "Yes"
    },
    {
        "qa_idx": 3,
        "qa_type": "qa",
        "qa_level": "within_event",
        "qa_task": "action-understanding",
        "question": "During the event from 1338.0 to 1370.0 seconds, do the individuals engage in a physical workout routine?",
        "answer": "No",
        "old_answer": "No"
    },
    {
        "qa_idx": 6,
        "qa_task": "speed",
        "question": "Between the time of 2575.0 seconds to 2640.0 seconds and the second event, which event shows a faster transition of scenes?",
        "options": [
            "A. The first event from 2575.0 seconds to 2640.0 seconds.",
            "B. The second event.",
            "C. Both events have the same speed of scene transitions.",
            "D. Neither event shows any scene transitions."
        ],
        "answer": "A",
        "qa_level": "cross_event",
        "qa_type": "mcqa",
        "old_answer": "A"
    },
    {
        "qa_idx": 7,
        "qa_task": "causal",
        "question": "Why does the character in the pixelated scene say 'Maybe if I clench hard enough... ...Nope. I'm dead'?",
        "options": [
            "A. The character is contemplating a humorous situation in the swamp.",
            "B. The character is trying to navigate through a dense forest.",
            "C. The character is discussing a tech-related topic.",
            "D. The character is engaged in a conversation about cryptocurrency mining."
        ],
        "answer": "A",
        "qa_level": "long_term",
        "qa_type": "mcqa",
        "old_answer": "A"
    },
    {
        "qa_idx": 8,
        "qa_task": "plot-understanding",
        "question": "What is the main theme of the video event from 133.0 to 3217.0 seconds?",
        "options": [
            "A. A humorous exploration in a pixelated swamp environment.",
            "B. A serious discussion about cryptocurrency mining.",
            "C. A promotional segment for 'The WAN Show'.",
            "D. A tutorial on how to use a flamethrower."
        ],
        "answer": "A",
        "qa_level": "long_term",
        "qa_type": "mcqa",
        "old_answer": "A"
    },
    {
        "qa_idx": 9,
        "qa_task": "plot-understanding",
        "question": "What is the main theme of the video sequence from 133.0 to 3217.0 seconds?",
        "options": [
            "A. A humorous exploration in a pixelated swamp environment.",
            "B. A serious discussion about cryptocurrency mining.",
            "C. A promotional segment for 'The WAN Show'.",
            "D. A detailed review of modern vehicles in 'War Thunder'."
        ],
        "answer": "A",
        "qa_level": "long_term",
        "qa_type": "mcqa",
        "old_answer": "A"
    },
    {
        "qa_idx": 10,
        "qa_task": "camera-direction",
        "question": "In the video sequence from 133.0 to 3217.0 seconds, how does the camera movement change from the pixelated swamp scenes to the tech studio scenes?",
        "options": [
            "A. The camera zooms in on the pixelated character and then zooms out to show the tech studio.",
            "B. The camera pans from the pixelated swamp scenes to the tech studio.",
            "C. The camera remains static in both the pixelated swamp scenes and the tech studio.",
            "D. The camera transitions from a close-up of the pixelated character to a wide shot of the tech studio."
        ],
        "answer": "D",
        "qa_level": "long_term",
        "qa_type": "mcqa",
        "old_answer": "D"
    },
    {
        "qa_idx": 11,
        "qa_task": "attribute-change",
        "question": "How does the visual style of the video change from the beginning to the end between 133.0 and 3217.0 seconds?",
        "options": [
            "A. From a pixelated, blocky style to a minimalist, geometric design.",
            "B. From a realistic, detailed style to a pixelated, blocky design.",
            "C. From a minimalist, geometric design to a realistic, detailed style.",
            "D. From a cartoonish, colorful style to a black and white sketch."
        ],
        "answer": "A",
        "qa_level": "long_term",
        "qa_type": "mcqa",
        "old_answer": "A"
    },
    {
        "qa_idx": 12,
        "qa_task": "time-order",
        "question": "In which order do the events occur in the video from 133.0 to 3217.0 seconds?",
        "options": [
            "A. The pixelated character stands in an orange boat in a swamp, then the scene shifts to 'The WAN Show' with two men discussing tech, followed by a YouTube video management interface, and finally, the pixelated character reappears in a jungle.",
            "B. The pixelated character stands in an orange boat in a swamp, then the scene shifts to 'The WAN Show' with two men discussing tech, followed by a YouTube video management interface, and finally, the pixelated character reappears in a minimalist scene.",
            "C. The pixelated character stands in an orange boat in a swamp, then the scene shifts to a YouTube video management interface, followed by 'The WAN Show' with two men discussing tech, and finally, the pixelated character reappears in a jungle.",
            "D. The pixelated character stands in an orange boat in a swamp, then the scene shifts to a YouTube video management interface, followed by 'The WAN Show' with two men discussing tech, and finally, the pixelated character reappears in a minimalist scene."
        ],
        "answer": "B",
        "qa_level": "long_term",
        "qa_type": "mcqa",
        "old_answer": "B"
    },
    {
        "qa_idx": 13,
        "qa_task": "descriptive-scene",
        "question": "What is the setting of the video event between 133.0 and 3217.0 seconds?",
        "options": [
            "A. A tech studio with various equipment and a metal backdrop.",
            "B. A pixelated forest or swamp with an animated character in a boat.",
            "C. A kitchen with cooking utensils and appliances.",
            "D. A sports arena with athletes and spectators."
        ],
        "answer": "A",
        "qa_level": "long_term",
        "qa_type": "mcqa",
        "old_answer": "A"
    }
]