[
    {
        "qa_idx": 0,
        "qa_type": "qa",
        "qa_level": "frame",
        "qa_task": "character-understanding",
        "question": "Is there a bear interacting with an object near the tree and the cabin's entrance at 1220.0 seconds into the video?",
        "answer": "Yes",
        "old_answer": "Yes"
    },
    {
        "qa_idx": 1,
        "qa_task": "spatial-relationship",
        "question": "Where is the animated doll positioned in the frame at 1202.0 seconds?",
        "options": [
            "A. On the wooden staircase.",
            "B. In a grassy area near the bottom of the wooden staircase.",
            "C. Inside a house.",
            "D. On a concrete path."
        ],
        "answer": "B",
        "qa_level": "frame",
        "qa_type": "mcqa",
        "old_answer": "B"
    },
    {
        "qa_idx": 3,
        "qa_task": "object understanding",
        "question": "What is the large bear's face peering through at 783.0 seconds into the video?",
        "options": [
            "A. A window.",
            "B. A row of neatly arranged books on a wooden bookshelf.",
            "C. A door.",
            "D. A curtain."
        ],
        "answer": "B",
        "qa_level": "frame",
        "qa_type": "mcqa",
        "old_answer": "B"
    },
    {
        "qa_idx": 4,
        "qa_type": "qa",
        "qa_level": "within_event",
        "qa_task": "object understanding",
        "question": "Is there a picnic basket in the outdoor setting from 1647.0 to 1709.0 seconds?",
        "answer": "Yes",
        "old_answer": "Yes"
    },
    {
        "qa_idx": 6,
        "qa_type": "qa",
        "qa_level": "cross_event",
        "qa_task": "action-understanding",
        "question": "In the event from 1363.0 to 1423.0, does the bear use a lantern to navigate through the forest?",
        "answer": "No",
        "old_answer": "No"
    },
    {
        "qa_idx": 7,
        "qa_task": "character-understanding",
        "question": "What is the person in a pink hooded garment doing in the video from 485.0 to 547.0 seconds?",
        "options": [
            "A. Interacting with their surroundings in a kitchen-like scene.",
            "B. Climbing a wooden ladder.",
            "C. Picking berries in a garden.",
            "D. Standing with a woven basket on the doorstep."
        ],
        "answer": "A",
        "qa_level": "within_event",
        "qa_type": "mcqa",
        "old_answer": "A"
    },
    {
        "qa_idx": 9,
        "qa_task": "attribute-change",
        "question": "How does the lighting change throughout the video from 769.0 to 829.0 seconds?",
        "options": [
            "A. The lighting remains constant.",
            "B. The lighting changes from bright to dim.",
            "C. The lighting changes from dim to bright.",
            "D. The lighting changes from bright to dark."
        ],
        "answer": "B",
        "qa_level": "within_event",
        "qa_type": "mcqa",
        "old_answer": "B"
    },
    {
        "qa_idx": 11,
        "qa_task": "temporal-relationship",
        "question": "What was the bear doing before it started interacting with the kitchen utensils?",
        "options": [
            "A. The bear was juggling various objects while balancing on a unicycle.",
            "B. The bear was baking a pie.",
            "C. The bear was reading a book.",
            "D. The bear was playing with a child."
        ],
        "answer": "A",
        "qa_level": "long_term",
        "qa_type": "mcqa",
        "old_answer": "A"
    },
    {
        "qa_idx": 15,
        "qa_task": "speed",
        "question": "Which character is faster in the video from 4.0 to 1881.0 seconds, the bear juggling on a unicycle or the bear preparing food in the kitchen?",
        "options": [
            "A. The bear juggling on a unicycle.",
            "B. The bear preparing food in the kitchen.",
            "C. Both are at the same speed.",
            "D. None of the above."
        ],
        "answer": "A",
        "qa_level": "long_term",
        "qa_type": "mcqa",
        "old_answer": "A"
    },
    {
        "qa_idx": 16,
        "qa_task": "attribute-change",
        "question": "How does the setting change from the beginning to the end of the video from 4.0 to 1881.0 seconds?",
        "options": [
            "A. From a lively indoor scene to a serene outdoor setting.",
            "B. From a rustic kitchen to a vibrant forest environment.",
            "C. From a bustling kitchen to a cozy indoor scene.",
            "D. From a dynamic outdoor scene to a tranquil indoor environment."
        ],
        "answer": "B",
        "qa_level": "long_term",
        "qa_type": "mcqa",
        "old_answer": "B"
    },
    {
        "qa_idx": 19,
        "qa_task": "time-order",
        "question": "In which order do the events occur in the video from 4.0 to 1881.0 seconds?",
        "options": [
            "A. The bear juggles various objects while balancing on a unicycle, then the scene shifts to a serene outdoor setting with a large tree near a quaint wooden house, and finally, the event concludes with an indoor scene featuring a large teddy bear in a cozy room.",
            "B. The bear juggles various objects while balancing on a unicycle, then the scene shifts to a rustic kitchen filled with unwashed dishes, and finally, the event concludes with a large teddy bear holding a book against a backdrop of a plaid-patterned curtain.",
            "C. The bear juggles various objects while balancing on a unicycle, then the scene shifts to a cozy indoor space with a bicycle, a chair, and a houseplant, and finally, the event concludes with a large teddy bear holding a book against a backdrop of a plaid-patterned curtain.",
            "D. The bear juggles various objects while balancing on a unicycle, then the scene shifts to a rustic kitchen filled with unwashed dishes, and finally, the event concludes with a large teddy bear in a cozy room with blue patterned wallpaper."
        ],
        "answer": "A",
        "qa_level": "long_term",
        "qa_type": "mcqa",
        "old_answer": "A"
    },
    {
        "qa_idx": 20,
        "qa_task": "descriptive-scene",
        "question": "Where does the event featuring a large bear juggling various objects and balancing on a unicycle take place?",
        "options": [
            "A. In a forest.",
            "B. In a cozy room.",
            "C. In a rustic kitchen.",
            "D. In a plain, light background."
        ],
        "answer": "D",
        "qa_level": "long_term",
        "qa_type": "mcqa",
        "old_answer": "D"
    }
]