[
    {
        "qa_idx": 0,
        "qa_type": "qa",
        "qa_level": "frame",
        "qa_task": "object understanding",
        "question": "Is there text in Korean on the right side of the frame at 1190.0 seconds?",
        "answer": "Yes",
        "old_answer": "Yes"
    },
    {
        "qa_idx": 1,
        "qa_task": "object understanding",
        "question": "What natural feature is prominently positioned towards the left side of the frame at 1939.0 seconds into the video?",
        "options": [
            "A. A rocky cliff.",
            "B. A verdant tree.",
            "C. A sandy dune.",
            "D. A wooden pier."
        ],
        "answer": "B",
        "qa_level": "frame",
        "qa_type": "mcqa",
        "old_answer": "B"
    },
    {
        "qa_idx": 2,
        "qa_type": "qa",
        "qa_level": "within_event",
        "qa_task": "action-understanding",
        "question": "Does the video event from 885.0 to 1017.0 seconds feature a man wearing glasses and a red scarf standing amidst dense trees?",
        "answer": "Yes",
        "old_answer": "Yes"
    },
    {
        "qa_idx": 3,
        "qa_task": "spatial-relationship",
        "question": "What is the individual using to climb the steep, sandy incline at 396.0 seconds into the video?",
        "options": [
            "A. A rope.",
            "B. A makeshift wooden ladder.",
            "C. A metal staircase.",
            "D. A rocky path."
        ],
        "answer": "B",
        "qa_level": "frame",
        "qa_type": "mcqa",
        "old_answer": "B"
    },
    {
        "qa_idx": 4,
        "qa_type": "qa",
        "qa_level": "within_event",
        "qa_task": "camera-direction",
        "question": "Does the camera remain stationary while showcasing the rugged desert landscape from 1845.0 to 1905.0 seconds?",
        "answer": "No",
        "old_answer": "No"
    },
    {
        "qa_idx": 6,
        "qa_task": "speed",
        "question": "How does the speed of the solitary man standing on the rocky outcrop compare to the speed of the natural erosion processes depicted in the desert landscape from 1845.0 to 1905.0 seconds?",
        "options": [
            "A. The man is moving faster than the natural erosion processes.",
            "B. The man is moving at the same speed as the natural erosion processes.",
            "C. The man is moving slower than the natural erosion processes.",
            "D. The man is not moving while the natural erosion processes are ongoing."
        ],
        "answer": "D",
        "qa_level": "cross_event",
        "qa_type": "mcqa",
        "old_answer": "D"
    },
    {
        "qa_idx": 7,
        "qa_task": "character-understanding",
        "question": "What are the two men doing in the video event from 1677.0 to 1771.0 seconds?",
        "options": [
            "A. They are driving an off-road vehicle.",
            "B. They are walking towards distant rock formations.",
            "C. They are standing on a sandy hilltop.",
            "D. They are climbing a rock formation."
        ],
        "answer": "B",
        "qa_level": "cross_event",
        "qa_type": "mcqa",
        "old_answer": "B"
    },
    {
        "qa_idx": 8,
        "qa_task": "temporal-relationship",
        "question": "What happened after the scene featuring a man positioned near a traditional multi-tiered pagoda-style structure within an outdoor setting under a clear sky?",
        "options": [
            "A. A person standing in the center of a large, arched doorway, silhouetted against a bright light outside.",
            "B. A serene outdoor setting featuring a long suspension bridge silhouetted against a bright, clear sky.",
            "C. A person positioned near the edge of a natural body of water, flanked by prominent red rock cliffs.",
            "D. A person engaged with a mechanical apparatus in front of a rustic, single-story building with visible damage."
        ],
        "answer": "A",
        "qa_level": "long_term",
        "qa_type": "mcqa",
        "old_answer": "A"
    },
    {
        "qa_idx": 11,
        "qa_task": "camera-direction",
        "question": "How does the camera movement change from the scene at 1.0 seconds to the scene at 2021.0 seconds?",
        "options": [
            "A. The camera moves from a close-up of a man near a pagoda to a wide shot of a desert landscape.",
            "B. The camera moves from a wide shot of a desert landscape to a close-up of a man near a pagoda.",
            "C. The camera remains stationary throughout the video.",
            "D. The camera moves from a close-up of a man near a pagoda to a close-up of a man in a rustic setting."
        ],
        "answer": "A",
        "qa_level": "long_term",
        "qa_type": "mcqa",
        "old_answer": "A"
    },
    {
        "qa_idx": 12,
        "qa_task": "speed",
        "question": "Which mode of transportation is faster in the video, the green car or the camels?",
        "options": [
            "A. The green car.",
            "B. The camels.",
            "C. Both are at the same speed.",
            "D. None of the above."
        ],
        "answer": "A",
        "qa_level": "long_term",
        "qa_type": "mcqa",
        "old_answer": "A"
    },
    {
        "qa_idx": 13,
        "qa_task": "attribute-change",
        "question": "How does the environment change from the beginning to the end of the video event from 1.0 to 2021.0 seconds?",
        "options": [
            "A. From a serene outdoor setting with a pagoda to a bustling urban environment.",
            "B. From a serene outdoor setting with a pagoda to a rugged desert landscape.",
            "C. From a bustling urban environment to a serene outdoor setting with a pagoda.",
            "D. From a rugged desert landscape to a bustling urban environment."
        ],
        "answer": "B",
        "qa_level": "long_term",
        "qa_type": "mcqa",
        "old_answer": "B"
    },
    {
        "qa_idx": 14,
        "qa_task": "character-understanding",
        "question": "What is the man wearing while walking by or approaching the cultural landmark in the outdoor setting under a clear sky?",
        "options": [
            "A. A jacket and a beanie.",
            "B. A t-shirt and shorts.",
            "C. A suit and tie.",
            "D. A hoodie and jeans."
        ],
        "answer": "A",
        "qa_level": "long_term",
        "qa_type": "mcqa",
        "old_answer": "A"
    },
    {
        "qa_idx": 16,
        "qa_task": "time-order",
        "question": "In which order do the events occur in the video from 1.0 to 2021.0 seconds?",
        "options": [
            "A. A man is seen walking by a traditional multi-tiered pagoda-style structure, followed by a person standing in a large arched doorway, then a serene outdoor setting with a suspension bridge, and finally a person near a natural body of water.",
            "B. A person is engaged with a mechanical apparatus in front of a rustic building, followed by a serene landscape with a golden grassland, then scenes of remote, arid regions, and finally high-altitude views showcasing the Korean Peninsula and Japan.",
            "C. An urban environment with a road bordered by trees and street lamps, followed by multiple vehicles navigating the street, then a large sculpture depicting a human figure, and finally a vibrant street lined with bare trees and pedestrians.",
            "D. A wide, empty road flanked by leafless trees, followed by an outdoor marketplace, then a person displaying vibrant red trousers, and finally a lively market scene filled with multiple activities."
        ],
        "answer": "A",
        "qa_level": "long_term",
        "qa_type": "mcqa",
        "old_answer": "A"
    }
]