[
    {
        "qa_idx": 0,
        "qa_task": "character-understanding",
        "question": "What is the toy near the pizza slice doing in the video at the 20.0 second mark?",
        "options": [
            "A. The toy is frowning.",
            "B. The toy is grinning.",
            "C. The toy is crying.",
            "D. The toy is sleeping."
        ],
        "answer": "B",
        "qa_level": "frame",
        "qa_type": "mcqa",
        "old_answer": "B"
    },
    {
        "qa_idx": 1,
        "qa_task": "spatial-relationship",
        "question": "What is the character lying on at 888.0 seconds into the video?",
        "options": [
            "A. A green surface.",
            "B. A purple surface.",
            "C. A blue surface.",
            "D. A red surface."
        ],
        "answer": "B",
        "qa_level": "frame",
        "qa_type": "mcqa",
        "old_answer": "B"
    },
    {
        "qa_idx": 2,
        "qa_type": "qa",
        "qa_level": "within_event",
        "qa_task": "camera-direction",
        "question": "Does the camera capture an up-close scene with a mushroom, flower, and a toy interacting in a lush background of green plants between 1535.0 seconds and 1593.0 seconds?",
        "answer": "Yes",
        "old_answer": "Yes"
    },
    {
        "qa_idx": 3,
        "qa_task": "object understanding",
        "question": "What is the main object featured in the frame at the 480-second mark of the video?",
        "options": [
            "A. A helicopter in flight.",
            "B. A bird flying.",
            "C. An airplane in flight.",
            "D. A drone hovering."
        ],
        "answer": "C",
        "qa_level": "frame",
        "qa_type": "mcqa",
        "old_answer": "C"
    },
    {
        "qa_idx": 4,
        "qa_type": "qa",
        "qa_level": "within_event",
        "qa_task": "action-understanding",
        "question": "Between 567.0 and 608.0 seconds, do the animated characters clean up the alleyway and organize the scattered objects?",
        "answer": "No",
        "old_answer": "No"
    },
    {
        "qa_idx": 6,
        "qa_type": "qa",
        "qa_level": "cross_event",
        "qa_task": "action-understanding",
        "question": "In the event from 368.0 to 428.0, do the animated worms interact with a grey conduit in a dimly lit indoor environment?",
        "answer": "Yes",
        "old_answer": "Yes"
    },
    {
        "qa_idx": 7,
        "qa_task": "plot-understanding",
        "question": "How does the setting transition throughout the scene from 429.0 to 489.0 seconds?",
        "options": [
            "A. From a whimsical natural setting to an enclosed space, then to a bustling urban environment, and finally to an airplane mid-flight.",
            "B. From an urban environment to a whimsical natural setting, then to an enclosed space, and finally to an airplane mid-flight.",
            "C. From an airplane mid-flight to a bustling urban environment, then to an enclosed space, and finally to a whimsical natural setting.",
            "D. From an enclosed space to a bustling urban environment, then to a whimsical natural setting, and finally to an airplane mid-flight."
        ],
        "answer": "A",
        "qa_level": "cross_event",
        "qa_type": "mcqa",
        "old_answer": "A"
    },
    {
        "qa_idx": 8,
        "qa_task": "temporal-relationship",
        "question": "What happens after the whimsical animated scene set against a sepia-toned background in the event from 1607.0 to 1698.0 seconds?",
        "options": [
            "A. A character dressed in a classic Santa Claus outfit holding a card in front of red and white striped decorations.",
            "B. The scene transitions to a festive workshop filled with a red sleigh, presents, and a detailed planning center.",
            "C. The event concludes with a spectacular celebratory atmosphere, featuring light shows and an illuminated skyscraper.",
            "D. The urban warehouse setting continues, highlighting towering stacks of gift boxes."
        ],
        "answer": "A",
        "qa_level": "cross_event",
        "qa_type": "mcqa",
        "old_answer": "A"
    },
    {
        "qa_idx": 9,
        "qa_task": "temporal-relationship",
        "question": "What happens after the animated worm-like characters interact with a large spiked object and a bear trap in the outdoor environment?",
        "options": [
            "A. The characters engage with various objects against a backdrop suggesting a natural or semi-urban environment.",
            "B. The scene transitions to an indoor setting with a stone-textured background and scattered small stones.",
            "C. The characters interact with a large yellow caterpillar-like character with orange stripes and an open mouth.",
            "D. The scene shifts to a cluttered environment resembling a neglected, underground area with a large green pipe."
        ],
        "answer": "A",
        "qa_level": "long_term",
        "qa_type": "mcqa",
        "old_answer": "A"
    },
    {
        "qa_idx": 10,
        "qa_task": "spatial-relationship",
        "question": "Where is the large green pipe located in the video event?",
        "options": [
            "A. In a cluttered environment resembling a neglected, underground area.",
            "B. In a lush, green environment with hints of a forest or garden.",
            "C. In a bustling urban environment featuring a green truck.",
            "D. In a cozy indoor environment, likely a kitchen."
        ],
        "answer": "A",
        "qa_level": "long_term",
        "qa_type": "mcqa",
        "old_answer": "A"
    },
    {
        "qa_idx": 13,
        "qa_task": "camera-direction",
        "question": "In the video event from 2.0 to 1803.0 seconds, when the scene transitions to an outdoor environment with sandy or dirt ground, a large transparent bottle containing shallow pink liquid, and a vertical black pipe against a textured wall, what does the camera do?",
        "options": [
            "A. The camera zooms in on the bottle.",
            "B. The camera pans to the left.",
            "C. The camera moves closer to the pipe.",
            "D. The camera remains static."
        ],
        "answer": "A",
        "qa_level": "long_term",
        "qa_type": "mcqa",
        "old_answer": "A"
    },
    {
        "qa_idx": 14,
        "qa_task": "speed",
        "question": "Which character moves faster in the video from 2.0 to 1803.0 seconds, the large animated insect or the smaller, brightly colored characters?",
        "options": [
            "A. The large animated insect.",
            "B. The smaller, brightly colored characters.",
            "C. Both move at the same speed.",
            "D. None of the above."
        ],
        "answer": "A",
        "qa_level": "long_term",
        "qa_type": "mcqa",
        "old_answer": "A"
    },
    {
        "qa_idx": 15,
        "qa_task": "attribute-change",
        "question": "How does the environment change from the beginning to the end of the video event from 2.0 to 1803.0 seconds?",
        "options": [
            "A. The environment changes from a whimsical, playful setting to a cluttered, urban environment.",
            "B. The environment changes from a natural, lush setting to a decayed, industrial environment.",
            "C. The environment changes from a serene, indoor setting to a chaotic, outdoor setting.",
            "D. The environment changes from a festive, holiday setting to a serene, natural setting."
        ],
        "answer": "A",
        "qa_level": "long_term",
        "qa_type": "mcqa",
        "old_answer": "A"
    },
    {
        "qa_idx": 17,
        "qa_task": "object understanding",
        "question": "What objects are prominently featured in the cluttered environment resembling a neglected, underground area at the beginning of the video event?",
        "options": [
            "A. A large green pipe, rocks, leaves, and debris.",
            "B. A large transparent bottle, stones, and a yellow cloth.",
            "C. A large white ceramic mug, a bowl of grapes, and a checkered surface.",
            "D. A large piece of Swiss cheese, a toy, and a cartoonish mallet."
        ],
        "answer": "A",
        "qa_level": "long_term",
        "qa_type": "mcqa",
        "old_answer": "A"
    },
    {
        "qa_idx": 18,
        "qa_task": "descriptive-scene",
        "question": "Where do the animated characters interact with various objects against a backdrop suggesting a natural or semi-urban environment, blending whimsical and decayed elements?",
        "options": [
            "A. In a lush green environment with hints of a forest or garden.",
            "B. In a cluttered environment resembling a neglected, underground area.",
            "C. In an outdoor, rustic environment with earthy tones, small stones, and leaves.",
            "D. In an indoor setting with insect-like characters relaxing in metal cans."
        ],
        "answer": "C",
        "qa_level": "long_term",
        "qa_type": "mcqa",
        "old_answer": "C"
    }
]