[
    {
        "qa_idx": 0,
        "qa_type": "qa",
        "qa_level": "frame",
        "qa_task": "object understanding",
        "question": "Is the episode number displayed in red at the 9.0-second mark of the video?",
        "answer": "Yes",
        "old_answer": "Yes"
    },
    {
        "qa_idx": 1,
        "qa_task": "object understanding",
        "question": "What is the person standing next to in the foreground at 2091.0 seconds into the video?",
        "options": [
            "A. A microphone stand.",
            "B. An adjustable tripod with a camera mounted on top.",
            "C. A light stand.",
            "D. A table with recording equipment."
        ],
        "answer": "B",
        "qa_level": "frame",
        "qa_type": "mcqa",
        "old_answer": "B"
    },
    {
        "qa_idx": 2,
        "qa_type": "qa",
        "qa_level": "within_event",
        "qa_task": "action-understanding",
        "question": "During the event sequence from 1502.0 to 1573.0 seconds, does the man in the checkered shirt perform a dance routine in the foreground?",
        "answer": "No",
        "old_answer": "No"
    },
    {
        "qa_idx": 3,
        "qa_task": "counting",
        "question": "How many motorcycles are parked in the background at 2161.0 seconds into the video?",
        "options": [
            "A.1.",
            "B.2.",
            "C.3.",
            "D. Several."
        ],
        "answer": "D",
        "qa_level": "frame",
        "qa_type": "mcqa",
        "old_answer": "D"
    },
    {
        "qa_idx": 4,
        "qa_type": "qa",
        "qa_level": "within_event",
        "qa_task": "speed",
        "question": "From 1092.0 to 1217.0 seconds, is the bus moving at a high speed?",
        "answer": "No",
        "old_answer": "No"
    },
    {
        "qa_idx": 6,
        "qa_type": "qa",
        "qa_level": "cross_event",
        "qa_task": "action-understanding",
        "question": "During the event from 1385.0 to 1455.0, do the individuals seated around the table engage in a game of cards?",
        "answer": "No",
        "old_answer": "No"
    },
    {
        "qa_idx": 7,
        "qa_type": "qa",
        "qa_level": "cross_event",
        "qa_task": "action-understanding",
        "question": "In the event from 1808.0 to 1868.0, does the scene transition from an outdoor park setting to an indoor classroom setting?",
        "answer": "Yes",
        "old_answer": "Yes"
    },
    {
        "qa_idx": 10,
        "qa_task": "camera-direction",
        "question": "How does the camera movement transition between the bus scene and the ornate gate scene from 1092.0 to 1217.0 seconds?",
        "options": [
            "A. The camera moves forward to show the details of the bus interior and then cuts to the ornate gate scene.",
            "B. The camera pans around the bus interior and then smoothly transitions to the ornate gate scene.",
            "C. The camera zooms in on a specific passenger and then abruptly cuts to the ornate gate scene.",
            "D. The camera remains static inside the bus and then fades to the ornate gate scene."
        ],
        "answer": "A",
        "qa_level": "cross_event",
        "qa_type": "mcqa",
        "old_answer": "A"
    },
    {
        "qa_idx": 11,
        "qa_task": "plot-understanding",
        "question": "What is the main setting of the video from 4.0 seconds to 2223.0 seconds?",
        "options": [
            "A. A hospital or medical facility.",
            "B. A cafe or restaurant.",
            "C. An outdoor park or recreational area.",
            "D. All of the above."
        ],
        "answer": "D",
        "qa_level": "long_term",
        "qa_type": "mcqa",
        "old_answer": "D"
    },
    {
        "qa_idx": 13,
        "qa_task": "attribute-change",
        "question": "How does the lighting change from the beginning to the end of the video event sequence from 4.0 to 2223.0 seconds?",
        "options": [
            "A. The lighting remains constant throughout.",
            "B. The lighting changes from bright and dynamic to dim and serene.",
            "C. The lighting changes from dim and serene to bright and dynamic.",
            "D. The lighting changes from natural light to artificial light."
        ],
        "answer": "B",
        "qa_level": "long_term",
        "qa_type": "mcqa",
        "old_answer": "B"
    },
    {
        "qa_idx": 14,
        "qa_task": "object understanding",
        "question": "What objects are featured on the table in the indoor setting where four individuals are seated?",
        "options": [
            "A. Glasses and a plate of watermelon slices.",
            "B. Books and a laptop.",
            "C. A vase and a candle.",
            "D. A bowl of fruit and a bottle of wine."
        ],
        "answer": "A",
        "qa_level": "long_term",
        "qa_type": "mcqa",
        "old_answer": "A"
    }
]