[
    {
        "qa_idx": 0,
        "qa_type": "qa",
        "qa_level": "frame",
        "qa_task": "object understanding",
        "question": "Is there a red car traveling along the road at 151.0 seconds into the video?",
        "answer": "Yes",
        "old_answer": "Yes"
    },
    {
        "qa_idx": 1,
        "qa_task": "descriptive-scene",
        "question": "What is the overall environment of the room at the 1677.0-second mark of the video?",
        "options": [
            "A. Dark and gloomy.",
            "B. Bright and cheerful.",
            "C. Plain and simple.",
            "D. Messy and disorganized."
        ],
        "answer": "B",
        "qa_level": "frame",
        "qa_type": "mcqa",
        "old_answer": "B"
    },
    {
        "qa_idx": 2,
        "qa_task": "character-understanding",
        "question": "What is prominently featured at the center of the frame at 212.0 seconds into the video?",
        "options": [
            "A. A glowing white star.",
            "B. A glowing white moon.",
            "C. A glowing white planet.",
            "D. A glowing white comet."
        ],
        "answer": "A",
        "qa_level": "frame",
        "qa_type": "mcqa",
        "old_answer": "A"
    },
    {
        "qa_idx": 3,
        "qa_type": "qa",
        "qa_level": "within_event",
        "qa_task": "action-understanding",
        "question": "During the event from 1159.0 to 1220.0 seconds, do the characters engage in a competitive race around the house with the bell tower?",
        "answer": "No",
        "old_answer": "No"
    },
    {
        "qa_idx": 4,
        "qa_task": "spatial-relationship",
        "question": "Where is the character lying down in the frame captured at 1715.0 seconds?",
        "options": [
            "A. On the floor.",
            "B. In a bunk bed.",
            "C. On a chair.",
            "D. On a sofa."
        ],
        "answer": "B",
        "qa_level": "frame",
        "qa_type": "mcqa",
        "old_answer": "B"
    },
    {
        "qa_idx": 5,
        "qa_type": "qa",
        "qa_level": "cross_event",
        "qa_task": "action-understanding",
        "question": "In the event from 208.0 to 351.0, does the scene transition from an educational setting to an animated cosmic backdrop and back to the educational setting?",
        "answer": "Yes",
        "old_answer": "Yes"
    },
    {
        "qa_idx": 6,
        "qa_task": "plot-understanding",
        "question": "What is the main activity taking place in the video from 731.0 to 774.0 seconds?",
        "options": [
            "A. A group of characters are sharing a joyful moment around a campfire.",
            "B. Characters are involved in a competitive sports event.",
            "C. A group of characters are attending a formal meeting.",
            "D. Characters are exploring a city."
        ],
        "answer": "A",
        "qa_level": "within_event",
        "qa_type": "mcqa",
        "old_answer": "A"
    },
    {
        "qa_idx": 7,
        "qa_task": "camera-direction",
        "question": "At what point does the camera transition from an outdoor to an indoor setting in the video event from 1379.0 to 1449.0 seconds?",
        "options": [
            "A. At 1379.0 seconds.",
            "B. At 1385.0 seconds.",
            "C. At 1408.0 seconds.",
            "D. At 1432.0 seconds."
        ],
        "answer": "D",
        "qa_level": "within_event",
        "qa_type": "mcqa",
        "old_answer": "D"
    },
    {
        "qa_idx": 9,
        "qa_task": "scene-understanding",
        "question": "What is the primary setting of the event from 1993.0 to 2074.0 seconds?",
        "options": [
            "A. A bustling cityscape with tall buildings.",
            "B. A picturesque countryside with rolling hills and sparse evergreen trees.",
            "C. A sandy beach with crashing waves.",
            "D. A dense forest with towering trees."
        ],
        "answer": "B",
        "qa_level": "cross_event",
        "qa_type": "mcqa",
        "old_answer": "B"
    },
    {
        "qa_idx": 10,
        "qa_task": "speed",
        "question": "In the events from 208.0 to 351.0 seconds, which character is depicted as moving faster relative to the others?",
        "options": [
            "A. The older figure in striped clothing and a cap.",
            "B. The younger character holding a toy rocket.",
            "C. The character peering through the telescope.",
            "D. The animated pig characters."
        ],
        "answer": "B",
        "qa_level": "cross_event",
        "qa_type": "mcqa",
        "old_answer": "B"
    },
    {
        "qa_idx": 11,
        "qa_task": "speed",
        "question": "How does the speed of the red car in the nighttime scene from 146.0 to 206.0 seconds compare to the speed of the characters' interactions in and near the car?",
        "options": [
            "A. The red car moves faster than the characters' interactions.",
            "B. The red car moves at the same speed as the characters' interactions.",
            "C. The red car moves slower than the characters' interactions.",
            "D. The speed of the red car and the characters' interactions cannot be compared."
        ],
        "answer": "A",
        "qa_level": "cross_event",
        "qa_type": "mcqa",
        "old_answer": "A"
    },
    {
        "qa_idx": 12,
        "qa_task": "spatial-relationship",
        "question": "Where is the toy rocket located in the children's bedroom?",
        "options": [
            "A. On the table.",
            "B. In the toy basket.",
            "C. Near the ladder leading to the top bunk.",
            "D. On the window sill."
        ],
        "answer": "C",
        "qa_level": "long_term",
        "qa_type": "mcqa",
        "old_answer": "C"
    },
    {
        "qa_idx": 13,
        "qa_task": "camera-direction",
        "question": "What direction does the camera move when the red car with four characters in colorful hats is driving up the hill under a starry sky, passing a yellow house?",
        "options": [
            "A. The camera moves closer to the car.",
            "B. The camera moves away from the car.",
            "C. The camera moves parallel to the car.",
            "D. The camera remains stationary."
        ],
        "answer": "A",
        "qa_level": "long_term",
        "qa_type": "mcqa",
        "old_answer": "A"
    },
    {
        "qa_idx": 14,
        "qa_task": "speed",
        "question": "Which vehicle is shown moving faster in the video from 625.0 to 2188.0 seconds?",
        "options": [
            "A. The red car.",
            "B. The blue bus.",
            "C. Both vehicles move at the same speed.",
            "D. None of the above."
        ],
        "answer": "A",
        "qa_level": "long_term",
        "qa_type": "mcqa",
        "old_answer": "A"
    },
    {
        "qa_idx": 15,
        "qa_task": "attribute-change",
        "question": "How does the setting change from the beginning to the end of the video from 3.0 to 2188.0 seconds?",
        "options": [
            "A. From a cozy night scene to a lively outdoor setting.",
            "B. From a lively outdoor setting to a cozy night scene.",
            "C. From a kitchen scene to a forest camping scene.",
            "D. From a forest camping scene to a kitchen scene."
        ],
        "answer": "A",
        "qa_level": "long_term",
        "qa_type": "mcqa",
        "old_answer": "A"
    }
]