[
    {
        "qa_idx": 0,
        "qa_task": "spatial-relationship",
        "question": "What is behind the character dressed in a blue sailor outfit at 159.0 seconds into the video?",
        "options": [
            "A. A porthole and part of a white mast.",
            "B. A yellow and blue boat.",
            "C. A ship's wheel.",
            "D. A clear blue sky."
        ],
        "answer": "C",
        "qa_level": "frame",
        "qa_type": "mcqa",
        "old_answer": "C"
    },
    {
        "qa_idx": 1,
        "qa_type": "qa",
        "qa_level": "frame",
        "qa_task": "object understanding",
        "question": "Is there a small toy sailboat in the water at 1452.0 seconds into the video?",
        "answer": "Yes",
        "old_answer": "Yes"
    },
    {
        "qa_idx": 2,
        "qa_type": "qa",
        "qa_level": "within_event",
        "qa_task": "object understanding",
        "question": "Is there a purple box with pink stars in the video event from 1821.0 to 1926.0 seconds?",
        "answer": "Yes",
        "old_answer": "Yes"
    },
    {
        "qa_idx": 3,
        "qa_task": "spatial-relationship",
        "question": "Where are the two trees located in the frame at 1434.0 seconds?",
        "options": [
            "A. In the center of the frame.",
            "B. At the left and right edges of the frame.",
            "C. Behind the pond.",
            "D. In front of the pond."
        ],
        "answer": "B",
        "qa_level": "frame",
        "qa_type": "mcqa",
        "old_answer": "B"
    },
    {
        "qa_idx": 4,
        "qa_type": "qa",
        "qa_level": "within_event",
        "qa_task": "character-understanding",
        "question": "Were the anthropomorphic animal characters outdoors from 125.0 to 183.0 seconds?",
        "answer": "Yes",
        "old_answer": "Yes"
    },
    {
        "qa_idx": 5,
        "qa_task": "descriptive-scene",
        "question": "Where is the animated pink character standing at 1622.0 seconds into the video?",
        "options": [
            "A. Indoors.",
            "B. In a park or garden.",
            "C. On a beach.",
            "D. In a classroom."
        ],
        "answer": "B",
        "qa_level": "frame",
        "qa_type": "mcqa",
        "old_answer": "B"
    },
    {
        "qa_idx": 6,
        "qa_type": "qa",
        "qa_level": "cross_event",
        "qa_task": "action-understanding",
        "question": "Between 61.0 and 121.0, do the anthropomorphic animals on the boat engage in a fishing competition?",
        "answer": "No",
        "old_answer": "No"
    },
    {
        "qa_idx": 7,
        "qa_task": "descriptive-scene",
        "question": "What is the main setting of the video event from 1216.0 to 1279.0 seconds?",
        "options": [
            "A. A plain blue background with a cartoon character.",
            "B. A busy city street.",
            "C. A dark forest.",
            "D. A classroom."
        ],
        "answer": "A",
        "qa_level": "within_event",
        "qa_type": "mcqa",
        "old_answer": "A"
    },
    {
        "qa_idx": 8,
        "qa_type": "qa",
        "qa_level": "long_term",
        "qa_task": "object understanding",
        "question": "Is there a pirate flag on the boat in the scenes from 1.0 to 1929.0 seconds?",
        "answer": "Yes",
        "old_answer": "Yes"
    },
    {
        "qa_idx": 9,
        "qa_type": "qa",
        "qa_level": "long_term",
        "qa_task": "action-understanding",
        "question": "Do the characters in the video engage in a snowball fight during the beach activities on the island at 1.0 to 1929.0 seconds?",
        "answer": "No",
        "old_answer": "No"
    },
    {
        "qa_idx": 11,
        "qa_task": "object-direction",
        "question": "In the video events from 1350.0 to 1417.0 seconds and H to e seconds, what direction is the broken pumpkin shown in the scene?",
        "options": [
            "A. The broken pumpkin is shown moving from left to right.",
            "B. The broken pumpkin is shown moving from right to left.",
            "C. The broken pumpkin remains stationary.",
            "D. The broken pumpkin is shown moving in a circular direction."
        ],
        "answer": "C",
        "qa_level": "cross_event",
        "qa_type": "mcqa",
        "old_answer": "C"
    },
    {
        "qa_idx": 12,
        "qa_task": "temporal-relationship",
        "question": "What activity were the characters engaged in before they started playing with paper boats by the pond?",
        "options": [
            "A. They were riding bicycles.",
            "B. They were having a meal in the kitchen.",
            "C. They were on a boat trip.",
            "D. They were playing in the rain."
        ],
        "answer": "A",
        "qa_level": "long_term",
        "qa_type": "mcqa",
        "old_answer": "A"
    },
    {
        "qa_idx": 13,
        "qa_task": "spatial-relationship",
        "question": "Where are the characters standing when they are engaged in playful activities involving buckets and shovels?",
        "options": [
            "A. On a grassy field.",
            "B. On a wooden pier.",
            "C. On an island.",
            "D. On a boat."
        ],
        "answer": "C",
        "qa_level": "long_term",
        "qa_type": "mcqa",
        "old_answer": "C"
    },
    {
        "qa_idx": 14,
        "qa_task": "causal",
        "question": "Why did the characters gather on the island and engage in playful activities involving buckets and shovels?",
        "options": [
            "A. They were preparing for a storm.",
            "B. They were on a treasure hunt.",
            "C. They were having a beach day.",
            "D. They were building a new house."
        ],
        "answer": "C",
        "qa_level": "long_term",
        "qa_type": "mcqa",
        "old_answer": "C"
    },
    {
        "qa_idx": 16,
        "qa_task": "object-direction",
        "question": "In which direction does the boat sail across the calm sea under bright skies in the video event descriptions from 1.0 to 1929.0 seconds?",
        "options": [
            "A. Towards the island.",
            "B. Away from the island.",
            "C. Alongside the island.",
            "D. Around the island."
        ],
        "answer": "A",
        "qa_level": "long_term",
        "qa_type": "mcqa",
        "old_answer": "A"
    },
    {
        "qa_idx": 17,
        "qa_task": "camera-direction",
        "question": "As the boat sails across the calm sea under bright skies, what does the camera do?",
        "options": [
            "A. The camera zooms in on the characters.",
            "B. The camera moves closer to the boat.",
            "C. The camera pans to the left.",
            "D. The camera remains stationary."
        ],
        "answer": "B",
        "qa_level": "long_term",
        "qa_type": "mcqa",
        "old_answer": "B"
    },
    {
        "qa_idx": 18,
        "qa_task": "speed",
        "question": "Which character is faster in the video, the boat or the characters riding bicycles?",
        "options": [
            "A. The boat.",
            "B. The characters riding bicycles.",
            "C. Both are at the same speed.",
            "D. None of the above."
        ],
        "answer": "B",
        "qa_level": "long_term",
        "qa_type": "mcqa",
        "old_answer": "B"
    },
    {
        "qa_idx": 19,
        "qa_task": "attribute-change",
        "question": "How does the weather change from the beginning to the end of the video?",
        "options": [
            "A. It starts sunny and becomes rainy.",
            "B. It starts rainy and becomes sunny.",
            "C. It remains sunny throughout.",
            "D. It remains rainy throughout."
        ],
        "answer": "A",
        "qa_level": "long_term",
        "qa_type": "mcqa",
        "old_answer": "A"
    },
    {
        "qa_idx": 20,
        "qa_task": "time-order",
        "question": "In which order do the events occur in the video from 1.0 to 1929.0 seconds?",
        "options": [
            "A. Introduction of 'Peppa Pig' -> Characters on grassy fields -> Boat trip -> Beach activities -> Treasure hunt -> Boat with pirate flag -> House on green hill -> Kitchen scene -> Recycling activities -> Rainy weather -> Indoor foyer -> Cozy bedroom -> Outdoor cycling -> Pond with toy boats -> Gift-giving -> Production credits.",
            "B. Introduction of 'Peppa Pig' -> Boat trip -> Characters on grassy fields -> Beach activities -> Treasure hunt -> Boat with pirate flag -> House on green hill -> Kitchen scene -> Recycling activities -> Rainy weather -> Indoor foyer -> Cozy bedroom -> Outdoor cycling -> Pond with toy boats -> Gift-giving -> Production credits.",
            "C. Introduction of 'Peppa Pig' -> Characters on grassy fields -> Boat trip -> Treasure hunt -> Beach activities -> Boat with pirate flag -> House on green hill -> Kitchen scene -> Recycling activities -> Rainy weather -> Indoor foyer -> Cozy bedroom -> Outdoor cycling -> Pond with toy boats -> Gift-giving -> Production credits.",
            "D. Introduction of 'Peppa Pig' -> Characters on grassy fields -> Boat trip -> Beach activities -> Treasure hunt -> Boat with pirate flag -> House on green hill -> Kitchen scene -> Recycling activities -> Rainy weather -> Indoor foyer -> Cozy bedroom -> Pond with toy boats -> Outdoor cycling -> Gift-giving -> Production credits."
        ],
        "answer": "A",
        "qa_level": "long_term",
        "qa_type": "mcqa",
        "old_answer": "A"
    },
    {
        "qa_idx": 21,
        "qa_task": "descriptive-scene",
        "question": "Where do the characters engage in playful activities involving buckets and shovels?",
        "options": [
            "A. On a grassy field.",
            "B. On a boat.",
            "C. On an island.",
            "D. In a kitchen."
        ],
        "answer": "C",
        "qa_level": "long_term",
        "qa_type": "mcqa",
        "old_answer": "C"
    }
]