[
    {
        "qa_idx": 0,
        "qa_task": "descriptive-scene",
        "question": "Where are the cartoonish alien characters in the video frame at 1490.0 seconds?",
        "options": [
            "A. In a laboratory.",
            "B. In a storage area for space equipment.",
            "C. In a spaceship cockpit.",
            "D. In an alien planet's surface."
        ],
        "answer": "B",
        "qa_level": "frame",
        "qa_type": "mcqa",
        "old_answer": "B"
    },
    {
        "qa_idx": 1,
        "qa_type": "qa",
        "qa_level": "frame",
        "qa_task": "character-understanding",
        "question": "Are the anthropomorphic cat characters standing on a dirt path at 2406.0 seconds into the video?",
        "answer": "Yes",
        "old_answer": "Yes"
    },
    {
        "qa_idx": 2,
        "qa_task": "character-understanding",
        "question": "What is the animated blue character wearing in the video frame at 1733 seconds?",
        "options": [
            "A. A golden crown and a red bow tie.",
            "B. A silver crown and a blue bow tie.",
            "C. A golden crown and a green bow tie.",
            "D. A silver crown and a red bow tie."
        ],
        "answer": "A",
        "qa_level": "frame",
        "qa_type": "mcqa",
        "old_answer": "A"
    },
    {
        "qa_idx": 3,
        "qa_type": "qa",
        "qa_level": "within_event",
        "qa_task": "plot-understanding",
        "question": "Do the cats engage in both indoor and outdoor activities from 2200.0 to 2267.0 seconds?",
        "answer": "Yes",
        "old_answer": "Yes"
    },
    {
        "qa_idx": 5,
        "qa_type": "qa",
        "qa_level": "cross_event",
        "qa_task": "character-understanding",
        "question": "Were the anthropomorphic cats shown in both indoor and outdoor settings between 1063.0 to 1112.0 and 1116.0 to 1170.0 seconds?",
        "answer": "Yes",
        "old_answer": "Yes"
    },
    {
        "qa_idx": 6,
        "qa_task": "object understanding",
        "question": "What is the appearance and function of the house featured in the video from 3.0 to 67.0 seconds?",
        "options": [
            "A. A yellow house resembling a cat, surrounded by a blue fence, green rolling hills, and additional trees and bushes.",
            "B. A red house resembling a dog, surrounded by a white fence, desert landscape, and cacti.",
            "C. A blue house resembling a bird, surrounded by a green fence, snowy hills, and pine trees.",
            "D. A green house resembling a rabbit, surrounded by a yellow fence, urban landscape, and skyscrapers."
        ],
        "answer": "A",
        "qa_level": "cross_event",
        "qa_type": "mcqa",
        "old_answer": "A"
    },
    {
        "qa_idx": 7,
        "qa_task": "spatial-relationship",
        "question": "In the event from 2538.0 to 2598.0 seconds, where is the cat character dressed in a watermelon costume positioned relative to the checkered flag and the yellow flag with a green symbol?",
        "options": [
            "A. Near the checkered flag and the yellow flag with a green symbol.",
            "B. Far from the checkered flag and the yellow flag with a green symbol.",
            "C. Behind the checkered flag and the yellow flag with a green symbol.",
            "D. In front of the checkered flag and the yellow flag with a green symbol."
        ],
        "answer": "A",
        "qa_level": "cross_event",
        "qa_type": "mcqa",
        "old_answer": "A"
    },
    {
        "qa_idx": 9,
        "qa_task": "character-understanding",
        "question": "What activities are the anthropomorphic cats engaged in during the animated sequence from 1339.0 to 1417.0 seconds?",
        "options": [
            "A. Observing their surroundings and spraying water at a cat statue.",
            "B. Playing musical instruments and dancing.",
            "C. Cooking food and eating together.",
            "D. Building a house and painting it."
        ],
        "answer": "A",
        "qa_level": "cross_event",
        "qa_type": "mcqa",
        "old_answer": "A"
    },
    {
        "qa_idx": 10,
        "qa_task": "temporal-relationship",
        "question": "What were the anthropomorphic cats doing before they were seen in a cozy indoor setting with a yellow couch and a striped yellow wall?",
        "options": [
            "A. They were performing on a stage in a theater.",
            "B. They were interacting in a children's bedroom with light green walls.",
            "C. They were standing outdoors in a grassy area.",
            "D. They were in a locker room with numbered lockers."
        ],
        "answer": "B",
        "qa_level": "long_term",
        "qa_type": "mcqa",
        "old_answer": "B"
    },
    {
        "qa_idx": 13,
        "qa_task": "object-direction",
        "question": "In the video from 3.0 to 2717.0 seconds, which direction does the lime-green van containing anthropomorphic cats travel?",
        "options": [
            "A. On a two-lane road.",
            "B. On a one-way street.",
            "C. On a highway.",
            "D. On a dirt path."
        ],
        "answer": "A",
        "qa_level": "long_term",
        "qa_type": "mcqa",
        "old_answer": "A"
    },
    {
        "qa_idx": 14,
        "qa_task": "speed",
        "question": "Which character was moving faster in the video from 3.0 to 2717.0 seconds, the cat playing the violin or the cat painting?",
        "options": [
            "A. The cat playing the violin.",
            "B. The cat painting.",
            "C. Both were moving at the same speed.",
            "D. None of the above."
        ],
        "answer": "A",
        "qa_level": "long_term",
        "qa_type": "mcqa",
        "old_answer": "A"
    },
    {
        "qa_idx": 15,
        "qa_task": "attribute-change",
        "question": "How does the environment change from the beginning to the end of the video from 3.0 to 2717.0 seconds?",
        "options": [
            "A. From a vibrant and colorful scene to a snowy, coastal scene.",
            "B. From a snowy, coastal scene to a vibrant and colorful scene.",
            "C. From an indoor scene to an outdoor park scene.",
            "D. From an outdoor park scene to an indoor scene."
        ],
        "answer": "A",
        "qa_level": "long_term",
        "qa_type": "mcqa",
        "old_answer": "A"
    },
    {
        "qa_idx": 16,
        "qa_task": "time-order",
        "question": "In which order do the events occur in the video from 3.0 to 2717.0 seconds?",
        "options": [
            "A. The video starts with three anthropomorphic cats against a bright yellow background, transitions to a serene outdoor environment, then to a whimsical setting with a yellow house, and finally to an indoor scene with a cat-shaped house.",
            "B. The video starts with a serene outdoor environment, transitions to three anthropomorphic cats against a bright yellow background, then to a whimsical setting with a yellow house, and finally to an indoor scene with a cat-shaped house.",
            "C. The video starts with a whimsical setting with a yellow house, transitions to three anthropomorphic cats against a bright yellow background, then to a serene outdoor environment, and finally to an indoor scene with a cat-shaped house.",
            "D. The video starts with an indoor scene with a cat-shaped house, transitions to a whimsical setting with a yellow house, then to three anthropomorphic cats against a bright yellow background, and finally to a serene outdoor environment."
        ],
        "answer": "A",
        "qa_level": "long_term",
        "qa_type": "mcqa",
        "old_answer": "A"
    },
    {
        "qa_idx": 17,
        "qa_task": "descriptive-scene",
        "question": "Where do the anthropomorphic cats engage in a playful and animated interaction with a purple toy drone?",
        "options": [
            "A. In a children's bedroom with light green walls and bunk beds.",
            "B. In a cozy indoor setting with a yellow couch and a striped yellow wall.",
            "C. In a well-furnished room with bookshelves and a view of the outdoors.",
            "D. In a room with light blue wallpaper patterned with subtle paw prints."
        ],
        "answer": "D",
        "qa_level": "long_term",
        "qa_type": "mcqa",
        "old_answer": "D"
    }
]