[
    {
        "qa_idx": 0,
        "qa_type": "qa",
        "qa_level": "frame",
        "qa_task": "object understanding",
        "question": "Is there a LEGO logo visible in the lower-left corner of the panel at 4030.0 seconds into the video?",
        "answer": "Yes",
        "old_answer": "Yes"
    },
    {
        "qa_idx": 1,
        "qa_task": "object understanding",
        "question": "What colors are featured in the LEGO art piece displayed in the frame at 4304.0 seconds?",
        "options": [
            "A. Blue, green, purple, and orange.",
            "B. Red, black, white, and yellow.",
            "C. Pink, brown, gray, and teal.",
            "D. Gold, silver, bronze, and copper."
        ],
        "answer": "B",
        "qa_level": "frame",
        "qa_type": "mcqa",
        "old_answer": "B"
    },
    {
        "qa_idx": 2,
        "qa_type": "qa",
        "qa_level": "frame",
        "qa_task": "character-understanding",
        "question": "Is the person holding a mobile phone at the 17.0-second mark of the video?",
        "answer": "Yes",
        "old_answer": "Yes"
    },
    {
        "qa_idx": 3,
        "qa_task": "object understanding",
        "question": "What is the man wearing in the frame captured at 21.0 seconds into the video?",
        "options": [
            "A. A hat.",
            "B. Earphones.",
            "C. Glasses.",
            "D. A scarf."
        ],
        "answer": "B",
        "qa_level": "frame",
        "qa_type": "mcqa",
        "old_answer": "B"
    },
    {
        "qa_idx": 4,
        "qa_type": "qa",
        "qa_level": "within_event",
        "qa_task": "plot-understanding",
        "question": "Does the video event feature multiple scenes showcasing different LEGO art pieces from 4303.0 to 4363.0 seconds?",
        "answer": "Yes",
        "old_answer": "Yes"
    },
    {
        "qa_idx": 5,
        "qa_type": "qa",
        "qa_level": "within_event",
        "qa_task": "action-understanding",
        "question": "During the sequence from 5993.0 to 6007.0 seconds, does the person take a break to drink from the white cup on the grey saucer?",
        "answer": "No",
        "old_answer": "No"
    },
    {
        "qa_idx": 6,
        "qa_task": "descriptive-scene",
        "question": "What is the central item on the tabletop at 4050.0 seconds into the video?",
        "options": [
            "A. A mobile phone.",
            "B. A booklet.",
            "C. A pair of earphones.",
            "D. A pixel art piece."
        ],
        "answer": "A",
        "qa_level": "frame",
        "qa_type": "mcqa",
        "old_answer": "A"
    },
    {
        "qa_idx": 7,
        "qa_task": "object-direction",
        "question": "In which direction is the black LEGO base plate positioned relative to the pale background at the beginning of the event from 4932.0 to 5990.0 seconds?",
        "options": [
            "A. Left.",
            "B. Right.",
            "C. Center.",
            "D. Top."
        ],
        "answer": "C",
        "qa_level": "within_event",
        "qa_type": "mcqa",
        "old_answer": "C"
    },
    {
        "qa_idx": 8,
        "qa_type": "qa",
        "qa_level": "long_term",
        "qa_task": "plot-understanding",
        "question": "Does the video primarily focus on the assembly and display of LEGO Art pieces, particularly those related to the Star Wars franchise, in a modern and minimalistic setting from 1.0 to 6020.0 seconds?",
        "answer": "Yes",
        "old_answer": "Yes"
    },
    {
        "qa_idx": 12,
        "qa_task": "causal",
        "question": "Why is the person seen meticulously handling LEGO pieces and assembling a LEGO mosaic art piece in the video from 1.0 to 6020.0 seconds?",
        "options": [
            "A. To create a detailed and vibrant pixelated artwork.",
            "B. To repair a broken LEGO set.",
            "C. To clean the LEGO pieces.",
            "D. To sort the LEGO pieces by color."
        ],
        "answer": "A",
        "qa_level": "long_term",
        "qa_type": "mcqa",
        "old_answer": "A"
    },
    {
        "qa_idx": 15,
        "qa_task": "camera-direction",
        "question": "What direction does the camera move towards when showcasing the LEGO mosaic art pieces from 1.0 to 6020.0 seconds?",
        "options": [
            "A. The camera moves closer to the LEGO mosaic art pieces.",
            "B. The camera moves away from the LEGO mosaic art pieces.",
            "C. The camera remains stationary.",
            "D. The camera moves in a circular motion around the LEGO mosaic art pieces."
        ],
        "answer": "A",
        "qa_level": "long_term",
        "qa_type": "mcqa",
        "old_answer": "A"
    },
    {
        "qa_idx": 16,
        "qa_task": "speed",
        "question": "How does the speed of the LEGO mosaic assembly process change from the beginning to the end of the video (1.0 to 6020.0 seconds)?",
        "options": [
            "A. The speed remains constant throughout.",
            "B. The speed increases as the video progresses.",
            "C. The speed decreases as the video progresses.",
            "D. The speed fluctuates throughout the video."
        ],
        "answer": "B",
        "qa_level": "long_term",
        "qa_type": "mcqa",
        "old_answer": "B"
    },
    {
        "qa_idx": 17,
        "qa_task": "attribute-change",
        "question": "How does the LEGO art piece change from the beginning to the end of the video (1.0 to 6020.0 seconds)?",
        "options": [
            "A. It starts as a packaged LEGO Art kit and ends as a completed mosaic artwork.",
            "B. It starts as a completed mosaic artwork and ends as a packaged LEGO Art kit.",
            "C. It starts as a LEGO baseplate and ends as a pile of loose LEGO pieces.",
            "D. It starts as a completed mosaic artwork and ends as a LEGO baseplate."
        ],
        "answer": "A",
        "qa_level": "long_term",
        "qa_type": "mcqa",
        "old_answer": "A"
    }
]