[
    {
        "qa_idx": 0,
        "qa_task": "character-understanding",
        "question": "What is the character wearing in the video frame at 475.0 seconds?",
        "options": [
            "A. A blue jacket and jeans.",
            "B. A green shirt and brown pants.",
            "C. A red hood and a matching cloak.",
            "D. A yellow dress and a hat."
        ],
        "answer": "C",
        "qa_level": "frame",
        "qa_type": "mcqa",
        "old_answer": "C"
    },
    {
        "qa_idx": 1,
        "qa_task": "descriptive-scene",
        "question": "What is the primary focus of the video frame at 1963.0 seconds?",
        "options": [
            "A. A person with long white hair and a beard.",
            "B. A landscape with mountains.",
            "C. A group of people in a city.",
            "D. An animal in a forest."
        ],
        "answer": "A",
        "qa_level": "frame",
        "qa_type": "mcqa",
        "old_answer": "A"
    },
    {
        "qa_idx": 2,
        "qa_type": "qa",
        "qa_level": "cross_event",
        "qa_task": "object understanding",
        "question": "Is there a glass coffin present in both video events from 1150.0 to 1212.0 and 1217.0 to 1259.0?",
        "answer": "Yes",
        "old_answer": "Yes"
    },
    {
        "qa_idx": 3,
        "qa_type": "qa",
        "qa_level": "long_term",
        "qa_task": "speed",
        "question": "Did the girl in the red hooded cloak move quickly through the various whimsical settings from 4.0 to 2051.0 seconds?",
        "answer": "No",
        "old_answer": "No"
    },
    {
        "qa_idx": 4,
        "qa_task": "temporal-relationship",
        "question": "What was the girl in the red hooded cloak doing before she was seen standing beside a bed where a wolf, disguised as an elderly figure, lies under a blanket?",
        "options": [
            "A. She was interacting with colorful flowers in a garden.",
            "B. She was navigating various whimsical settings in a forest.",
            "C. She was standing in front of a cottage door.",
            "D. She was seated on the grass near a large tree."
        ],
        "answer": "D",
        "qa_level": "long_term",
        "qa_type": "mcqa",
        "old_answer": "D"
    },
    {
        "qa_idx": 5,
        "qa_task": "spatial-relationship",
        "question": "Where is the wolf positioned in relation to the girl in the red hooded cloak at the beginning of the video?",
        "options": [
            "A. Behind a tree on the left.",
            "B. Near the bottom right corner.",
            "C. In front of the girl.",
            "D. Next to the girl."
        ],
        "answer": "A",
        "qa_level": "long_term",
        "qa_type": "mcqa",
        "old_answer": "A"
    },
    {
        "qa_idx": 8,
        "qa_task": "plot-understanding",
        "question": "What is the main storyline depicted in the video from 4.0 to 2051.0 seconds?",
        "options": [
            "A. A girl in a red hooded cloak navigating whimsical settings and encountering a wolf.",
            "B. A group of characters preparing for a royal ceremony in a castle.",
            "C. An underwater adventure featuring mermaids and a sea king.",
            "D. A series of interactions between animated characters in a domestic kitchen setting."
        ],
        "answer": "A",
        "qa_level": "long_term",
        "qa_type": "mcqa",
        "old_answer": "A"
    },
    {
        "qa_idx": 9,
        "qa_task": "camera-direction",
        "question": "How does the camera movement change from the beginning to the end of the video from 4.0 to 2051.0 seconds?",
        "options": [
            "A. The camera moves from a close-up of the girl to a wide shot of the forest.",
            "B. The camera moves from a wide shot of the forest to a close-up of the girl.",
            "C. The camera remains static throughout the video.",
            "D. The camera moves from a close-up of the wolf to a wide shot of the forest."
        ],
        "answer": "B",
        "qa_level": "long_term",
        "qa_type": "mcqa",
        "old_answer": "B"
    },
    {
        "qa_idx": 10,
        "qa_task": "speed",
        "question": "Which character moves faster in the video from 4.0 to 2051.0 seconds, the girl in the red hooded cloak or the wolf?",
        "options": [
            "A. The girl in the red hooded cloak.",
            "B. The wolf.",
            "C. Both move at the same speed.",
            "D. Neither moves."
        ],
        "answer": "B",
        "qa_level": "long_term",
        "qa_type": "mcqa",
        "old_answer": "B"
    },
    {
        "qa_idx": 11,
        "qa_task": "attribute-change",
        "question": "How does the girl's attire change from the beginning to the end of the video from 4.0 to 2051.0 seconds?",
        "options": [
            "A. From a red hooded cloak to a blue dress with white lace detailing.",
            "B. From a blue dress with white lace detailing to a red hooded cloak.",
            "C. From a green dress to a red hooded cloak.",
            "D. From a yellow dress to a blue dress with white lace detailing."
        ],
        "answer": "A",
        "qa_level": "long_term",
        "qa_type": "mcqa",
        "old_answer": "A"
    },
    {
        "qa_idx": 12,
        "qa_task": "character-understanding",
        "question": "What is the girl in the red hooded cloak often seen doing in the animated forest scenes from 4.0 to 2051.0 seconds?",
        "options": [
            "A. Standing or moving through whimsical environments.",
            "B. Interacting with a wolf.",
            "C. Sleeping under a tree.",
            "D. Playing with a rabbit."
        ],
        "answer": "A",
        "qa_level": "long_term",
        "qa_type": "mcqa",
        "old_answer": "A"
    },
    {
        "qa_idx": 13,
        "qa_task": "object understanding",
        "question": "What kind of mushrooms are prominently featured in the animated forest scenes from 4.0 to 2051.0 seconds?",
        "options": [
            "A. Large red-capped mushrooms with white spots.",
            "B. Small brown mushrooms with yellow spots.",
            "C. Blue mushrooms with green spots.",
            "D. Purple mushrooms with pink spots."
        ],
        "answer": "A",
        "qa_level": "long_term",
        "qa_type": "mcqa",
        "old_answer": "A"
    },
    {
        "qa_idx": 14,
        "qa_task": "time-order",
        "question": "In which order do the events occur in the video from 4.0 to 2051.0 seconds?",
        "options": [
            "A. The girl in a red hooded cloak stands in a lush forest, then navigates whimsical settings, and finally interacts with a wolf in a forest-like setting.",
            "B. The girl in a red hooded cloak stands in a lush forest, then interacts with a wolf in a forest-like setting, and finally navigates whimsical settings.",
            "C. The girl navigates whimsical settings, then stands in a lush forest, and finally interacts with a wolf in a forest-like setting.",
            "D. The girl interacts with a wolf in a forest-like setting, then navigates whimsical settings, and finally stands in a lush forest."
        ],
        "answer": "A",
        "qa_level": "long_term",
        "qa_type": "mcqa",
        "old_answer": "A"
    }
]