[
    {
        "qa_idx": 0,
        "qa_type": "qa",
        "qa_level": "frame",
        "qa_task": "character-understanding",
        "question": "Is the woman on the left side of the frame fixing or placing flowers in the girl's hair at 2471.0 seconds?",
        "answer": "Yes",
        "old_answer": "Yes"
    },
    {
        "qa_idx": 1,
        "qa_task": "spatial-relationship",
        "question": "Where is the camera or piece of equipment positioned in relation to the man at 2272.0 seconds into the video?",
        "options": [
            "A. To the left of the image.",
            "B. To the right of the image.",
            "C. Directly in front of the man.",
            "D. Behind the man."
        ],
        "answer": "B",
        "qa_level": "frame",
        "qa_type": "mcqa",
        "old_answer": "B"
    },
    {
        "qa_idx": 2,
        "qa_task": "character-understanding",
        "question": "Who is positioned near the center of the image at 675.0 seconds into the video?",
        "options": [
            "A. A man.",
            "B. A woman.",
            "C. A child, suggested to be a boy.",
            "D. An elderly person."
        ],
        "answer": "C",
        "qa_level": "frame",
        "qa_type": "mcqa",
        "old_answer": "C"
    },
    {
        "qa_idx": 3,
        "qa_task": "descriptive-scene",
        "question": "Where does the scene at 943.0 seconds into the video take place?",
        "options": [
            "A. Outdoors in a park.",
            "B. Indoors in a communal setting.",
            "C. In a classroom.",
            "D. In a shopping mall."
        ],
        "answer": "B",
        "qa_level": "frame",
        "qa_type": "mcqa",
        "old_answer": "B"
    },
    {
        "qa_idx": 5,
        "qa_task": "object understanding",
        "question": "What are some of the objects and their attributes shown in the video event from 2085.0 to 2147.0 seconds?",
        "options": [
            "A. Various close-up views of seeds, pebbles, dry straw, and pieces of plant material, a person carrying a large bundle of dried vegetation, green plants with ripening seeds, and a fire starting process.",
            "B. Various close-up views of electronic devices, a person using a computer, green plants with flowers, and a cooking process.",
            "C. Various close-up views of animals, a person riding a bicycle, green plants with fruits, and a water purification process.",
            "D. Various close-up views of books, a person reading, green plants with leaves, and a cleaning process."
        ],
        "answer": "A",
        "qa_level": "cross_event",
        "qa_type": "mcqa",
        "old_answer": "A"
    },
    {
        "qa_idx": 6,
        "qa_task": "time-order",
        "question": "What is the correct sequence of events in the video from 1935.0 to 2005.0 seconds?",
        "options": [
            "A. Children walk along a dirt path, someone pours liquid, boys engage with containers, girl handles water container, individuals carry items, communal meal indoors.",
            "B. Someone pours liquid, children walk along a dirt path, boys engage with containers, individuals carry items, girl handles water container, communal meal indoors.",
            "C. Boys engage with containers, children walk along a dirt path, someone pours liquid, girl handles water container, individuals carry items, communal meal indoors.",
            "D. Communal meal indoors, children walk along a dirt path, boys engage with containers, someone pours liquid, girl handles water container, individuals carry items."
        ],
        "answer": "A",
        "qa_level": "cross_event",
        "qa_type": "mcqa",
        "old_answer": "A"
    },
    {
        "qa_idx": 7,
        "qa_task": "scene-understanding",
        "question": "How does the setting transition from the beginning to the end of the event from 2234.0 to 2296.0 seconds?",
        "options": [
            "A. From a rural area to a healthcare clinic.",
            "B. From a healthcare clinic to a rural area.",
            "C. From a busy city street to a quiet park.",
            "D. From a school playground to a residential area."
        ],
        "answer": "A",
        "qa_level": "cross_event",
        "qa_type": "mcqa",
        "old_answer": "A"
    },
    {
        "qa_idx": 11,
        "qa_task": "time-order",
        "question": "In which order do the events occur in the video from 9.0 to 2628.0 seconds?",
        "options": [
            "A. Serene landscape scene with three trees -> Nocturnal scene with a man walking -> Surreal scene with a tree and statue head -> Dusk or dawn scene with a person gazing towards a vehicle -> Sunset scene with a person facing a spotlight -> Snow-covered landscape with Korean text -> Serene landscapes with rolling green hills -> Hilly landscape with lush green trees and a village -> Rural setting with villagers engaged in agricultural activities.",
            "B. Nocturnal scene with a man walking -> Serene landscape scene with three trees -> Surreal scene with a tree and statue head -> Dusk or dawn scene with a person gazing towards a vehicle -> Sunset scene with a person facing a spotlight -> Snow-covered landscape with Korean text -> Serene landscapes with rolling green hills -> Hilly landscape with lush green trees and a village -> Rural setting with villagers engaged in agricultural activities.",
            "C. Serene landscape scene with three trees -> Surreal scene with a tree and statue head -> Nocturnal scene with a man walking -> Dusk or dawn scene with a person gazing towards a vehicle -> Sunset scene with a person facing a spotlight -> Snow-covered landscape with Korean text -> Serene landscapes with rolling green hills -> Hilly landscape with lush green trees and a village -> Rural setting with villagers engaged in agricultural activities.",
            "D. Serene landscape scene with three trees -> Nocturnal scene with a man walking -> Surreal scene with a tree and statue head -> Dusk or dawn scene with a person gazing towards a vehicle -> Snow-covered landscape with Korean text -> Sunset scene with a person facing a spotlight -> Serene landscapes with rolling green hills -> Hilly landscape with lush green trees and a village -> Rural setting with villagers engaged in agricultural activities."
        ],
        "answer": "A",
        "qa_level": "long_term",
        "qa_type": "mcqa",
        "old_answer": "A"
    }
]