[
    {
        "qa_idx": 1,
        "qa_type": "qa",
        "qa_level": "frame",
        "qa_task": "object understanding",
        "question": "Is the pink anthropomorphic pig character covered by a polka-dotted blanket at 1956.0 seconds into the video?",
        "answer": "Yes",
        "old_answer": "Yes"
    },
    {
        "qa_idx": 3,
        "qa_type": "qa",
        "qa_level": "within_event",
        "qa_task": "object understanding",
        "question": "Is there a toy red car with smiling cartoon characters partially off-screen at the beginning of the event from 937.0 to 996.0 seconds?",
        "answer": "Yes",
        "old_answer": "Yes"
    },
    {
        "qa_idx": 4,
        "qa_task": "character-understanding",
        "question": "What is the animated character doing in the video frame at 595.0 seconds?",
        "options": [
            "A. The character is playing outside.",
            "B. The character is sleeping.",
            "C. The character is in a kitchen environment.",
            "D. The character is reading a book."
        ],
        "answer": "C",
        "qa_level": "frame",
        "qa_type": "mcqa",
        "old_answer": "C"
    },
    {
        "qa_idx": 5,
        "qa_type": "qa",
        "qa_level": "within_event",
        "qa_task": "object understanding",
        "question": "Is there a pig character in a red dress walking along a winding path in the video from 138.0 to 153.0 seconds?",
        "answer": "Yes",
        "old_answer": "Yes"
    },
    {
        "qa_idx": 6,
        "qa_type": "qa",
        "qa_level": "cross_event",
        "qa_task": "action-understanding",
        "question": "In the event from 874.0 to 936.0, does the scene transition from an indoor kitchen setting to an outdoor setting with a tall yellow house and a red convertible car?",
        "answer": "Yes",
        "old_answer": "Yes"
    },
    {
        "qa_idx": 7,
        "qa_type": "qa",
        "qa_level": "cross_event",
        "qa_task": "speed",
        "question": "From the time of 1010.0 to 1105.0, do the animated characters in the museum setting move at a faster pace compared to the anthropomorphic characters near the red car in the residential setting from the time of 1106.0 to 1160.0?",
        "answer": "No",
        "old_answer": "No"
    },
    {
        "qa_idx": 9,
        "qa_type": "qa",
        "qa_level": "long_term",
        "qa_task": "object understanding",
        "question": "Is there a green toy dinosaur present in the scenes from 3.0 to 2463.0 seconds?",
        "answer": "Yes",
        "old_answer": "Yes"
    },
    {
        "qa_idx": 10,
        "qa_task": "descriptive-scene",
        "question": "What time is shown on the clock in the children's bedroom at the beginning of the video event from 2009.0 to 2067.0 seconds?",
        "options": [
            "A. 4 o'clock.",
            "B. 6 o'clock.",
            "C. 9 o'clock.",
            "D. 12 o'clock."
        ],
        "answer": "A",
        "qa_level": "within_event",
        "qa_type": "mcqa",
        "old_answer": "A"
    },
    {
        "qa_idx": 13,
        "qa_task": "descriptive-scene",
        "question": "Where does the scene take place at the beginning of the event from 600.0 to 673.0 seconds?",
        "options": [
            "A. A lively kitchen.",
            "B. A brightly colored bathroom.",
            "C. A nighttime bedroom.",
            "D. An outdoor setting."
        ],
        "answer": "A",
        "qa_level": "cross_event",
        "qa_type": "mcqa",
        "old_answer": "A"
    },
    {
        "qa_idx": 14,
        "qa_task": "camera-direction",
        "question": "How does the camera movement contribute to the transition between the close-up of the pink character and the family scene in the living room from 675.0 to 735.0 seconds?",
        "options": [
            "A. The camera zooms out from the close-up to reveal the family scene.",
            "B. The camera pans left to transition from the close-up to the family scene.",
            "C. The camera tilts upwards to show the family scene from the close-up.",
            "D. The camera remains static and the scene changes abruptly."
        ],
        "answer": "A",
        "qa_level": "cross_event",
        "qa_type": "mcqa",
        "old_answer": "A"
    },
    {
        "qa_idx": 15,
        "qa_task": "temporal-relationship",
        "question": "What happened after the bus arrived at the park entrance with a dinosaur-themed sign?",
        "options": [
            "A. The bus continued traveling through the countryside.",
            "B. The animated characters were shown eagerly looking out at their surroundings.",
            "C. The characters went back home.",
            "D. The bus broke down."
        ],
        "answer": "B",
        "qa_level": "long_term",
        "qa_type": "mcqa",
        "old_answer": "B"
    },
    {
        "qa_idx": 16,
        "qa_task": "spatial-relationship",
        "question": "Where is the rabbit character dressed in a blue outfit and straw hat seen engaging with the forest setting?",
        "options": [
            "A. In a lush green environment with dense trees, plants, and large rocks.",
            "B. In a children's bedroom with bunk beds and toys.",
            "C. In a kitchen with a round table and food.",
            "D. In a museum with dinosaur models."
        ],
        "answer": "A",
        "qa_level": "long_term",
        "qa_type": "mcqa",
        "old_answer": "A"
    },
    {
        "qa_idx": 19,
        "qa_task": "camera-direction",
        "question": "What does the camera do as the bus arrives at the park entrance and the characters express excitement and curiosity from 3.0 to 2463.0 seconds?",
        "options": [
            "A. The camera zooms in on the bus.",
            "B. The camera pans across the park entrance.",
            "C. The camera moves closer to the characters.",
            "D. The camera remains stationary."
        ],
        "answer": "C",
        "qa_level": "long_term",
        "qa_type": "mcqa",
        "old_answer": "C"
    },
    {
        "qa_idx": 20,
        "qa_task": "speed",
        "question": "Which character is faster, the blue bus or the rabbit sliding down the gray path?",
        "options": [
            "A. The blue bus.",
            "B. The rabbit sliding down the gray path.",
            "C. Both are at the same speed.",
            "D. None of the above."
        ],
        "answer": "A",
        "qa_level": "long_term",
        "qa_type": "mcqa",
        "old_answer": "A"
    },
    {
        "qa_idx": 21,
        "qa_task": "attribute-change",
        "question": "How does the setting change from the beginning to the end of the video event from 3.0 to 2463.0 seconds?",
        "options": [
            "A. From a countryside setting to a vibrant forest.",
            "B. From a vibrant forest to a children's bedroom.",
            "C. From a children's bedroom to a museum setting.",
            "D. From a museum setting to a kitchen."
        ],
        "answer": "A",
        "qa_level": "long_term",
        "qa_type": "mcqa",
        "old_answer": "A"
    },
    {
        "qa_idx": 22,
        "qa_task": "object understanding",
        "question": "What toy is prominently featured in the video from 3.0 to 2463.0 seconds?",
        "options": [
            "A. A green dinosaur toy.",
            "B. A red toy car.",
            "C. A blue toy boat.",
            "D. A yellow rubber duck."
        ],
        "answer": "A",
        "qa_level": "long_term",
        "qa_type": "mcqa",
        "old_answer": "A"
    },
    {
        "qa_idx": 23,
        "qa_task": "time-order",
        "question": "In which order do the events occur in the video from 3.0 to 2463.0 seconds?",
        "options": [
            "A. The scene starts with Peppa Pig's introduction, followed by a bus trip to Grampy Rabbit's Dinosaur Park, then a forest exploration, and ends with a family celebration around a birthday cake.",
            "B. The scene starts with a family celebration around a birthday cake, followed by a bus trip to Grampy Rabbit's Dinosaur Park, then Peppa Pig's introduction, and ends with a forest exploration.",
            "C. The scene starts with a forest exploration, followed by Peppa Pig's introduction, then a bus trip to Grampy Rabbit's Dinosaur Park, and ends with a family celebration around a birthday cake.",
            "D. The scene starts with a bus trip to Grampy Rabbit's Dinosaur Park, followed by Peppa Pig's introduction, then a family celebration around a birthday cake, and ends with a forest exploration."
        ],
        "answer": "A",
        "qa_level": "long_term",
        "qa_type": "mcqa",
        "old_answer": "A"
    },
    {
        "qa_idx": 24,
        "qa_task": "descriptive-scene",
        "question": "Where do the characters celebrate around a tiered birthday cake adorned with candles and decorations?",
        "options": [
            "A. In a kitchen.",
            "B. In a forest.",
            "C. In a classroom.",
            "D. In a living room."
        ],
        "answer": "B",
        "qa_level": "long_term",
        "qa_type": "mcqa",
        "old_answer": "B"
    }
]