[
    {
        "qa_idx": 0,
        "qa_type": "qa",
        "qa_level": "frame",
        "qa_task": "character-understanding",
        "question": "Is the man in the blue shirt engaged in conversation with another person at 870.0 seconds into the video?",
        "answer": "Yes",
        "old_answer": "Yes"
    },
    {
        "qa_idx": 1,
        "qa_task": "character-understanding",
        "question": "What is the woman in the video doing at 2495.0 seconds?",
        "options": [
            "A. The woman is sitting quietly.",
            "B. The woman is gesturing with her hand.",
            "C. The woman is reading a book.",
            "D. The woman is cooking."
        ],
        "answer": "B",
        "qa_level": "frame",
        "qa_type": "mcqa",
        "old_answer": "B"
    },
    {
        "qa_idx": 2,
        "qa_type": "qa",
        "qa_level": "frame",
        "qa_task": "object understanding",
        "question": "Is the woman seated on a plush, ornate chair with a wooden frame at 2300.0 seconds into the video?",
        "answer": "Yes",
        "old_answer": "Yes"
    },
    {
        "qa_idx": 3,
        "qa_task": "character-understanding",
        "question": "What is the man wearing in the video frame at 2013.0 seconds?",
        "options": [
            "A. Casual clothes.",
            "B. Sportswear.",
            "C. Formal suit.",
            "D. Pajamas."
        ],
        "answer": "C",
        "qa_level": "frame",
        "qa_type": "mcqa",
        "old_answer": "C"
    },
    {
        "qa_idx": 4,
        "qa_type": "qa",
        "qa_level": "within_event",
        "qa_task": "speed",
        "question": "Did the individuals in the video move quickly while engaging in phone conversations from 951.0 to 1017.0 seconds?",
        "answer": "No",
        "old_answer": "No"
    },
    {
        "qa_idx": 5,
        "qa_type": "qa",
        "qa_level": "cross_event",
        "qa_task": "action-understanding",
        "question": "In the events from 6.0 to 68.0 and 69.0 to 129.0 seconds, do both sequences feature individuals dressed in formal attire against a backdrop that includes red curtains and dark walls?",
        "answer": "Yes",
        "old_answer": "Yes"
    },
    {
        "qa_idx": 8,
        "qa_task": "time-order",
        "question": "What is the correct sequence of events from the two video descriptions from the time of 197.0 to 261.0 seconds and H to e seconds?",
        "options": [
            "A. A man in a thoughtful moment, followed by a woman in ceremonial clothing, then a montage with credits, and finally three individuals in coordinated attire.",
            "B. A woman in ceremonial clothing, followed by a man in a thoughtful moment, then three individuals in coordinated attire, and finally a montage with credits.",
            "C. Three individuals in coordinated attire, followed by a montage with credits, then a woman in ceremonial clothing, and finally a man in a thoughtful moment.",
            "D. A montage with credits, followed by three individuals in coordinated attire, then a man in a thoughtful moment, and finally a woman in ceremonial clothing."
        ],
        "answer": "A",
        "qa_level": "cross_event",
        "qa_type": "mcqa",
        "old_answer": "A"
    },
    {
        "qa_idx": 9,
        "qa_task": "spatial-relationship",
        "question": "Where is the man in a dark suit and a woman in a pink blouse standing closely together?",
        "options": [
            "A. In front of a red curtain and a stone wall.",
            "B. In front of a green wall and a white strip.",
            "C. In front of a decorative gate amidst greenery.",
            "D. In front of a wooden door frame and shelves with binders."
        ],
        "answer": "A",
        "qa_level": "long_term",
        "qa_type": "mcqa",
        "old_answer": "A"
    },
    {
        "qa_idx": 11,
        "qa_task": "speed",
        "question": "Which individual is depicted moving faster in the video sequence from 6.0 to 2840.0 seconds?",
        "options": [
            "A. The man in a suit standing in a dimly lit environment.",
            "B. The woman in intricate attire with embroidered patterns.",
            "C. The man in a checked shirt and light-colored pants in a waiting area.",
            "D. The woman in a bright orange shirt talking on a corded telephone."
        ],
        "answer": "C",
        "qa_level": "long_term",
        "qa_type": "mcqa",
        "old_answer": "C"
    },
    {
        "qa_idx": 12,
        "qa_task": "attribute-change",
        "question": "How does the lighting change throughout the video from 6.0 to 2840.0 seconds?",
        "options": [
            "A. The lighting remains consistently bright.",
            "B. The lighting transitions from low-light to warm and soft lighting.",
            "C. The lighting changes from bright to dark.",
            "D. The lighting remains consistently dark."
        ],
        "answer": "B",
        "qa_level": "long_term",
        "qa_type": "mcqa",
        "old_answer": "B"
    }
]