[
    {
        "qa_idx": 0,
        "qa_type": "qa",
        "qa_level": "frame",
        "qa_task": "character-understanding",
        "question": "Is the man in the art gallery wearing a dark-colored t-shirt at 962.0 seconds into the video?",
        "answer": "Yes",
        "old_answer": "Yes"
    },
    {
        "qa_idx": 1,
        "qa_type": "qa",
        "qa_level": "within_event",
        "qa_task": "camera-direction",
        "question": "Does the camera remain stationary during the virtual meeting scenes from 2485.0 to 2546.0 seconds?",
        "answer": "Yes",
        "old_answer": "Yes"
    },
    {
        "qa_idx": 2,
        "qa_task": "character-understanding",
        "question": "What is the setting of the person in the top right section of the video frame at 2249.0 seconds?",
        "options": [
            "A. A promotional background for UnionBank Online.",
            "B. A gallery or museum setting.",
            "C. A conference room with a poster honoring frontline workers.",
            "D. An office-like setting with framed certificates and artwork."
        ],
        "answer": "B",
        "qa_level": "frame",
        "qa_type": "mcqa",
        "old_answer": "B"
    },
    {
        "qa_idx": 3,
        "qa_type": "qa",
        "qa_level": "cross_event",
        "qa_task": "action-understanding",
        "question": "In the event from 1341.0 to 1436.0 seconds, does the promotional content focus on physical banking services?",
        "answer": "No",
        "old_answer": "No"
    },
    {
        "qa_idx": 5,
        "qa_task": "camera-direction",
        "question": "In the video event from 2650.0 to 2718.0 seconds, does the camera focus on a single participant or does it show all participants simultaneously?",
        "options": [
            "A. The camera focuses on a single participant.",
            "B. The camera shows all participants simultaneously.",
            "C. The camera moves between participants.",
            "D. The camera zooms in on the background of each participant."
        ],
        "answer": "B",
        "qa_level": "within_event",
        "qa_type": "mcqa",
        "old_answer": "B"
    },
    {
        "qa_idx": 7,
        "qa_task": "speed",
        "question": "Between 2301.0 seconds and 2361.0 seconds, how does the speed of the man's actions in the art gallery compare to the transitions between different scenes in the video conference?",
        "options": [
            "A. The man's actions in the art gallery are slower than the transitions between different scenes in the video conference.",
            "B. The man's actions in the art gallery are faster than the transitions between different scenes in the video conference.",
            "C. The man's actions in the art gallery and the transitions between different scenes in the video conference occur at the same speed.",
            "D. The speed of the man's actions in the art gallery and the transitions between different scenes in the video conference cannot be compared."
        ],
        "answer": "A",
        "qa_level": "cross_event",
        "qa_type": "mcqa",
        "old_answer": "A"
    },
    {
        "qa_idx": 8,
        "qa_task": "temporal-relationship",
        "question": "What happens after the discussion on 'ONE ACCOUNT' within the context of a 'National Retail Payment System'?",
        "options": [
            "A. The event transitions to a webinar style session discussing the 'Adoption of a National QR Code Standard'.",
            "B. The event ends with a promotional graphic for UnionBank Online.",
            "C. The participants engage in a casual conversation about their personal lives.",
            "D. The event shifts to a discussion about the 'Global Linker' platform."
        ],
        "answer": "A",
        "qa_level": "long_term",
        "qa_type": "mcqa",
        "old_answer": "A"
    },
    {
        "qa_idx": 9,
        "qa_task": "causal",
        "question": "Why did the participants in the virtual meeting have different backgrounds such as an art gallery, an office, and a 'SALUTE TO THE FRONTLINERS' banner from 6.0 to 2863.0 seconds?",
        "options": [
            "A. To showcase the diverse themes and settings of the virtual meeting.",
            "B. To confuse the viewers.",
            "C. To hide their real locations.",
            "D. To promote different products."
        ],
        "answer": "A",
        "qa_level": "long_term",
        "qa_type": "mcqa",
        "old_answer": "A"
    },
    {
        "qa_idx": 12,
        "qa_task": "camera-direction",
        "question": "In the video event from 6.0 to 2863.0 seconds, what direction does the camera move when showcasing the UnionBank Online promotional content?",
        "options": [
            "A. The camera moves closer to the promotional content.",
            "B. The camera moves away from the promotional content.",
            "C. The camera remains stationary.",
            "D. The camera moves to the left."
        ],
        "answer": "A",
        "qa_level": "long_term",
        "qa_type": "mcqa",
        "old_answer": "A"
    },
    {
        "qa_idx": 13,
        "qa_task": "speed",
        "question": "Which participant's background is shown to change the fastest during the virtual meeting from 6.0 to 2863.0 seconds?",
        "options": [
            "A. The participant in front of the UnionBank Online advertisement.",
            "B. The participant in the office with framed pictures and certificates.",
            "C. The participant in the art gallery.",
            "D. The participant in front of the 'SALUTE TO THE FRONTLINERS' banner."
        ],
        "answer": "C",
        "qa_level": "long_term",
        "qa_type": "mcqa",
        "old_answer": "C"
    },
    {
        "qa_idx": 15,
        "qa_task": "object understanding",
        "question": "What objects are featured in the promotional graphic for the online event titled 'Digital Banking: The New Normal' presented by UnionBank?",
        "options": [
            "A. QR codes for downloading the app.",
            "B. A trophy and certificates.",
            "C. A mobile phone displaying the bank’s app.",
            "D. Framed artworks and paintings."
        ],
        "answer": "A",
        "qa_level": "long_term",
        "qa_type": "mcqa",
        "old_answer": "A"
    },
    {
        "qa_idx": 16,
        "qa_task": "time-order",
        "question": "In which order do the events occur in the video from 6.0 to 2863.0 seconds?",
        "options": [
            "A. The video begins with a promotional graphic for an online event titled 'Digital Banking: The New Normal,' followed by a virtual meeting setup with four participants in distinct environments, then transitions to a man seated in an office environment, and ends with a discussion on the 'Adoption of a National QR Code Standard'.",
            "B. The video begins with a man standing in an art gallery, followed by a virtual meeting setup with four participants in distinct environments, then transitions to a promotional graphic for an online event titled 'Digital Banking: The New Normal,' and ends with a discussion on the 'Adoption of a National QR Code Standard'.",
            "C. The video begins with a virtual meeting setup with four participants in distinct environments, followed by a promotional graphic for an online event titled 'Digital Banking: The New Normal,' then transitions to a man standing in an art gallery, and ends with a discussion on the 'Adoption of a National QR Code Standard'.",
            "D. The video begins with a discussion on the 'Adoption of a National QR Code Standard,' followed by a promotional graphic for an online event titled 'Digital Banking: The New Normal,' then transitions to a virtual meeting setup with four participants in distinct environments, and ends with a man standing in an art gallery."
        ],
        "answer": "A",
        "qa_level": "long_term",
        "qa_type": "mcqa",
        "old_answer": "A"
    }
]