[
    {
        "qa_idx": 0,
        "qa_type": "qa",
        "qa_level": "frame",
        "qa_task": "object understanding",
        "question": "Are there three webcam feeds visible in the video frame at 4411.0 seconds?",
        "answer": "Yes",
        "old_answer": "Yes"
    },
    {
        "qa_idx": 1,
        "qa_task": "object understanding",
        "question": "What is displayed in the bottom-left video feed at 1755.0 seconds into the video?",
        "options": [
            "A. A person seated in a room with orange and blue walls.",
            "B. An individual near some cushioned toys and a lamp.",
            "C. A person wearing a headset with the word 'BOYS' on the back, with a guitar hanging on a wall behind them.",
            "D. An empty room with a desk and a chair."
        ],
        "answer": "C",
        "qa_level": "frame",
        "qa_type": "mcqa",
        "old_answer": "C"
    },
    {
        "qa_idx": 2,
        "qa_type": "qa",
        "qa_level": "frame",
        "qa_task": "object understanding",
        "question": "Is there a large grid area on the right-hand side of the frame at 4660.0 seconds into the video?",
        "answer": "Yes",
        "old_answer": "Yes"
    },
    {
        "qa_idx": 3,
        "qa_task": "character-understanding",
        "question": "What is the character with wild hair doing in the comic strip titled 'Cyanide & Happiness: Drawing a Blank' at 3505.0 seconds into the video?",
        "options": [
            "A. The character is singing or shouting.",
            "B. The character is dancing.",
            "C. The character is sleeping.",
            "D. The character is eating."
        ],
        "answer": "A",
        "qa_level": "frame",
        "qa_type": "mcqa",
        "old_answer": "A"
    },
    {
        "qa_idx": 4,
        "qa_type": "qa",
        "qa_level": "within_event",
        "qa_task": "object understanding",
        "question": "Is one of the participants in the video call wearing a hat between 2254.0 seconds and 3005.0 seconds?",
        "answer": "Yes",
        "old_answer": "Yes"
    },
    {
        "qa_idx": 5,
        "qa_task": "descriptive-scene",
        "question": "What is the main activity taking place in the video frame at 2004.0 seconds?",
        "options": [
            "A. A virtual meeting with participants discussing cartoon illustrations.",
            "B. A live concert with multiple musicians.",
            "C. A cooking show with different chefs.",
            "D. A fitness class with various instructors."
        ],
        "answer": "A",
        "qa_level": "frame",
        "qa_type": "mcqa",
        "old_answer": "A"
    },
    {
        "qa_idx": 6,
        "qa_type": "qa",
        "qa_level": "cross_event",
        "qa_task": "character-understanding",
        "question": "Were there individuals participating in a video call or online conference in both events from 3504.0 to 3564.0 and 3754.0 to 3755.0?",
        "answer": "Yes",
        "old_answer": "Yes"
    },
    {
        "qa_idx": 7,
        "qa_task": "object-direction",
        "question": "In the video event from 504.0 to 565.0 seconds, which direction does the digital drawing featuring a giant figure holding a sign saying 'NO Clothes' appear relative to the split-screen layout?",
        "options": [
            "A. Left side of the frame.",
            "B. Right side of the frame.",
            "C. Top side of the frame.",
            "D. Bottom side of the frame."
        ],
        "answer": "B",
        "qa_level": "within_event",
        "qa_type": "mcqa",
        "old_answer": "B"
    },
    {
        "qa_idx": 8,
        "qa_type": "qa",
        "qa_level": "cross_event",
        "qa_task": "action-understanding",
        "question": "During the video call from 2254.0 to 3005.0, do the participants engage in a live cooking demonstration?",
        "answer": "No",
        "old_answer": "No"
    },
    {
        "qa_idx": 9,
        "qa_task": "attribute-change",
        "question": "How do the backdrops of the individuals in the virtual meeting change over time from 4004.0 to 4064.0 seconds?",
        "options": [
            "A. The backdrops become darker.",
            "B. The backdrops remain the same.",
            "C. The backdrops change to different colors and decorations.",
            "D. The backdrops gradually disappear."
        ],
        "answer": "B",
        "qa_level": "within_event",
        "qa_type": "mcqa",
        "old_answer": "B"
    },
    {
        "qa_idx": 10,
        "qa_task": "speed",
        "question": "During the 754.0 to 814.0 seconds of the video, which element changes more frequently?",
        "options": [
            "A. The participants in the video conference windows.",
            "B. The comic strips on the right side of the screen.",
            "C. The background of the participants.",
            "D. The title of the comic strips."
        ],
        "answer": "B",
        "qa_level": "within_event",
        "qa_type": "mcqa",
        "old_answer": "B"
    },
    {
        "qa_idx": 11,
        "qa_task": "spatial-relationship",
        "question": "In the video event from 2254.0 to 3005.0 seconds, where are the participants located during the video call?",
        "options": [
            "A. All participants are in the same room.",
            "B. Each participant is in a different location, including a room with vibrant colors, an office, and a dimly lit room with a musical instrument.",
            "C. All participants are in an office setting.",
            "D. Each participant is in a comic illustration section."
        ],
        "answer": "B",
        "qa_level": "cross_event",
        "qa_type": "mcqa",
        "old_answer": "B"
    },
    {
        "qa_idx": 12,
        "qa_task": "spatial-relationship",
        "question": "In the event from 4004.0 to 4064.0 seconds, where are the three individuals engaged in a digital conference or video call positioned in the split-screen format?",
        "options": [
            "A. On the left side.",
            "B. On the right side.",
            "C. In the center.",
            "D. At the bottom."
        ],
        "answer": "A",
        "qa_level": "cross_event",
        "qa_type": "mcqa",
        "old_answer": "A"
    },
    {
        "qa_idx": 13,
        "qa_task": "spatial-relationship",
        "question": "Where is the digital drawing depicting a cartoonish figure with a distressed expression and the word 'HELP!' located in the video call interface?",
        "options": [
            "A. On the left side of the screen.",
            "B. On the right side of the screen.",
            "C. At the top of the screen.",
            "D. At the bottom of the screen."
        ],
        "answer": "B",
        "qa_level": "long_term",
        "qa_type": "mcqa",
        "old_answer": "B"
    },
    {
        "qa_idx": 14,
        "qa_task": "causal",
        "question": "Why are the participants engaged in a video call in the 'Cyanide & Happiness: Drawing a Blank' session from 4.0 to 4937.0 seconds?",
        "options": [
            "A. To discuss a business project.",
            "B. To participate in a creative drawing activity.",
            "C. To plan a vacation.",
            "D. To watch a movie together."
        ],
        "answer": "B",
        "qa_level": "long_term",
        "qa_type": "mcqa",
        "old_answer": "B"
    },
    {
        "qa_idx": 15,
        "qa_task": "plot-understanding",
        "question": "What is the main activity taking place in the video from 4.0 to 4937.0 seconds?",
        "options": [
            "A. A virtual meeting with participants discussing business strategies.",
            "B. A collaborative drawing session involving humorous comic strips.",
            "C. A cooking show with participants sharing recipes.",
            "D. A virtual fitness class with participants exercising together."
        ],
        "answer": "B",
        "qa_level": "long_term",
        "qa_type": "mcqa",
        "old_answer": "B"
    },
    {
        "qa_idx": 16,
        "qa_task": "object-direction",
        "question": "In the video event from 4.0 to 4937.0 seconds, which direction is the comic strip 'Fish Flushins #343' displayed relative to the video call participants?",
        "options": [
            "A. Above the video call participants.",
            "B. Below the video call participants.",
            "C. To the left of the video call participants.",
            "D. To the right of the video call participants."
        ],
        "answer": "D",
        "qa_level": "long_term",
        "qa_type": "mcqa",
        "old_answer": "D"
    },
    {
        "qa_idx": 17,
        "qa_task": "attribute-change",
        "question": "How does the comic strip content change throughout the video from 4.0 to 4937.0 seconds?",
        "options": [
            "A. The comic strip remains the same throughout the video.",
            "B. The comic strip changes from a simple line drawing to detailed, humorous illustrations.",
            "C. The comic strip changes from a detailed illustration to a blank canvas.",
            "D. The comic strip changes from a humorous illustration to a serious one."
        ],
        "answer": "B",
        "qa_level": "long_term",
        "qa_type": "mcqa",
        "old_answer": "B"
    },
    {
        "qa_idx": 18,
        "qa_task": "character-understanding",
        "question": "What are the participants in the video call doing during the 'Cyanide & Happiness: Drawing a Blank' session from 4.0 to 4937.0 seconds?",
        "options": [
            "A. They are playing a musical instrument.",
            "B. They are engaged in a creative drawing task.",
            "C. They are cooking.",
            "D. They are exercising."
        ],
        "answer": "B",
        "qa_level": "long_term",
        "qa_type": "mcqa",
        "old_answer": "B"
    },
    {
        "qa_idx": 19,
        "qa_task": "object understanding",
        "question": "What is the title of the comic strip displayed on the right side of the screen during the virtual meeting?",
        "options": [
            "A. Cyanide & Happiness: Drawing a Blank.",
            "B. Fish Flushins #343.",
            "C. Cyanide & Happiness: The Great Escape.",
            "D. Cyanide & Happiness: The Big Adventure."
        ],
        "answer": "A",
        "qa_level": "long_term",
        "qa_type": "mcqa",
        "old_answer": "A"
    },
    {
        "qa_idx": 20,
        "qa_task": "time-order",
        "question": "In which order do the events occur in the video from 4.0 to 4937.0 seconds?",
        "options": [
            "A. The video event starts with a multi-person video call interface visible on the left side of the screen, showing three participants each in separate rectangular sections. They are located in different well-lit indoor environments. To the right side of the screen, there is a digital drawing depicting a cartoonish figure with a distressed expression and the word 'HELP!' above its head.",
            "B. The event opens with a multi-person interaction that appears to be taking place via video conference. This segment, part of 'Cyanide & Happiness: Drawing a Blank,' shows three individuals in different quadrants of the video call. The top left participant is in a room with an orange wall and office furniture, while the bottom left participant wears headphones and a hat with 'BOYS' on it, with a guitar visible on the wall behind. The right half of the frame displays a simple line drawing, possibly the focus of the discussion.",
            "C. The event begins with a split view at 1004.0 seconds into the video. The left side of the frame includes a four-panel layout featuring a Cyanide & Happiness comic titled 'Drawing A Blank.' This depicts panels involving cartoon scenarios, including a person seated on a toilet interacting with a bird and another character bent over with a comical face. Simultaneously, four video call windows display three men and one person whose face is not visible.",
            "D. The event sequence commences with a virtual meeting interface displaying three participants with a background themed as 'Cyanide & Happiness: Drawing a Blank.' Two participants are in brightly lit rooms, possibly home offices, while the third is in a darker setting. A large grid area on the right-hand side indicates it is likely used for collaborative drawing, labeled 'Kris W [Layer 1].'."
        ],
        "answer": "A",
        "qa_level": "long_term",
        "qa_type": "mcqa",
        "old_answer": "A"
    },
    {
        "qa_idx": 21,
        "qa_task": "descriptive-scene",
        "question": "What is the main setting of the video event from 4.0 to 4937.0 seconds?",
        "options": [
            "A. A physical meeting room.",
            "B. A virtual meeting with a comic strip.",
            "C. An outdoor park.",
            "D. A classroom."
        ],
        "answer": "B",
        "qa_level": "long_term",
        "qa_type": "mcqa",
        "old_answer": "B"
    }
]