[
    {
        "qa_idx": 0,
        "qa_task": "character-understanding",
        "question": "What is the main characteristic of the scene in the video frame at 1641.0 seconds?",
        "options": [
            "A. It is a barren desert.",
            "B. It is a lively and densely vegetated scene.",
            "C. It is a snowy landscape.",
            "D. It is an urban cityscape."
        ],
        "answer": "B",
        "qa_level": "frame",
        "qa_type": "mcqa",
        "old_answer": "B"
    },
    {
        "qa_idx": 1,
        "qa_type": "qa",
        "qa_level": "frame",
        "qa_task": "object understanding",
        "question": "Is there a houseplant in the upper portion of the frame at 1455.0 seconds into the video?",
        "answer": "Yes",
        "old_answer": "Yes"
    },
    {
        "qa_idx": 2,
        "qa_task": "spatial-relationship",
        "question": "Where is the smaller red figure positioned in the frame at 651.0 seconds?",
        "options": [
            "A. On the left side.",
            "B. On the right side.",
            "C. In the center.",
            "D. In the background."
        ],
        "answer": "C",
        "qa_level": "frame",
        "qa_type": "mcqa",
        "old_answer": "C"
    },
    {
        "qa_idx": 3,
        "qa_type": "qa",
        "qa_level": "within_event",
        "qa_task": "speed",
        "question": "Did the yellow and orange caterpillar-like character move quickly while interacting with the small green character from 423.0 to 477.0 seconds?",
        "answer": "No",
        "old_answer": "No"
    },
    {
        "qa_idx": 4,
        "qa_task": "object understanding",
        "question": "What is the central character in the animated scene at 1519.0 seconds into the video?",
        "options": [
            "A. A brightly colored, anthropomorphic slug or caterpillar with a yellow body and orange accents.",
            "B. A blue bird with red wings.",
            "C. A green frog with yellow spots.",
            "D. A brown rabbit with white patches."
        ],
        "answer": "A",
        "qa_level": "frame",
        "qa_type": "mcqa",
        "old_answer": "A"
    },
    {
        "qa_idx": 5,
        "qa_type": "qa",
        "qa_level": "cross_event",
        "qa_task": "action-understanding",
        "question": "In the scene from 278.0 to 340.0, do the anthropomorphic characters engage in a dance performance in the courtyard?",
        "answer": "No",
        "old_answer": "No"
    },
    {
        "qa_idx": 6,
        "qa_task": "speed",
        "question": "Which character appears to move faster in the scene from 1601.0 to 1661.0 seconds?",
        "options": [
            "A. The animated insect with large eyes and antennae.",
            "B. The yellow slug-like character.",
            "C. The beetle and larva-like characters.",
            "D. None of the characters move."
        ],
        "answer": "D",
        "qa_level": "within_event",
        "qa_type": "mcqa",
        "old_answer": "D"
    },
    {
        "qa_idx": 7,
        "qa_task": "attribute-change",
        "question": "How does the background change from the beginning to the end of the video event from 486.0 to 545.0 seconds?",
        "options": [
            "A. It changes from a sepia-toned background to a dimly lit underground environment.",
            "B. It changes from a bright green background to a sepia-toned background.",
            "C. It changes from an outdoor garden setting to an indoor deteriorated wall.",
            "D. It changes from a whimsical scene with a wilted plant to a serene garden setting."
        ],
        "answer": "A",
        "qa_level": "within_event",
        "qa_type": "mcqa",
        "old_answer": "A"
    },
    {
        "qa_idx": 9,
        "qa_task": "character-understanding",
        "question": "What is the red cartoon character doing in the video event from 842.0 to 902.0 seconds?",
        "options": [
            "A. The red cartoon character is sleeping.",
            "B. The red cartoon character is extending its tongue towards a honey pot.",
            "C. The red cartoon character is dancing.",
            "D. The red cartoon character is reading a book."
        ],
        "answer": "B",
        "qa_level": "within_event",
        "qa_type": "mcqa",
        "old_answer": "B"
    },
    {
        "qa_idx": 10,
        "qa_type": "qa",
        "qa_level": "long_term",
        "qa_task": "object understanding",
        "question": "Is there a large rock depicted in the outdoor setting with a makeshift structure and a duck-like object on a string between 1.0 and 2518.0 seconds?",
        "answer": "Yes",
        "old_answer": "Yes"
    },
    {
        "qa_idx": 11,
        "qa_task": "scene-understanding",
        "question": "What is the setting of the event from 2462.0 to 2502.0 seconds?",
        "options": [
            "A. A small green car in an outdoor urban area with a concrete ground and a blue structure in the background.",
            "B. A forest with tall trees and a river flowing nearby.",
            "C. A beach with sand and ocean waves in the background.",
            "D. A classroom with desks and a blackboard."
        ],
        "answer": "A",
        "qa_level": "within_event",
        "qa_type": "mcqa",
        "old_answer": "A"
    },
    {
        "qa_idx": 12,
        "qa_task": "camera-direction",
        "question": "How does the camera direction change from the beginning to the end of the event from 2390.0 to 2457.0 seconds?",
        "options": [
            "A. The camera starts with a close-up of the insect characters and then moves to a wide shot of the urban skyline.",
            "B. The camera starts with a wide shot of the urban skyline and then moves to a close-up of the insect characters.",
            "C. The camera remains static throughout the event.",
            "D. The camera starts with a close-up of the green car and then moves to a wide shot of the insect characters."
        ],
        "answer": "A",
        "qa_level": "cross_event",
        "qa_type": "mcqa",
        "old_answer": "A"
    },
    {
        "qa_idx": 13,
        "qa_task": "time-order",
        "question": "What is the correct sequence of events in the video from 1842.0 to 1902.0 seconds?",
        "options": [
            "A. The scene starts with a subdued natural setting featuring a prominent plant and a wooden jointed figure, then transitions to a vibrant backdrop with large flowers and animated characters.",
            "B. The scene starts with a vibrant backdrop with large flowers and animated characters, then transitions to a subdued natural setting featuring a prominent plant and a wooden jointed figure.",
            "C. The scene maintains a consistent subdued natural setting throughout the entire duration.",
            "D. The scene maintains a consistent vibrant backdrop with large flowers and animated characters throughout the entire duration."
        ],
        "answer": "B",
        "qa_level": "cross_event",
        "qa_type": "mcqa",
        "old_answer": "B"
    },
    {
        "qa_idx": 14,
        "qa_task": "speed",
        "question": "Between the time of 2326.0 seconds to 2388.0 seconds and H to e seconds, which character's speed is more emphasized in the video events?",
        "options": [
            "A. The small anthropomorphic caterpillar.",
            "B. The colorful creature with a blue head.",
            "C. The red larva with an expressive face.",
            "D. The rhinoceros beetle equipped with boxing gloves."
        ],
        "answer": "D",
        "qa_level": "cross_event",
        "qa_type": "mcqa",
        "old_answer": "D"
    },
    {
        "qa_idx": 16,
        "qa_task": "temporal-relationship",
        "question": "What happens after the scene with the animated banana interacting in a naturalistic setting?",
        "options": [
            "A. A yellow worm-like character engaging with a red worm-like character attached to a string.",
            "B. A bird in mid-air with scattered feathers against an urban sunset backdrop.",
            "C. A colorful party hat in an industrial or rustic environment.",
            "D. A small blue character appears exhausted on the ground amidst various cluttered objects."
        ],
        "answer": "A",
        "qa_level": "long_term",
        "qa_type": "mcqa",
        "old_answer": "A"
    },
    {
        "qa_idx": 17,
        "qa_task": "spatial-relationship",
        "question": "Where is the small blue character seen exhausted on the ground amidst various cluttered objects?",
        "options": [
            "A. In a whimsical indoor environment with large windows.",
            "B. In a rustic outdoor area with a large rock and makeshift structure.",
            "C. In an outdoor environment with various objects including cardboard boxes and fruit pieces scattered on the ground.",
            "D. In a serene garden setting with lush plants and colorful berries."
        ],
        "answer": "C",
        "qa_level": "long_term",
        "qa_type": "mcqa",
        "old_answer": "C"
    },
    {
        "qa_idx": 19,
        "qa_task": "camera-direction",
        "question": "How does the camera move in the video from 1.0 to 2518.0 seconds?",
        "options": [
            "A. The camera remains static throughout the video.",
            "B. The camera moves closer to the characters and objects.",
            "C. The camera zooms out to show a wider view of the scenes.",
            "D. The camera pans left and right to follow the characters."
        ],
        "answer": "B",
        "qa_level": "long_term",
        "qa_type": "mcqa",
        "old_answer": "B"
    },
    {
        "qa_idx": 20,
        "qa_task": "speed",
        "question": "Which character is moving faster in the video from 1.0 to 2518.0 seconds?",
        "options": [
            "A. The yellow worm-like character.",
            "B. The red worm-like character.",
            "C. The animated banana character.",
            "D. The small blue character."
        ],
        "answer": "A",
        "qa_level": "long_term",
        "qa_type": "mcqa",
        "old_answer": "A"
    },
    {
        "qa_idx": 21,
        "qa_task": "attribute-change",
        "question": "How does the environment change from the beginning to the end of the video event from 1.0 to 2518.0 seconds?",
        "options": [
            "A. From a whimsical animated setting to a futuristic urban environment.",
            "B. From a serene beach scene to a cluttered indoor space.",
            "C. From a traditional courtyard to a vibrant garden.",
            "D. From a rustic outdoor area to a serene indoor space."
        ],
        "answer": "A",
        "qa_level": "long_term",
        "qa_type": "mcqa",
        "old_answer": "A"
    },
    {
        "qa_idx": 23,
        "qa_task": "object understanding",
        "question": "What objects are prominently featured in the whimsical and eclectic animated setting at the beginning of the video event from 1.0 to 2518.0 seconds?",
        "options": [
            "A. A yellow banana character, an orange object, and a red-orange apple.",
            "B. A blue car, a green tree, and a red house.",
            "C. A black cat, a white dog, and a brown horse.",
            "D. A silver spoon, a golden fork, and a bronze knife."
        ],
        "answer": "A",
        "qa_level": "long_term",
        "qa_type": "mcqa",
        "old_answer": "A"
    }
]