[
    {
        "qa_idx": 0,
        "qa_task": "descriptive-scene",
        "question": "Where is the scene at 1406.0 seconds into the video taking place?",
        "options": [
            "A. On Earth.",
            "B. In a space station.",
            "C. In a space vehicle.",
            "D. In a control room."
        ],
        "answer": "C",
        "qa_level": "frame",
        "qa_type": "mcqa",
        "old_answer": "C"
    },
    {
        "qa_idx": 1,
        "qa_type": "qa",
        "qa_level": "frame",
        "qa_task": "character-understanding",
        "question": "Is there a countdown timer displayed on the screen at 276.0 seconds into the video?",
        "answer": "Yes",
        "old_answer": "Yes"
    },
    {
        "qa_idx": 2,
        "qa_task": "object understanding",
        "question": "What information is displayed at the bottom of the frame at 1486.0 seconds into the video?",
        "options": [
            "A. LAUNCH: CRS-6.",
            "B. T+ 00:07:28.",
            "C. SpaceX logo.",
            "D. East coast of the United States."
        ],
        "answer": "A",
        "qa_level": "frame",
        "qa_type": "mcqa",
        "old_answer": "A"
    },
    {
        "qa_idx": 3,
        "qa_type": "qa",
        "qa_level": "within_event",
        "qa_task": "object understanding",
        "question": "Are there three towers flanking the rocket in the video from 939.0 to 988.0 seconds?",
        "answer": "Yes",
        "old_answer": "Yes"
    },
    {
        "qa_idx": 5,
        "qa_type": "qa",
        "qa_level": "within_event",
        "qa_task": "camera-direction",
        "question": "Is the camera moving towards the rocket on the launch pad from 275.0 to 334.0 seconds?",
        "answer": "No",
        "old_answer": "No"
    },
    {
        "qa_idx": 7,
        "qa_type": "qa",
        "qa_level": "cross_event",
        "qa_task": "plot-understanding",
        "question": "Does the video event from 1819.0 to 1820.0 seconds show a continuation of the SpaceX 'LAUNCH: CRS-6' mission depicted in the event from 1715.0 to 1781.0 seconds?",
        "answer": "Yes",
        "old_answer": "Yes"
    },
    {
        "qa_idx": 8,
        "qa_task": "scene-understanding",
        "question": "What is the backdrop of the scene at the space launch facility from 178.0 to 260.0 seconds?",
        "options": [
            "A. A clear blue sky with scattered clouds.",
            "B. A cloudy sky with thunderstorms.",
            "C. A night sky with stars.",
            "D. A sunset with orange hues."
        ],
        "answer": "A",
        "qa_level": "within_event",
        "qa_type": "mcqa",
        "old_answer": "A"
    },
    {
        "qa_idx": 9,
        "qa_type": "qa",
        "qa_level": "cross_event",
        "qa_task": "plot-understanding",
        "question": "Does the rocket launch occur in both events described from 610.0 to 690.0 and 939.0 to 988.0?",
        "answer": "No",
        "old_answer": "No"
    },
    {
        "qa_idx": 10,
        "qa_task": "temporal-relationship",
        "question": "What was happening when the countdown timer showed T-00:13:01?",
        "options": [
            "A. The rocket was being erected vertically.",
            "B. Vapors or gases were emitting around the rocket.",
            "C. The rocket was launching.",
            "D. The control room was empty."
        ],
        "answer": "B",
        "qa_level": "within_event",
        "qa_type": "mcqa",
        "old_answer": "B"
    },
    {
        "qa_idx": 11,
        "qa_type": "qa",
        "qa_level": "long_term",
        "qa_task": "action-understanding",
        "question": "After the rocket launch, did the video show astronauts performing a spacewalk outside the spacecraft between 1486.0 seconds and 1820.0 seconds?",
        "answer": "No",
        "old_answer": "No"
    },
    {
        "qa_idx": 15,
        "qa_task": "camera-direction",
        "question": "How does the camera movement emphasize the rocket launch preparation scene from 489.0 seconds to 554.0 seconds?",
        "options": [
            "A. The camera moves backward to show the entire launch pad and surrounding structures.",
            "B. The camera moves forward to provide a detailed view of the SpaceX Dragon spacecraft atop its Falcon 9 launch vehicle.",
            "C. The camera remains stationary, focusing on the rocket from a single angle.",
            "D. The camera pans horizontally to capture the landscape and mission-specific buildings."
        ],
        "answer": "B",
        "qa_level": "cross_event",
        "qa_type": "mcqa",
        "old_answer": "B"
    },
    {
        "qa_idx": 17,
        "qa_task": "time-order",
        "question": "In which order do the events occur in the video from 18.0 seconds to 1820.0 seconds?",
        "options": [
            "A. The video begins with a black frame, transitions to a bustling indoor venue, then shows the SPACEX logo with a space-themed background, followed by the rocket on the launch pad, and finally the rocket launch.",
            "B. The video begins with a bustling indoor venue, transitions to a black frame, then shows the SPACEX logo with a space-themed background, followed by the rocket launch, and finally the rocket on the launch pad.",
            "C. The video begins with the SPACEX logo with a space-themed background, transitions to a bustling indoor venue, then shows a black frame, followed by the rocket on the launch pad, and finally the rocket launch.",
            "D. The video begins with a black frame, transitions to the SPACEX logo with a space-themed background, then shows a bustling indoor venue, followed by the rocket launch, and finally the rocket on the launch pad."
        ],
        "answer": "A",
        "qa_level": "long_term",
        "qa_type": "mcqa",
        "old_answer": "A"
    },
    {
        "qa_idx": 19,
        "qa_task": "speed",
        "question": "Which object is moving faster, the rocket or the spacecraft, during the SpaceX CRS-6 mission as shown from 18.0 to 1820.0 seconds?",
        "options": [
            "A. The rocket.",
            "B. The spacecraft.",
            "C. Both are moving at the same speed.",
            "D. None of the above."
        ],
        "answer": "A",
        "qa_level": "long_term",
        "qa_type": "mcqa",
        "old_answer": "A"
    },
    {
        "qa_idx": 20,
        "qa_task": "attribute-change",
        "question": "How does the scene change from the beginning at 18.0 seconds to the end at 1820.0 seconds?",
        "options": [
            "A. From a bustling indoor venue to a solid blue screen.",
            "B. From a dark, space-themed background to a rocket launch.",
            "C. From a clear, sunny setting to a spacecraft in flight.",
            "D. From a completely black frame to a solid blue screen."
        ],
        "answer": "D",
        "qa_level": "long_term",
        "qa_type": "mcqa",
        "old_answer": "D"
    }
]