[
    {
        "qa_idx": 0,
        "qa_task": "object understanding",
        "question": "What is the cartoon monkey holding in its hands at 988.0 seconds into the video?",
        "options": [
            "A. A banana.",
            "B. A rod or bar.",
            "C. A tree branch.",
            "D. A book."
        ],
        "answer": "B",
        "qa_level": "frame",
        "qa_type": "mcqa",
        "old_answer": "B"
    },
    {
        "qa_idx": 1,
        "qa_type": "qa",
        "qa_level": "frame",
        "qa_task": "object understanding",
        "question": "Is there a yellow garden hose visible on the lawn at 317.0 seconds into the video?",
        "answer": "Yes",
        "old_answer": "Yes"
    },
    {
        "qa_idx": 2,
        "qa_task": "object understanding",
        "question": "What is the small monkey character doing at 1073.0 seconds into the video?",
        "options": [
            "A. Sitting on a tree branch.",
            "B. Standing on a grassy surface, looking up with an inquisitive expression.",
            "C. Running around the market.",
            "D. Sleeping on the table."
        ],
        "answer": "B",
        "qa_level": "frame",
        "qa_type": "mcqa",
        "old_answer": "B"
    },
    {
        "qa_idx": 3,
        "qa_task": "spatial-relationship",
        "question": "What is the animated character holding at 1945.0 seconds into the video?",
        "options": [
            "A. A book and a pen.",
            "B. A notepad and a pencil.",
            "C. A tablet and a stylus.",
            "D. A chalkboard and a chalk."
        ],
        "answer": "B",
        "qa_level": "frame",
        "qa_type": "mcqa",
        "old_answer": "B"
    },
    {
        "qa_idx": 4,
        "qa_type": "qa",
        "qa_level": "within_event",
        "qa_task": "object understanding",
        "question": "Is there a small blue car in the video event from 349.0 to 409.0 seconds?",
        "answer": "Yes",
        "old_answer": "Yes"
    },
    {
        "qa_idx": 5,
        "qa_task": "descriptive-scene",
        "question": "Where is the red car situated in the video frame at 288.0 seconds?",
        "options": [
            "A. In a city street.",
            "B. In a natural environment.",
            "C. In a parking garage.",
            "D. In a desert."
        ],
        "answer": "B",
        "qa_level": "frame",
        "qa_type": "mcqa",
        "old_answer": "B"
    },
    {
        "qa_idx": 6,
        "qa_type": "qa",
        "qa_level": "cross_event",
        "qa_task": "speed",
        "question": "Did the dog in the first event (1949.0 to 2006.0) move at a slower pace compared to the dog in the second event (2013.0 to 2078.0)?",
        "answer": "No",
        "old_answer": "No"
    },
    {
        "qa_idx": 7,
        "qa_task": "camera-direction",
        "question": "Does the camera move closer to the dog or the person in red attire during the event from 1949.0 to 2006.0 seconds?",
        "options": [
            "A. The camera moves closer to the dog.",
            "B. The camera moves closer to the person in red attire.",
            "C. The camera moves away from the dog.",
            "D. The camera moves away from the person in red attire."
        ],
        "answer": "A",
        "qa_level": "within_event",
        "qa_type": "mcqa",
        "old_answer": "A"
    },
    {
        "qa_idx": 8,
        "qa_type": "qa",
        "qa_level": "cross_event",
        "qa_task": "camera-direction",
        "question": "Does the camera remain stationary while capturing the musical performance and festive atmosphere from 195.0 to 211.0 and 218.0 to 278.0?",
        "answer": "Yes",
        "old_answer": "Yes"
    },
    {
        "qa_idx": 9,
        "qa_type": "qa",
        "qa_level": "long_term",
        "qa_task": "object understanding",
        "question": "Is there a gazebo present in the park during the musical performance from 1.0 to 2834.0 seconds?",
        "answer": "Yes",
        "old_answer": "Yes"
    },
    {
        "qa_idx": 10,
        "qa_task": "plot-understanding",
        "question": "What is the main activity taking place in the video event from 195.0 to 211.0 seconds?",
        "options": [
            "A. A cooking demonstration.",
            "B. A musical performance.",
            "C. A sports event.",
            "D. A dance competition."
        ],
        "answer": "B",
        "qa_level": "within_event",
        "qa_type": "mcqa",
        "old_answer": "B"
    },
    {
        "qa_idx": 11,
        "qa_task": "plot-understanding",
        "question": "What is the primary setting of the first video event from 858.0 to 942.0 seconds?",
        "options": [
            "A. A bustling city street.",
            "B. A serene countryside house.",
            "C. A busy office environment.",
            "D. A crowded marketplace."
        ],
        "answer": "B",
        "qa_level": "cross_event",
        "qa_type": "mcqa",
        "old_answer": "B"
    },
    {
        "qa_idx": 12,
        "qa_task": "descriptive-scene",
        "question": "Where do the events in the video take place from the time of 62.0 to 122.0 seconds?",
        "options": [
            "A. In a park, an aquarium, and a museum.",
            "B. In a shopping mall and a library.",
            "C. In a school and a playground.",
            "D. In a restaurant and a theater."
        ],
        "answer": "A",
        "qa_level": "cross_event",
        "qa_type": "mcqa",
        "old_answer": "A"
    },
    {
        "qa_idx": 13,
        "qa_task": "temporal-relationship",
        "question": "What happens after the rainstorm transitions to a winter scene in the park covered in snow?",
        "options": [
            "A. The scene transitions to an aquarium with large display windows showing aquatic creatures.",
            "B. The scene transitions to a vibrant park setting with a musical performance.",
            "C. The scene transitions to a museum exhibit hall with large dinosaur skeletons.",
            "D. The scene transitions to a cozy room with artistic elements."
        ],
        "answer": "B",
        "qa_level": "long_term",
        "qa_type": "mcqa",
        "old_answer": "B"
    },
    {
        "qa_idx": 14,
        "qa_task": "spatial-relationship",
        "question": "Where is the character holding a red umbrella standing in the park during the rainstorm?",
        "options": [
            "A. On the right side of the gazebo.",
            "B. On the left side of the gazebo.",
            "C. In the center of the park.",
            "D. Under a tree."
        ],
        "answer": "B",
        "qa_level": "long_term",
        "qa_type": "mcqa",
        "old_answer": "B"
    },
    {
        "qa_idx": 15,
        "qa_task": "causal",
        "question": "Why did people gather under a pavilion in the park at the beginning of the event?",
        "options": [
            "A. To take shelter from the rain.",
            "B. To watch a movie.",
            "C. To have a picnic.",
            "D. To play sports."
        ],
        "answer": "A",
        "qa_level": "long_term",
        "qa_type": "mcqa",
        "old_answer": "A"
    },
    {
        "qa_idx": 16,
        "qa_task": "plot-understanding",
        "question": "What is the main theme of the video from 1.0 to 2834.0 seconds?",
        "options": [
            "A. A series of musical performances and community gatherings in various settings.",
            "B. A cooking show featuring different recipes.",
            "C. A documentary about wildlife in different habitats.",
            "D. A sports event focusing on different games."
        ],
        "answer": "A",
        "qa_level": "long_term",
        "qa_type": "mcqa",
        "old_answer": "A"
    },
    {
        "qa_idx": 17,
        "qa_task": "camera-direction",
        "question": "How does the camera move during the transition from the park scene with the musical performance to the indoor museum exhibit hall with dinosaur skeletons between 1.0 and 2834.0 seconds?",
        "options": [
            "A. The camera zooms in on the performers in the park and then cuts to the museum exhibit hall.",
            "B. The camera pans from the park scene to the museum exhibit hall.",
            "C. The camera follows a character from the park to the museum exhibit hall.",
            "D. The camera remains stationary and the scene changes abruptly."
        ],
        "answer": "A",
        "qa_level": "long_term",
        "qa_type": "mcqa",
        "old_answer": "A"
    },
    {
        "qa_idx": 18,
        "qa_task": "speed",
        "question": "Which mode of transportation was faster during the soapbox derby race at 621.0 seconds to 2834.0 seconds?",
        "options": [
            "A. The soapbox cars.",
            "B. The go-karts.",
            "C. The bicycles.",
            "D. The pedestrians."
        ],
        "answer": "B",
        "qa_level": "long_term",
        "qa_type": "mcqa",
        "old_answer": "B"
    },
    {
        "qa_idx": 19,
        "qa_task": "attribute-change",
        "question": "How does the weather change from the beginning to the end of the video from 1.0 to 2834.0 seconds?",
        "options": [
            "A. It starts sunny and becomes rainy.",
            "B. It starts rainy and becomes snowy.",
            "C. It starts snowy and becomes sunny.",
            "D. It starts sunny and becomes snowy."
        ],
        "answer": "B",
        "qa_level": "long_term",
        "qa_type": "mcqa",
        "old_answer": "B"
    },
    {
        "qa_idx": 20,
        "qa_task": "character-understanding",
        "question": "What is the character holding a red umbrella doing in the park during the rainstorm?",
        "options": [
            "A. Observing the band playing under a gazebo.",
            "B. Playing a musical instrument.",
            "C. Running through the park.",
            "D. Sitting on a bench."
        ],
        "answer": "A",
        "qa_level": "long_term",
        "qa_type": "mcqa",
        "old_answer": "A"
    },
    {
        "qa_idx": 21,
        "qa_task": "object understanding",
        "question": "What objects are featured in the aquarium setting?",
        "options": [
            "A. Large display windows showing aquatic creatures like sharks and fish.",
            "B. A red car and a garden hose.",
            "C. A yellow house with blue shutters and a red roof.",
            "D. A green couch with colorful cushions and a plush frog toy."
        ],
        "answer": "A",
        "qa_level": "long_term",
        "qa_type": "mcqa",
        "old_answer": "A"
    },
    {
        "qa_idx": 22,
        "qa_task": "descriptive-scene",
        "question": "Where does the musical performance take place during the rainstorm?",
        "options": [
            "A. Under a pavilion in a park.",
            "B. Inside a museum.",
            "C. In a residential area.",
            "D. On a city street."
        ],
        "answer": "A",
        "qa_level": "long_term",
        "qa_type": "mcqa",
        "old_answer": "A"
    }
]