[
    {
        "qa_idx": 1,
        "qa_type": "qa",
        "qa_level": "within_event",
        "qa_task": "camera-direction",
        "question": "Does the camera remain stationary during the selection screen on LooLoo Kids from 330.0 to 389.0 seconds?",
        "answer": "Yes",
        "old_answer": "Yes"
    },
    {
        "qa_idx": 2,
        "qa_task": "spatial-relationship",
        "question": "What is in the background of the scene at 232.0 seconds?",
        "options": [
            "A. A blue and white cooler.",
            "B. A red umbrella.",
            "C. A beach ball.",
            "D. A surfboard."
        ],
        "answer": "A",
        "qa_level": "frame",
        "qa_type": "mcqa",
        "old_answer": "A"
    },
    {
        "qa_idx": 3,
        "qa_type": "qa",
        "qa_level": "cross_event",
        "qa_task": "character-understanding",
        "question": "In the event from 720.0 to 794.0, was there an adult character wearing a blue-and-white striped shirt and a green hat?",
        "answer": "Yes",
        "old_answer": "Yes"
    },
    {
        "qa_idx": 4,
        "qa_type": "qa",
        "qa_level": "long_term",
        "qa_task": "object understanding",
        "question": "Is there a mailbox labeled 'MAIL' in front of the blue house with white trim in the video from 2.0 to 2428.0 seconds?",
        "answer": "Yes",
        "old_answer": "Yes"
    },
    {
        "qa_idx": 5,
        "qa_task": "object understanding",
        "question": "What natural elements are prominently featured in the garden at the beginning of the video event from 2380.0 to 2428.0 seconds?",
        "options": [
            "A. A pond with ducks and a stone bridge.",
            "B. Colorful flowers such as yellow and purple blooms, and a sprawling tree.",
            "C. A sandy beach with seashells and palm trees.",
            "D. Snow-covered trees and a frozen lake."
        ],
        "answer": "B",
        "qa_level": "within_event",
        "qa_type": "mcqa",
        "old_answer": "B"
    },
    {
        "qa_idx": 6,
        "qa_task": "spatial-relationship",
        "question": "In the video events from 604.0 to 664.0 seconds and H to e seconds, what is the spatial relationship between the anthropomorphic toy elephant and the underwater scene?",
        "options": [
            "A. The toy elephant is in the same scene as the underwater elements.",
            "B. The toy elephant transitions to the underwater scene.",
            "C. The toy elephant is never shown in the underwater scene.",
            "D. The toy elephant is shown after the underwater scene."
        ],
        "answer": "B",
        "qa_level": "cross_event",
        "qa_type": "mcqa",
        "old_answer": "B"
    },
    {
        "qa_idx": 7,
        "qa_task": "temporal-relationship",
        "question": "What happens after the scene with the animated frogs playing on lily pads in 'The Frog Song'?",
        "options": [
            "A. A serene beach scene with individuals under a large umbrella.",
            "B. A selection screen on LooLoo Kids showcasing various children's videos.",
            "C. A vibrant jungle scene with green plants and tall palm trees.",
            "D. A colorful animated coastal scene with a lighthouse and a lobster character."
        ],
        "answer": "A",
        "qa_level": "long_term",
        "qa_type": "mcqa",
        "old_answer": "A"
    },
    {
        "qa_idx": 11,
        "qa_task": "object-direction",
        "question": "In which direction does the doll walk towards the colorful gift box in the video from 2.0 to 2428.0 seconds?",
        "options": [
            "A. From the left side of the frame to the right side.",
            "B. From the right side of the frame to the left side.",
            "C. From the top of the frame to the bottom.",
            "D. From the bottom of the frame to the top."
        ],
        "answer": "A",
        "qa_level": "long_term",
        "qa_type": "mcqa",
        "old_answer": "A"
    },
    {
        "qa_idx": 13,
        "qa_task": "speed",
        "question": "Which character moves faster in the video from 2.0 to 2428.0 seconds?",
        "options": [
            "A. The doll walking towards the colorful gift box.",
            "B. The baby in patterned green diapers standing next to the 'LooLoo Kids' logo.",
            "C. The teal-colored frog playing a stringed instrument on a lily pad.",
            "D. The young boy dressed in a striped shirt and green hat near the umbrella-shaded area."
        ],
        "answer": "A",
        "qa_level": "long_term",
        "qa_type": "mcqa",
        "old_answer": "A"
    },
    {
        "qa_idx": 14,
        "qa_task": "attribute-change",
        "question": "How does the setting change from the beginning to the end of the video from 2.0 to 2428.0 seconds?",
        "options": [
            "A. From a festive indoor setting to a serene outdoor scene.",
            "B. From a beach scene to a jungle scene.",
            "C. From a playground to a coastal scene.",
            "D. From a musical performance to a garden scene."
        ],
        "answer": "A",
        "qa_level": "long_term",
        "qa_type": "mcqa",
        "old_answer": "A"
    },
    {
        "qa_idx": 15,
        "qa_task": "character-understanding",
        "question": "What is the child wearing in the scene where they are standing next to the 'LooLoo Kids' logo and cartoon bird from 2.0 to 2428.0 seconds?",
        "options": [
            "A. Blue pajamas with star patterns.",
            "B. Patterned green diapers with space-themed designs.",
            "C. Red shorts and a yellow shirt.",
            "D. White dress with floral patterns."
        ],
        "answer": "B",
        "qa_level": "long_term",
        "qa_type": "mcqa",
        "old_answer": "B"
    },
    {
        "qa_idx": 16,
        "qa_task": "time-order",
        "question": "In which order do the events occur in the video from 2.0 to 2428.0 seconds?",
        "options": [
            "A. The video begins with a brightly colored festive setting featuring a vividly decorated gift box. Then, a doll walks towards the gift box, followed by a playful scene with a baby in patterned green diapers. The scene transitions to an outdoor rural scene with bright colors and whimsical elements. The event concludes with children engaged in music and play in front of a brightly colored house.",
            "B. The video begins with a serene beach scene featuring three individuals under a large umbrella. Then, a young boy stands near an umbrella-shaded area. The scene transitions to a selection screen on LooLoo Kids, showcasing various children's videos. The event concludes with a vibrant, animated jungle scene filled with green plants and tall palm trees.",
            "C. The video begins with a colorful animated coastal scene featuring a red and white striped lighthouse. Then, a blue baby shark swims in a calm ocean. The scene transitions to an underwater scene with a large blue dolphin wearing sunglasses. The event concludes with a mobile phone screen displaying an animated graphic for 'LooLoo Kids.'.",
            "D. The video begins with a domestic scene likely in a bathroom where an adult is assisting a child in washing their face. Then, a vibrant, playful backyard scene in a suburban setting is shown. The scene transitions to a lively backyard scene with a small dog near a low, blue barrier. The event concludes with a garden scene featuring a teapot and a purple watering can."
        ],
        "answer": "A",
        "qa_level": "long_term",
        "qa_type": "mcqa",
        "old_answer": "A"
    },
    {
        "qa_idx": 17,
        "qa_task": "descriptive-scene",
        "question": "Where does the event featuring a child in green diapers decorated with space-themed designs standing next to the 'LooLoo Kids' logo and cartoon bird take place?",
        "options": [
            "A. In a brightly colored festive setting with a vividly decorated gift box.",
            "B. In an outdoor rural scene with a blue sky, scattered clouds, lush green trees, and a red barn.",
            "C. In front of a blue house with white trim featuring two children and various homey elements.",
            "D. In a serene and colorful natural setting with animated elements centering around the theme 'The Frog Song.'."
        ],
        "answer": "A",
        "qa_level": "long_term",
        "qa_type": "mcqa",
        "old_answer": "A"
    }
]