[
    {
        "qa_idx": 0,
        "qa_type": "qa",
        "qa_level": "frame",
        "qa_task": "object understanding",
        "question": "Is the character on the balcony wearing a green costume at 123.0 seconds into the video?",
        "answer": "Yes",
        "old_answer": "Yes"
    },
    {
        "qa_idx": 1,
        "qa_task": "spatial-relationship",
        "question": "Where is the smaller version of the 'oddbods' logo located in the frame at 1057.0 seconds?",
        "options": [
            "A. Bottom left corner.",
            "B. Top right corner.",
            "C. Center of the frame.",
            "D. Bottom right corner."
        ],
        "answer": "B",
        "qa_level": "frame",
        "qa_type": "mcqa",
        "old_answer": "B"
    },
    {
        "qa_idx": 2,
        "qa_type": "qa",
        "qa_level": "frame",
        "qa_task": "object understanding",
        "question": "Is there a pink car with a black roof in motion on the road at 1669.0 seconds into the video?",
        "answer": "Yes",
        "old_answer": "Yes"
    },
    {
        "qa_idx": 3,
        "qa_type": "qa",
        "qa_level": "within_event",
        "qa_task": "action-understanding",
        "question": "Between 882.0 seconds and 914.0 seconds, does the red horned toy jump inside the inflatable bouncy castle?",
        "answer": "Yes",
        "old_answer": "Yes"
    },
    {
        "qa_idx": 4,
        "qa_task": "spatial-relationship",
        "question": "Where are the animated characters situated in the frame at 92.0 seconds?",
        "options": [
            "A. In a forest.",
            "B. On a beach.",
            "C. Beneath a finish-line banner.",
            "D. Inside a building."
        ],
        "answer": "C",
        "qa_level": "frame",
        "qa_type": "mcqa",
        "old_answer": "C"
    },
    {
        "qa_idx": 5,
        "qa_type": "qa",
        "qa_level": "within_event",
        "qa_task": "speed",
        "question": "Did the orange toy move quickly when its tongue got stuck to the lamppost from 497.0 to 603.0 seconds?",
        "answer": "No",
        "old_answer": "No"
    },
    {
        "qa_idx": 6,
        "qa_task": "camera-direction",
        "question": "In the video from 1512.0 to 1532.0 seconds, what is the camera movement when the whimsical character is shown holding an umbrella in a clear sky?",
        "options": [
            "A. The camera moves closer to the character.",
            "B. The camera moves away from the character.",
            "C. The camera remains stationary.",
            "D. The camera moves to the left."
        ],
        "answer": "A",
        "qa_level": "within_event",
        "qa_type": "mcqa",
        "old_answer": "A"
    },
    {
        "qa_idx": 7,
        "qa_task": "attribute-change",
        "question": "How does the background change from the beginning to the end of the video event from 497.0 to 603.0 seconds?",
        "options": [
            "A. The background changes from a snowy environment to a dynamic and festive band performance.",
            "B. The background changes from a clear blue sky to a dark, stormy night.",
            "C. The background changes from a sunny beach to a snowy mountain.",
            "D. The background changes from a forest to a desert."
        ],
        "answer": "A",
        "qa_level": "within_event",
        "qa_type": "mcqa",
        "old_answer": "A"
    },
    {
        "qa_idx": 8,
        "qa_task": "attribute-change",
        "question": "How does the background change from the beginning to the end of the event sequence from 915.0 to 975.0 seconds?",
        "options": [
            "A. The background changes from a red, white, and pink color scheme to a vibrant outdoor scene with a bright blue sky and green hedges.",
            "B. The background changes from a vibrant outdoor scene to a dark, stormy sky.",
            "C. The background changes from a vibrant outdoor scene to a plain white background.",
            "D. The background remains the same throughout the event sequence."
        ],
        "answer": "A",
        "qa_level": "within_event",
        "qa_type": "mcqa",
        "old_answer": "A"
    },
    {
        "qa_idx": 9,
        "qa_task": "object understanding",
        "question": "What is the primary function of the animated characters in the scene from 1011.0 seconds to 1084.0 seconds?",
        "options": [
            "A. To perform music in a concert setting.",
            "B. To engage in a serious discussion.",
            "C. To participate in a sports event.",
            "D. To conduct a scientific experiment."
        ],
        "answer": "A",
        "qa_level": "cross_event",
        "qa_type": "mcqa",
        "old_answer": "A"
    },
    {
        "qa_idx": 10,
        "qa_task": "temporal-relationship",
        "question": "What happens after the character in a red suit is shown lying on the ground beside a plush object?",
        "options": [
            "A. The character in a purple costume with green earmuffs holds a spade and a bucket.",
            "B. The scene transitions to a group of animated characters in a snowy, pastel-colored landscape.",
            "C. The scene features five toys playing musical instruments.",
            "D. The character in a red suit interacts with a pole under a sky transitioning from blue to evening."
        ],
        "answer": "C",
        "qa_level": "long_term",
        "qa_type": "mcqa",
        "old_answer": "C"
    },
    {
        "qa_idx": 11,
        "qa_task": "spatial-relationship",
        "question": "Where is the character in a purple costume with green earmuffs holding a spade and a bucket located?",
        "options": [
            "A. In a snowy outdoor setting with a large leafy green tree and falling snowflakes.",
            "B. On a balcony surrounded by bubbles and a decorated light blue wall.",
            "C. On a frozen body of water with snow-covered pine trees.",
            "D. In a desert-like environment under a clear blue sky."
        ],
        "answer": "A",
        "qa_level": "long_term",
        "qa_type": "mcqa",
        "old_answer": "A"
    },
    {
        "qa_idx": 12,
        "qa_task": "descriptive-scene",
        "question": "Where do the characters engage in playful activities with skateboards, scooters, and bicycles?",
        "options": [
            "A. In a snowy landscape.",
            "B. In a desert-like environment.",
            "C. In a cartoonish background with cloud patterns.",
            "D. In a serene river scene."
        ],
        "answer": "C",
        "qa_level": "long_term",
        "qa_type": "mcqa",
        "old_answer": "C"
    },
    {
        "qa_idx": 14,
        "qa_task": "speed",
        "question": "Which character is faster in the video event from 3.0 to 1807.0 seconds, the character on the skateboard or the character on the bicycle?",
        "options": [
            "A. The character on the skateboard.",
            "B. The character on the bicycle.",
            "C. Both are at the same speed.",
            "D. None of the above."
        ],
        "answer": "B",
        "qa_level": "long_term",
        "qa_type": "mcqa",
        "old_answer": "B"
    },
    {
        "qa_idx": 16,
        "qa_task": "character-understanding",
        "question": "What are the characters in the 'Oddbods' series doing in the snowy and festive environment from 44.0 seconds to 1084.0 seconds?",
        "options": [
            "A. Engaging in playful activities like ice fishing, playing musical instruments, and interacting with a snowman.",
            "B. Sitting quietly and reading books.",
            "C. Cooking and preparing food.",
            "D. Sleeping and resting."
        ],
        "answer": "A",
        "qa_level": "long_term",
        "qa_type": "mcqa",
        "old_answer": "A"
    },
    {
        "qa_idx": 18,
        "qa_task": "time-order",
        "question": "In which order do the events occur in the video from 3.0 to 1807.0 seconds?",
        "options": [
            "A. The event begins with colorful and stylized letters 'd,' 'b,' and 'o' against a soft blue gradient background. The scene transitions to a snowy and festive environment featuring animated characters dressed in vibrant costumes. The event concludes with a scene featuring two anthropomorphic toys, one in a yellow outfit and the other in an orange outfit, standing on what appears to be a sidewalk with a blue circular bus stop sign above them.",
            "B. The event begins with a character engaged in ice fishing on a frozen body of water. The scene transitions to a vibrant and dynamic scene featuring several animated toy characters of various colors and designs. The event concludes with a scene featuring two anthropomorphic toys, one in a yellow outfit and the other in an orange outfit, standing on what appears to be a sidewalk with a blue circular bus stop sign above them.",
            "C. The event begins with colorful and stylized letters 'd,' 'b,' and 'o' against a soft blue gradient background. The scene transitions to a vibrant and dynamic scene featuring several animated toy characters of various colors and designs. The event concludes with a scene featuring two anthropomorphic toys, one in a yellow outfit and the other in an orange outfit, standing on what appears to be a sidewalk with a blue circular bus stop sign above them.",
            "D. The event begins with a character engaged in ice fishing on a frozen body of water. The scene transitions to a snowy and festive environment featuring animated characters dressed in vibrant costumes. The event concludes with a scene featuring two anthropomorphic toys, one in a yellow outfit and the other in an orange outfit, standing on what appears to be a sidewalk with a blue circular bus stop sign above them."
        ],
        "answer": "A",
        "qa_level": "long_term",
        "qa_type": "mcqa",
        "old_answer": "A"
    }
]