[
    {
        "qa_idx": 0,
        "qa_type": "qa",
        "qa_level": "frame",
        "qa_task": "object understanding",
        "question": "At 598.0 seconds into the video, is there a blue awning extending over the sidewalk?",
        "answer": "Yes",
        "old_answer": "Yes"
    },
    {
        "qa_idx": 1,
        "qa_task": "character-understanding",
        "question": "What is the person doing at 721.0 seconds into the video?",
        "options": [
            "A. The person is sitting on a bench.",
            "B. The person is extending an arm, possibly waving.",
            "C. The person is driving a car.",
            "D. The person is talking on a phone."
        ],
        "answer": "B",
        "qa_level": "frame",
        "qa_type": "mcqa",
        "old_answer": "B"
    },
    {
        "qa_idx": 2,
        "qa_type": "qa",
        "qa_level": "within_event",
        "qa_task": "camera-direction",
        "question": "Does the camera remain stationary while capturing the person holding a small brown dog amidst cages and pet equipment from 354.0 to 355.0 seconds?",
        "answer": "Yes",
        "old_answer": "Yes"
    },
    {
        "qa_idx": 3,
        "qa_type": "qa",
        "qa_level": "cross_event",
        "qa_task": "character-understanding",
        "question": "In both events from 2430.0 to 2497.0 and 2502.0 to 2564.0, was there a monkey involved in logistical activities?",
        "answer": "Yes",
        "old_answer": "Yes"
    },
    {
        "qa_idx": 4,
        "qa_task": "attribute-change",
        "question": "How does the scene change from the beginning to the end of the video event from 1132.0 to 1199.0 seconds?",
        "options": [
            "A. The scene changes from a park-like environment to an indoor setting.",
            "B. The scene changes from a tranquil picnic setting to a focus on birds and ducks interacting with nature.",
            "C. The scene changes from a busy urban environment to a quiet park.",
            "D. The scene changes from a person interacting with a monkey to a person interacting with a dog."
        ],
        "answer": "B",
        "qa_level": "within_event",
        "qa_type": "mcqa",
        "old_answer": "B"
    },
    {
        "qa_idx": 5,
        "qa_type": "qa",
        "qa_level": "cross_event",
        "qa_task": "object understanding",
        "question": "Is there a monkey present in both video events from 358.0 to 417.0 and 418.0 to 441.0?",
        "answer": "Yes",
        "old_answer": "Yes"
    },
    {
        "qa_idx": 6,
        "qa_type": "qa",
        "qa_level": "long_term",
        "qa_task": "character-understanding",
        "question": "Is there a person dressed in yellow interacting with the monkey in multiple scenes from 72.0 seconds to 1266.0 seconds?",
        "answer": "Yes",
        "old_answer": "Yes"
    },
    {
        "qa_idx": 7,
        "qa_type": "qa",
        "qa_level": "long_term",
        "qa_task": "object understanding",
        "question": "Is there a red gift box with a yellow ribbon in the video between 1.0 and 2669.0 seconds?",
        "answer": "Yes",
        "old_answer": "Yes"
    },
    {
        "qa_idx": 8,
        "qa_task": "descriptive-scene",
        "question": "Where does the majority of the events in the video from 2069.0 to 2133.0 seconds take place?",
        "options": [
            "A. In a bustling city street.",
            "B. In a series of indoor and outdoor rural settings.",
            "C. In a large shopping mall.",
            "D. In a school classroom."
        ],
        "answer": "B",
        "qa_level": "cross_event",
        "qa_type": "mcqa",
        "old_answer": "B"
    },
    {
        "qa_idx": 10,
        "qa_task": "object understanding",
        "question": "What is the appearance and function of the object the animated monkey interacts with in the video event from 1414.0 to 1480.0 seconds?",
        "options": [
            "A. A can in a grocery store, used for restocking shelves.",
            "B. A book-like object, explored by the monkey in a structured indoor environment.",
            "C. A refrigerator-like compartment filled with colorful food items.",
            "D. A bag of groceries amidst shelves filled with assorted products."
        ],
        "answer": "B",
        "qa_level": "cross_event",
        "qa_type": "mcqa",
        "old_answer": "B"
    },
    {
        "qa_idx": 11,
        "qa_task": "temporal-relationship",
        "question": "What was the monkey doing before it was seen holding a yellow garment on a hanger?",
        "options": [
            "A. The monkey was interacting with presents.",
            "B. The monkey was playing in a garden.",
            "C. The monkey was seated indoors holding a colorful wrapped present.",
            "D. The monkey was in a retail environment with people."
        ],
        "answer": "C",
        "qa_level": "long_term",
        "qa_type": "mcqa",
        "old_answer": "C"
    },
    {
        "qa_idx": 12,
        "qa_task": "spatial-relationship",
        "question": "Where is the monkey seen interacting with a red box?",
        "options": [
            "A. In a kitchen area with white cabinets and a microwave.",
            "B. In a garden with a large tree and pathways.",
            "C. In a retail environment with people outside urban windows.",
            "D. In a storage area with green metal cages."
        ],
        "answer": "A",
        "qa_level": "long_term",
        "qa_type": "mcqa",
        "old_answer": "A"
    },
    {
        "qa_idx": 13,
        "qa_task": "causal",
        "question": "Why does the monkey interact with the presents and wrapping supplies in the video from 1.0 to 2669.0 seconds?",
        "options": [
            "A. The monkey is curious and playful.",
            "B. The monkey is hungry and looking for food.",
            "C. The monkey is trying to escape.",
            "D. The monkey is scared and hiding."
        ],
        "answer": "A",
        "qa_level": "long_term",
        "qa_type": "mcqa",
        "old_answer": "A"
    },
    {
        "qa_idx": 14,
        "qa_task": "plot-understanding",
        "question": "What is the main theme of the video from 1.0 to 2669.0 seconds?",
        "options": [
            "A. A festive celebration involving gift wrapping and interactions with a monkey.",
            "B. A cooking show featuring various recipes and kitchen activities.",
            "C. A sports event with different athletic competitions.",
            "D. A musical concert with various performances."
        ],
        "answer": "A",
        "qa_level": "long_term",
        "qa_type": "mcqa",
        "old_answer": "A"
    },
    {
        "qa_idx": 15,
        "qa_task": "speed",
        "question": "Which character is faster in the video events from 1.0 to 2669.0 seconds, the monkey or the human?",
        "options": [
            "A. The monkey.",
            "B. The human.",
            "C. Both are at the same speed.",
            "D. None of the above."
        ],
        "answer": "A",
        "qa_level": "long_term",
        "qa_type": "mcqa",
        "old_answer": "A"
    },
    {
        "qa_idx": 16,
        "qa_task": "attribute-change",
        "question": "How does the setting change from the beginning to the end of the video event sequence from 1.0 to 2669.0 seconds?",
        "options": [
            "A. From a festive indoor and outdoor setting to a tranquil park and urban environment.",
            "B. From a chaotic indoor setting to a serene rural environment.",
            "C. From a busy urban street to a quiet indoor kitchen.",
            "D. From a playful park setting to a bustling grocery store."
        ],
        "answer": "A",
        "qa_level": "long_term",
        "qa_type": "mcqa",
        "old_answer": "A"
    },
    {
        "qa_idx": 17,
        "qa_task": "time-order",
        "question": "In which order do the events occur in the video from 1.0 to 2669.0 seconds?",
        "options": [
            "A. The monkey interacts with presents, then the scene shifts to a retail environment, followed by a domestic setting, and finally an urban street scene.",
            "B. The monkey interacts with presents, then the scene shifts to a domestic setting, followed by a retail environment, and finally an urban street scene.",
            "C. The monkey interacts with presents, then the scene shifts to an urban street scene, followed by a retail environment, and finally a domestic setting.",
            "D. The monkey interacts with presents, then the scene shifts to a retail environment, followed by an urban street scene, and finally a domestic setting."
        ],
        "answer": "A",
        "qa_level": "long_term",
        "qa_type": "mcqa",
        "old_answer": "A"
    }
]