[
    {
        "qa_idx": 0,
        "qa_type": "qa",
        "qa_level": "frame",
        "qa_task": "character-understanding",
        "question": "At 848.0 seconds into the video, are there any people visible in the winter cityscape?",
        "answer": "No",
        "old_answer": "No"
    },
    {
        "qa_idx": 1,
        "qa_task": "object understanding",
        "question": "What is the appearance of the yellow and orange striped creature at 605.0 seconds into the video?",
        "options": [
            "A. It is a small, red insect-like character with large eyes and antennae.",
            "B. It is a larger, robust, dark-colored beetle with prominent claws and a horn-like feature.",
            "C. It is a yellow and orange striped creature with an upward position and an agape mouth.",
            "D. It is a cylindrical can with a partially removed lid."
        ],
        "answer": "C",
        "qa_level": "frame",
        "qa_type": "mcqa",
        "old_answer": "C"
    },
    {
        "qa_idx": 2,
        "qa_type": "qa",
        "qa_level": "frame",
        "qa_task": "character-understanding",
        "question": "At 575.0 seconds into the video, is the scene set outdoors?",
        "answer": "Yes",
        "old_answer": "Yes"
    },
    {
        "qa_idx": 3,
        "qa_type": "qa",
        "qa_level": "within_event",
        "qa_task": "object understanding",
        "question": "Is there a green ball-like object among the animated characters in the video from 2275.0 to 2297.0 seconds?",
        "answer": "Yes",
        "old_answer": "Yes"
    },
    {
        "qa_idx": 4,
        "qa_task": "descriptive-scene",
        "question": "Where is the yellow, worm-like character positioned in the frame at 1472.0 seconds?",
        "options": [
            "A. On a flat surface, possibly a tabletop.",
            "B. On a grassy field.",
            "C. On a sandy beach.",
            "D. On a rocky terrain."
        ],
        "answer": "A",
        "qa_level": "frame",
        "qa_type": "mcqa",
        "old_answer": "A"
    },
    {
        "qa_idx": 5,
        "qa_task": "spatial-relationship",
        "question": "What is to the right side of the bird in the frame at 1368.0 seconds?",
        "options": [
            "A. A tree.",
            "B. A vertical pipe.",
            "C. A window.",
            "D. A car."
        ],
        "answer": "B",
        "qa_level": "frame",
        "qa_type": "mcqa",
        "old_answer": "B"
    },
    {
        "qa_idx": 6,
        "qa_task": "descriptive-scene",
        "question": "Where does the event take place from 809.0 to 870.0 seconds?",
        "options": [
            "A. In a kitchen.",
            "B. In a forest.",
            "C. In an alleyway or near a building.",
            "D. In a classroom."
        ],
        "answer": "C",
        "qa_level": "within_event",
        "qa_type": "mcqa",
        "old_answer": "C"
    },
    {
        "qa_idx": 7,
        "qa_type": "qa",
        "qa_level": "long_term",
        "qa_task": "speed",
        "question": "Did the animated characters in the video move at a slow pace during the scenes from 1.0 to 2312.0 seconds?",
        "answer": "No",
        "old_answer": "No"
    },
    {
        "qa_idx": 9,
        "qa_task": "object understanding",
        "question": "What is the appearance and function of the throne in the second part of the event sequence from 451.0 to 515.0 seconds?",
        "options": [
            "A. A large throne draped in golden fabric, commanding figure overseeing an assembly of uniformed figures, suggesting ceremonial significance.",
            "B. A small wooden chair with no decorations, used for casual seating.",
            "C. A modern office chair with wheels, used for working at a desk.",
            "D. A simple bench made of stone, used for resting."
        ],
        "answer": "A",
        "qa_level": "cross_event",
        "qa_type": "mcqa",
        "old_answer": "A"
    },
    {
        "qa_idx": 10,
        "qa_task": "speed",
        "question": "How does the speed of the characters' movements change from the indoor scenes to the outdoor scenes in the animated sequence from 2020.0 to 2086.0 seconds?",
        "options": [
            "A. The characters move faster in the indoor scenes and slower in the outdoor scenes.",
            "B. The characters move slower in the indoor scenes and faster in the outdoor scenes.",
            "C. The characters maintain the same speed throughout both indoor and outdoor scenes.",
            "D. The characters' speed is not depicted in the animated sequence."
        ],
        "answer": "A",
        "qa_level": "cross_event",
        "qa_type": "mcqa",
        "old_answer": "A"
    },
    {
        "qa_idx": 11,
        "qa_task": "spatial-relationship",
        "question": "Where is the small red toy and yellow figure observing a small purple flower?",
        "options": [
            "A. In a neglected outdoor area with an overturned trash can on the left, overgrown shrubbery, and debris.",
            "B. In a dimly lit enclosed area with a cracked wall and scattered debris.",
            "C. In a cartoonish environment with a red and yellow striped worm-like creature hanging precariously over a crack.",
            "D. In a dramatic scene with worm-like characters over a chasm with a fiery glow below."
        ],
        "answer": "A",
        "qa_level": "long_term",
        "qa_type": "mcqa",
        "old_answer": "A"
    },
    {
        "qa_idx": 13,
        "qa_task": "attribute-change",
        "question": "How does the environment change from the beginning to the end of the video from 1.0 to 2312.0 seconds?",
        "options": [
            "A. From a clean and minimalistic setting to a whimsical and imaginative urban environment.",
            "B. From a cluttered and chaotic environment to a serene and peaceful natural setting.",
            "C. From a dark and eerie setting to a bright and lively garden scene.",
            "D. From a rustic indoor setting to a bustling cityscape."
        ],
        "answer": "A",
        "qa_level": "long_term",
        "qa_type": "mcqa",
        "old_answer": "A"
    },
    {
        "qa_idx": 14,
        "qa_task": "time-order",
        "question": "In which order do the events occur in the video from 1.0 to 2312.0 seconds?",
        "options": [
            "A. The video begins with the word 'TUBA' and a banana-like character, followed by the 'Larva' animated series title screen, then a neglected outdoor area with a trash can, and finally a dramatic scene with worm-like characters over a chasm.",
            "B. The video begins with the word 'TUBA' and a banana-like character, followed by the 'Larva' animated series title screen, then a bustling cityscape amid a rainstorm, and finally a serene winter scene centered around a window.",
            "C. The video begins with the word 'TUBA' and a banana-like character, followed by the 'Larva' animated series title screen, then a bustling cityscape amid a rainstorm, and finally a playful kitchen scene set against a wooden window backdrop.",
            "D. The video begins with the word 'TUBA' and a banana-like character, followed by the 'Larva' animated series title screen, then a bustling cityscape amid a rainstorm, and finally a vibrant entrance flanked by two tall brick pillars."
        ],
        "answer": "A",
        "qa_level": "long_term",
        "qa_type": "mcqa",
        "old_answer": "A"
    }
]