[
    {
        "qa_idx": 0,
        "qa_task": "object understanding",
        "question": "What type of door is partially open in the scene at 579.0 seconds into the video?",
        "options": [
            "A. A glass door.",
            "B. A metal door.",
            "C. A wooden door.",
            "D. A sliding door."
        ],
        "answer": "C",
        "qa_level": "frame",
        "qa_type": "mcqa",
        "old_answer": "C"
    },
    {
        "qa_idx": 1,
        "qa_type": "qa",
        "qa_level": "frame",
        "qa_task": "object understanding",
        "question": "Is the animated character in the video frame at 1033.0 seconds a pink wolf-like character?",
        "answer": "Yes",
        "old_answer": "Yes"
    },
    {
        "qa_idx": 2,
        "qa_task": "descriptive-scene",
        "question": "What is the main theme of the clock face in the video frame at 1218.0 seconds?",
        "options": [
            "A. Fishing.",
            "B. Cooking.",
            "C. Gardening.",
            "D. Traveling."
        ],
        "answer": "A",
        "qa_level": "frame",
        "qa_type": "mcqa",
        "old_answer": "A"
    },
    {
        "qa_idx": 3,
        "qa_type": "qa",
        "qa_level": "within_event",
        "qa_task": "action-understanding",
        "question": "During the event from 30.0 to 87.0 seconds, does the bear-like character start playing a musical instrument?",
        "answer": "No",
        "old_answer": "No"
    },
    {
        "qa_idx": 4,
        "qa_type": "qa",
        "qa_level": "cross_event",
        "qa_task": "plot-understanding",
        "question": "Do both video events from 1772.0 to 1839.0 and 1843.0 to 1853.0 feature a bear in a lush green environment?",
        "answer": "Yes",
        "old_answer": "Yes"
    },
    {
        "qa_idx": 5,
        "qa_type": "qa",
        "qa_level": "cross_event",
        "qa_task": "speed",
        "question": "Did the characters in the event from 1115.0 to 1175.0 move faster than the characters in the event from 1053.0 to 1111.0?",
        "answer": "Yes",
        "old_answer": "Yes"
    },
    {
        "qa_idx": 7,
        "qa_type": "qa",
        "qa_level": "long_term",
        "qa_task": "action-understanding",
        "question": "After reading the book, did the bear start painting a picture in the cozy indoor setting? (Time: 30.0 to 1868.0 seconds)",
        "answer": "No",
        "old_answer": "No"
    },
    {
        "qa_idx": 8,
        "qa_task": "time-order",
        "question": "What is the correct sequence of events in the video from 782.0 seconds to 860.0 seconds?",
        "options": [
            "A. The bear enters the room, causes chaos with an art palette, reaches for an apple, and then is seen in an artist's studio.",
            "B. The bear is seen in an artist's studio, reaches for an apple, causes chaos with an art palette, and then enters the room.",
            "C. The bear reaches for an apple, enters the room, is seen in an artist's studio, and then causes chaos with an art palette.",
            "D. The bear causes chaos with an art palette, enters the room, reaches for an apple, and then is seen in an artist's studio."
        ],
        "answer": "A",
        "qa_level": "cross_event",
        "qa_type": "mcqa",
        "old_answer": "A"
    },
    {
        "qa_idx": 10,
        "qa_task": "spatial-relationship",
        "question": "Where is the bookcase positioned in the indoor scene featuring the bear and various books?",
        "options": [
            "A. Towards the left side.",
            "B. Towards the right side.",
            "C. In the center.",
            "D. Near the window."
        ],
        "answer": "B",
        "qa_level": "long_term",
        "qa_type": "mcqa",
        "old_answer": "B"
    },
    {
        "qa_idx": 11,
        "qa_task": "causal",
        "question": "Why did the bear become absorbed in reading in the indoor setting from 30.0 to 1868.0 seconds?",
        "options": [
            "A. Because the bear found interesting books like 'Hat Tricks for Dummies' and 'Monster from the Zoo'.",
            "B. Because the bear was tired and needed to rest.",
            "C. Because the bear was waiting for someone.",
            "D. Because the bear was hiding from other characters."
        ],
        "answer": "A",
        "qa_level": "long_term",
        "qa_type": "mcqa",
        "old_answer": "A"
    },
    {
        "qa_idx": 12,
        "qa_task": "descriptive-scene",
        "question": "Where does the bear interact with the small figure in a pink hood and a child-like figure with a book?",
        "options": [
            "A. In a rustic room.",
            "B. In a snowy outdoor scene.",
            "C. In a vibrant garden.",
            "D. In a medical or healthcare-themed environment."
        ],
        "answer": "A",
        "qa_level": "long_term",
        "qa_type": "mcqa",
        "old_answer": "A"
    },
    {
        "qa_idx": 14,
        "qa_task": "camera-direction",
        "question": "How does the camera move in the video sequence from 30.0 to 1868.0 seconds?",
        "options": [
            "A. The camera moves closer to the bear reading a book.",
            "B. The camera moves away from the bear reading a book.",
            "C. The camera remains stationary.",
            "D. The camera moves around the bear reading a book."
        ],
        "answer": "A",
        "qa_level": "long_term",
        "qa_type": "mcqa",
        "old_answer": "A"
    },
    {
        "qa_idx": 16,
        "qa_task": "attribute-change",
        "question": "How does the setting change from the beginning to the end of the video sequence from 30.0 to 1868.0 seconds?",
        "options": [
            "A. The setting changes from a cozy indoor environment to a vibrant outdoor scene.",
            "B. The setting changes from a vibrant outdoor scene to a cozy indoor environment.",
            "C. The setting remains the same throughout the video sequence.",
            "D. The setting changes from a vibrant outdoor scene to a snowy landscape."
        ],
        "answer": "A",
        "qa_level": "long_term",
        "qa_type": "mcqa",
        "old_answer": "A"
    },
    {
        "qa_idx": 17,
        "qa_task": "character-understanding",
        "question": "What is the bear doing in the indoor scenes from 30.0 to 1868.0 seconds?",
        "options": [
            "A. The bear is cooking.",
            "B. The bear is reading books.",
            "C. The bear is painting.",
            "D. The bear is playing with toys."
        ],
        "answer": "B",
        "qa_level": "long_term",
        "qa_type": "mcqa",
        "old_answer": "B"
    },
    {
        "qa_idx": 18,
        "qa_task": "object understanding",
        "question": "What objects are featured in the cozy indoor setting where the bear is reading?",
        "options": [
            "A. A samovar, a striped armchair, and a model ship.",
            "B. A computer, a desk, and a chair.",
            "C. A television, a sofa, and a coffee table.",
            "D. A piano, a stool, and a music stand."
        ],
        "answer": "A",
        "qa_level": "long_term",
        "qa_type": "mcqa",
        "old_answer": "A"
    },
    {
        "qa_idx": 19,
        "qa_task": "time-order",
        "question": "In which order do the events occur in the video from 30.0 to 1868.0 seconds?",
        "options": [
            "A. The bear reads 'Hat Tricks for Dummies', the bear reads 'Monster from the Zoo', the bear interacts with a star-tipped wand, the bear reads 'Monster in the Zoo' in a homely environment, the bear reads a book in a snowy environment.",
            "B. The bear reads 'Monster from the Zoo', the bear reads 'Hat Tricks for Dummies', the bear interacts with a star-tipped wand, the bear reads 'Monster in the Zoo' in a homely environment, the bear reads a book in a snowy environment.",
            "C. The bear reads 'Hat Tricks for Dummies', the bear reads 'Monster in the Zoo' in a homely environment, the bear interacts with a star-tipped wand, the bear reads 'Monster from the Zoo', the bear reads a book in a snowy environment.",
            "D. The bear reads 'Monster in the Zoo' in a homely environment, the bear reads 'Hat Tricks for Dummies', the bear interacts with a star-tipped wand, the bear reads 'Monster from the Zoo', the bear reads a book in a snowy environment."
        ],
        "answer": "A",
        "qa_level": "long_term",
        "qa_type": "mcqa",
        "old_answer": "A"
    }
]