[
    {
        "qa_idx": 0,
        "qa_type": "qa",
        "qa_level": "frame",
        "qa_task": "object understanding",
        "question": "Is there a red double-decker bus on the bridge at 2570.0 seconds into the video?",
        "answer": "Yes",
        "old_answer": "Yes"
    },
    {
        "qa_idx": 2,
        "qa_type": "qa",
        "qa_level": "within_event",
        "qa_task": "speed",
        "question": "Is the interaction at the market stalls happening at a slow pace from 7241.0 to 7304.0 seconds?",
        "answer": "No",
        "old_answer": "No"
    },
    {
        "qa_idx": 3,
        "qa_task": "descriptive-scene",
        "question": "Where does the scene at 3327.0 seconds into the video take place?",
        "options": [
            "A. In a forest.",
            "B. In a desert.",
            "C. Underwater.",
            "D. In outer space."
        ],
        "answer": "C",
        "qa_level": "frame",
        "qa_type": "mcqa",
        "old_answer": "C"
    },
    {
        "qa_idx": 4,
        "qa_task": "object understanding",
        "question": "What are the colors of the two animated characters shown at 6887.0 seconds into the video?",
        "options": [
            "A. Blue and yellow.",
            "B. Pink and white.",
            "C. Green and red.",
            "D. Black and orange."
        ],
        "answer": "B",
        "qa_level": "frame",
        "qa_type": "mcqa",
        "old_answer": "B"
    },
    {
        "qa_idx": 5,
        "qa_type": "qa",
        "qa_level": "cross_event",
        "qa_task": "character-understanding",
        "question": "Were the characters in both events depicted in cheerful and educational settings from the time of 6887.0 to 6944.0 and 6950.0 to 7010.0?",
        "answer": "Yes",
        "old_answer": "Yes"
    },
    {
        "qa_idx": 6,
        "qa_type": "qa",
        "qa_level": "cross_event",
        "qa_task": "action-understanding",
        "question": "In the event from 7110.0 to 7174.0, does the white anthropomorphic rabbit in a cheerful yellow outfit fly a kite?",
        "answer": "No",
        "old_answer": "No"
    },
    {
        "qa_idx": 7,
        "qa_task": "character-understanding",
        "question": "Which characters are introduced on the boat from 6250.0 to 6319.0 seconds?",
        "options": [
            "A. A hippopotamus in a blue maritime uniform and three pigs in various nautical attires.",
            "B. A lion in a captain's hat and two monkeys in pirate attire.",
            "C. A dog in a sailor outfit and a cat in a pirate costume.",
            "D. A bear in a blue maritime uniform and three rabbits in casual clothes."
        ],
        "answer": "A",
        "qa_level": "within_event",
        "qa_type": "mcqa",
        "old_answer": "A"
    },
    {
        "qa_idx": 8,
        "qa_task": "temporal-relationship",
        "question": "What activity is the young animal character engaged in before the scene transitions to the title screen in the event from 2442.0 to 2600.0 seconds?",
        "options": [
            "A. Knitting with colorful yarn balls.",
            "B. Playing near a green bush with a white ball with colorful spots.",
            "C. Operating a jackhammer on hopscotch markings.",
            "D. Riding a red double-decker bus."
        ],
        "answer": "B",
        "qa_level": "cross_event",
        "qa_type": "mcqa",
        "old_answer": "B"
    },
    {
        "qa_idx": 9,
        "qa_task": "object-direction",
        "question": "In the events from 5352.0 to 5412.0 seconds and H to e seconds, what direction do the animated characters move after exiting the grand door?",
        "options": [
            "A. Towards the green lawn.",
            "B. Towards the grand door.",
            "C. Towards the statue of a crowned figure.",
            "D. Towards the blue sky."
        ],
        "answer": "A",
        "qa_level": "cross_event",
        "qa_type": "mcqa",
        "old_answer": "A"
    },
    {
        "qa_idx": 10,
        "qa_task": "camera-direction",
        "question": "How does the camera movement contribute to the playful and cheerful atmosphere in the scenes from 3891.0 to 3955.0 seconds and H to e seconds?",
        "options": [
            "A. The camera remains static, focusing on the characters' interactions.",
            "B. The camera moves forward to capture the details of the vanity and the characters' expressions.",
            "C. The camera pans around the room to show the entire setting and the characters' playful actions.",
            "D. The camera zooms in and out to emphasize the dynamic expressions and vibrant colors."
        ],
        "answer": "D",
        "qa_level": "cross_event",
        "qa_type": "mcqa",
        "old_answer": "D"
    },
    {
        "qa_idx": 11,
        "qa_task": "object understanding",
        "question": "What is the appearance of the device held by the character with a surprised expression in the event from 381.0 to 444.0 seconds?",
        "options": [
            "A. A purple device decorated with musical notes, stars, and a microphone icon.",
            "B. A blue device with a star pattern and a microphone icon.",
            "C. A red device with musical notes and a star icon.",
            "D. A green device with a microphone and star pattern."
        ],
        "answer": "A",
        "qa_level": "cross_event",
        "qa_type": "mcqa",
        "old_answer": "A"
    },
    {
        "qa_idx": 12,
        "qa_task": "temporal-relationship",
        "question": "What were the pig family doing before they stood at a path crossroads?",
        "options": [
            "A. They were interacting with a grey wolf in a suit.",
            "B. They were holding a book and a toy dinosaur.",
            "C. They were walking along a path in a serene forest.",
            "D. They were deciding their direction in an adventurous setting."
        ],
        "answer": "C",
        "qa_level": "long_term",
        "qa_type": "mcqa",
        "old_answer": "C"
    },
    {
        "qa_idx": 14,
        "qa_task": "camera-direction",
        "question": "How does the camera movement change from the scene at 20.0 seconds to the scene at 7330.0 seconds?",
        "options": [
            "A. The camera moves from a close-up of a character to a wide shot of a group of characters.",
            "B. The camera moves from an indoor setting to an outdoor setting.",
            "C. The camera moves from a wide shot of a group of characters to a close-up of a character.",
            "D. The camera moves from an outdoor setting to an indoor setting."
        ],
        "answer": "C",
        "qa_level": "long_term",
        "qa_type": "mcqa",
        "old_answer": "C"
    },
    {
        "qa_idx": 15,
        "qa_task": "speed",
        "question": "Which character is moving faster in the video from 20.0 seconds to 7330.0 seconds?",
        "options": [
            "A. The pig family walking along a path.",
            "B. The narrowboat navigating the canal.",
            "C. The characters riding bicycles.",
            "D. The characters on the merry-go-round."
        ],
        "answer": "C",
        "qa_level": "long_term",
        "qa_type": "mcqa",
        "old_answer": "C"
    },
    {
        "qa_idx": 16,
        "qa_task": "attribute-change",
        "question": "How does the setting change from the beginning to the end of the video from 20.0 seconds to 7330.0 seconds?",
        "options": [
            "A. From a whimsical animated sequence to a vibrant market scene.",
            "B. From a serene garden to a bustling city sidewalk.",
            "C. From a classroom setting to a playful outdoor environment.",
            "D. From a nautical adventure to a family mealtime."
        ],
        "answer": "A",
        "qa_level": "long_term",
        "qa_type": "mcqa",
        "old_answer": "A"
    },
    {
        "qa_idx": 17,
        "qa_task": "character-understanding",
        "question": "What is the pig character holding while standing on a green grassy hill under a clear blue sky?",
        "options": [
            "A. A toy giraffe.",
            "B. A small stuffed toy.",
            "C. A book.",
            "D. A green toy dinosaur."
        ],
        "answer": "B",
        "qa_level": "long_term",
        "qa_type": "mcqa",
        "old_answer": "B"
    },
    {
        "qa_idx": 18,
        "qa_task": "time-order",
        "question": "In which order do the events occur in the video from 20.0 to 7330.0 seconds?",
        "options": [
            "A. The pig family stands at a path crossroads, deciding their direction in an adventurous and natural setting. -> The pig family is seen walking along a path in a serene forest setting. -> Two cartoon pig characters continue their journey, one holding a book with 'Little Red Riding Hood' on the cover and the other with a green toy dinosaur. -> The pig family strolls through a dense forest as they share bonds amidst rich foliage.",
            "B. The pig family is seen walking along a path in a serene forest setting. -> Two cartoon pig characters continue their journey, one holding a book with 'Little Red Riding Hood' on the cover and the other with a green toy dinosaur. -> The pig family strolls through a dense forest as they share bonds amidst rich foliage. -> The pig family stands at a path crossroads, deciding their direction in an adventurous and natural setting.",
            "C. Two cartoon pig characters continue their journey, one holding a book with 'Little Red Riding Hood' on the cover and the other with a green toy dinosaur. -> The pig family strolls through a dense forest as they share bonds amidst rich foliage. -> The pig family stands at a path crossroads, deciding their direction in an adventurous and natural setting. -> The pig family is seen walking along a path in a serene forest setting.",
            "D. The pig family strolls through a dense forest as they share bonds amidst rich foliage. -> The pig family stands at a path crossroads, deciding their direction in an adventurous and natural setting. -> The pig family is seen walking along a path in a serene forest setting. -> Two cartoon pig characters continue their journey, one holding a book with 'Little Red Riding Hood' on the cover and the other with a green toy dinosaur."
        ],
        "answer": "B",
        "qa_level": "long_term",
        "qa_type": "mcqa",
        "old_answer": "B"
    }
]