[
    {
        "qa_idx": 0,
        "qa_task": "character-understanding",
        "question": "What is the character resembling a rabbit wearing in the video frame at 836.0 seconds?",
        "options": [
            "A. A red shirt.",
            "B. A dark purple dress.",
            "C. A blue jacket.",
            "D. A green hat."
        ],
        "answer": "B",
        "qa_level": "frame",
        "qa_type": "mcqa",
        "old_answer": "B"
    },
    {
        "qa_idx": 1,
        "qa_type": "qa",
        "qa_level": "within_event",
        "qa_task": "action-understanding",
        "question": "Between 1690.0 and 1756.0 seconds, does the larger pig with glasses and a beard interact with a dinosaur toy?",
        "answer": "Yes",
        "old_answer": "Yes"
    },
    {
        "qa_idx": 2,
        "qa_task": "counting",
        "question": "How many candles are on the cake at the 1399.0-second mark of the video?",
        "options": [
            "A. 3.",
            "B. 5.",
            "C. Multiple.",
            "D. 1."
        ],
        "answer": "C",
        "qa_level": "frame",
        "qa_type": "mcqa",
        "old_answer": "C"
    },
    {
        "qa_idx": 4,
        "qa_type": "qa",
        "qa_level": "long_term",
        "qa_task": "action-understanding",
        "question": "After the family of pigs finished their journey, did they immediately start building a treehouse in the garden? (Time: 1698.0 - 2602.0 seconds)",
        "answer": "No",
        "old_answer": "No"
    },
    {
        "qa_idx": 5,
        "qa_task": "plot-understanding",
        "question": "What is the main theme depicted in the two video events from 1909.0 to 1972.0 seconds and H to e seconds?",
        "options": [
            "A. The pigs are preparing for a journey and later engage in family mealtime activities.",
            "B. The pigs are involved in a sports competition and later go shopping.",
            "C. The pigs are attending a school and later participate in a cooking class.",
            "D. The pigs are exploring a forest and later build a house."
        ],
        "answer": "A",
        "qa_level": "cross_event",
        "qa_type": "mcqa",
        "old_answer": "A"
    },
    {
        "qa_idx": 6,
        "qa_task": "descriptive-scene",
        "question": "Where does the event from 1626.0 to 1688.0 seconds take place?",
        "options": [
            "A. A cozy nighttime setting in a child's bedroom.",
            "B. A busy city street.",
            "C. A sunny beach.",
            "D. A school classroom."
        ],
        "answer": "A",
        "qa_level": "cross_event",
        "qa_type": "mcqa",
        "old_answer": "A"
    },
    {
        "qa_idx": 7,
        "qa_task": "temporal-relationship",
        "question": "What happens after the scene with the character in a red hooded cape standing beside the bed holding a basket?",
        "options": [
            "A. The scene transitions to an outdoor park-like setting with a character in a green hat with a feather, dark glasses, wearing lederhosen-style clothing, holding a horn.",
            "B. The scene transitions to a bright indoor scene with yellow patterned wallpaper, a flower painting, a pink-covered bed with a heart-shaped headboard occupied by a rabbit.",
            "C. The scene transitions to a colorful stage with elaborate yellow decorations and red curtains.",
            "D. The scene transitions to a serene outdoor scene with a clear blue sky and apple trees."
        ],
        "answer": "A",
        "qa_level": "long_term",
        "qa_type": "mcqa",
        "old_answer": "A"
    },
    {
        "qa_idx": 8,
        "qa_task": "spatial-relationship",
        "question": "Where is the large pink pig with glasses holding a camera positioned in the video?",
        "options": [
            "A. In a dark background, suggesting nighttime or dim setting.",
            "B. In a brightly lit room with yellow and light blue walls.",
            "C. In a colorful children's room with toys and drawings.",
            "D. In a garden with lush green foliage and dark purple berries."
        ],
        "answer": "A",
        "qa_level": "long_term",
        "qa_type": "mcqa",
        "old_answer": "A"
    },
    {
        "qa_idx": 11,
        "qa_task": "object-direction",
        "question": "In the video from 3.0 to 2602.0 seconds, which direction is the red car moving when the family of pigs is preparing for a trip?",
        "options": [
            "A. The red car is moving forward.",
            "B. The red car is moving backward.",
            "C. The red car is moving to the left.",
            "D. The red car is moving to the right."
        ],
        "answer": "A",
        "qa_level": "long_term",
        "qa_type": "mcqa",
        "old_answer": "A"
    },
    {
        "qa_idx": 12,
        "qa_task": "speed",
        "question": "Which character is faster in the video from 3.0 to 2602.0 seconds, the character on the bicycle or the character on the scooter?",
        "options": [
            "A. The character on the bicycle.",
            "B. The character on the scooter.",
            "C. Both are at the same speed.",
            "D. None of the above."
        ],
        "answer": "A",
        "qa_level": "long_term",
        "qa_type": "mcqa",
        "old_answer": "A"
    },
    {
        "qa_idx": 13,
        "qa_task": "attribute-change",
        "question": "How does the setting change from the beginning to the end of the video from 3.0 to 2602.0 seconds?",
        "options": [
            "A. From a colorful stage with yellow decorations to a rainy outdoor scene.",
            "B. From a cozy indoor room with yellow wallpaper to a family traveling in a car.",
            "C. From a bright indoor scene with yellow patterned wallpaper to a vibrant outdoor garden.",
            "D. From a serene outdoor backdrop to a cheerful indoor setting."
        ],
        "answer": "B",
        "qa_level": "long_term",
        "qa_type": "mcqa",
        "old_answer": "B"
    },
    {
        "qa_idx": 15,
        "qa_task": "object understanding",
        "question": "What objects are featured in the children's room with lavender painted walls?",
        "options": [
            "A. A striped cat-like creature drawing, a toy boat with polka dots, and a green toy truck.",
            "B. A blue chair, a red table, and a yellow lamp.",
            "C. A blackboard, a globe, and a clock.",
            "D. A bookshelf, a vase, and a painting."
        ],
        "answer": "A",
        "qa_level": "long_term",
        "qa_type": "mcqa",
        "old_answer": "A"
    }
]