[
    {
        "qa_idx": 0,
        "qa_type": "qa",
        "qa_level": "frame",
        "qa_task": "object understanding",
        "question": "Is one of the men wearing a blue long-sleeved shirt in the frame at 1756.0 seconds?",
        "answer": "Yes",
        "old_answer": "Yes"
    },
    {
        "qa_idx": 1,
        "qa_task": "object understanding",
        "question": "What is the primary subject of interest in the frame at 256.0 seconds into the video?",
        "options": [
            "A. A beige, four-fingered human hand sculpture embedded into an external vertical yellow wall.",
            "B. A red bird perched on a tree branch.",
            "C. A blue car parked on the street.",
            "D. A green plant growing in a pot."
        ],
        "answer": "A",
        "qa_level": "frame",
        "qa_type": "mcqa",
        "old_answer": "A"
    },
    {
        "qa_idx": 2,
        "qa_type": "qa",
        "qa_level": "frame",
        "qa_task": "character-understanding",
        "question": "At 2368.0 seconds into the video, are there two women present in the scene?",
        "answer": "Yes",
        "old_answer": "Yes"
    },
    {
        "qa_idx": 3,
        "qa_task": "descriptive-scene",
        "question": "Where is the man seated in the video frame at 2808.0 seconds?",
        "options": [
            "A. In the driver's seat of a car.",
            "B. In the passenger seat of a car.",
            "C. In the back seat of a car.",
            "D. Outside the car."
        ],
        "answer": "A",
        "qa_level": "frame",
        "qa_type": "mcqa",
        "old_answer": "A"
    },
    {
        "qa_idx": 4,
        "qa_type": "qa",
        "qa_level": "within_event",
        "qa_task": "action-understanding",
        "question": "During the event from 2970.0 to 3033.0 seconds, does the man in the yellow shirt stand up and start dancing in the restaurant?",
        "answer": "No",
        "old_answer": "No"
    },
    {
        "qa_idx": 5,
        "qa_task": "spatial-relationship",
        "question": "What is the main focus of the frame at 1715.0 seconds into the video?",
        "options": [
            "A. A river flowing through the forest.",
            "B. A cluster of trees on rugged terrain.",
            "C. A group of animals grazing.",
            "D. A wooden cabin in the forest."
        ],
        "answer": "B",
        "qa_level": "frame",
        "qa_type": "mcqa",
        "old_answer": "B"
    },
    {
        "qa_idx": 6,
        "qa_type": "qa",
        "qa_level": "cross_event",
        "qa_task": "character-understanding",
        "question": "Were the individuals in both events engaged in rock climbing activities from 1653.0 to 1719.0 and 1721.0 to 1727.0?",
        "answer": "Yes",
        "old_answer": "Yes"
    },
    {
        "qa_idx": 7,
        "qa_type": "qa",
        "qa_level": "cross_event",
        "qa_task": "action-understanding",
        "question": "In the video event from 1824.0 to 1892.0 seconds, does the scene shift to an outdoor environment at any point?",
        "answer": "Yes",
        "old_answer": "Yes"
    },
    {
        "qa_idx": 8,
        "qa_type": "qa",
        "qa_level": "long_term",
        "qa_task": "speed",
        "question": "Did the man in the brown jacket move quickly through the various urban and natural settings from 1.0 to 3173.0 seconds?",
        "answer": "No",
        "old_answer": "No"
    },
    {
        "qa_idx": 9,
        "qa_task": "descriptive-scene",
        "question": "Where is the rock climbing activity taking place in the video from 1721.0 to 1727.0 seconds?",
        "options": [
            "A. In a gym.",
            "B. On a rugged rock face outdoors.",
            "C. On an indoor climbing wall.",
            "D. In a desert."
        ],
        "answer": "B",
        "qa_level": "within_event",
        "qa_type": "mcqa",
        "old_answer": "B"
    },
    {
        "qa_idx": 10,
        "qa_task": "time-order",
        "question": "What is the correct sequence of events in the video from 2265.0 seconds to 2336.0 seconds?",
        "options": [
            "A. The man is seen in various outdoor scenes, then transitions to an amusement park, followed by a park with a grounded airplane, and ends with a serene park setting.",
            "B. The man starts in an amusement park, then moves to a park with a grounded airplane, followed by various outdoor scenes, and ends with a serene park setting.",
            "C. The man starts in a park with a grounded airplane, then moves to various outdoor scenes, followed by an amusement park, and ends with a serene park setting.",
            "D. The man starts in a serene park setting, then moves to various outdoor scenes, followed by a park with a grounded airplane, and ends in an amusement park."
        ],
        "answer": "A",
        "qa_level": "cross_event",
        "qa_type": "mcqa",
        "old_answer": "A"
    },
    {
        "qa_idx": 11,
        "qa_task": "speed",
        "question": "Between the time of 86.0 to 146.0 seconds and H to e seconds, which scene depicts a faster-paced environment?",
        "options": [
            "A. The urban street scene with a man in a brown jacket and a woman dressed in black near a pedestrian crossing.",
            "B. The outdoor park scene with a man and a woman holding colorful balloons and petting a small horse.",
            "C. The urban plaza scene with a white van, people, and a market area filled with flowers.",
            "D. The serene, tree-lined residential area with apartment buildings and parked cars."
        ],
        "answer": "C",
        "qa_level": "cross_event",
        "qa_type": "mcqa",
        "old_answer": "C"
    },
    {
        "qa_idx": 12,
        "qa_task": "object-direction",
        "question": "In the video events from 1457.0 to 1518.0 seconds and H to e seconds, what is the direction of the man's movement in the natural setting?",
        "options": [
            "A. The man is walking down stone steps surrounded by dense autumn vegetation.",
            "B. The man is walking up stone steps surrounded by dense autumn vegetation.",
            "C. The man is walking horizontally on a flat path surrounded by dense autumn vegetation.",
            "D. The man is standing still in the natural setting."
        ],
        "answer": "B",
        "qa_level": "cross_event",
        "qa_type": "mcqa",
        "old_answer": "B"
    },
    {
        "qa_idx": 13,
        "qa_task": "temporal-relationship",
        "question": "What was the man doing before he was seen in a bustling urban street filled with historical buildings, vehicles, and pedestrians?",
        "options": [
            "A. He was interacting with a woman near a pedestrian crossing.",
            "B. He was outstretching his arms against a mountainous backdrop covered in snow.",
            "C. He was seen in a retail setting interacting with another man.",
            "D. He was seen in a park with a large commemorative boulder."
        ],
        "answer": "B",
        "qa_level": "long_term",
        "qa_type": "mcqa",
        "old_answer": "B"
    },
    {
        "qa_idx": 14,
        "qa_task": "causal",
        "question": "Why is the man wearing goggles and sunglasses in the video from 1.0 to 3173.0 seconds?",
        "options": [
            "A. He is engaged in outdoor activities such as hiking or skiing.",
            "B. He is attending a formal event.",
            "C. He is shopping in a retail store.",
            "D. He is driving a car."
        ],
        "answer": "A",
        "qa_level": "long_term",
        "qa_type": "mcqa",
        "old_answer": "A"
    },
    {
        "qa_idx": 16,
        "qa_task": "camera-direction",
        "question": "How does the camera movement change from the beginning to the end of the video from 1.0 to 3173.0 seconds?",
        "options": [
            "A. The camera moves from outdoor scenes to indoor scenes.",
            "B. The camera moves from urban settings to natural settings.",
            "C. The camera moves from close-up shots to wide-angle shots.",
            "D. The camera moves from static shots to dynamic shots."
        ],
        "answer": "B",
        "qa_level": "long_term",
        "qa_type": "mcqa",
        "old_answer": "B"
    },
    {
        "qa_idx": 17,
        "qa_task": "speed",
        "question": "Which mode of transportation was faster in the video from 1.0 to 3173.0 seconds?",
        "options": [
            "A. The white car.",
            "B. The green truck.",
            "C. The red kayak.",
            "D. The amusement train ride."
        ],
        "answer": "A",
        "qa_level": "long_term",
        "qa_type": "mcqa",
        "old_answer": "A"
    },
    {
        "qa_idx": 19,
        "qa_task": "character-understanding",
        "question": "What kind of clothing is the man wearing during the outdoor activities shown from 1.0 to 3173.0 seconds?",
        "options": [
            "A. A brown jacket and a yellow shirt.",
            "B. A red jacket with a furry hood.",
            "C. A blue jacket and a cap.",
            "D. A black leather jacket."
        ],
        "answer": "A",
        "qa_level": "long_term",
        "qa_type": "mcqa",
        "old_answer": "A"
    },
    {
        "qa_idx": 20,
        "qa_task": "object understanding",
        "question": "What kind of sculpture is embedded into the yellow wall in the video?",
        "options": [
            "A. A human hand sculpture.",
            "B. A human face sculpture.",
            "C. A human foot sculpture.",
            "D. A human eye sculpture."
        ],
        "answer": "A",
        "qa_level": "long_term",
        "qa_type": "mcqa",
        "old_answer": "A"
    },
    {
        "qa_idx": 21,
        "qa_task": "time-order",
        "question": "In which order do the events occur in the video from 1.0 to 3173.0 seconds?",
        "options": [
            "A. A man dressed in outdoor wear is shown, followed by a bustling urban street filled with historical buildings, and then a serene park scene.",
            "B. A man dressed in outdoor wear is shown, followed by a bustling urban street filled with historical buildings, and then a formal or ceremonial event setting.",
            "C. A man dressed in outdoor wear is shown, followed by a bustling urban street filled with historical buildings, and then an amusement park setting.",
            "D. A man dressed in outdoor wear is shown, followed by a bustling urban street filled with historical buildings, and then a museum or exhibition setting."
        ],
        "answer": "B",
        "qa_level": "long_term",
        "qa_type": "mcqa",
        "old_answer": "B"
    }
]