[
    {
        "qa_idx": 0,
        "qa_type": "qa",
        "qa_level": "frame",
        "qa_task": "object understanding",
        "question": "Is there a refrigerator visible in the kitchen scene at 1263.0 seconds?",
        "answer": "No",
        "old_answer": "No"
    },
    {
        "qa_idx": 2,
        "qa_task": "character-understanding",
        "question": "What is the person in the video doing at 123.0 seconds?",
        "options": [
            "A. The person is washing dishes.",
            "B. The person is preparing an octopus for cooking.",
            "C. The person is setting the table.",
            "D. The person is serving food."
        ],
        "answer": "B",
        "qa_level": "frame",
        "qa_type": "mcqa",
        "old_answer": "B"
    },
    {
        "qa_idx": 5,
        "qa_task": "attribute-change",
        "question": "How does the lighting in the kitchen change from the beginning to the end of the event from 1508.0 to 1619.0 seconds?",
        "options": [
            "A. The kitchen becomes gradually darker.",
            "B. The kitchen remains well-lit throughout.",
            "C. The kitchen lighting changes from bright to dim.",
            "D. The kitchen lighting fluctuates between bright and dark."
        ],
        "answer": "B",
        "qa_level": "cross_event",
        "qa_type": "mcqa",
        "old_answer": "B"
    },
    {
        "qa_idx": 6,
        "qa_task": "object-direction",
        "question": "In the video events from 1255.0 to 1324.0 seconds and H to e seconds, what is the direction of the octopus movement during the food preparation?",
        "options": [
            "A. The octopus is moved from left to right on the cutting board.",
            "B. The octopus is moved from right to left on the cutting board.",
            "C. The octopus is moved from top to bottom on the cutting board.",
            "D. The octopus is moved from bottom to top on the cutting board."
        ],
        "answer": "A",
        "qa_level": "cross_event",
        "qa_type": "mcqa",
        "old_answer": "A"
    },
    {
        "qa_idx": 7,
        "qa_task": "spatial-relationship",
        "question": "Where is the water dispenser located in the kitchen?",
        "options": [
            "A. Near the stove.",
            "B. Near the sink.",
            "C. Near the window.",
            "D. Near the countertop."
        ],
        "answer": "B",
        "qa_level": "long_term",
        "qa_type": "mcqa",
        "old_answer": "B"
    },
    {
        "qa_idx": 9,
        "qa_task": "time-order",
        "question": "In which order do the events occur in the video from 1.0 to 2378.0 seconds?",
        "options": [
            "A. The scene starts with a kitchen setting featuring a person in a black chef's jacket preparing food items. Then, another person joins in, dressed similarly in black chef's attire. The scene transitions to an office environment with two men interacting near computer setups. The setting switches back to a kitchen with two men engaged in culinary activity. The scene ends with two individuals in a kitchen environment, one dressed in a dark shirt and another preparing food at the countertop.",
            "B. The scene starts with an office environment with two men interacting near computer setups. Then, the setting switches to a kitchen with two men engaged in culinary activity. The scene transitions to a kitchen setting featuring a person in a black chef's jacket preparing food items. The scene ends with two individuals in a kitchen environment, one dressed in a dark shirt and another preparing food at the countertop.",
            "C. The scene starts with two individuals in a kitchen environment, one dressed in a dark shirt and another preparing food at the countertop. Then, the setting switches to a kitchen with two men engaged in culinary activity. The scene transitions to an office environment with two men interacting near computer setups. The scene ends with a kitchen setting featuring a person in a black chef's jacket preparing food items.",
            "D. The scene starts with a kitchen setting featuring a person in a black chef's jacket preparing food items. Then, the setting switches to a kitchen with two men engaged in culinary activity. The scene transitions to an office environment with two men interacting near computer setups. The scene ends with two individuals in a kitchen environment, one dressed in a dark shirt and another preparing food at the countertop."
        ],
        "answer": "A",
        "qa_level": "long_term",
        "qa_type": "mcqa",
        "old_answer": "A"
    },
    {
        "qa_idx": 11,
        "qa_task": "object-direction",
        "question": "In which direction did the person with a red cap move relative to the camera in the kitchen scene from 1.0 to 2378.0 seconds?",
        "options": [
            "A. Left to right.",
            "B. Right to left.",
            "C. Towards the camera.",
            "D. Away from the camera."
        ],
        "answer": "A",
        "qa_level": "long_term",
        "qa_type": "mcqa",
        "old_answer": "A"
    },
    {
        "qa_idx": 12,
        "qa_task": "speed",
        "question": "Which activity is performed faster in the video, the food preparation or the office interaction?",
        "options": [
            "A. Food preparation.",
            "B. Office interaction.",
            "C. Both are performed at the same speed.",
            "D. None of the above."
        ],
        "answer": "A",
        "qa_level": "long_term",
        "qa_type": "mcqa",
        "old_answer": "A"
    },
    {
        "qa_idx": 13,
        "qa_task": "attribute-change",
        "question": "How does the setting change from the beginning to the end of the video from 1.0 to 2378.0 seconds?",
        "options": [
            "A. The setting changes from a kitchen to an office environment.",
            "B. The setting changes from an office environment to a kitchen.",
            "C. The setting remains the same throughout the video.",
            "D. The setting changes from a kitchen to a living room."
        ],
        "answer": "A",
        "qa_level": "long_term",
        "qa_type": "mcqa",
        "old_answer": "A"
    }
]