[
    {
        "qa_idx": 1,
        "qa_type": "qa",
        "qa_level": "frame",
        "qa_task": "object understanding",
        "question": "Are there any air bubbles visible in the underwater scene at 861.0 seconds into the video?",
        "answer": "Yes",
        "old_answer": "Yes"
    },
    {
        "qa_idx": 2,
        "qa_task": "descriptive-scene",
        "question": "What is the setting of the video frame at 683.0 seconds?",
        "options": [
            "A. A clear blue sky with scattered white clouds.",
            "B. A dense forest with tall trees.",
            "C. A busy city street with tall buildings.",
            "D. A sandy beach with ocean waves."
        ],
        "answer": "A",
        "qa_level": "frame",
        "qa_type": "mcqa",
        "old_answer": "A"
    },
    {
        "qa_idx": 3,
        "qa_task": "character-understanding",
        "question": "What is the shape created by the shoal of small fish in the video frame at 691.0 seconds?",
        "options": [
            "A. A star.",
            "B. A larger fish.",
            "C. A coral reef.",
            "D. A sea turtle."
        ],
        "answer": "B",
        "qa_level": "frame",
        "qa_type": "mcqa",
        "old_answer": "B"
    },
    {
        "qa_idx": 4,
        "qa_type": "qa",
        "qa_level": "cross_event",
        "qa_task": "action-understanding",
        "question": "In the event from 1282.0 to 1359.0, do the anthropomorphic mouse characters appear in a royal or courtly environment at any point?",
        "answer": "Yes",
        "old_answer": "Yes"
    },
    {
        "qa_idx": 5,
        "qa_type": "qa",
        "qa_level": "cross_event",
        "qa_task": "action-understanding",
        "question": "In the event from 188.0 to 263.0, do the characters engage in a treasure hunt while exploring the underwater world?",
        "answer": "No",
        "old_answer": "No"
    },
    {
        "qa_idx": 6,
        "qa_task": "object-direction",
        "question": "In which direction are the two anthropomorphic characters dressed in cowboy attire walking in the blurred outdoor arena from 976.0 to 1030.0 seconds?",
        "options": [
            "A. Towards the left.",
            "B. Towards the right.",
            "C. Towards the audience.",
            "D. Away from the audience."
        ],
        "answer": "B",
        "qa_level": "within_event",
        "qa_type": "mcqa",
        "old_answer": "B"
    },
    {
        "qa_idx": 7,
        "qa_task": "plot-understanding",
        "question": "What is the primary setting of the events described between 188.0 to 263.0 seconds?",
        "options": [
            "A. A bustling city street.",
            "B. A serene forest.",
            "C. An underwater environment.",
            "D. A snowy mountain."
        ],
        "answer": "C",
        "qa_level": "cross_event",
        "qa_type": "mcqa",
        "old_answer": "C"
    },
    {
        "qa_idx": 8,
        "qa_task": "descriptive-scene",
        "question": "Where do the events in the video sequence from 1104.0 to 1169.0 seconds primarily take place?",
        "options": [
            "A. In a dense forest.",
            "B. In an outdoor, sandy environment and an amphitheater.",
            "C. Inside a large building.",
            "D. In a snowy mountain range."
        ],
        "answer": "B",
        "qa_level": "cross_event",
        "qa_type": "mcqa",
        "old_answer": "B"
    },
    {
        "qa_idx": 9,
        "qa_task": "temporal-relationship",
        "question": "What were the anthropomorphic mice characters doing before they engaged in underwater exploration?",
        "options": [
            "A. They were fishing near a water body.",
            "B. They were interacting with a large shark.",
            "C. They were walking through a desert landscape.",
            "D. They were at an underwater amusement park."
        ],
        "answer": "A",
        "qa_level": "long_term",
        "qa_type": "mcqa",
        "old_answer": "A"
    },
    {
        "qa_idx": 10,
        "qa_task": "spatial-relationship",
        "question": "Where is the palm tree located in the initial beach scene?",
        "options": [
            "A. On the left.",
            "B. In the center.",
            "C. On the right.",
            "D. Near the lifeguard tower."
        ],
        "answer": "C",
        "qa_level": "long_term",
        "qa_type": "mcqa",
        "old_answer": "C"
    },
    {
        "qa_idx": 12,
        "qa_task": "plot-understanding",
        "question": "What is the main theme of the video from 1.0 to 1793.0 seconds?",
        "options": [
            "A. A beach scene transitioning into an underwater adventure.",
            "B. A desert journey with anthropomorphic characters.",
            "C. A series of animated circus performances.",
            "D. A historical exploration of ancient structures."
        ],
        "answer": "A",
        "qa_level": "long_term",
        "qa_type": "mcqa",
        "old_answer": "A"
    },
    {
        "qa_idx": 16,
        "qa_task": "time-order",
        "question": "In which order do the events occur in the video from 1.0 to 1793.0 seconds?",
        "options": [
            "A. The event begins with a tranquil beach scene, transitions to an animated fishing scene, then to a dramatic confrontation with a shark, followed by a desert journey, a colorful feast, and coastal scenes with a cartoonish shark. The scene then shifts to an aerial view of a boat, underwater adventures with anthropomorphic characters, and culminates in an underwater amusement park.",
            "B. The event begins with a dramatic confrontation with a shark, transitions to a tranquil beach scene, then to an animated fishing scene, followed by a desert journey, a colorful feast, and coastal scenes with a cartoonish shark. The scene then shifts to an aerial view of a boat, underwater adventures with anthropomorphic characters, and culminates in an underwater amusement park.",
            "C. The event begins with an underwater amusement park, transitions to a tranquil beach scene, then to an animated fishing scene, followed by a dramatic confrontation with a shark, a desert journey, a colorful feast, and coastal scenes with a cartoonish shark. The scene then shifts to an aerial view of a boat, underwater adventures with anthropomorphic characters.",
            "D. The event begins with a colorful feast, transitions to a tranquil beach scene, then to an animated fishing scene, followed by a dramatic confrontation with a shark, a desert journey, coastal scenes with a cartoonish shark, and an aerial view of a boat. The scene then shifts to underwater adventures with anthropomorphic characters and culminates in an underwater amusement park."
        ],
        "answer": "A",
        "qa_level": "long_term",
        "qa_type": "mcqa",
        "old_answer": "A"
    }
]