[
    {
        "qa_idx": 0,
        "qa_type": "qa",
        "qa_level": "frame",
        "qa_task": "character-understanding",
        "question": "Is the larger character wearing a blue hat and a white beard positioned on the left side of the frame at 1994.0 seconds?",
        "answer": "Yes",
        "old_answer": "Yes"
    },
    {
        "qa_idx": 1,
        "qa_task": "descriptive-scene",
        "question": "Where does the scene at 1149.0 seconds take place?",
        "options": [
            "A. In a park.",
            "B. In a family home.",
            "C. In a school.",
            "D. In a shopping mall."
        ],
        "answer": "B",
        "qa_level": "frame",
        "qa_type": "mcqa",
        "old_answer": "B"
    },
    {
        "qa_idx": 2,
        "qa_type": "qa",
        "qa_level": "frame",
        "qa_task": "object understanding",
        "question": "Is there a character holding a bunch of colorful balloons in the frame at 1473.0 seconds?",
        "answer": "Yes",
        "old_answer": "Yes"
    },
    {
        "qa_idx": 3,
        "qa_task": "spatial-relationship",
        "question": "Where is the spider located in the frame at 630.0 seconds?",
        "options": [
            "A. On the ground.",
            "B. On a leaf.",
            "C. In the web.",
            "D. On the tree trunk."
        ],
        "answer": "C",
        "qa_level": "frame",
        "qa_type": "mcqa",
        "old_answer": "C"
    },
    {
        "qa_idx": 4,
        "qa_type": "qa",
        "qa_level": "within_event",
        "qa_task": "object understanding",
        "question": "Are there any anthropomorphic characters dressed in white outfits in the video event from 1903.0 to 1988.0 seconds?",
        "answer": "Yes",
        "old_answer": "Yes"
    },
    {
        "qa_idx": 5,
        "qa_type": "qa",
        "qa_level": "within_event",
        "qa_task": "object understanding",
        "question": "Is there a tree with green leaves on the right side of the scene from 187.0 to 247.0 seconds?",
        "answer": "Yes",
        "old_answer": "Yes"
    },
    {
        "qa_idx": 6,
        "qa_task": "object understanding",
        "question": "What is the animated character standing next to at 662.0 seconds into the video?",
        "options": [
            "A. A colorful dollhouse.",
            "B. A toy car.",
            "C. A bookshelf.",
            "D. A table with books."
        ],
        "answer": "A",
        "qa_level": "frame",
        "qa_type": "mcqa",
        "old_answer": "A"
    },
    {
        "qa_idx": 7,
        "qa_type": "qa",
        "qa_level": "long_term",
        "qa_task": "action-understanding",
        "question": "Did the pig character use a flashlight to illuminate a small hedgehog inside a bucket? (Time: 3.0 to 2277.0 seconds)",
        "answer": "Yes",
        "old_answer": "Yes"
    },
    {
        "qa_idx": 9,
        "qa_type": "qa",
        "qa_level": "long_term",
        "qa_task": "action-understanding",
        "question": "After the characters gathered around the campfire, did they start a dance party with disco lights? (Time: 3.0 to 2277.0 seconds)",
        "answer": "No",
        "old_answer": "No"
    },
    {
        "qa_idx": 10,
        "qa_task": "scene-understanding",
        "question": "What is the setting of the event from 2071.0 to 2138.0 seconds?",
        "options": [
            "A. A lively outdoor scene with animated characters in pirate-themed outfits on a grassy field.",
            "B. A dark and gloomy forest with characters dressed as knights.",
            "C. A bustling city street with characters in superhero costumes.",
            "D. A quiet indoor room with characters reading books."
        ],
        "answer": "A",
        "qa_level": "within_event",
        "qa_type": "mcqa",
        "old_answer": "A"
    },
    {
        "qa_idx": 11,
        "qa_task": "speed",
        "question": "Between the time of 3.0 to 64.0 seconds and H to e seconds, which character is depicted moving at a faster speed?",
        "options": [
            "A. The pig character in the red dress.",
            "B. The rabbit character navigating a helicopter.",
            "C. The children carrying jack-o'-lanterns.",
            "D. The family of three admiring the carved pumpkin."
        ],
        "answer": "B",
        "qa_level": "cross_event",
        "qa_type": "mcqa",
        "old_answer": "B"
    },
    {
        "qa_idx": 13,
        "qa_task": "temporal-relationship",
        "question": "What happens after the characters gather around a brightly lit pumpkin indoors?",
        "options": [
            "A. The characters stand outside a house decorated for Halloween.",
            "B. The characters engage in a discussion around a table with a jack-o'-lantern.",
            "C. The characters observe butterflies illuminated by a flashlight.",
            "D. The characters gather around a campfire under a starry sky."
        ],
        "answer": "A",
        "qa_level": "long_term",
        "qa_type": "mcqa",
        "old_answer": "A"
    },
    {
        "qa_idx": 15,
        "qa_task": "causal",
        "question": "Why did the characters gather around a brightly lit pumpkin indoors in the event from 3.0 to 2277.0 seconds?",
        "options": [
            "A. To celebrate Halloween.",
            "B. To celebrate Christmas.",
            "C. To celebrate a birthday.",
            "D. To celebrate Thanksgiving."
        ],
        "answer": "A",
        "qa_level": "long_term",
        "qa_type": "mcqa",
        "old_answer": "A"
    },
    {
        "qa_idx": 16,
        "qa_task": "plot-understanding",
        "question": "What is the main theme of the video events from 3.0 to 2277.0 seconds?",
        "options": [
            "A. A Halloween celebration with various activities both indoors and outdoors.",
            "B. A Christmas celebration with gift exchanges and decorations.",
            "C. A summer picnic with outdoor games and activities.",
            "D. A birthday party with cake and presents."
        ],
        "answer": "A",
        "qa_level": "long_term",
        "qa_type": "mcqa",
        "old_answer": "A"
    },
    {
        "qa_idx": 17,
        "qa_task": "plot-understanding",
        "question": "What is the main theme of the event described from 3.0 to 2277.0 seconds?",
        "options": [
            "A. A Halloween celebration with various activities and decorations.",
            "B. A Christmas celebration with gift exchanges and decorations.",
            "C. A summer picnic with outdoor games and food.",
            "D. A birthday party with cake and presents."
        ],
        "answer": "A",
        "qa_level": "long_term",
        "qa_type": "mcqa",
        "old_answer": "A"
    },
    {
        "qa_idx": 18,
        "qa_task": "speed",
        "question": "Which character moves faster in the video from 3.0 to 2277.0 seconds, the rabbit-character navigating a helicopter or the anthropomorphic pig holding a flashlight?",
        "options": [
            "A. The rabbit-character navigating a helicopter.",
            "B. The anthropomorphic pig holding a flashlight.",
            "C. Both move at the same speed.",
            "D. None of the above."
        ],
        "answer": "A",
        "qa_level": "long_term",
        "qa_type": "mcqa",
        "old_answer": "A"
    },
    {
        "qa_idx": 19,
        "qa_task": "attribute-change",
        "question": "How does the tent's color change during the camping scene from 3.0 to 2277.0 seconds?",
        "options": [
            "A. From yellow to beige.",
            "B. From red to blue.",
            "C. From green to purple.",
            "D. From blue to pink."
        ],
        "answer": "A",
        "qa_level": "long_term",
        "qa_type": "mcqa",
        "old_answer": "A"
    },
    {
        "qa_idx": 22,
        "qa_task": "time-order",
        "question": "In which order do the events occur in the video from 3.0 to 2277.0 seconds?",
        "options": [
            "A. The event opens with an animated scene featuring Peppa Pig, followed by a nighttime Halloween setting, then an indoor Halloween scene, and concludes with a family camping scene.",
            "B. The event starts with a family camping scene, followed by an indoor Halloween scene, then a nighttime Halloween setting, and concludes with an animated scene featuring Peppa Pig.",
            "C. The event opens with a family camping scene, followed by an animated scene featuring Peppa Pig, then a nighttime Halloween setting, and concludes with an indoor Halloween scene.",
            "D. The event starts with an indoor Halloween scene, followed by a nighttime Halloween setting, then an animated scene featuring Peppa Pig, and concludes with a family camping scene."
        ],
        "answer": "A",
        "qa_level": "long_term",
        "qa_type": "mcqa",
        "old_answer": "A"
    },
    {
        "qa_idx": 23,
        "qa_task": "descriptive-scene",
        "question": "Where do the characters interact around a brightly lit pumpkin?",
        "options": [
            "A. In a classroom.",
            "B. In a living room.",
            "C. In a kitchen.",
            "D. In a festive indoor setting."
        ],
        "answer": "D",
        "qa_level": "long_term",
        "qa_type": "mcqa",
        "old_answer": "D"
    }
]