[
    {
        "qa_idx": 0,
        "qa_task": "object understanding",
        "question": "What objects are visible to the left of the computer monitor at 1635.0 seconds into the video?",
        "options": [
            "A. A lit computer tower with a distinct logo.",
            "B. A stack of books and a lamp.",
            "C. A printer and a coffee mug.",
            "D. A painting and a clock."
        ],
        "answer": "A",
        "qa_level": "frame",
        "qa_type": "mcqa",
        "old_answer": "A"
    },
    {
        "qa_idx": 1,
        "qa_task": "object understanding",
        "question": "What is the person holding and inspecting at 282.0 seconds into the video?",
        "options": [
            "A. A piece of equipment partially enclosed in black packaging labeled 'DIGITAL STORM'.",
            "B. A piece of equipment partially enclosed in white packaging labeled 'DIGITAL STORM'.",
            "C. A piece of equipment partially enclosed in black packaging labeled 'TECH STORM'.",
            "D. A piece of equipment partially enclosed in white packaging labeled 'TECH STORM'."
        ],
        "answer": "A",
        "qa_level": "frame",
        "qa_type": "mcqa",
        "old_answer": "A"
    },
    {
        "qa_idx": 2,
        "qa_type": "qa",
        "qa_level": "within_event",
        "qa_task": "character-understanding",
        "question": "Was the person actively using the computer workstation between 2415.0 and 2488.0 seconds?",
        "answer": "Yes",
        "old_answer": "Yes"
    },
    {
        "qa_idx": 3,
        "qa_task": "character-understanding",
        "question": "What is the person doing in the video at 1070.0 seconds?",
        "options": [
            "A. Cooking a meal.",
            "B. Cleaning the kitchen.",
            "C. Interacting with a computer case.",
            "D. Watching TV."
        ],
        "answer": "C",
        "qa_level": "frame",
        "qa_type": "mcqa",
        "old_answer": "C"
    },
    {
        "qa_idx": 4,
        "qa_type": "qa",
        "qa_level": "cross_event",
        "qa_task": "camera-direction",
        "question": "In the events from 2883.0 to 2942.0 and 3064.0 to 3161.0, does the camera move to capture different parts of the room and various setups?",
        "answer": "Yes",
        "old_answer": "Yes"
    },
    {
        "qa_idx": 6,
        "qa_task": "attribute-change",
        "question": "How does the lighting in the room change from the beginning to the end of the scene between 2273.0 seconds to 2333.0 seconds?",
        "options": [
            "A. The room becomes darker.",
            "B. The room remains the same.",
            "C. The room becomes more brightly lit.",
            "D. The room's lighting changes to a red hue."
        ],
        "answer": "C",
        "qa_level": "within_event",
        "qa_type": "mcqa",
        "old_answer": "C"
    },
    {
        "qa_idx": 7,
        "qa_type": "qa",
        "qa_level": "long_term",
        "qa_task": "character-understanding",
        "question": "Was the person consistently engaged with the computer setup throughout the video from 15.0 to 3486.0 seconds?",
        "answer": "Yes",
        "old_answer": "Yes"
    },
    {
        "qa_idx": 10,
        "qa_task": "temporal-relationship",
        "question": "What was the person doing before they started interacting with the BIOS settings on the ASUS motherboard screen?",
        "options": [
            "A. The person was adjusting cables inside the computer case.",
            "B. The person was interacting with a laptop on a countertop.",
            "C. The person was unboxing and setting up the computer equipment.",
            "D. The person was examining the contents of the DIGITAL STORM box."
        ],
        "answer": "A",
        "qa_level": "long_term",
        "qa_type": "mcqa",
        "old_answer": "A"
    },
    {
        "qa_idx": 13,
        "qa_task": "descriptive-scene",
        "question": "Where does the person interact with the 'DIGITAL STORM' box and computer components from 15.0 to 3486.0 seconds?",
        "options": [
            "A. In a modern kitchen.",
            "B. In a living room.",
            "C. In a garage.",
            "D. In a garden."
        ],
        "answer": "A",
        "qa_level": "long_term",
        "qa_type": "mcqa",
        "old_answer": "A"
    },
    {
        "qa_idx": 17,
        "qa_task": "character-understanding",
        "question": "What is the person in the video primarily doing from 15.0 to 3486.0 seconds?",
        "options": [
            "A. Cooking a meal.",
            "B. Assembling or modifying a computer.",
            "C. Cleaning the kitchen.",
            "D. Playing a video game."
        ],
        "answer": "B",
        "qa_level": "long_term",
        "qa_type": "mcqa",
        "old_answer": "B"
    },
    {
        "qa_idx": 20,
        "qa_task": "descriptive-scene",
        "question": "Where does the person interact with the 'DIGITAL STORM' box and computer components?",
        "options": [
            "A. In a modern kitchen with white cabinets and teal walls.",
            "B. In a living room with a fireplace.",
            "C. In a bedroom with a large bed.",
            "D. In a garage with tools and equipment."
        ],
        "answer": "A",
        "qa_level": "long_term",
        "qa_type": "mcqa",
        "old_answer": "A"
    }
]