[
    {
        "qa_idx": 0,
        "qa_type": "qa",
        "qa_level": "frame",
        "qa_task": "character-understanding",
        "question": "Is the girl holding a colorful wand at 1559.0 seconds into the video?",
        "answer": "Yes",
        "old_answer": "Yes"
    },
    {
        "qa_idx": 1,
        "qa_task": "character-understanding",
        "question": "What is the boy wearing in the video frame at 907.0 seconds?",
        "options": [
            "A. A bright neon green shirt.",
            "B. A dark brown shirt.",
            "C. A white shirt.",
            "D. A blue shirt."
        ],
        "answer": "A",
        "qa_level": "frame",
        "qa_type": "mcqa",
        "old_answer": "A"
    },
    {
        "qa_idx": 2,
        "qa_type": "qa",
        "qa_level": "frame",
        "qa_task": "character-understanding",
        "question": "Are the names of the executive producers displayed prominently in the frame at 262.0 seconds?",
        "answer": "Yes",
        "old_answer": "Yes"
    },
    {
        "qa_idx": 3,
        "qa_type": "qa",
        "qa_level": "within_event",
        "qa_task": "speed",
        "question": "From 1279.0 to 1338.0 seconds, do the characters move at a fast pace during their playful interactions?",
        "answer": "No",
        "old_answer": "No"
    },
    {
        "qa_idx": 4,
        "qa_task": "object understanding",
        "question": "What is the girl wearing in the playroom scene at 2163.0 seconds into the video?",
        "options": [
            "A. A blue t-shirt with a green stripe.",
            "B. A purple dress.",
            "C. A pink dress.",
            "D. A yellow t-shirt."
        ],
        "answer": "B",
        "qa_level": "frame",
        "qa_type": "mcqa",
        "old_answer": "B"
    },
    {
        "qa_idx": 5,
        "qa_task": "descriptive-scene",
        "question": "Where is the boy seated at 634.0 seconds into the video?",
        "options": [
            "A. In a living room.",
            "B. In a child's room or classroom.",
            "C. In a kitchen.",
            "D. In a garden."
        ],
        "answer": "B",
        "qa_level": "frame",
        "qa_type": "mcqa",
        "old_answer": "B"
    },
    {
        "qa_idx": 6,
        "qa_type": "qa",
        "qa_level": "cross_event",
        "qa_task": "speed",
        "question": "Did the characters in the event from 1279.0 to 1338.0 move at a faster pace compared to the characters in the event from 1217.0 to 1275.0?",
        "answer": "Yes",
        "old_answer": "Yes"
    },
    {
        "qa_idx": 8,
        "qa_type": "qa",
        "qa_level": "long_term",
        "qa_task": "plot-understanding",
        "question": "Does the video feature a consistent theme of playful and imaginative activities involving children and animated characters from 4.0 to 2723.0 seconds?",
        "answer": "Yes",
        "old_answer": "Yes"
    },
    {
        "qa_idx": 9,
        "qa_task": "scene-understanding",
        "question": "What is the setting of the scene from 833.0 to 894.0 seconds?",
        "options": [
            "A. A classroom with desks and chairs.",
            "B. An indoor playroom with oversized toy animals.",
            "C. A kitchen with cooking utensils.",
            "D. A living room with a television."
        ],
        "answer": "B",
        "qa_level": "within_event",
        "qa_type": "mcqa",
        "old_answer": "B"
    },
    {
        "qa_idx": 10,
        "qa_task": "descriptive-scene",
        "question": "Where does the event from 2150.0 to 2213.0 seconds take place?",
        "options": [
            "A. A lively playroom with colorful decorations and toys.",
            "B. A quiet library with bookshelves.",
            "C. An outdoor park with green trees.",
            "D. A classroom with desks and chairs."
        ],
        "answer": "A",
        "qa_level": "cross_event",
        "qa_type": "mcqa",
        "old_answer": "A"
    },
    {
        "qa_idx": 11,
        "qa_task": "object understanding",
        "question": "What is the appearance and function of the object held by the girl in the beach scene from 1760.0 to 1828.0 seconds?",
        "options": [
            "A. A purple lunchbox used for carrying food.",
            "B. A pink backpack used for carrying tools.",
            "C. A purple case containing various excavation tools.",
            "D. A vibrant purple pirate ship with black sails."
        ],
        "answer": "C",
        "qa_level": "cross_event",
        "qa_type": "mcqa",
        "old_answer": "C"
    },
    {
        "qa_idx": 12,
        "qa_task": "character-understanding",
        "question": "What are the main actions and attributes of the people in the video from 2493.0 to 2571.0 seconds?",
        "options": [
            "A. The people are dressed vibrantly, playing electric guitars, and interacting in a lively performance setting.",
            "B. The people are sitting quietly, reading books in a library.",
            "C. The people are cooking in a kitchen, preparing various dishes.",
            "D. The people are engaged in a sports activity, playing soccer on a field."
        ],
        "answer": "A",
        "qa_level": "cross_event",
        "qa_type": "mcqa",
        "old_answer": "A"
    },
    {
        "qa_idx": 13,
        "qa_task": "temporal-relationship",
        "question": "What were the children doing before they were seen holding large toy ice cream cones near an inflatable ice cream stand?",
        "options": [
            "A. They were playing with a toy on a green lawn.",
            "B. They were interacting with oversized toy ice cream cones in a playful ice cream-themed activity.",
            "C. They were engaging in imaginative play surrounded by decorations.",
            "D. They were playing with animal-themed toys."
        ],
        "answer": "B",
        "qa_level": "long_term",
        "qa_type": "mcqa",
        "old_answer": "B"
    },
    {
        "qa_idx": 15,
        "qa_task": "causal",
        "question": "Why are the children holding large toy ice cream cones in the video from 4.0 to 2723.0 seconds?",
        "options": [
            "A. They are playing in an ice cream-themed activity.",
            "B. They are preparing for a school project.",
            "C. They are participating in a cooking class.",
            "D. They are celebrating a birthday party."
        ],
        "answer": "A",
        "qa_level": "long_term",
        "qa_type": "mcqa",
        "old_answer": "A"
    },
    {
        "qa_idx": 16,
        "qa_task": "descriptive-scene",
        "question": "Where do the children engage in playful activities with oversized toy ice cream cones and inflatable structures from 4.0 to 2723.0 seconds?",
        "options": [
            "A. In a garden with playful decorations.",
            "B. In a classroom with desks and chairs.",
            "C. In a living room with a television.",
            "D. In a kitchen with cooking utensils."
        ],
        "answer": "A",
        "qa_level": "long_term",
        "qa_type": "mcqa",
        "old_answer": "A"
    },
    {
        "qa_idx": 18,
        "qa_task": "object-direction",
        "question": "In which direction do the children run around the inflatable ice cream truck in the video from 4.0 to 2723.0 seconds?",
        "options": [
            "A. Clockwise.",
            "B. Anticlockwise.",
            "C. Straight.",
            "D. Zigzag."
        ],
        "answer": "A",
        "qa_level": "long_term",
        "qa_type": "mcqa",
        "old_answer": "A"
    },
    {
        "qa_idx": 19,
        "qa_task": "camera-direction",
        "question": "In the video from 4.0 to 2723.0 seconds, what direction does the camera move when the scene transitions from the outdoor play area with children to the indoor whimsical setting?",
        "options": [
            "A. The camera moves closer to the children.",
            "B. The camera moves away from the children.",
            "C. The camera moves from left to right.",
            "D. The camera moves from right to left."
        ],
        "answer": "A",
        "qa_level": "long_term",
        "qa_type": "mcqa",
        "old_answer": "A"
    },
    {
        "qa_idx": 20,
        "qa_task": "speed",
        "question": "Which character is faster in the video from 4.0 to 2723.0 seconds?",
        "options": [
            "A. The boy in blue shirt.",
            "B. The girl in pink dress.",
            "C. Both are at the same speed.",
            "D. None of the above."
        ],
        "answer": "A",
        "qa_level": "long_term",
        "qa_type": "mcqa",
        "old_answer": "A"
    },
    {
        "qa_idx": 21,
        "qa_task": "attribute-change",
        "question": "How does the setting change from the beginning to the end of the video from 4.0 to 2723.0 seconds?",
        "options": [
            "A. From a lively outdoor scene with toy ice cream cones to a whimsical animated scene with anthropomorphic characters.",
            "B. From a serene beach scene to a vibrant indoor playroom.",
            "C. From a dark blue backdrop to a colorful animated forest scene.",
            "D. From a vibrant children's play area to a serene rural landscape."
        ],
        "answer": "A",
        "qa_level": "long_term",
        "qa_type": "mcqa",
        "old_answer": "A"
    },
    {
        "qa_idx": 22,
        "qa_task": "character-understanding",
        "question": "What is the young girl in the red dress doing in the video from 4.0 to 2723.0 seconds?",
        "options": [
            "A. Playing with a toy on a green lawn.",
            "B. Running around an inflatable ice cream truck.",
            "C. Holding two oversized ice cream cones.",
            "D. Interacting with colorful fabrics."
        ],
        "answer": "A",
        "qa_level": "long_term",
        "qa_type": "mcqa",
        "old_answer": "A"
    },
    {
        "qa_idx": 23,
        "qa_task": "time-order",
        "question": "In which order do the events occur in the video from 4.0 to 2723.0 seconds?",
        "options": [
            "A. The video starts with several toy ice cream cones on a red surface, followed by a young girl holding an oversized ice cream cone, and ends with a girl holding two oversized ice cream cones near an inflatable ice cream stand.",
            "B. The video starts with a young girl holding an oversized ice cream cone, followed by several toy ice cream cones on a red surface, and ends with a girl holding two oversized ice cream cones near an inflatable ice cream stand.",
            "C. The video starts with a girl holding two oversized ice cream cones near an inflatable ice cream stand, followed by several toy ice cream cones on a red surface, and ends with a young girl holding an oversized ice cream cone.",
            "D. The video starts with a girl holding two oversized ice cream cones near an inflatable ice cream stand, followed by a young girl holding an oversized ice cream cone, and ends with several toy ice cream cones on a red surface."
        ],
        "answer": "A",
        "qa_level": "long_term",
        "qa_type": "mcqa",
        "old_answer": "A"
    }
]