[
    {
        "qa_idx": 3,
        "qa_type": "qa",
        "qa_level": "within_event",
        "qa_task": "action-understanding",
        "question": "Does the man remain centrally positioned within the structured indoor environment throughout the event from 3611.0 to 3612.0 seconds?",
        "answer": "Yes",
        "old_answer": "Yes"
    },
    {
        "qa_idx": 4,
        "qa_type": "qa",
        "qa_level": "cross_event",
        "qa_task": "action-understanding",
        "question": "In both video events from 992.0 to 1081.0 and 1126.0 to 1185.0, does the setting include an Italian flag?",
        "answer": "Yes",
        "old_answer": "Yes"
    },
    {
        "qa_idx": 5,
        "qa_task": "scene-understanding",
        "question": "What is prominently displayed in the background during the discussion or interview from 61.0 to 144.0 seconds?",
        "options": [
            "A. A large map of Italy.",
            "B. A sign that reads 'Conan Italy'.",
            "C. Both a large map of Italy and a sign that reads 'Conan Italy'.",
            "D. A patterned wall with a coffee cup image."
        ],
        "answer": "C",
        "qa_level": "within_event",
        "qa_type": "mcqa",
        "old_answer": "C"
    },
    {
        "qa_idx": 6,
        "qa_type": "qa",
        "qa_level": "cross_event",
        "qa_task": "speed",
        "question": "From the time of 804.0 to 874.0 and 894.0 to 991.0, did the men in the scenes appear to be engaged in a fast-paced conversation?",
        "answer": "No",
        "old_answer": "No"
    },
    {
        "qa_idx": 7,
        "qa_type": "qa",
        "qa_level": "long_term",
        "qa_task": "speed",
        "question": "Did the men in the video move quickly between different discussion setups from 23.0 to 3612.0 seconds?",
        "answer": "No",
        "old_answer": "No"
    },
    {
        "qa_idx": 8,
        "qa_task": "camera-direction",
        "question": "Is the camera moving towards the man or is the man moving towards the camera in the video from 3611.0 to 3612.0 seconds?",
        "options": [
            "A. The camera is moving towards the man.",
            "B. The man is moving towards the camera.",
            "C. The camera is moving away from the man.",
            "D. The man is moving away from the camera."
        ],
        "answer": "A",
        "qa_level": "within_event",
        "qa_type": "mcqa",
        "old_answer": "A"
    },
    {
        "qa_idx": 9,
        "qa_task": "camera-direction",
        "question": "How does the camera movement change from the beginning to the end of the event from 1363.0 to 1456.0 seconds?",
        "options": [
            "A. The camera starts with a close-up of a man in a leather jacket and then moves to a wider shot of three men on a couch.",
            "B. The camera starts with a wide shot of three men on a couch and then moves to a close-up of a man in a leather jacket.",
            "C. The camera remains static throughout the event.",
            "D. The camera starts with a close-up of a man in a gingham-patterned shirt and then moves to a wider shot of three men on a couch."
        ],
        "answer": "A",
        "qa_level": "cross_event",
        "qa_type": "mcqa",
        "old_answer": "A"
    },
    {
        "qa_idx": 10,
        "qa_task": "temporal-relationship",
        "question": "What were the men doing before the scene transitioned to three men seated on couches discussing topics related to 'Conan Italy'?",
        "options": [
            "A. They were unveiling a map and discussing geographical content.",
            "B. They were cooking in a kitchen.",
            "C. They were playing a game.",
            "D. They were watching a movie."
        ],
        "answer": "A",
        "qa_level": "long_term",
        "qa_type": "mcqa",
        "old_answer": "A"
    },
    {
        "qa_idx": 11,
        "qa_task": "spatial-relationship",
        "question": "What is prominently displayed in the background of the indoor setting where the men are engaged in a discussion or interview from 23.0 to 3612.0 seconds?",
        "options": [
            "A. A large map of Italy.",
            "B. A bookshelf filled with books.",
            "C. A painting of a landscape.",
            "D. A whiteboard with notes."
        ],
        "answer": "A",
        "qa_level": "long_term",
        "qa_type": "mcqa",
        "old_answer": "A"
    },
    {
        "qa_idx": 14,
        "qa_task": "camera-direction",
        "question": "How does the camera movement change from the beginning to the end of the video event sequence from 23.0 to 3612.0 seconds?",
        "options": [
            "A. The camera moves from a close-up of a single man to a wider shot of three men seated in a discussion.",
            "B. The camera remains static throughout the entire video event sequence.",
            "C. The camera moves from a wide shot of three men to a close-up of a single man.",
            "D. The camera moves from an outdoor setting to an indoor setting."
        ],
        "answer": "A",
        "qa_level": "long_term",
        "qa_type": "mcqa",
        "old_answer": "A"
    },
    {
        "qa_idx": 15,
        "qa_task": "speed",
        "question": "Which man is faster in unveiling the map from under the beige cloth, the man in the checkered shirt or the man in the leather jacket?",
        "options": [
            "A. The man in the checkered shirt.",
            "B. The man in the leather jacket.",
            "C. Both are at the same speed.",
            "D. None of the above."
        ],
        "answer": "A",
        "qa_level": "long_term",
        "qa_type": "mcqa",
        "old_answer": "A"
    },
    {
        "qa_idx": 16,
        "qa_task": "attribute-change",
        "question": "How does the setting change from the beginning to the end of the video between 23.0 and 3612.0 seconds?",
        "options": [
            "A. From a formal office setting to a casual interview setup with Italian-themed decor.",
            "B. From an outdoor scene to an indoor studio.",
            "C. From a kitchen to a living room.",
            "D. From a sports field to a conference room."
        ],
        "answer": "A",
        "qa_level": "long_term",
        "qa_type": "mcqa",
        "old_answer": "A"
    },
    {
        "qa_idx": 19,
        "qa_task": "time-order",
        "question": "In which order do the events occur in the video from 23.0 to 3612.0 seconds?",
        "options": [
            "A. Two men unveil a map and discuss its content, then three men are seated in a casual setting discussing 'Conan Italy', followed by a man in a leather jacket and tie in a modern studio, and finally three men in a relaxed discussion setup with Italian flags and 'Conan Italy' signage.",
            "B. Three men are seated in a casual setting discussing 'Conan Italy', then two men unveil a map and discuss its content, followed by a man in a leather jacket and tie in a modern studio, and finally three men in a relaxed discussion setup with Italian flags and 'Conan Italy' signage.",
            "C. A man in a leather jacket and tie in a modern studio, then two men unveil a map and discuss its content, followed by three men in a relaxed discussion setup with Italian flags and 'Conan Italy' signage, and finally three men are seated in a casual setting discussing 'Conan Italy'.",
            "D. Three men in a relaxed discussion setup with Italian flags and 'Conan Italy' signage, then a man in a leather jacket and tie in a modern studio, followed by two men unveil a map and discuss its content, and finally three men are seated in a casual setting discussing 'Conan Italy'."
        ],
        "answer": "A",
        "qa_level": "long_term",
        "qa_type": "mcqa",
        "old_answer": "A"
    }
]