[
    {
        "qa_idx": 0,
        "qa_type": "qa",
        "qa_level": "frame",
        "qa_task": "object understanding",
        "question": "Is there a visible hat positioned above the individuals in the frame at 400.0 seconds?",
        "answer": "Yes",
        "old_answer": "Yes"
    },
    {
        "qa_idx": 1,
        "qa_task": "spatial-relationship",
        "question": "What is the person who is not holding a dog's toy handling at 298.0 seconds into the video?",
        "options": [
            "A. A balloon.",
            "B. A bag.",
            "C. A chair.",
            "D. A box."
        ],
        "answer": "B",
        "qa_level": "frame",
        "qa_type": "mcqa",
        "old_answer": "B"
    },
    {
        "qa_idx": 2,
        "qa_type": "qa",
        "qa_level": "frame",
        "qa_task": "object understanding",
        "question": "Are there large metallic '11' balloons in the background at 1445.0 seconds into the video?",
        "answer": "Yes",
        "old_answer": "Yes"
    },
    {
        "qa_idx": 4,
        "qa_type": "qa",
        "qa_level": "cross_event",
        "qa_task": "speed",
        "question": "Between 828.0 to 893.0 seconds and 894.0 to 969.0 seconds, did the interactions among the people and dogs in the room appear to be happening at a fast pace?",
        "answer": "No",
        "old_answer": "No"
    },
    {
        "qa_idx": 6,
        "qa_type": "qa",
        "qa_level": "cross_event",
        "qa_task": "action-understanding",
        "question": "Between 828.0 and 893.0 seconds, does the man and woman start a dance performance with the small black dog in the room decorated with balloons?",
        "answer": "No",
        "old_answer": "No"
    },
    {
        "qa_idx": 7,
        "qa_type": "qa",
        "qa_level": "long_term",
        "qa_task": "object understanding",
        "question": "Were there large metallic number balloons present in the room throughout the celebration from 2.0 to 2125.0 seconds?",
        "answer": "Yes",
        "old_answer": "Yes"
    },
    {
        "qa_idx": 11,
        "qa_task": "spatial-relationship",
        "question": "Where is the small dog resting in the initial scene of the celebration?",
        "options": [
            "A. On a cushioned chair.",
            "B. On the floor.",
            "C. On a table.",
            "D. On a bed."
        ],
        "answer": "A",
        "qa_level": "long_term",
        "qa_type": "mcqa",
        "old_answer": "A"
    },
    {
        "qa_idx": 14,
        "qa_task": "object-direction",
        "question": "In which direction are the large metallic '11' balloons positioned relative to the people seated on the floor during the celebration from 2.0 to 2125.0 seconds?",
        "options": [
            "A. To the left of the people.",
            "B. To the right of the people.",
            "C. Behind the people.",
            "D. In front of the people."
        ],
        "answer": "C",
        "qa_level": "long_term",
        "qa_type": "mcqa",
        "old_answer": "C"
    },
    {
        "qa_idx": 15,
        "qa_task": "camera-direction",
        "question": "How does the camera move throughout the celebration event from 2.0 to 2125.0 seconds?",
        "options": [
            "A. The camera remains stationary.",
            "B. The camera moves closer to the individuals and dogs.",
            "C. The camera moves away from the individuals and dogs.",
            "D. The camera pans around the room."
        ],
        "answer": "D",
        "qa_level": "long_term",
        "qa_type": "mcqa",
        "old_answer": "D"
    },
    {
        "qa_idx": 16,
        "qa_task": "speed",
        "question": "Which is faster, the person walking by in the foreground or the person kneeling on the floor interacting with the small dog from 2.0 to 2125.0 seconds?",
        "options": [
            "A. The person walking by in the foreground.",
            "B. The person kneeling on the floor interacting with the small dog.",
            "C. Both are at the same speed.",
            "D. None of the above."
        ],
        "answer": "A",
        "qa_level": "long_term",
        "qa_type": "mcqa",
        "old_answer": "A"
    },
    {
        "qa_idx": 17,
        "qa_task": "attribute-change",
        "question": "How did the number-shaped balloons change throughout the celebration from 2.0 to 2125.0 seconds?",
        "options": [
            "A. They changed from '1' to '11'.",
            "B. They changed from '11' to '1'.",
            "C. They changed from '1' to '21'.",
            "D. They changed from '21' to '11'."
        ],
        "answer": "A",
        "qa_level": "long_term",
        "qa_type": "mcqa",
        "old_answer": "A"
    },
    {
        "qa_idx": 20,
        "qa_task": "time-order",
        "question": "In which order do the events occur in the video from 2.0 to 2125.0 seconds?",
        "options": [
            "A. The girl is seated on the floor with balloons and a cake, a woman interacts with a dog, two individuals are seated on the floor with boxes and packages, a man holds a dachshund, two dogs in yellow and red outfits are near a person kneeling, a person engages with a dog amidst colorful balloons, a person holds a dog dressed in clothing, the scene ends with people and dogs amidst colorful balloons.",
            "B. The girl is seated on the floor with balloons and a cake, two individuals are seated on the floor with boxes and packages, a woman interacts with a dog, a man holds a dachshund, two dogs in yellow and red outfits are near a person kneeling, a person engages with a dog amidst colorful balloons, a person holds a dog dressed in clothing, the scene ends with people and dogs amidst colorful balloons.",
            "C. The girl is seated on the floor with balloons and a cake, a woman interacts with a dog, a man holds a dachshund, two individuals are seated on the floor with boxes and packages, two dogs in yellow and red outfits are near a person kneeling, a person engages with a dog amidst colorful balloons, a person holds a dog dressed in clothing, the scene ends with people and dogs amidst colorful balloons.",
            "D. The girl is seated on the floor with balloons and a cake, two individuals are seated on the floor with boxes and packages, a man holds a dachshund, a woman interacts with a dog, two dogs in yellow and red outfits are near a person kneeling, a person engages with a dog amidst colorful balloons, a person holds a dog dressed in clothing, the scene ends with people and dogs amidst colorful balloons."
        ],
        "answer": "A",
        "qa_level": "long_term",
        "qa_type": "mcqa",
        "old_answer": "A"
    }
]