[
    {
        "qa_idx": 0,
        "qa_type": "qa",
        "qa_level": "frame",
        "qa_task": "character-understanding",
        "question": "Is there a large gray stone-like structure with exaggerated, bulging eyes visible at 52.0 seconds into the video?",
        "answer": "Yes",
        "old_answer": "Yes"
    },
    {
        "qa_idx": 1,
        "qa_type": "qa",
        "qa_level": "frame",
        "qa_task": "character-understanding",
        "question": "At 958.0 seconds into the video, is the red character interacting with the yellow banana?",
        "answer": "Yes",
        "old_answer": "Yes"
    },
    {
        "qa_idx": 2,
        "qa_type": "qa",
        "qa_level": "within_event",
        "qa_task": "character-understanding",
        "question": "Were there any animated characters visible in the scene from 614.0 to 669.0 seconds?",
        "answer": "Yes",
        "old_answer": "Yes"
    },
    {
        "qa_idx": 3,
        "qa_task": "spatial-relationship",
        "question": "What is in the background of the scene at 1390.0 seconds?",
        "options": [
            "A. A dark forest.",
            "B. A blurred structure with a white and floral pattern.",
            "C. A clear blue sky.",
            "D. A bustling cityscape."
        ],
        "answer": "B",
        "qa_level": "frame",
        "qa_type": "mcqa",
        "old_answer": "B"
    },
    {
        "qa_idx": 4,
        "qa_task": "character-understanding",
        "question": "What emotion do the animated characters appear to be expressing in the frame captured at 1523.0 seconds?",
        "options": [
            "A. Happiness.",
            "B. Sadness.",
            "C. Fear or excitement.",
            "D. Anger."
        ],
        "answer": "C",
        "qa_level": "frame",
        "qa_type": "mcqa",
        "old_answer": "C"
    },
    {
        "qa_idx": 5,
        "qa_type": "qa",
        "qa_level": "cross_event",
        "qa_task": "camera-direction",
        "question": "Does the camera remain stationary in the kitchen scene from 249.0 to 331.0 seconds?",
        "answer": "Yes",
        "old_answer": "Yes"
    },
    {
        "qa_idx": 6,
        "qa_type": "qa",
        "qa_level": "cross_event",
        "qa_task": "action-understanding",
        "question": "In the scene from 1506.0 to 1572.0, do the animated worm-like characters on the windshield wiper blades start singing a song?",
        "answer": "No",
        "old_answer": "No"
    },
    {
        "qa_idx": 7,
        "qa_task": "plot-understanding",
        "question": "What is the main activity happening in the garden scene from 154.0 to 161.0 seconds?",
        "options": [
            "A. A yellow slug-like character interacting with a large chocolate-frosted donut.",
            "B. A red and yellow slug-like character resting quietly.",
            "C. A fish-like character swimming in the fountain.",
            "D. A group of people having a picnic."
        ],
        "answer": "A",
        "qa_level": "within_event",
        "qa_type": "mcqa",
        "old_answer": "A"
    },
    {
        "qa_idx": 8,
        "qa_type": "qa",
        "qa_level": "long_term",
        "qa_task": "camera-direction",
        "question": "Does the camera capture a panoramic view of the urban skyline at both 10.0 seconds and 1455.0 seconds?",
        "answer": "Yes",
        "old_answer": "Yes"
    },
    {
        "qa_idx": 10,
        "qa_task": "object understanding",
        "question": "What is the appearance and function of the cylindrical yellow character in the scene from 1125.0 to 1188.0 seconds?",
        "options": [
            "A. The character is cylindrical, yellow, with detailed facial expressions, reacting to its surroundings in a confined environment.",
            "B. The character is spherical, blue, with no facial expressions, and is static in an open environment.",
            "C. The character is rectangular, green, with simple facial expressions, and is moving in a crowded environment.",
            "D. The character is triangular, red, with detailed facial expressions, and is interacting with other characters in a forest."
        ],
        "answer": "A",
        "qa_level": "cross_event",
        "qa_type": "mcqa",
        "old_answer": "A"
    },
    {
        "qa_idx": 11,
        "qa_task": "spatial-relationship",
        "question": "What is the spatial relationship between the anthropomorphic slug-like characters and the large rock in the scene from 1223.0 to 1289.0 seconds?",
        "options": [
            "A. The slug-like characters are to the left of the large rock.",
            "B. The slug-like characters are to the right of the large rock.",
            "C. The slug-like characters are in front of the large rock.",
            "D. The slug-like characters are behind the large rock."
        ],
        "answer": "A",
        "qa_level": "cross_event",
        "qa_type": "mcqa",
        "old_answer": "A"
    },
    {
        "qa_idx": 12,
        "qa_task": "speed",
        "question": "How does the speed of the yellow worm-like character compare to the red worm-like character from the time of 1636.0 to 1706.0 seconds?",
        "options": [
            "A. The yellow worm-like character moves faster than the red worm-like character.",
            "B. The red worm-like character moves faster than the yellow worm-like character.",
            "C. Both characters move at the same speed.",
            "D. The speed of the characters is not depicted."
        ],
        "answer": "D",
        "qa_level": "cross_event",
        "qa_type": "mcqa",
        "old_answer": "D"
    },
    {
        "qa_idx": 13,
        "qa_task": "temporal-relationship",
        "question": "What happens after the scene with the yellow slug-like character interacting with a large chocolate-frosted donut near a water fountain?",
        "options": [
            "A. The scene transitions to a red animated character partially submerged in water.",
            "B. The scene transitions to a vibrant kitchen scene with animated characters and various bottles.",
            "C. The scene transitions to an outdoor industrial setting with animated worm-like characters.",
            "D. The scene transitions to a cluttered street or construction zone with various elements like traffic cones and striped barriers."
        ],
        "answer": "A",
        "qa_level": "long_term",
        "qa_type": "mcqa",
        "old_answer": "A"
    },
    {
        "qa_idx": 14,
        "qa_task": "spatial-relationship",
        "question": "Where is the yellow slug-like character interacting with a large chocolate-frosted donut?",
        "options": [
            "A. In a kitchen.",
            "B. Near a water fountain in a garden.",
            "C. On a street.",
            "D. In a dimly lit room."
        ],
        "answer": "B",
        "qa_level": "long_term",
        "qa_type": "mcqa",
        "old_answer": "B"
    },
    {
        "qa_idx": 16,
        "qa_task": "camera-direction",
        "question": "How does the camera move from the beginning of the video at 1.0 seconds to the end of the video at 1976.0 seconds?",
        "options": [
            "A. The camera moves from a white background with animated characters to a detailed urban cityscape, then to an industrial setting, and finally to a garden environment.",
            "B. The camera remains static throughout the video.",
            "C. The camera moves from a garden environment to an industrial setting, then to a detailed urban cityscape, and finally to a white background with animated characters.",
            "D. The camera moves from an industrial setting to a garden environment, then to a detailed urban cityscape, and finally to a white background with animated characters."
        ],
        "answer": "A",
        "qa_level": "long_term",
        "qa_type": "mcqa",
        "old_answer": "A"
    },
    {
        "qa_idx": 17,
        "qa_task": "speed",
        "question": "Which character moves faster in the video sequence from 1.0 to 1976.0 seconds?",
        "options": [
            "A. The yellow slug-like character.",
            "B. The red and orange-striped slug-like character.",
            "C. The anthropomorphic rocks.",
            "D. The animated bird."
        ],
        "answer": "A",
        "qa_level": "long_term",
        "qa_type": "mcqa",
        "old_answer": "A"
    },
    {
        "qa_idx": 18,
        "qa_task": "attribute-change",
        "question": "How does the environment change from the beginning to the end of the video sequence from 1.0 to 1976.0 seconds?",
        "options": [
            "A. From a vibrant urban setting to a serene garden environment.",
            "B. From a serene garden environment to a vibrant urban setting.",
            "C. From a cluttered indoor setting to a vibrant urban setting.",
            "D. From a vibrant urban setting to a cluttered indoor setting."
        ],
        "answer": "A",
        "qa_level": "long_term",
        "qa_type": "mcqa",
        "old_answer": "A"
    },
    {
        "qa_idx": 19,
        "qa_task": "time-order",
        "question": "In which order do the events occur in the video from 1.0 to 1976.0 seconds?",
        "options": [
            "A. The word 'TUBA' displayed in various stylized forms -> Poster titled 'Cement' set against an urban cityscape -> Panoramic view of the urban skyline -> Outdoor industrial setting with animated worm-like characters -> Three penguins clumped together -> Stone-like structures with semi-animated features -> Cluttered street or construction zone -> Animated creatures in a water feature within a stylized urban environment.",
            "B. Poster titled 'Cement' set against an urban cityscape -> The word 'TUBA' displayed in various stylized forms -> Panoramic view of the urban skyline -> Outdoor industrial setting with animated worm-like characters -> Three penguins clumped together -> Stone-like structures with semi-animated features -> Cluttered street or construction zone -> Animated creatures in a water feature within a stylized urban environment.",
            "C. The word 'TUBA' displayed in various stylized forms -> Panoramic view of the urban skyline -> Poster titled 'Cement' set against an urban cityscape -> Outdoor industrial setting with animated worm-like characters -> Three penguins clumped together -> Stone-like structures with semi-animated features -> Cluttered street or construction zone -> Animated creatures in a water feature within a stylized urban environment.",
            "D. The word 'TUBA' displayed in various stylized forms -> Poster titled 'Cement' set against an urban cityscape -> Outdoor industrial setting with animated worm-like characters -> Panoramic view of the urban skyline -> Three penguins clumped together -> Stone-like structures with semi-animated features -> Cluttered street or construction zone -> Animated creatures in a water feature within a stylized urban environment."
        ],
        "answer": "A",
        "qa_level": "long_term",
        "qa_type": "mcqa",
        "old_answer": "A"
    }
]