[
    {
        "qa_idx": 0,
        "qa_task": "descriptive-scene",
        "question": "What is the backdrop of the scene at 3174.0 seconds into the video?",
        "options": [
            "A. A deep blue background with bold graphical design.",
            "B. A plain white background.",
            "C. A green forest scenery.",
            "D. A cityscape at night."
        ],
        "answer": "A",
        "qa_level": "frame",
        "qa_type": "mcqa",
        "old_answer": "A"
    },
    {
        "qa_idx": 1,
        "qa_type": "qa",
        "qa_level": "frame",
        "qa_task": "character-understanding",
        "question": "Is the man wearing a patterned short-sleeved yellow shirt at 1636.0 seconds into the video?",
        "answer": "Yes",
        "old_answer": "Yes"
    },
    {
        "qa_idx": 2,
        "qa_task": "character-understanding",
        "question": "What is the woman wearing in the video frame at 2136.0 seconds?",
        "options": [
            "A. A patterned dress.",
            "B. A casual shirt and jeans.",
            "C. A formal suit.",
            "D. A sports outfit."
        ],
        "answer": "A",
        "qa_level": "frame",
        "qa_type": "mcqa",
        "old_answer": "A"
    },
    {
        "qa_idx": 5,
        "qa_type": "qa",
        "qa_level": "cross_event",
        "qa_task": "speed",
        "question": "Did the interactions and movements in the residential complex occur at a fast pace between the time of 2728.0 to 2785.0 and 2787.0 to 2848.0?",
        "answer": "No",
        "old_answer": "No"
    },
    {
        "qa_idx": 6,
        "qa_type": "qa",
        "qa_level": "long_term",
        "qa_task": "character-understanding",
        "question": "Is there a woman with hair rollers involved in activities in both indoor and outdoor settings between 11.0 and 3178.0 seconds?",
        "answer": "Yes",
        "old_answer": "Yes"
    },
    {
        "qa_idx": 7,
        "qa_task": "attribute-change",
        "question": "How does the ambiance of the room change from the beginning to the end of the video event from 2030.0 to 2099.0 seconds?",
        "options": [
            "A. The ambiance transitions from casual to professional.",
            "B. The ambiance transitions from professional to casual.",
            "C. The ambiance remains strictly professional.",
            "D. The ambiance becomes more formal."
        ],
        "answer": "B",
        "qa_level": "within_event",
        "qa_type": "mcqa",
        "old_answer": "B"
    },
    {
        "qa_idx": 8,
        "qa_task": "speed",
        "question": "During the event from 134.0 to 191.0 seconds, which area transitions faster, the balcony scene or the indoor area with the drying rack?",
        "options": [
            "A. The balcony scene.",
            "B. The indoor area with the drying rack.",
            "C. Both transition at the same speed.",
            "D. None of the above."
        ],
        "answer": "B",
        "qa_level": "within_event",
        "qa_type": "mcqa",
        "old_answer": "B"
    },
    {
        "qa_idx": 9,
        "qa_task": "scene-understanding",
        "question": "What is the common setting for the events described between 1765.0 to 1826.0 seconds and H to e seconds?",
        "options": [
            "A. A modern, well-lit indoor setting with contemporary decor.",
            "B. An outdoor park with natural scenery.",
            "C. A traditional office environment with cubicles.",
            "D. A dimly lit warehouse with industrial equipment."
        ],
        "answer": "A",
        "qa_level": "cross_event",
        "qa_type": "mcqa",
        "old_answer": "A"
    },
    {
        "qa_idx": 11,
        "qa_task": "causal",
        "question": "Why did the woman in a checkered overcoat hold a green folder in front of a door labeled '315' at the end of the event from 2237.0 to 2306.0 seconds?",
        "options": [
            "A. She was preparing to enter the room for a meeting.",
            "B. She was waiting for someone to open the door.",
            "C. She was delivering documents to the room.",
            "D. She was protesting in front of the door."
        ],
        "answer": "A",
        "qa_level": "cross_event",
        "qa_type": "mcqa",
        "old_answer": "A"
    },
    {
        "qa_idx": 12,
        "qa_task": "spatial-relationship",
        "question": "In the video events from 64.0 to 124.0 seconds and H to e seconds, where is the man positioned in relation to the objects around him?",
        "options": [
            "A. Seated at a table with a smartphone on a stand in front of him, and later standing next to a large plastic bottle in a corridor.",
            "B. Standing next to a large plastic bottle in a corridor, and later seated at a table with a smartphone on a stand in front of him.",
            "C. Seated at a table with a smartphone on a stand in front of him, and later standing next to a window in a corridor.",
            "D. Standing next to a window in a corridor, and later seated at a table with a smartphone on a stand in front of him."
        ],
        "answer": "A",
        "qa_level": "cross_event",
        "qa_type": "mcqa",
        "old_answer": "A"
    },
    {
        "qa_idx": 13,
        "qa_task": "spatial-relationship",
        "question": "What is the common element found in the background of the indoor settings from 11.0 to 3178.0 seconds?",
        "options": [
            "A. Potted plants.",
            "B. Paintings.",
            "C. Aquariums.",
            "D. Televisions."
        ],
        "answer": "A",
        "qa_level": "long_term",
        "qa_type": "mcqa",
        "old_answer": "A"
    },
    {
        "qa_idx": 16,
        "qa_task": "camera-direction",
        "question": "What is the camera doing when the scene transitions from the indoor setting with a woman in patterned clothing interacting with two men to the scene with a man in a black t-shirt seated at a table with a smartphone on a stand?",
        "options": [
            "A. The camera is zooming in on the woman.",
            "B. The camera is panning to the left.",
            "C. The camera is shifting to another indoor environment.",
            "D. The camera is moving closer to the man in the black t-shirt."
        ],
        "answer": "C",
        "qa_level": "long_term",
        "qa_type": "mcqa",
        "old_answer": "C"
    },
    {
        "qa_idx": 17,
        "qa_task": "speed",
        "question": "Between 11.0 seconds and 3178.0 seconds, who is moving faster, the man in the black t-shirt or the woman in the patterned dress?",
        "options": [
            "A. The man in the black t-shirt.",
            "B. The woman in the patterned dress.",
            "C. Both are moving at the same speed.",
            "D. None of the above."
        ],
        "answer": "A",
        "qa_level": "long_term",
        "qa_type": "mcqa",
        "old_answer": "A"
    },
    {
        "qa_idx": 19,
        "qa_task": "character-understanding",
        "question": "What is the woman in patterned clothing doing at the beginning of the event?",
        "options": [
            "A. Interacting with two men, one in a white security uniform and the other in a bright yellow t-shirt.",
            "B. Standing alone near a door.",
            "C. Walking down a hallway.",
            "D. Sitting on a couch."
        ],
        "answer": "A",
        "qa_level": "long_term",
        "qa_type": "mcqa",
        "old_answer": "A"
    }
]