[
    {
        "qa_idx": 0,
        "qa_type": "qa",
        "qa_level": "frame",
        "qa_task": "object understanding",
        "question": "Is there a large tree in the upper left corner of the scene at 452.0 seconds into the video?",
        "answer": "Yes",
        "old_answer": "Yes"
    },
    {
        "qa_idx": 1,
        "qa_type": "qa",
        "qa_level": "frame",
        "qa_task": "character-understanding",
        "question": "Were people involved in processing the marine creature at 1323.0 seconds into the video?",
        "answer": "Yes",
        "old_answer": "Yes"
    },
    {
        "qa_idx": 2,
        "qa_task": "character-understanding",
        "question": "What are the boy and the man doing in the video frame at 1455.0 seconds?",
        "options": [
            "A. They are fishing.",
            "B. They are interacting with each other, possibly handing over or sharing something.",
            "C. They are climbing the rocks.",
            "D. They are swimming in the water."
        ],
        "answer": "B",
        "qa_level": "frame",
        "qa_type": "mcqa",
        "old_answer": "B"
    },
    {
        "qa_idx": 3,
        "qa_type": "qa",
        "qa_level": "within_event",
        "qa_task": "speed",
        "question": "Are the individuals near the shoreline moving at a fast pace from 1235.0 to 1292.0 seconds?",
        "answer": "No",
        "old_answer": "No"
    },
    {
        "qa_idx": 4,
        "qa_type": "qa",
        "qa_level": "within_event",
        "qa_task": "character-understanding",
        "question": "Were there people engaged in various activities onboard the 'Sang Mikael' sailboat from 1763.0 to 1838.0 seconds?",
        "answer": "Yes",
        "old_answer": "Yes"
    },
    {
        "qa_idx": 5,
        "qa_task": "attribute-change",
        "question": "How does the scene change from 10.0 to 12.0 seconds?",
        "options": [
            "A. From a tropical village to a semi-arid landscape.",
            "B. From an underwater scene to a serene forest with elephants.",
            "C. From a beach scene to a maritime scene.",
            "D. From a coastal scene to a jungle."
        ],
        "answer": "B",
        "qa_level": "within_event",
        "qa_type": "mcqa",
        "old_answer": "B"
    },
    {
        "qa_idx": 6,
        "qa_type": "qa",
        "qa_level": "cross_event",
        "qa_task": "plot-understanding",
        "question": "Do both video events from 1969.0 to 2028.0 and 2033.0 to 2098.0 take place on a body of water?",
        "answer": "Yes",
        "old_answer": "Yes"
    },
    {
        "qa_idx": 9,
        "qa_task": "temporal-relationship",
        "question": "What happens after the scene of a boy and two men preparing fish on the beach?",
        "options": [
            "A. The scene transitions to a view of two men on a small wooden boat navigating calm waters.",
            "B. The scene shifts to a coastal village with lush mountains and small boats.",
            "C. The scene captures a large whale carcass on the beach with people examining it.",
            "D. The scene transitions to a bustling outdoor market under a large tree."
        ],
        "answer": "A",
        "qa_level": "long_term",
        "qa_type": "mcqa",
        "old_answer": "A"
    },
    {
        "qa_idx": 12,
        "qa_task": "speed",
        "question": "Which is faster, the boat navigating through dark water at 521.9 seconds or the boat with individuals engaged in various tasks at 38.0 to 39.0 seconds?",
        "options": [
            "A. The boat navigating through dark water at 521.9 seconds.",
            "B. The boat with individuals engaged in various tasks at 38.0 to 39.0 seconds.",
            "C. Both are at the same speed.",
            "D. None of the above."
        ],
        "answer": "A",
        "qa_level": "long_term",
        "qa_type": "mcqa",
        "old_answer": "A"
    },
    {
        "qa_idx": 15,
        "qa_task": "time-order",
        "question": "In which order do the events occur in the video from 6.0 to 2389.0 seconds?",
        "options": [
            "A. The video begins with a frame displaying the word 'REAL', followed by a boat with tall masts, then a tropical village, an underwater scene, a serene forest, a semi-arid landscape, a beach scene, a maritime scene, life aboard a boat, a coastal scene at dusk, and a twilight scene on the ocean.",
            "B. The video begins with a frame displaying the word 'REAL', followed by a tropical village, a boat with tall masts, an underwater scene, a serene forest, a semi-arid landscape, a beach scene, a maritime scene, life aboard a boat, a coastal scene at dusk, and a twilight scene on the ocean.",
            "C. The video begins with a frame displaying the word 'REAL', followed by a boat with tall masts, an underwater scene, a tropical village, a serene forest, a semi-arid landscape, a beach scene, a maritime scene, life aboard a boat, a coastal scene at dusk, and a twilight scene on the ocean.",
            "D. The video begins with a frame displaying the word 'REAL', followed by a boat with tall masts, a tropical village, an underwater scene, a serene forest, a semi-arid landscape, a beach scene, a maritime scene, life aboard a boat, a twilight scene on the ocean, and a coastal scene at dusk."
        ],
        "answer": "A",
        "qa_level": "long_term",
        "qa_type": "mcqa",
        "old_answer": "A"
    }
]