[
    {
        "qa_idx": 0,
        "qa_type": "qa",
        "qa_level": "frame",
        "qa_task": "object understanding",
        "question": "Is the character in the frame holding an object in their hands at 1834.0 seconds?",
        "answer": "Yes",
        "old_answer": "Yes"
    },
    {
        "qa_idx": 1,
        "qa_type": "qa",
        "qa_level": "frame",
        "qa_task": "character-understanding",
        "question": "At 573.0 seconds into the video, does the animated character appear to be surprised or shocked?",
        "answer": "Yes",
        "old_answer": "Yes"
    },
    {
        "qa_idx": 2,
        "qa_task": "spatial-relationship",
        "question": "What is placed near the red wall at 934.0 seconds into the video?",
        "options": [
            "A. A bicycle and a bench.",
            "B. A cardboard box and a trash can.",
            "C. A lamp post and a mailbox.",
            "D. A flower pot and a chair."
        ],
        "answer": "B",
        "qa_level": "frame",
        "qa_type": "mcqa",
        "old_answer": "B"
    },
    {
        "qa_idx": 3,
        "qa_type": "qa",
        "qa_level": "within_event",
        "qa_task": "action-understanding",
        "question": "Does the blue, round-headed character with minimal facial features start dancing after the exclamation mark appears above its head from 1790.0 to 1837.0 seconds?",
        "answer": "No",
        "old_answer": "No"
    },
    {
        "qa_idx": 4,
        "qa_task": "spatial-relationship",
        "question": "What is the position of the hands in relation to the smartphone screen at 980.0 seconds into the video?",
        "options": [
            "A. Both hands are above the screen.",
            "B. Both hands are below the screen.",
            "C. One hand is on the left and the other is on the right of the screen.",
            "D. Both hands are behind the screen."
        ],
        "answer": "C",
        "qa_level": "frame",
        "qa_type": "mcqa",
        "old_answer": "C"
    },
    {
        "qa_idx": 5,
        "qa_type": "qa",
        "qa_level": "within_event",
        "qa_task": "object understanding",
        "question": "Is there a character with bright pink hair in the kitchen environment from 1370.0 to 1446.0 seconds?",
        "answer": "Yes",
        "old_answer": "Yes"
    },
    {
        "qa_idx": 6,
        "qa_task": "descriptive-scene",
        "question": "What is prominently displayed in the center of the screen at 983.0 seconds into the video?",
        "options": [
            "A. A banana.",
            "B. A red apple with a green leaf.",
            "C. A bunch of grapes.",
            "D. An orange."
        ],
        "answer": "B",
        "qa_level": "frame",
        "qa_type": "mcqa",
        "old_answer": "B"
    },
    {
        "qa_idx": 8,
        "qa_task": "speed",
        "question": "During the scene from 1052.0 to 1118.0 seconds, which character is moving the fastest?",
        "options": [
            "A. The person in a blue outfit on the tree branch.",
            "B. The owl holding a green rectangular tablet.",
            "C. The character dressed in blue pajamas chopping at the tree with a red axe.",
            "D. The three cartoon-like characters on the sidewalk."
        ],
        "answer": "C",
        "qa_level": "within_event",
        "qa_type": "mcqa",
        "old_answer": "C"
    },
    {
        "qa_idx": 9,
        "qa_task": "character-understanding",
        "question": "What is the main activity of the central animated character in the park-like environment from 328.0 to 396.0 seconds?",
        "options": [
            "A. Running across the landscape while clutching a mechanical device.",
            "B. Sitting under a tree and reading a book.",
            "C. Flying a kite in the sky.",
            "D. Swimming in a lake."
        ],
        "answer": "A",
        "qa_level": "cross_event",
        "qa_type": "mcqa",
        "old_answer": "A"
    },
    {
        "qa_idx": 11,
        "qa_task": "object understanding",
        "question": "What is the appearance and function of the mechanical device the central animated character is clutching in the park-like environment from 328.0 to 396.0 seconds?",
        "options": [
            "A. A grey and red spiky object used for pressing a red oval object connected to a spike-laden mechanism.",
            "B. A blue and white spherical object used for flying.",
            "C. A green and yellow rectangular object used for cutting trees.",
            "D. A black and white cylindrical object used for cooking."
        ],
        "answer": "A",
        "qa_level": "cross_event",
        "qa_type": "mcqa",
        "old_answer": "A"
    },
    {
        "qa_idx": 12,
        "qa_task": "object-direction",
        "question": "In the event from 1370.0 to 1446.0 seconds, what direction does the character with bright pink hair move towards when standing next to the stove?",
        "options": [
            "A. Towards the left.",
            "B. Towards the right.",
            "C. Towards the front.",
            "D. Towards the back."
        ],
        "answer": "C",
        "qa_level": "cross_event",
        "qa_type": "mcqa",
        "old_answer": "C"
    },
    {
        "qa_idx": 14,
        "qa_task": "speed",
        "question": "Which animated object performs acrobatic maneuvers faster in the video from 38.0 seconds to 2130.0 seconds?",
        "options": [
            "A. The blue and white cartoonish airplane.",
            "B. The orange cartoon helicopter.",
            "C. The stylized bird rendered in orange and red.",
            "D. The animated spoons."
        ],
        "answer": "A",
        "qa_level": "long_term",
        "qa_type": "mcqa",
        "old_answer": "A"
    },
    {
        "qa_idx": 15,
        "qa_task": "attribute-change",
        "question": "How does the background change from the beginning to the end of the video sequence from 38.0 seconds to 2130.0 seconds?",
        "options": [
            "A. From a lined notebook paper background to a detailed kitchen and park setting.",
            "B. From a detailed kitchen setting to a lined notebook paper background.",
            "C. From a park setting to a grocery store environment.",
            "D. From a snowy landscape to a lined notebook paper background."
        ],
        "answer": "A",
        "qa_level": "long_term",
        "qa_type": "mcqa",
        "old_answer": "A"
    },
    {
        "qa_idx": 16,
        "qa_task": "time-order",
        "question": "In which order do the events occur in the video from 38.0 seconds to 2130.0 seconds?",
        "options": [
            "A. The video starts with a blue pen drawing on a sheet of white lined paper, followed by an animated character piloting a blue and white cartoon airplane, and ends with a celebratory frame with 'The End' written artistically.",
            "B. The video starts with a celebratory frame with 'The End' written artistically, followed by an animated character piloting a blue and white cartoon airplane, and ends with a blue pen drawing on a sheet of white lined paper.",
            "C. The video starts with an animated character piloting a blue and white cartoon airplane, followed by a blue pen drawing on a sheet of white lined paper, and ends with a celebratory frame with 'The End' written artistically.",
            "D. The video starts with a celebratory frame with 'The End' written artistically, followed by a blue pen drawing on a sheet of white lined paper, and ends with an animated character piloting a blue and white cartoon airplane."
        ],
        "answer": "A",
        "qa_level": "long_term",
        "qa_type": "mcqa",
        "old_answer": "A"
    }
]