[
    {
        "qa_idx": 0,
        "qa_type": "qa",
        "qa_level": "frame",
        "qa_task": "object understanding",
        "question": "Is there a large dish filled with carrots in the frame at 1018.0 seconds?",
        "answer": "Yes",
        "old_answer": "Yes"
    },
    {
        "qa_idx": 1,
        "qa_task": "spatial-relationship",
        "question": "What is the larger pig gesturing towards at 2384.0 seconds into the video?",
        "options": [
            "A. The smaller pig.",
            "B. The washing machine.",
            "C. The alphabet letters on the wall.",
            "D. The door."
        ],
        "answer": "A",
        "qa_level": "frame",
        "qa_type": "mcqa",
        "old_answer": "A"
    },
    {
        "qa_idx": 2,
        "qa_type": "qa",
        "qa_level": "within_event",
        "qa_task": "plot-understanding",
        "question": "Does the video event primarily take place in a kitchen setting from 1846.0 to 1919.0 seconds?",
        "answer": "Yes",
        "old_answer": "Yes"
    },
    {
        "qa_idx": 3,
        "qa_task": "character-understanding",
        "question": "What is the pink character in the red dress doing at 262.0 seconds into the video?",
        "options": [
            "A. The pink character is dancing.",
            "B. The pink character is holding a blue-green tin can against the side of its head.",
            "C. The pink character is sitting down.",
            "D. The pink character is eating."
        ],
        "answer": "B",
        "qa_level": "frame",
        "qa_type": "mcqa",
        "old_answer": "B"
    },
    {
        "qa_idx": 4,
        "qa_type": "qa",
        "qa_level": "cross_event",
        "qa_task": "character-understanding",
        "question": "Were the anthropomorphic pig characters seen in both indoor and outdoor settings between the time of 697.0 to 789.0?",
        "answer": "Yes",
        "old_answer": "Yes"
    },
    {
        "qa_idx": 5,
        "qa_task": "causal",
        "question": "Why are the characters often depicted seated on or standing near the purple couch from 585.0 to 636.0 seconds?",
        "options": [
            "A. They are watching TV together.",
            "B. They are interacting or having conversations within the family.",
            "C. They are playing a game.",
            "D. They are eating dinner."
        ],
        "answer": "B",
        "qa_level": "within_event",
        "qa_type": "mcqa",
        "old_answer": "B"
    },
    {
        "qa_idx": 8,
        "qa_task": "time-order",
        "question": "What is the correct sequence of scenes in the video events from 2921.0 to 2987.0 seconds?",
        "options": [
            "A. The event starts outdoors, transitions to a classroom, and ends in a library.",
            "B. The event starts in a library, transitions to a classroom, and ends outdoors.",
            "C. The event starts in a classroom, transitions to a library, and ends outdoors.",
            "D. The event starts outdoors, transitions to a library, and ends in a classroom."
        ],
        "answer": "B",
        "qa_level": "cross_event",
        "qa_type": "mcqa",
        "old_answer": "B"
    },
    {
        "qa_idx": 9,
        "qa_task": "spatial-relationship",
        "question": "Where is the large pig in nautical attire positioned in the playground setting?",
        "options": [
            "A. Near the swings.",
            "B. By the blue ladder.",
            "C. At the merry-go-round.",
            "D. Inside the treehouse."
        ],
        "answer": "B",
        "qa_level": "long_term",
        "qa_type": "mcqa",
        "old_answer": "B"
    },
    {
        "qa_idx": 12,
        "qa_task": "speed",
        "question": "Which character was faster in engaging with the playground activities, the pig in glasses or the rabbit at the top of the yellow slide, between 3.0 and 3591.0 seconds?",
        "options": [
            "A. The pig in glasses.",
            "B. The rabbit at the top of the yellow slide.",
            "C. Both engaged at the same speed.",
            "D. None of the above."
        ],
        "answer": "B",
        "qa_level": "long_term",
        "qa_type": "mcqa",
        "old_answer": "B"
    },
    {
        "qa_idx": 13,
        "qa_task": "attribute-change",
        "question": "How does the setting change from the beginning to the end of the video event from 3.0 to 3591.0 seconds?",
        "options": [
            "A. From a winter-themed indoor scene to a vibrant outdoor playground.",
            "B. From a vibrant outdoor playground to a winter-themed indoor scene.",
            "C. From a winter-themed indoor scene to a cozy indoor setting.",
            "D. From a vibrant outdoor playground to a cozy indoor setting."
        ],
        "answer": "A",
        "qa_level": "long_term",
        "qa_type": "mcqa",
        "old_answer": "A"
    },
    {
        "qa_idx": 14,
        "qa_task": "character-understanding",
        "question": "What is the main activity of the characters in the outdoor playground scene from 84.0 seconds to 304.0 seconds?",
        "options": [
            "A. The characters are playing on various playground equipment.",
            "B. The characters are having a picnic.",
            "C. The characters are building a snowman.",
            "D. The characters are watching a performance."
        ],
        "answer": "A",
        "qa_level": "long_term",
        "qa_type": "mcqa",
        "old_answer": "A"
    },
    {
        "qa_idx": 15,
        "qa_task": "time-order",
        "question": "In which order do the events occur in the video from 3.0 to 3591.0 seconds?",
        "options": [
            "A. The event kicks off with an animated scene prominently featuring a toy, followed by a cheerful character dressed warmly in winter attire, and then transitions to a vibrant and colorful scene of Peppa Pig in the same winter attire.",
            "B. The event begins with a vibrant and cheerful tea party scene, followed by an outdoor environment featuring a treehouse, and then transitions to characters engaging playfully around a blue and red cylindrical play structure.",
            "C. The event starts with a scene captured at 241.0 seconds showing an outdoor setting under a clear blue sky, followed by a group of smaller animals inside a blue and red toy castle, and then transitions to a playful scene between two cheerful characters.",
            "D. The event sequence begins with an indoor scene set in a playroom, followed by a family scene with animated pig characters in a well-lit room, and then transitions to an outdoor scene where the animated pig characters engage in outdoor activities."
        ],
        "answer": "A",
        "qa_level": "long_term",
        "qa_type": "mcqa",
        "old_answer": "A"
    }
]