[
    {
        "qa_idx": 0,
        "qa_type": "qa",
        "qa_level": "frame",
        "qa_task": "object understanding",
        "question": "Is there a brown dog lying on the striped surface at 149.0 seconds into the video?",
        "answer": "Yes",
        "old_answer": "Yes"
    },
    {
        "qa_idx": 1,
        "qa_task": "object understanding",
        "question": "What is the dog wearing at 153.0 seconds into the video?",
        "options": [
            "A. A blue collar.",
            "B. A red collar.",
            "C. A green collar.",
            "D. A yellow collar."
        ],
        "answer": "B",
        "qa_level": "frame",
        "qa_type": "mcqa",
        "old_answer": "B"
    },
    {
        "qa_idx": 2,
        "qa_type": "qa",
        "qa_level": "frame",
        "qa_task": "character-understanding",
        "question": "Is there a dog lying on a plush, pink bed at 1027.0 seconds into the video?",
        "answer": "Yes",
        "old_answer": "Yes"
    },
    {
        "qa_idx": 4,
        "qa_type": "qa",
        "qa_level": "within_event",
        "qa_task": "plot-understanding",
        "question": "Is the dog resting peacefully on a pink, fluffy mat in the video event from 2281.0 to 2341.0 seconds?",
        "answer": "Yes",
        "old_answer": "Yes"
    },
    {
        "qa_idx": 5,
        "qa_task": "descriptive-scene",
        "question": "Where is the dog positioned in the video frame at 176.0 seconds?",
        "options": [
            "A. On a pink shaggy rug.",
            "B. On a striped carpet.",
            "C. In a pet bed.",
            "D. In a cage or crate."
        ],
        "answer": "A",
        "qa_level": "frame",
        "qa_type": "mcqa",
        "old_answer": "A"
    },
    {
        "qa_idx": 6,
        "qa_type": "qa",
        "qa_level": "cross_event",
        "qa_task": "speed",
        "question": "Is the dog moving quickly in the scenes from 1756.0 to 1782.0 and 2031.0 to 2091.0?",
        "answer": "No",
        "old_answer": "No"
    },
    {
        "qa_idx": 8,
        "qa_type": "qa",
        "qa_level": "long_term",
        "qa_task": "speed",
        "question": "Throughout the video from 2.0 to 4228.0 seconds, do the pets, including dogs and cats, move quickly in the indoor setting?",
        "answer": "No",
        "old_answer": "No"
    },
    {
        "qa_idx": 9,
        "qa_task": "camera-direction",
        "question": "Does the camera move towards the dog or away from the dog in the video event from 2763.0 to 3014.0 seconds?",
        "options": [
            "A. The camera moves towards the dog.",
            "B. The camera moves away from the dog.",
            "C. The camera remains stationary.",
            "D. The camera moves around the dog."
        ],
        "answer": "A",
        "qa_level": "within_event",
        "qa_type": "mcqa",
        "old_answer": "A"
    },
    {
        "qa_idx": 10,
        "qa_task": "attribute-change",
        "question": "How does the scene change in terms of the dog's activity from 2763.0 to 3014.0 seconds?",
        "options": [
            "A. The dog starts playing with the toys.",
            "B. The dog remains resting peacefully.",
            "C. The dog moves to the pink bed in the wire crate.",
            "D. The dog begins to eat."
        ],
        "answer": "B",
        "qa_level": "within_event",
        "qa_type": "mcqa",
        "old_answer": "B"
    },
    {
        "qa_idx": 11,
        "qa_task": "causal",
        "question": "Why does the video sequence from 270.0 to 331.0 seconds emphasize close-up views of the cat and dog in a cozy indoor setting?",
        "options": [
            "A. To highlight the detailed features and textures of the pets' fur.",
            "B. To showcase the interaction between the pets and their environment.",
            "C. To create an intimate and calm atmosphere in the domestic scene.",
            "D. All of the above."
        ],
        "answer": "D",
        "qa_level": "cross_event",
        "qa_type": "mcqa",
        "old_answer": "D"
    },
    {
        "qa_idx": 16,
        "qa_task": "camera-direction",
        "question": "How does the camera move throughout the video from 2.0 to 4228.0 seconds?",
        "options": [
            "A. The camera remains stationary.",
            "B. The camera moves closer to the pets.",
            "C. The camera moves away from the pets.",
            "D. The camera pans around the room."
        ],
        "answer": "B",
        "qa_level": "long_term",
        "qa_type": "mcqa",
        "old_answer": "B"
    },
    {
        "qa_idx": 17,
        "qa_task": "speed",
        "question": "Which animal is shown moving faster in the video from 2.0 to 4228.0 seconds?",
        "options": [
            "A. The dog.",
            "B. The cat.",
            "C. Both move at the same speed.",
            "D. None of the animals move."
        ],
        "answer": "D",
        "qa_level": "long_term",
        "qa_type": "mcqa",
        "old_answer": "D"
    },
    {
        "qa_idx": 18,
        "qa_task": "attribute-change",
        "question": "How does the dog's resting area change from the beginning to the end of the video (2.0 to 4228.0 seconds)?",
        "options": [
            "A. The dog moves from a purple textured fabric to a pink fluffy mat.",
            "B. The dog moves from a white soft-looking material to a yellow patterned object.",
            "C. The dog moves from a striped bedding to a musical keyboard stand.",
            "D. The dog moves from a brown fur to a red collar."
        ],
        "answer": "A",
        "qa_level": "long_term",
        "qa_type": "mcqa",
        "old_answer": "A"
    },
    {
        "qa_idx": 20,
        "qa_task": "object understanding",
        "question": "What kind of items are visible around the dog in the cozy indoor setting from 2.0 to 4228.0 seconds?",
        "options": [
            "A. Musical instruments, toys, and cables.",
            "B. Kitchen utensils, books, and plants.",
            "C. Office supplies, electronics, and furniture.",
            "D. Sports equipment, tools, and clothing."
        ],
        "answer": "A",
        "qa_level": "long_term",
        "qa_type": "mcqa",
        "old_answer": "A"
    },
    {
        "qa_idx": 21,
        "qa_task": "time-order",
        "question": "In which order do the events occur in the video from 2.0 to 4228.0 seconds?",
        "options": [
            "A. The event kicks off with a close-up view of a dog positioned indoors, surrounded by various textiles. The event finishes with a detailed close-up of a person's hand petting a small animal with light brown fur and a red collar.",
            "B. The event starts with a scene featuring two dogs in an indoor environment, likely a home, with various items such as a musical keyboard stand and guitars in the background. The event ends with a dog lying on a soft blanket, nestled comfortably on a plush rug, with a white pet crate containing a pink bed behind it.",
            "C. The event sequence begins with a close-up of a dog engaging with a person in an indoor setting featuring a striped floor pattern and various items indicating a domestic atmosphere. The event culminates with the dog lying on a soft blanket, nestled comfortably on a plush rug, with a white pet crate containing a pink bed behind it.",
            "D. The event starts with a cozy indoor setting where a dog is prominently featured. The event ends with a dog lying on a soft blanket, nestled comfortably on a plush rug, with a white pet crate containing a pink bed behind it."
        ],
        "answer": "A",
        "qa_level": "long_term",
        "qa_type": "mcqa",
        "old_answer": "A"
    }
]