[
    {
        "qa_idx": 0,
        "qa_type": "qa",
        "qa_level": "frame",
        "qa_task": "object understanding",
        "question": "Are there multicolored beams of light visible in the forest scene at 340.0 seconds into the video?",
        "answer": "Yes",
        "old_answer": "Yes"
    },
    {
        "qa_idx": 1,
        "qa_task": "spatial-relationship",
        "question": "What is the central focus of the frame at 389.0 seconds into the video?",
        "options": [
            "A. A tree.",
            "B. A panda.",
            "C. A river.",
            "D. A bird."
        ],
        "answer": "B",
        "qa_level": "frame",
        "qa_type": "mcqa",
        "old_answer": "B"
    },
    {
        "qa_idx": 2,
        "qa_task": "spatial-relationship",
        "question": "What is the young boy standing behind at 923.0 seconds into the video?",
        "options": [
            "A. A large cooking pot.",
            "B. A small table.",
            "C. A wooden bench.",
            "D. A tall tree."
        ],
        "answer": "A",
        "qa_level": "frame",
        "qa_type": "mcqa",
        "old_answer": "A"
    },
    {
        "qa_idx": 3,
        "qa_type": "qa",
        "qa_level": "cross_event",
        "qa_task": "camera-direction",
        "question": "From 1692.0 to 1752.0 and 1753.0 to 1813.0, does the camera remain stationary while capturing the bear's activities in the indoor settings?",
        "answer": "No",
        "old_answer": "No"
    },
    {
        "qa_idx": 4,
        "qa_task": "attribute-change",
        "question": "How does the backdrop change throughout the video event from 259.0 to 362.0 seconds?",
        "options": [
            "A. The backdrop remains the same pink curtain with spotlights.",
            "B. The backdrop changes from a pink curtain to a teal-colored wall with star patterns, and then to a starry night sky.",
            "C. The backdrop changes from a teal-colored wall to a pink curtain, and then to a starry night sky.",
            "D. The backdrop changes from a starry night sky to a pink curtain, and then to a teal-colored wall with star patterns."
        ],
        "answer": "B",
        "qa_level": "within_event",
        "qa_type": "mcqa",
        "old_answer": "B"
    },
    {
        "qa_idx": 5,
        "qa_type": "qa",
        "qa_level": "cross_event",
        "qa_task": "action-understanding",
        "question": "Between 1753.0 and 1813.0 seconds, does the bear in the cozy indoor setting repair a worn and rusty ambulance?",
        "answer": "No",
        "old_answer": "No"
    },
    {
        "qa_idx": 6,
        "qa_task": "causal",
        "question": "Why does the animated bear focus on a malfunctioning control panel in a high-tech environment in the event from 1252.0 to 1315.0 seconds?",
        "options": [
            "A. To fix the control panel and restore its functionality.",
            "B. To play with the control panel as part of a game.",
            "C. To show off its technical skills to the other characters.",
            "D. To create a distraction for the other characters."
        ],
        "answer": "A",
        "qa_level": "cross_event",
        "qa_type": "mcqa",
        "old_answer": "A"
    },
    {
        "qa_idx": 7,
        "qa_task": "descriptive-scene",
        "question": "Where do the majority of the events in the video from 259.0 to 362.0 seconds take place?",
        "options": [
            "A. On a stage with wooden flooring and a pink curtain backdrop.",
            "B. In a serene woodland environment.",
            "C. Under a starry night sky amidst dense trees.",
            "D. In a warm room filled with memorabilia."
        ],
        "answer": "A",
        "qa_level": "cross_event",
        "qa_type": "mcqa",
        "old_answer": "A"
    },
    {
        "qa_idx": 8,
        "qa_task": "character-understanding",
        "question": "What is the main activity suggested by the scenes from 1112.0 to 1177.0 seconds?",
        "options": [
            "A. A sports event.",
            "B. A meal preparation or serving.",
            "C. A construction site.",
            "D. A shopping spree."
        ],
        "answer": "B",
        "qa_level": "cross_event",
        "qa_type": "mcqa",
        "old_answer": "B"
    },
    {
        "qa_idx": 9,
        "qa_task": "temporal-relationship",
        "question": "What happens after the bear is seen juggling sausages while balancing on a platform and twirling a plate?",
        "options": [
            "A. The scene shifts to a wooded area with houses, railway tracks, and dense trees.",
            "B. The bear continues juggling sausages.",
            "C. The bear starts dancing.",
            "D. The bear interacts with a small character dressed in purple."
        ],
        "answer": "A",
        "qa_level": "long_term",
        "qa_type": "mcqa",
        "old_answer": "A"
    },
    {
        "qa_idx": 10,
        "qa_task": "spatial-relationship",
        "question": "Where is the red boombox placed in the scene at the beginning of the event?",
        "options": [
            "A. At the foot of the wooden staircase.",
            "B. On a wooden table.",
            "C. Near a yellow doghouse.",
            "D. Inside a wooden house."
        ],
        "answer": "A",
        "qa_level": "long_term",
        "qa_type": "mcqa",
        "old_answer": "A"
    },
    {
        "qa_idx": 11,
        "qa_task": "causal",
        "question": "Why did the bear engage in woodworking activities in the forested area with lush greenery?",
        "options": [
            "A. To build a new house.",
            "B. To create a dance studio.",
            "C. To construct a treehouse.",
            "D. To make a stage for performances."
        ],
        "answer": "C",
        "qa_level": "long_term",
        "qa_type": "mcqa",
        "old_answer": "C"
    },
    {
        "qa_idx": 13,
        "qa_task": "object-direction",
        "question": "In the video event from 3.0 to 1896.0 seconds, which direction does the bear move while balancing on a platform and juggling sausages?",
        "options": [
            "A. Left to right.",
            "B. Right to left.",
            "C. Up and down.",
            "D. In a circle."
        ],
        "answer": "A",
        "qa_level": "long_term",
        "qa_type": "mcqa",
        "old_answer": "A"
    },
    {
        "qa_idx": 14,
        "qa_task": "camera-direction",
        "question": "In the video event from 3.0 to 1896.0 seconds, what direction does the camera move when the scene transitions to the bear holding a shiny object resembling a samovar while balancing a teapot?",
        "options": [
            "A. The camera moves closer to the bear.",
            "B. The camera moves away from the bear.",
            "C. The camera moves to the left of the bear.",
            "D. The camera moves to the right of the bear."
        ],
        "answer": "A",
        "qa_level": "long_term",
        "qa_type": "mcqa",
        "old_answer": "A"
    },
    {
        "qa_idx": 15,
        "qa_task": "speed",
        "question": "Which character is moving faster in the video from 3.0 to 1896.0 seconds, the bear or the pig?",
        "options": [
            "A. The bear.",
            "B. The pig.",
            "C. Both are moving at the same speed.",
            "D. None of the above."
        ],
        "answer": "B",
        "qa_level": "long_term",
        "qa_type": "mcqa",
        "old_answer": "B"
    },
    {
        "qa_idx": 17,
        "qa_task": "object understanding",
        "question": "What object is the bear holding while balancing on a platform in the beginning of the event?",
        "options": [
            "A. A red boombox.",
            "B. A yellow book.",
            "C. Sausages.",
            "D. A guitar."
        ],
        "answer": "C",
        "qa_level": "long_term",
        "qa_type": "mcqa",
        "old_answer": "C"
    },
    {
        "qa_idx": 18,
        "qa_task": "time-order",
        "question": "In which order do the events occur in the video from 3.0 to 1896.0 seconds?",
        "options": [
            "A. The bear juggles sausages while balancing on a platform, the pig promotes dance classes, the bear engages in woodworking activities, the bear interacts with a toy airplane, the bear lies comfortably on a couch with a thermometer.",
            "B. The bear juggles sausages while balancing on a platform, the bear engages in woodworking activities, the pig promotes dance classes, the bear interacts with a toy airplane, the bear lies comfortably on a couch with a thermometer.",
            "C. The bear juggles sausages while balancing on a platform, the bear interacts with a toy airplane, the pig promotes dance classes, the bear engages in woodworking activities, the bear lies comfortably on a couch with a thermometer.",
            "D. The bear juggles sausages while balancing on a platform, the bear lies comfortably on a couch with a thermometer, the pig promotes dance classes, the bear engages in woodworking activities, the bear interacts with a toy airplane."
        ],
        "answer": "A",
        "qa_level": "long_term",
        "qa_type": "mcqa",
        "old_answer": "A"
    },
    {
        "qa_idx": 19,
        "qa_task": "descriptive-scene",
        "question": "Where does the event featuring a bear juggling sausages and a small toy take place?",
        "options": [
            "A. In a wooded area with houses and railway tracks.",
            "B. On a stage with wooden flooring and stage lights.",
            "C. In a cozy indoor setting with a striped armchair and a honey barrel.",
            "D. In a lush outdoor scene with a wooden staircase and a vibrant garden."
        ],
        "answer": "A",
        "qa_level": "long_term",
        "qa_type": "mcqa",
        "old_answer": "A"
    }
]