[
    {
        "qa_idx": 0,
        "qa_type": "qa",
        "qa_level": "frame",
        "qa_task": "character-understanding",
        "question": "Is the animated character with orange hair holding an object with both hands at the 1014.0-second mark?",
        "answer": "Yes",
        "old_answer": "Yes"
    },
    {
        "qa_idx": 1,
        "qa_task": "spatial-relationship",
        "question": "What is partially visible on the left side of the frame at 1349.0 seconds?",
        "options": [
            "A. A window.",
            "B. A door.",
            "C. Stairs.",
            "D. A bookshelf."
        ],
        "answer": "C",
        "qa_level": "frame",
        "qa_type": "mcqa",
        "old_answer": "C"
    },
    {
        "qa_idx": 3,
        "qa_task": "character-understanding",
        "question": "What is the demeanor of the animated human face in the video frame at 1469.0 seconds?",
        "options": [
            "A. Sad.",
            "B. Angry.",
            "C. Cheerful.",
            "D. Scared."
        ],
        "answer": "C",
        "qa_level": "frame",
        "qa_type": "mcqa",
        "old_answer": "C"
    },
    {
        "qa_idx": 4,
        "qa_type": "qa",
        "qa_level": "within_event",
        "qa_task": "object understanding",
        "question": "Is there a bookshelf filled with colorful books in the background of the video event from 1870.0 to 1935.0 seconds?",
        "answer": "Yes",
        "old_answer": "Yes"
    },
    {
        "qa_idx": 5,
        "qa_task": "descriptive-scene",
        "question": "Where does the scene at 2230.0 seconds into the video take place?",
        "options": [
            "A. Inside a house.",
            "B. In a garden.",
            "C. In a uniquely designed outdoor area.",
            "D. In a playground."
        ],
        "answer": "C",
        "qa_level": "frame",
        "qa_type": "mcqa",
        "old_answer": "C"
    },
    {
        "qa_idx": 6,
        "qa_type": "qa",
        "qa_level": "within_event",
        "qa_task": "camera-direction",
        "question": "Does the camera remain stationary while capturing the person at the center at the beginning of the event from 54.0 to 114.0 seconds?",
        "answer": "Yes",
        "old_answer": "Yes"
    },
    {
        "qa_idx": 7,
        "qa_task": "spatial-relationship",
        "question": "Where is the human face located in the frame at 1977.0 seconds into the video?",
        "options": [
            "A. Center left.",
            "B. Center right.",
            "C. Top left.",
            "D. Bottom right."
        ],
        "answer": "B",
        "qa_level": "frame",
        "qa_type": "mcqa",
        "old_answer": "B"
    },
    {
        "qa_idx": 8,
        "qa_type": "qa",
        "qa_level": "cross_event",
        "qa_task": "object understanding",
        "question": "In the video event from 1937.0 to 2018.0, is there a rabbit behind a table?",
        "answer": "Yes",
        "old_answer": "Yes"
    },
    {
        "qa_idx": 9,
        "qa_task": "object-direction",
        "question": "In which direction does the scene shift after showing the young character with large eyes and blonde hair in the whimsical landscape from 2302.0 to 2353.0 seconds?",
        "options": [
            "A. To a single, prominent light orange balloon against the sky.",
            "B. To a young girl wearing a red dress with white patterns.",
            "C. To a cheerful bald baby lying on the grassy field.",
            "D. To a room with colorful, child-friendly design elements."
        ],
        "answer": "A",
        "qa_level": "within_event",
        "qa_type": "mcqa",
        "old_answer": "A"
    },
    {
        "qa_idx": 10,
        "qa_type": "qa",
        "qa_level": "cross_event",
        "qa_task": "action-understanding",
        "question": "In the scene from 863.0 to 923.0, do the characters engage in a cooking activity in the colorful interior space with pastel cushions?",
        "answer": "No",
        "old_answer": "No"
    },
    {
        "qa_idx": 12,
        "qa_type": "qa",
        "qa_level": "long_term",
        "qa_task": "speed",
        "question": "Did the animated characters move at a slow pace throughout the scenes from 13.0 to 2353.0 seconds?",
        "answer": "No",
        "old_answer": "No"
    },
    {
        "qa_idx": 13,
        "qa_task": "spatial-relationship",
        "question": "In the video event from 54.0 to 114.0 seconds, where is the person located in relation to the bookshelves and window?",
        "options": [
            "A. The person is in front of the bookshelves and next to the window.",
            "B. The person is behind the bookshelves and far from the window.",
            "C. The person is in front of the bookshelves and the window is not visible.",
            "D. The person is behind the bookshelves and next to the window."
        ],
        "answer": "A",
        "qa_level": "cross_event",
        "qa_type": "mcqa",
        "old_answer": "A"
    },
    {
        "qa_idx": 14,
        "qa_task": "object-direction",
        "question": "In the video events from 863.0 to 923.0 seconds and H to e seconds, what is the direction of the movement of the characters and objects?",
        "options": [
            "A. The characters and objects move from left to right.",
            "B. The characters and objects move from right to left.",
            "C. The characters and objects move from top to bottom.",
            "D. The characters and objects move from bottom to top."
        ],
        "answer": "A",
        "qa_level": "cross_event",
        "qa_type": "mcqa",
        "old_answer": "A"
    },
    {
        "qa_idx": 15,
        "qa_task": "causal",
        "question": "Why does the child with a red bow hold a red object while being approached by a baby amid colorful trees and whimsical background at 13.0 to 2353.0 seconds?",
        "options": [
            "A. To interact playfully with the baby.",
            "B. To scare the baby away.",
            "C. To hide the object from the baby.",
            "D. To throw the object at the baby."
        ],
        "answer": "A",
        "qa_level": "long_term",
        "qa_type": "mcqa",
        "old_answer": "A"
    },
    {
        "qa_idx": 17,
        "qa_task": "camera-direction",
        "question": "How does the camera movement change from 13.0 seconds to 2353.0 seconds in the video?",
        "options": [
            "A. The camera remains static throughout the video.",
            "B. The camera moves closer to the characters and objects, emphasizing details.",
            "C. The camera zooms out to show a wider view of the scenes.",
            "D. The camera pans left and right to follow the characters' movements."
        ],
        "answer": "B",
        "qa_level": "long_term",
        "qa_type": "mcqa",
        "old_answer": "B"
    },
    {
        "qa_idx": 18,
        "qa_task": "speed",
        "question": "Which character is faster in the video event from 13.0 to 2353.0 seconds, the green spider-like figure or the large white rabbit with a black eye patch?",
        "options": [
            "A. The green spider-like figure.",
            "B. The large white rabbit with a black eye patch.",
            "C. Both are at the same speed.",
            "D. None of the above."
        ],
        "answer": "A",
        "qa_level": "long_term",
        "qa_type": "mcqa",
        "old_answer": "A"
    },
    {
        "qa_idx": 20,
        "qa_task": "character-understanding",
        "question": "What is the girl with a red bow doing in the video from 13.0 to 2353.0 seconds?",
        "options": [
            "A. Holding a red object while being approached by a baby.",
            "B. Driving a yellow vehicle.",
            "C. Painting on an easel.",
            "D. Flying a kite."
        ],
        "answer": "A",
        "qa_level": "long_term",
        "qa_type": "mcqa",
        "old_answer": "A"
    },
    {
        "qa_idx": 21,
        "qa_task": "time-order",
        "question": "In which order do the events occur in the video from 13.0 to 2353.0 seconds?",
        "options": [
            "A. A person on the left, a human face within the same area, and a toy near a seated child on the right against a bright background.",
            "B. A dynamic sequence featuring a person on the left, a human face within the same area, and a toy near a seated child on the right against a bright background.",
            "C. A dynamic sequence featuring a person on the left, a human face within the same area, and a toy near a seated child on the right against a bright background, followed by detailed indoor and outdoor environments.",
            "D. A dynamic sequence featuring a person on the left, a human face within the same area, and a toy near a seated child on the right against a bright background, followed by detailed indoor and outdoor environments, including a large window showing a garden outside and an insect climbing a structure."
        ],
        "answer": "D",
        "qa_level": "long_term",
        "qa_type": "mcqa",
        "old_answer": "D"
    }
]