[
    {
        "qa_idx": 0,
        "qa_type": "qa",
        "qa_level": "frame",
        "qa_task": "object understanding",
        "question": "Is there a health warning about smoking visible in the frame at 6920.0 seconds?",
        "answer": "Yes",
        "old_answer": "Yes"
    },
    {
        "qa_idx": 1,
        "qa_task": "descriptive-scene",
        "question": "Where does the interaction between the two men take place in the video frame at 3114.0 seconds?",
        "options": [
            "A. Outdoors in a park.",
            "B. Indoors near a doorway.",
            "C. In a car.",
            "D. On a rooftop."
        ],
        "answer": "B",
        "qa_level": "frame",
        "qa_type": "mcqa",
        "old_answer": "B"
    },
    {
        "qa_idx": 2,
        "qa_task": "character-understanding",
        "question": "What is the car on the right doing at 4623.0 seconds into the video?",
        "options": [
            "A. The car on the right is parked.",
            "B. The car on the right is moving away from the camera.",
            "C. The car on the right is driving towards the camera.",
            "D. The car on the right is off the road."
        ],
        "answer": "C",
        "qa_level": "frame",
        "qa_type": "mcqa",
        "old_answer": "C"
    },
    {
        "qa_idx": 3,
        "qa_type": "qa",
        "qa_level": "within_event",
        "qa_task": "character-understanding",
        "question": "Were the individuals engaged in physical activities around a cart dressed uniformly in white clothing between 2608.0 seconds and 2704.0 seconds?",
        "answer": "Yes",
        "old_answer": "Yes"
    },
    {
        "qa_idx": 4,
        "qa_type": "qa",
        "qa_level": "within_event",
        "qa_task": "character-understanding",
        "question": "Was there a man in a brown uniform adorned with epaulets and service ribbons in the video event from 5456.0 to 5502.0 seconds?",
        "answer": "Yes",
        "old_answer": "Yes"
    },
    {
        "qa_idx": 5,
        "qa_type": "qa",
        "qa_level": "cross_event",
        "qa_task": "character-understanding",
        "question": "Were there men in uniform present in both events from 1937.0 to 1996.0 and 1997.0 to 2180.0?",
        "answer": "Yes",
        "old_answer": "Yes"
    },
    {
        "qa_idx": 6,
        "qa_task": "scene-understanding",
        "question": "What is the setting of the scene from 6332.0 to 6351.0 seconds?",
        "options": [
            "A. A bustling outdoor market.",
            "B. An elegant indoor setting with a luxurious chandelier and tall windows.",
            "C. A crowded subway station.",
            "D. A dimly lit basement."
        ],
        "answer": "B",
        "qa_level": "within_event",
        "qa_type": "mcqa",
        "old_answer": "B"
    },
    {
        "qa_idx": 7,
        "qa_type": "qa",
        "qa_level": "long_term",
        "qa_task": "character-understanding",
        "question": "Did the video feature multiple men in uniform interacting in various settings from 94.0 to 1103.0 seconds?",
        "answer": "Yes",
        "old_answer": "Yes"
    },
    {
        "qa_idx": 11,
        "qa_task": "attribute-change",
        "question": "How does the lighting and atmosphere change from the beginning to the end of the video from 29.0 to 7216.0 seconds?",
        "options": [
            "A. The video starts with a bright and vibrant atmosphere and transitions to a dark and subdued atmosphere.",
            "B. The video starts with a dark and subdued atmosphere and transitions to a bright and vibrant atmosphere.",
            "C. The video maintains a consistent bright and vibrant atmosphere throughout.",
            "D. The video maintains a consistent dark and subdued atmosphere throughout."
        ],
        "answer": "A",
        "qa_level": "long_term",
        "qa_type": "mcqa",
        "old_answer": "A"
    },
    {
        "qa_idx": 12,
        "qa_task": "time-order",
        "question": "In which order do the events occur in the video from 29.0 to 7216.0 seconds?",
        "options": [
            "A. The video starts with the text 'BOLLY KICK' and social media icons, followed by a person wearing glasses, then a man gripping a wooden bat under pouring rain, and ends with a call-to-action overlay with a 'LIKE' icon and social media references.",
            "B. The video starts with a man gripping a wooden bat under pouring rain, followed by the text 'BOLLY KICK' and social media icons, then a person wearing glasses, and ends with a call-to-action overlay with a 'LIKE' icon and social media references.",
            "C. The video starts with a person wearing glasses, followed by a man gripping a wooden bat under pouring rain, then the text 'BOLLY KICK' and social media icons, and ends with a call-to-action overlay with a 'LIKE' icon and social media references.",
            "D. The video starts with a call-to-action overlay with a 'LIKE' icon and social media references, followed by a person wearing glasses, then a man gripping a wooden bat under pouring rain, and ends with the text 'BOLLY KICK' and social media icons."
        ],
        "answer": "A",
        "qa_level": "long_term",
        "qa_type": "mcqa",
        "old_answer": "A"
    }
]