[
    {
        "qa_idx": 0,
        "qa_type": "qa",
        "qa_level": "frame",
        "qa_task": "object understanding",
        "question": "Is there a maroon sign displaying the name 'Athenry Heritage Centre' in the frame at 1624.0 seconds?",
        "answer": "Yes",
        "old_answer": "Yes"
    },
    {
        "qa_idx": 1,
        "qa_task": "character-understanding",
        "question": "What is prominently featured in the architectural setting at 274.0 seconds into the video?",
        "options": [
            "A. A digital timer and an orange mat.",
            "B. A person solving a Rubik's cube.",
            "C. Two flags and a detailed sculpture.",
            "D. A serene outdoor scene with a lamb."
        ],
        "answer": "C",
        "qa_level": "frame",
        "qa_type": "mcqa",
        "old_answer": "C"
    },
    {
        "qa_idx": 2,
        "qa_type": "qa",
        "qa_level": "within_event",
        "qa_task": "speed",
        "question": "Is the musical performance taking place at a fast pace between 476.0 and 504.0 seconds?",
        "answer": "Yes",
        "old_answer": "Yes"
    },
    {
        "qa_idx": 3,
        "qa_type": "qa",
        "qa_level": "within_event",
        "qa_task": "character-understanding",
        "question": "Was there a street performer playing a cello in the video event from 1.0 to 73.0 seconds?",
        "answer": "Yes",
        "old_answer": "Yes"
    },
    {
        "qa_idx": 4,
        "qa_type": "qa",
        "qa_level": "cross_event",
        "qa_task": "character-understanding",
        "question": "Did the man in the formal suit appear indoors in the historical or religious structure between 381.0 and 450.0 seconds?",
        "answer": "Yes",
        "old_answer": "Yes"
    },
    {
        "qa_idx": 5,
        "qa_type": "qa",
        "qa_level": "cross_event",
        "qa_task": "camera-direction",
        "question": "From the time of 2504.0 to 2569.0 and 2570.0 to 2637.0, does the camera capture the cliffs and ocean from a stationary position?",
        "answer": "No",
        "old_answer": "No"
    },
    {
        "qa_idx": 6,
        "qa_task": "scene-understanding",
        "question": "What type of environment is depicted in the video event from 2136.0 to 2165.0 seconds?",
        "options": [
            "A. A residential kitchen.",
            "B. A brewing and industrial environment.",
            "C. A corporate office.",
            "D. A retail store."
        ],
        "answer": "B",
        "qa_level": "within_event",
        "qa_type": "mcqa",
        "old_answer": "B"
    },
    {
        "qa_idx": 7,
        "qa_type": "qa",
        "qa_level": "long_term",
        "qa_task": "speed",
        "question": "Did the video show any scenes where the movement of people or objects was unusually fast between 1.0 and 2792.0 seconds?",
        "answer": "No",
        "old_answer": "No"
    },
    {
        "qa_idx": 10,
        "qa_task": "spatial-relationship",
        "question": "What is the spatial relationship between the women walking on the paved pathway and the Cliffs of Moher scene in the video events from 2504.0 to 2569.0 seconds?",
        "options": [
            "A. The women are walking towards the Cliffs of Moher.",
            "B. The women are walking away from the Cliffs of Moher.",
            "C. The women are walking parallel to the Cliffs of Moher.",
            "D. The women are walking in a different location unrelated to the Cliffs of Moher."
        ],
        "answer": "D",
        "qa_level": "cross_event",
        "qa_type": "mcqa",
        "old_answer": "D"
    },
    {
        "qa_idx": 11,
        "qa_task": "temporal-relationship",
        "question": "What happens after the scene with the serene coastal view featuring tall, vibrant yellow flowers in the foreground and a vast expanse of blue water?",
        "options": [
            "A. The scene transitions to a lively street environment on Grafton Street with various shopfronts.",
            "B. The scene captures a lively street environment on Grafton Street with various shopfronts.",
            "C. The scene transitions to a dramatic coastal view where towering cliffs covered with patches of green vegetation plunge into an undulating ocean.",
            "D. The scene transitions to a bustling street scene filled with a crowd engaging in various activities."
        ],
        "answer": "C",
        "qa_level": "long_term",
        "qa_type": "mcqa",
        "old_answer": "C"
    },
    {
        "qa_idx": 13,
        "qa_task": "causal",
        "question": "Why are the people in the pub or bar enjoying drinks and food?",
        "options": [
            "A. They are unwinding after shopping.",
            "B. They are celebrating a festival.",
            "C. They are attending a wedding.",
            "D. They are participating in a business meeting."
        ],
        "answer": "A",
        "qa_level": "long_term",
        "qa_type": "mcqa",
        "old_answer": "A"
    },
    {
        "qa_idx": 16,
        "qa_task": "camera-direction",
        "question": "What direction does the camera move when transitioning from the serene coastal scene with tall, vibrant yellow flowers to the dramatic coastal view with towering cliffs and crashing waves?",
        "options": [
            "A. The camera moves upward.",
            "B. The camera moves downward.",
            "C. The camera moves forward.",
            "D. The camera moves backward."
        ],
        "answer": "C",
        "qa_level": "long_term",
        "qa_type": "mcqa",
        "old_answer": "C"
    },
    {
        "qa_idx": 17,
        "qa_task": "speed",
        "question": "Which mode of transportation is faster in the video from 1.0 to 2792.0 seconds, the boats on the river or the cyclists near the Eiffel Tower?",
        "options": [
            "A. The boats on the river.",
            "B. The cyclists near the Eiffel Tower.",
            "C. Both are at the same speed.",
            "D. None of the above."
        ],
        "answer": "B",
        "qa_level": "long_term",
        "qa_type": "mcqa",
        "old_answer": "B"
    },
    {
        "qa_idx": 18,
        "qa_task": "attribute-change",
        "question": "How does the atmosphere of the coastal scene change from the beginning to the end of the event from 1.0 to 2792.0 seconds?",
        "options": [
            "A. The coastal scene remains serene and calm throughout.",
            "B. The coastal scene becomes rougher with mist and crashing waves.",
            "C. The coastal scene transitions from a bustling urban setting to a serene natural landscape.",
            "D. The coastal scene changes from a sunny day to a stormy night."
        ],
        "answer": "B",
        "qa_level": "long_term",
        "qa_type": "mcqa",
        "old_answer": "B"
    },
    {
        "qa_idx": 19,
        "qa_task": "time-order",
        "question": "In which order do the events occur in the video from 1.0 to 2792.0 seconds?",
        "options": [
            "A. The scene begins above a body of water with multiple boats, transitions to a lively outdoor street, then to classical architecture, and ends with urban settings capturing lively communal gatherings.",
            "B. The event begins with a serene coastal scene, transitions to a dramatic coastal view with towering cliffs, and ends with a serene moment by a riverside promenade.",
            "C. The scene captures a lively street environment on Grafton Street, transitions to a man in a blue and gray jacket speaking into a microphone, and ends with a bustling urban street scene.",
            "D. The event begins with a bustling street scene, transitions to a man in a jacket against a blue background, and ends with scenes inside a grand, historical interior."
        ],
        "answer": "A",
        "qa_level": "long_term",
        "qa_type": "mcqa",
        "old_answer": "A"
    },
    {
        "qa_idx": 20,
        "qa_task": "descriptive-scene",
        "question": "What kind of setting is depicted in the video from 1.0 to 2792.0 seconds?",
        "options": [
            "A. A bustling urban area with street performers and market stalls.",
            "B. A serene coastal scene with cliffs and waves.",
            "C. A lively street environment with various shopfronts and pedestrians.",
            "D. All of the above."
        ],
        "answer": "D",
        "qa_level": "long_term",
        "qa_type": "mcqa",
        "old_answer": "D"
    }
]