[
    {
        "qa_idx": 0,
        "qa_type": "qa",
        "qa_level": "frame",
        "qa_task": "character-understanding",
        "question": "Is the adult figure in the classroom likely a teacher at 2150.0 seconds into the video?",
        "answer": "Yes",
        "old_answer": "Yes"
    },
    {
        "qa_idx": 2,
        "qa_type": "qa",
        "qa_level": "frame",
        "qa_task": "object understanding",
        "question": "Is the character in the video frame at 2293.0 seconds holding an open book?",
        "answer": "Yes",
        "old_answer": "Yes"
    },
    {
        "qa_idx": 3,
        "qa_task": "object understanding",
        "question": "What is prominently featured to the left in the scene at 634.0 seconds into the video?",
        "options": [
            "A. A whimsical, red and white striped tower with a spiral ramp and several windows.",
            "B. A large tree with colorful leaves and a treehouse.",
            "C. A blue and yellow castle with a drawbridge.",
            "D. A tall mountain with a waterfall."
        ],
        "answer": "A",
        "qa_level": "frame",
        "qa_type": "mcqa",
        "old_answer": "A"
    },
    {
        "qa_idx": 4,
        "qa_type": "qa",
        "qa_level": "within_event",
        "qa_task": "action-understanding",
        "question": "Does the video show a pig character wearing glasses engaging in reading during the bedtime routine from 2266.0 to 2300.0 seconds?",
        "answer": "Yes",
        "old_answer": "Yes"
    },
    {
        "qa_idx": 5,
        "qa_task": "descriptive-scene",
        "question": "Where is the cartoon character standing in the video frame at 57.0 seconds?",
        "options": [
            "A. In a park.",
            "B. In a room.",
            "C. In a garden.",
            "D. In a classroom."
        ],
        "answer": "B",
        "qa_level": "frame",
        "qa_type": "mcqa",
        "old_answer": "B"
    },
    {
        "qa_idx": 6,
        "qa_type": "qa",
        "qa_level": "within_event",
        "qa_task": "character-understanding",
        "question": "Were there animated animal characters standing on the platform at the train station from 262.0 to 320.0 seconds?",
        "answer": "Yes",
        "old_answer": "Yes"
    },
    {
        "qa_idx": 7,
        "qa_task": "character-understanding",
        "question": "What are the two animated characters doing at 484.0 seconds into the video?",
        "options": [
            "A. They are playing.",
            "B. They are eating.",
            "C. They are sleeping.",
            "D. They are dancing."
        ],
        "answer": "C",
        "qa_level": "frame",
        "qa_type": "mcqa",
        "old_answer": "C"
    },
    {
        "qa_idx": 8,
        "qa_type": "qa",
        "qa_level": "cross_event",
        "qa_task": "character-understanding",
        "question": "Were there animated characters inside the train in both events from 195.0 to 256.0 and 262.0 to 320.0?",
        "answer": "Yes",
        "old_answer": "Yes"
    },
    {
        "qa_idx": 10,
        "qa_task": "camera-direction",
        "question": "How does the camera movement emphasize the transition between the two scenes from 1734.0 to 1797.0 seconds?",
        "options": [
            "A. The camera moves forward to focus on the characters inside the yellow van and then transitions to the animated pig characters.",
            "B. The camera remains stationary, capturing the entire scene without any movement.",
            "C. The camera moves backward to show the entire countryside area before transitioning to the animated pig characters.",
            "D. The camera pans left to right to show the transition between the yellow van and the pig characters."
        ],
        "answer": "A",
        "qa_level": "cross_event",
        "qa_type": "mcqa",
        "old_answer": "A"
    },
    {
        "qa_idx": 11,
        "qa_task": "character-understanding",
        "question": "What is the common activity performed by the character wearing a white shirt with the number '5' in both events from 2728.0 to 2741.0 seconds and H to e seconds?",
        "options": [
            "A. Holding an orange ice pop.",
            "B. Flying near a gray structure.",
            "C. Standing on a green hill.",
            "D. Driving a blue bus."
        ],
        "answer": "A",
        "qa_level": "cross_event",
        "qa_type": "mcqa",
        "old_answer": "A"
    },
    {
        "qa_idx": 12,
        "qa_task": "spatial-relationship",
        "question": "Where are the characters seated while engaging with clipboards and enjoying the journey?",
        "options": [
            "A. On a purple checkered couch.",
            "B. On plaid-upholstered seats inside a train carriage.",
            "C. On a bench in a park.",
            "D. On a picnic blanket."
        ],
        "answer": "B",
        "qa_level": "long_term",
        "qa_type": "mcqa",
        "old_answer": "B"
    },
    {
        "qa_idx": 14,
        "qa_task": "camera-direction",
        "question": "What does the camera do when the train is traveling through picturesque landscapes with snow-capped mountains, pine trees, and hills from 25.0 to 2750.0 seconds?",
        "options": [
            "A. The camera zooms in on the train.",
            "B. The camera pans across the landscape.",
            "C. The camera remains stationary.",
            "D. The camera follows the train from behind."
        ],
        "answer": "B",
        "qa_level": "long_term",
        "qa_type": "mcqa",
        "old_answer": "B"
    },
    {
        "qa_idx": 15,
        "qa_task": "speed",
        "question": "Which is faster, the train or the boat, as depicted in the video from 25.0 to 2750.0 seconds?",
        "options": [
            "A. The train.",
            "B. The boat.",
            "C. Both are at the same speed.",
            "D. None of the above."
        ],
        "answer": "A",
        "qa_level": "long_term",
        "qa_type": "mcqa",
        "old_answer": "A"
    },
    {
        "qa_idx": 16,
        "qa_task": "attribute-change",
        "question": "How does the scene change from the beginning to the end of the video from 25.0 to 2750.0 seconds?",
        "options": [
            "A. From a bustling train station to a nighttime children's bedroom.",
            "B. From a vibrant outdoor train station to a lively amusement park.",
            "C. From a colorful classroom to a serene outdoor setting.",
            "D. From a bustling train station to the closing credits of a television show."
        ],
        "answer": "D",
        "qa_level": "long_term",
        "qa_type": "mcqa",
        "old_answer": "D"
    },
    {
        "qa_idx": 17,
        "qa_task": "time-order",
        "question": "In which order do the events occur in the video from 25.0 to 2750.0 seconds?",
        "options": [
            "A. The video begins with a vibrant outdoor scene featuring a bustling train station, followed by indoor scenes with characters interacting with clipboards, and then transitions to a train journey through picturesque landscapes.",
            "B. The video starts with characters in a classroom setting, then moves to a train station, and finally shows characters engaging in bedtime routines.",
            "C. The video begins with characters engaging in bedtime routines, followed by a train journey, and ends with characters in a classroom setting.",
            "D. The video starts with characters in a classroom setting, then moves to characters engaging in bedtime routines, and finally shows a train journey."
        ],
        "answer": "A",
        "qa_level": "long_term",
        "qa_type": "mcqa",
        "old_answer": "A"
    },
    {
        "qa_idx": 18,
        "qa_task": "descriptive-scene",
        "question": "Where do the animated characters engage in activities involving clipboards and checklists?",
        "options": [
            "A. In a classroom.",
            "B. In a playground.",
            "C. Inside a train carriage.",
            "D. At a grocery store."
        ],
        "answer": "C",
        "qa_level": "long_term",
        "qa_type": "mcqa",
        "old_answer": "C"
    }
]