[
    {
        "qa_idx": 1,
        "qa_type": "qa",
        "qa_level": "frame",
        "qa_task": "character-understanding",
        "question": "Is the person holding a small amphibian or similar creature at 6136.0 seconds into the video?",
        "answer": "Yes",
        "old_answer": "Yes"
    },
    {
        "qa_idx": 2,
        "qa_task": "object understanding",
        "question": "What is the person interacting with at 7955.0 seconds into the video?",
        "options": [
            "A. A black mesh surface with organic material.",
            "B. A wooden table with tools.",
            "C. A metal surface with electronic components.",
            "D. A glass surface with liquids."
        ],
        "answer": "A",
        "qa_level": "frame",
        "qa_type": "mcqa",
        "old_answer": "A"
    },
    {
        "qa_idx": 3,
        "qa_task": "spatial-relationship",
        "question": "What is the person standing in front of at 176.0 seconds into the video?",
        "options": [
            "A. A window.",
            "B. A partially open closet or wardrobe.",
            "C. A bookshelf.",
            "D. A door."
        ],
        "answer": "B",
        "qa_level": "frame",
        "qa_type": "mcqa",
        "old_answer": "B"
    },
    {
        "qa_idx": 4,
        "qa_task": "object-direction",
        "question": "Where is the empty plastic bottle with a green label positioned relative to the table in the scene from 10436.0 to 10623.0 seconds?",
        "options": [
            "A. To the left.",
            "B. To the right.",
            "C. In the center.",
            "D. At the back."
        ],
        "answer": "A",
        "qa_level": "within_event",
        "qa_type": "mcqa",
        "old_answer": "A"
    },
    {
        "qa_idx": 5,
        "qa_task": "speed",
        "question": "From 4460.0 to 4520.0 seconds, which object on the black tabletop is moving the fastest?",
        "options": [
            "A. The chocolates.",
            "B. The cookies.",
            "C. The snacks.",
            "D. None of the above."
        ],
        "answer": "D",
        "qa_level": "within_event",
        "qa_type": "mcqa",
        "old_answer": "D"
    },
    {
        "qa_idx": 6,
        "qa_type": "qa",
        "qa_level": "long_term",
        "qa_task": "speed",
        "question": "Did the video show any fast-paced activities involving the handling of snacks and beverages between 2300.0 and 3076.0 seconds?",
        "answer": "No",
        "old_answer": "No"
    },
    {
        "qa_idx": 7,
        "qa_task": "attribute-change",
        "question": "How does the setting change from the beginning to the end of the scene between 501.0 seconds to 608.0 seconds?",
        "options": [
            "A. The scene changes from a casual social gathering to a modern, organized display of snacks.",
            "B. The scene changes from a dark, cluttered room to a brightly lit, organized kitchen.",
            "C. The scene changes from an outdoor picnic to an indoor dining area.",
            "D. The scene changes from a busy market to a quiet living room."
        ],
        "answer": "A",
        "qa_level": "cross_event",
        "qa_type": "mcqa",
        "old_answer": "A"
    },
    {
        "qa_idx": 8,
        "qa_task": "temporal-relationship",
        "question": "What happened after the scene featuring a person standing in front of a partially open wardrobe wearing a black and white shirt with a graphic design?",
        "options": [
            "A. The scene transitions to a lush green plant prominently positioned at the center, surrounded by other plants, roots, and possible rocks.",
            "B. The scene transitions to two individuals toasting with clear plastic cups filled with different beverages.",
            "C. The scene transitions to a table surface laden with a variety of snacks and a beverage.",
            "D. The scene transitions to a transparent plastic container connected by a tube to a wooden box."
        ],
        "answer": "A",
        "qa_level": "long_term",
        "qa_type": "mcqa",
        "old_answer": "A"
    },
    {
        "qa_idx": 9,
        "qa_task": "descriptive-scene",
        "question": "Where does the event featuring a variety of snacks and beverages, including a bottle of Canada Dry Ginger Ale, take place between 2300.0 and 3599.0 seconds?",
        "options": [
            "A. In a kitchen or dining area.",
            "B. In a living room.",
            "C. In a garden.",
            "D. In an office."
        ],
        "answer": "A",
        "qa_level": "long_term",
        "qa_type": "mcqa",
        "old_answer": "A"
    },
    {
        "qa_idx": 10,
        "qa_task": "plot-understanding",
        "question": "What is the main focus of the video events from 45.0 to 12223.0 seconds?",
        "options": [
            "A. The interaction between individuals and their unique black and white shirts.",
            "B. The detailed setup and observation of insects in a controlled environment.",
            "C. The casual indoor setting featuring various snacks and beverages.",
            "D. The outdoor nighttime activities involving the collection and study of aquatic life."
        ],
        "answer": "C",
        "qa_level": "long_term",
        "qa_type": "mcqa",
        "old_answer": "C"
    },
    {
        "qa_idx": 11,
        "qa_task": "camera-direction",
        "question": "How does the camera move in the video from 45.0 to 12223.0 seconds?",
        "options": [
            "A. The camera moves closer to the objects and scenes.",
            "B. The camera moves away from the objects and scenes.",
            "C. The camera remains static throughout the video.",
            "D. The camera moves around the objects and scenes."
        ],
        "answer": "A",
        "qa_level": "long_term",
        "qa_type": "mcqa",
        "old_answer": "A"
    },
    {
        "qa_idx": 12,
        "qa_task": "speed",
        "question": "Which is faster, the person standing in various staged indoor settings or the person handling aquatic elements in an outdoor environment from 45.0 to 12223.0 seconds?",
        "options": [
            "A. The person standing in various staged indoor settings.",
            "B. The person handling aquatic elements in an outdoor environment.",
            "C. Both are at the same speed.",
            "D. None of the above."
        ],
        "answer": "B",
        "qa_level": "long_term",
        "qa_type": "mcqa",
        "old_answer": "B"
    },
    {
        "qa_idx": 13,
        "qa_task": "attribute-change",
        "question": "How does the setting change from the initial scenes to the later scenes in the video from 45.0 to 12223.0 seconds?",
        "options": [
            "A. The setting changes from a minimalistic indoor environment to a naturalistic indoor habitat.",
            "B. The setting changes from a casual indoor environment to an outdoor nighttime scene.",
            "C. The setting changes from a kitchen or dining area to a scientific observation setup.",
            "D. The setting changes from a casual indoor environment to a cluttered table with snacks."
        ],
        "answer": "A",
        "qa_level": "long_term",
        "qa_type": "mcqa",
        "old_answer": "A"
    },
    {
        "qa_idx": 16,
        "qa_task": "descriptive-scene",
        "question": "Where does the event featuring a person wearing a distinctive half-black, half-white t-shirt with an abstract design take place?",
        "options": [
            "A. In a minimalistic indoor setting with light-colored walls and household objects.",
            "B. In a lush green outdoor environment with plants and rocks.",
            "C. In a kitchen or dining area with various packaged food items.",
            "D. In a nighttime outdoor setting with a net and aquatic elements."
        ],
        "answer": "A",
        "qa_level": "long_term",
        "qa_type": "mcqa",
        "old_answer": "A"
    }
]