[
    {
        "qa_idx": 0,
        "qa_type": "qa",
        "qa_level": "frame",
        "qa_task": "character-understanding",
        "question": "Is there a dog resting in a pink bed within a white metal cage at 1757.0 seconds into the video?",
        "answer": "Yes",
        "old_answer": "Yes"
    },
    {
        "qa_idx": 1,
        "qa_task": "object understanding",
        "question": "What items are on top of the decorative red and white structure next to the dog cage at 2007.0 seconds into the video?",
        "options": [
            "A. A blue cup-like object and a yellow ball.",
            "B. A green cup-like object and an orange ball.",
            "C. A red cup-like object and a green ball.",
            "D. A yellow cup-like object and a blue ball."
        ],
        "answer": "B",
        "qa_level": "frame",
        "qa_type": "mcqa",
        "old_answer": "B"
    },
    {
        "qa_idx": 2,
        "qa_type": "qa",
        "qa_level": "within_event",
        "qa_task": "speed",
        "question": "Is the dog moving quickly within the wire enclosure from 3153.0 to 3654.0 seconds?",
        "answer": "No",
        "old_answer": "No"
    },
    {
        "qa_idx": 3,
        "qa_type": "qa",
        "qa_level": "within_event",
        "qa_task": "object understanding",
        "question": "Is there a small dog resting in a pink cushioned bed within a white wire-frame enclosure in the video from 1507.0 to 1566.4 seconds?",
        "answer": "Yes",
        "old_answer": "Yes"
    },
    {
        "qa_idx": 4,
        "qa_task": "object understanding",
        "question": "What is the dog resting on within the wire enclosure at 3153.0 seconds into the video?",
        "options": [
            "A. A blue blanket.",
            "B. A soft, pink pet bed.",
            "C. A green cushion.",
            "D. A yellow mat."
        ],
        "answer": "B",
        "qa_level": "frame",
        "qa_type": "mcqa",
        "old_answer": "B"
    },
    {
        "qa_idx": 6,
        "qa_type": "qa",
        "qa_level": "cross_event",
        "qa_task": "action-understanding",
        "question": "Between 3903.0 to 3988.0 and 4100.0 to 4101.0, does the dog leave the pink bed and play with the orange toy on top of the red and white pet house?",
        "answer": "No",
        "old_answer": "No"
    },
    {
        "qa_idx": 7,
        "qa_task": "speed",
        "question": "From the time of 3903.0 to 3988.0 seconds, which object in the scene is moving?",
        "options": [
            "A. The dog in the pink bed.",
            "B. The green cup on the pet house.",
            "C. The orange toy on the pet house.",
            "D. None of the objects are moving."
        ],
        "answer": "D",
        "qa_level": "within_event",
        "qa_type": "mcqa",
        "old_answer": "D"
    },
    {
        "qa_idx": 8,
        "qa_type": "qa",
        "qa_level": "long_term",
        "qa_task": "speed",
        "question": "Throughout the video from 40.0 to 4101.0 seconds, does the dog move quickly between different locations in the indoor setting?",
        "answer": "No",
        "old_answer": "No"
    },
    {
        "qa_idx": 9,
        "qa_task": "attribute-change",
        "question": "How does the appearance of the pet house change from the beginning to the end of the event from 40.0 to 108.0 seconds?",
        "options": [
            "A. The pet house changes color from red to blue.",
            "B. The pet house is draped with a red cloth and has white floral patterns.",
            "C. The pet house becomes larger and changes shape.",
            "D. The pet house disappears from the scene."
        ],
        "answer": "B",
        "qa_level": "within_event",
        "qa_type": "mcqa",
        "old_answer": "B"
    },
    {
        "qa_idx": 11,
        "qa_task": "object understanding",
        "question": "What is the appearance and function of the red, dome-shaped pet house in the video from 1757.0 to 1817.0 seconds?",
        "options": [
            "A. It is a red, dome-shaped pet house adorned with white paw prints, topped with two toys - a green item and an orange item, providing a cozy space for pets.",
            "B. It is a blue, rectangular pet house with no decorations, used for storing pet food.",
            "C. It is a yellow, circular pet house with a single toy on top, used for pet grooming.",
            "D. It is a green, triangular pet house with multiple windows, used for pet training."
        ],
        "answer": "A",
        "qa_level": "cross_event",
        "qa_type": "mcqa",
        "old_answer": "A"
    },
    {
        "qa_idx": 15,
        "qa_task": "spatial-relationship",
        "question": "Where is the pink pet bed located in relation to the white metal cage?",
        "options": [
            "A. Inside the white metal cage.",
            "B. Adjacent to the white metal cage.",
            "C. On top of the white metal cage.",
            "D. Under the white metal cage."
        ],
        "answer": "A",
        "qa_level": "long_term",
        "qa_type": "mcqa",
        "old_answer": "A"
    },
    {
        "qa_idx": 17,
        "qa_task": "descriptive-scene",
        "question": "Where is the dog resting in the video from 40.0 to 4101.0 seconds?",
        "options": [
            "A. In a pink bed inside a white metal cage.",
            "B. On a blue mat in the garden.",
            "C. On a red sofa in the living room.",
            "D. In a yellow bed outside the house."
        ],
        "answer": "A",
        "qa_level": "long_term",
        "qa_type": "mcqa",
        "old_answer": "A"
    },
    {
        "qa_idx": 19,
        "qa_task": "object-direction",
        "question": "Where is the red and white dog house positioned relative to the pink bed in the video from 40.0 to 4101.0 seconds?",
        "options": [
            "A. To the left of the pink bed.",
            "B. To the right of the pink bed.",
            "C. In front of the pink bed.",
            "D. Behind the pink bed."
        ],
        "answer": "A",
        "qa_level": "long_term",
        "qa_type": "mcqa",
        "old_answer": "A"
    },
    {
        "qa_idx": 20,
        "qa_task": "speed",
        "question": "Which object is described as being on top of the pet house throughout the video from 40.0 to 4101.0 seconds?",
        "options": [
            "A. A green cup and an orange ball.",
            "B. A blue toy and a yellow ball.",
            "C. A red cup and a green ball.",
            "D. A purple toy and a pink ball."
        ],
        "answer": "A",
        "qa_level": "long_term",
        "qa_type": "mcqa",
        "old_answer": "A"
    },
    {
        "qa_idx": 21,
        "qa_task": "attribute-change",
        "question": "How does the appearance of the dog house change from the beginning to the end of the video (40.0 to 4101.0 seconds)?",
        "options": [
            "A. The dog house changes from having a red cloth to having a brown cushion on top.",
            "B. The dog house changes from having a green bottle to having a green cup on top.",
            "C. The dog house changes from having a green toy to having a green apple on top.",
            "D. The dog house changes from having a green container to having a green bottle on top."
        ],
        "answer": "A",
        "qa_level": "long_term",
        "qa_type": "mcqa",
        "old_answer": "A"
    },
    {
        "qa_idx": 23,
        "qa_task": "object understanding",
        "question": "What objects are on top of the red and white dog house in the video from 40.0 to 4101.0 seconds?",
        "options": [
            "A. A green cup and an orange ball.",
            "B. A blue toy and a yellow bottle.",
            "C. A red cushion and a blue ball.",
            "D. A green apple and a yellow toy."
        ],
        "answer": "A",
        "qa_level": "long_term",
        "qa_type": "mcqa",
        "old_answer": "A"
    }
]