[
    {
        "qa_idx": 0,
        "qa_task": "object understanding",
        "question": "What is the character wearing in the frame at 3242.0 seconds into the video?",
        "options": [
            "A. A red shirt and a hat.",
            "B. A turquoise shirt and glasses.",
            "C. A yellow jacket and sunglasses.",
            "D. A blue sweater and a scarf."
        ],
        "answer": "B",
        "qa_level": "frame",
        "qa_type": "mcqa",
        "old_answer": "B"
    },
    {
        "qa_idx": 1,
        "qa_type": "qa",
        "qa_level": "frame",
        "qa_task": "character-understanding",
        "question": "At 2733.0 seconds into the video, is one of the larger characters holding a yellow bat?",
        "answer": "Yes",
        "old_answer": "Yes"
    },
    {
        "qa_idx": 2,
        "qa_type": "qa",
        "qa_level": "within_event",
        "qa_task": "character-understanding",
        "question": "Were the characters wearing yellow construction helmets and reflective vests from 278.0 to 323.0 seconds?",
        "answer": "Yes",
        "old_answer": "Yes"
    },
    {
        "qa_idx": 3,
        "qa_task": "character-understanding",
        "question": "What are the occupants of the fire engine wearing in the video frame at 892.0 seconds?",
        "options": [
            "A. Blue uniforms.",
            "B. Yellow fire helmets.",
            "C. Red jackets.",
            "D. Green vests."
        ],
        "answer": "B",
        "qa_level": "frame",
        "qa_type": "mcqa",
        "old_answer": "B"
    },
    {
        "qa_idx": 4,
        "qa_type": "qa",
        "qa_level": "within_event",
        "qa_task": "action-understanding",
        "question": "During the event from 804.0 to 864.0 seconds, does the anthropomorphic pig dressed as a chef cook food on the barbecue grill?",
        "answer": "No",
        "old_answer": "No"
    },
    {
        "qa_idx": 5,
        "qa_type": "qa",
        "qa_level": "cross_event",
        "qa_task": "object understanding",
        "question": "Is there a yellow construction vehicle present in both video events from 189.0 to 200.0 and 213.0 to 273.0?",
        "answer": "Yes",
        "old_answer": "Yes"
    },
    {
        "qa_idx": 6,
        "qa_task": "speed",
        "question": "During the train journey from 1415.0 to 1487.0 seconds, which character is shown operating the train?",
        "options": [
            "A. Peppa Pig.",
            "B. An elderly pig.",
            "C. A rabbit character.",
            "D. A rabbit conductor."
        ],
        "answer": "C",
        "qa_level": "within_event",
        "qa_type": "mcqa",
        "old_answer": "C"
    },
    {
        "qa_idx": 7,
        "qa_type": "qa",
        "qa_level": "long_term",
        "qa_task": "object understanding",
        "question": "Is there a yellow tow truck visible in the scenes at the gas station and the vehicle service area between 5.0 and 3743.0 seconds?",
        "answer": "Yes",
        "old_answer": "Yes"
    },
    {
        "qa_idx": 8,
        "qa_type": "qa",
        "qa_level": "long_term",
        "qa_task": "action-understanding",
        "question": "Did the anthropomorphic pig family perform a dance routine at the gas station between 5.0 and 3743.0 seconds?",
        "answer": "No",
        "old_answer": "No"
    },
    {
        "qa_idx": 9,
        "qa_task": "plot-understanding",
        "question": "What is the main activity depicted in the video event from 1841.0 to 1903.0 seconds?",
        "options": [
            "A. Characters having a tea break and engaging in construction activities.",
            "B. Characters playing sports.",
            "C. Characters cooking a meal.",
            "D. Characters going on a shopping spree."
        ],
        "answer": "A",
        "qa_level": "within_event",
        "qa_type": "mcqa",
        "old_answer": "A"
    },
    {
        "qa_idx": 10,
        "qa_task": "temporal-relationship",
        "question": "What happened after the family of anthropomorphic pigs visited the gas station and interacted with the service attendant?",
        "options": [
            "A. They continued their drive and visited a construction site.",
            "B. They went to a picnic area and had a barbecue.",
            "C. They drove to a recycling facility and participated in recycling activities.",
            "D. They went to a fairground and enjoyed various rides."
        ],
        "answer": "A",
        "qa_level": "long_term",
        "qa_type": "mcqa",
        "old_answer": "A"
    },
    {
        "qa_idx": 13,
        "qa_task": "object-direction",
        "question": "In which direction is the red car moving when it is being refueled at the gas station?",
        "options": [
            "A. Towards the gas station.",
            "B. Away from the gas station.",
            "C. Parallel to the gas station.",
            "D. Perpendicular to the gas station."
        ],
        "answer": "A",
        "qa_level": "long_term",
        "qa_type": "mcqa",
        "old_answer": "A"
    },
    {
        "qa_idx": 14,
        "qa_task": "speed",
        "question": "Which vehicle is faster, the red convertible car or the blue convertible car, as depicted in the video events from 5.0 to 3743.0 seconds?",
        "options": [
            "A. The red convertible car.",
            "B. The blue convertible car.",
            "C. Both are at the same speed.",
            "D. None of the above."
        ],
        "answer": "A",
        "qa_level": "long_term",
        "qa_type": "mcqa",
        "old_answer": "A"
    },
    {
        "qa_idx": 15,
        "qa_task": "attribute-change",
        "question": "How does the sky change from the beginning to the end of the video event?",
        "options": [
            "A. The sky changes from clear blue to cloudy.",
            "B. The sky changes from bright and sunny to nighttime.",
            "C. The sky changes from clear blue to rainy.",
            "D. The sky changes from clear blue to sunset."
        ],
        "answer": "B",
        "qa_level": "long_term",
        "qa_type": "mcqa",
        "old_answer": "B"
    },
    {
        "qa_idx": 16,
        "qa_task": "object understanding",
        "question": "What kind of vehicle is the family of anthropomorphic pigs riding in during their countryside drive?",
        "options": [
            "A. A blue convertible car.",
            "B. A red convertible car.",
            "C. A yellow tow truck.",
            "D. A green rotary dial telephone."
        ],
        "answer": "B",
        "qa_level": "long_term",
        "qa_type": "mcqa",
        "old_answer": "B"
    },
    {
        "qa_idx": 17,
        "qa_task": "descriptive-scene",
        "question": "Where do the anthropomorphic pig characters interact with a service attendant?",
        "options": [
            "A. At a gas station.",
            "B. At a construction site.",
            "C. At a recycling facility.",
            "D. At a picnic area."
        ],
        "answer": "A",
        "qa_level": "long_term",
        "qa_type": "mcqa",
        "old_answer": "A"
    }
]