[
    {
        "qa_idx": 0,
        "qa_task": "object understanding",
        "question": "What is the background image in the press conference setting at 2640.0 seconds into the video?",
        "options": [
            "A. A large image of Mars.",
            "B. A large image of the Moon.",
            "C. A large image of Earth.",
            "D. A large image of the Sun."
        ],
        "answer": "A",
        "qa_level": "frame",
        "qa_type": "mcqa",
        "old_answer": "A"
    },
    {
        "qa_idx": 1,
        "qa_type": "qa",
        "qa_level": "frame",
        "qa_task": "character-understanding",
        "question": "At 236.0 seconds into the video, were the two men seated behind a table?",
        "answer": "Yes",
        "old_answer": "Yes"
    },
    {
        "qa_idx": 2,
        "qa_type": "qa",
        "qa_level": "within_event",
        "qa_task": "speed",
        "question": "Did the visual content appear quickly after the initial black frames from 1.0 to 2.0 seconds?",
        "answer": "No",
        "old_answer": "No"
    },
    {
        "qa_idx": 4,
        "qa_type": "qa",
        "qa_level": "cross_event",
        "qa_task": "character-understanding",
        "question": "Were the individuals in both events engaged in a formal discussion or presentation about Mars exploration between the times of 675.0 to 760.0 and 1587.0 to 1737.0?",
        "answer": "Yes",
        "old_answer": "Yes"
    },
    {
        "qa_idx": 5,
        "qa_type": "qa",
        "qa_level": "long_term",
        "qa_task": "object understanding",
        "question": "Throughout the video from 1.0 to 3059.0 seconds, are water bottles consistently present on the tables during the formal discussions and presentations?",
        "answer": "Yes",
        "old_answer": "Yes"
    },
    {
        "qa_idx": 6,
        "qa_task": "spatial-relationship",
        "question": "What is the spatial relationship between the central figure and the microphone in the event from 675.0 to 760.0 seconds?",
        "options": [
            "A. The microphone is to the left of the central figure.",
            "B. The microphone is to the right of the central figure.",
            "C. The microphone is directly in front of the central figure.",
            "D. The microphone is behind the central figure."
        ],
        "answer": "B",
        "qa_level": "cross_event",
        "qa_type": "mcqa",
        "old_answer": "B"
    },
    {
        "qa_idx": 7,
        "qa_task": "object-direction",
        "question": "In the event from 1915.0 to 2055.0 seconds, where is the podium with the NASA logo and the name 'Steve Cole' located in relation to the panel discussion participants?",
        "options": [
            "A. On the right side.",
            "B. On the left side.",
            "C. In the center.",
            "D. Behind the participants."
        ],
        "answer": "B",
        "qa_level": "cross_event",
        "qa_type": "mcqa",
        "old_answer": "B"
    },
    {
        "qa_idx": 9,
        "qa_task": "spatial-relationship",
        "question": "Where is the man in a light-colored shirt positioned in relation to the microphone and water bottle during the formal event?",
        "options": [
            "A. The microphone is to his left and the water bottle is to his right.",
            "B. The microphone is to his right and the water bottle is to his left.",
            "C. Both the microphone and water bottle are in front of him.",
            "D. Both the microphone and water bottle are behind him."
        ],
        "answer": "B",
        "qa_level": "long_term",
        "qa_type": "mcqa",
        "old_answer": "B"
    },
    {
        "qa_idx": 10,
        "qa_task": "counting",
        "question": "How many individuals are seated behind the long table with microphones and water bottles during the formal conference setup related to the Mars Reconnaissance Orbiter mission?",
        "options": [
            "A. Three.",
            "B. Five.",
            "C. Six.",
            "D. Seven."
        ],
        "answer": "C",
        "qa_level": "long_term",
        "qa_type": "mcqa",
        "old_answer": "C"
    },
    {
        "qa_idx": 12,
        "qa_task": "speed",
        "question": "Which object is moving faster in the video, the Mars Reconnaissance Orbiter (MRO) or the rugged terrain?",
        "options": [
            "A. Mars Reconnaissance Orbiter (MRO).",
            "B. Rugged terrain.",
            "C. Both are moving at the same speed.",
            "D. None of the above."
        ],
        "answer": "A",
        "qa_level": "long_term",
        "qa_type": "mcqa",
        "old_answer": "A"
    },
    {
        "qa_idx": 13,
        "qa_task": "attribute-change",
        "question": "How does the backdrop change throughout the video from 1.0 to 3059.0 seconds?",
        "options": [
            "A. From a black screen to a detailed image of Mars and rugged terrains.",
            "B. From a detailed image of Mars to a black screen.",
            "C. From a detailed image of Mars to a lush green landscape.",
            "D. From a black screen to a bustling cityscape."
        ],
        "answer": "A",
        "qa_level": "long_term",
        "qa_type": "mcqa",
        "old_answer": "A"
    },
    {
        "qa_idx": 15,
        "qa_task": "time-order",
        "question": "In which order do the events occur in the video from 1.0 to 3059.0 seconds?",
        "options": [
            "A. The video starts with black frames, then shows a NASA briefing setup, followed by a man delivering a speech at the podium, and concludes with detailed images of Mars.",
            "B. The video starts with detailed images of Mars, then shows a NASA briefing setup, followed by a man delivering a speech at the podium, and concludes with black frames.",
            "C. The video starts with a man delivering a speech at the podium, then shows black frames, followed by detailed images of Mars, and concludes with a NASA briefing setup.",
            "D. The video starts with a NASA briefing setup, then shows black frames, followed by detailed images of Mars, and concludes with a man delivering a speech at the podium."
        ],
        "answer": "A",
        "qa_level": "long_term",
        "qa_type": "mcqa",
        "old_answer": "A"
    },
    {
        "qa_idx": 16,
        "qa_task": "descriptive-scene",
        "question": "Where does the event take place in the video from 1.0 to 3059.0 seconds?",
        "options": [
            "A. In a NASA briefing or conference room.",
            "B. In a laboratory.",
            "C. In a space shuttle.",
            "D. In a control room."
        ],
        "answer": "A",
        "qa_level": "long_term",
        "qa_type": "mcqa",
        "old_answer": "A"
    }
]