[
    {
        "qa_idx": 0,
        "qa_type": "qa",
        "qa_level": "frame",
        "qa_task": "object understanding",
        "question": "Is there a hand reaching toward one of the RAM packages on the right side of the frame at 656.0 seconds into the video?",
        "answer": "Yes",
        "old_answer": "Yes"
    },
    {
        "qa_idx": 2,
        "qa_task": "character-understanding",
        "question": "What is the person in the video frame at 1378.0 seconds wearing?",
        "options": [
            "A. A bright pink hat.",
            "B. A blue shirt.",
            "C. A green jacket.",
            "D. A yellow scarf."
        ],
        "answer": "A",
        "qa_level": "frame",
        "qa_type": "mcqa",
        "old_answer": "A"
    },
    {
        "qa_idx": 3,
        "qa_type": "qa",
        "qa_level": "within_event",
        "qa_task": "camera-direction",
        "question": "Does the camera remain stationary while the man interacts with the BIOS setup screen from 4048.0 to 4116.0 seconds?",
        "answer": "Yes",
        "old_answer": "Yes"
    },
    {
        "qa_idx": 5,
        "qa_type": "qa",
        "qa_level": "cross_event",
        "qa_task": "action-understanding",
        "question": "In the event from 4411.0 to 4524.0, does the person wearing a smartwatch and a bright pink hat interact with a 3D printer?",
        "answer": "No",
        "old_answer": "No"
    },
    {
        "qa_idx": 6,
        "qa_type": "qa",
        "qa_level": "cross_event",
        "qa_task": "action-understanding",
        "question": "In the event from 4048.0 to 4116.0, does the man interact with the BIOS setup screen by pointing at it?",
        "answer": "Yes",
        "old_answer": "Yes"
    },
    {
        "qa_idx": 7,
        "qa_task": "temporal-relationship",
        "question": "What is prominently featured in the display cases at the beginning of the video from 3099.0 to 3156.0 seconds?",
        "options": [
            "A. GeForce RTX graphics cards.",
            "B. AMD processors.",
            "C. Internet routers.",
            "D. Gaming consoles."
        ],
        "answer": "A",
        "qa_level": "within_event",
        "qa_type": "mcqa",
        "old_answer": "A"
    },
    {
        "qa_idx": 8,
        "qa_type": "qa",
        "qa_level": "long_term",
        "qa_task": "object understanding",
        "question": "Is there a large cardboard box labeled 'H510' present in the workspace from 58.0 to 4797.0 seconds?",
        "answer": "Yes",
        "old_answer": "Yes"
    },
    {
        "qa_idx": 9,
        "qa_task": "attribute-change",
        "question": "How does the lighting in the computer fans change during the event from 3206.0 to 3277.0 seconds?",
        "options": [
            "A. The lighting changes from pink to blue.",
            "B. The lighting remains pink throughout.",
            "C. The lighting turns off completely.",
            "D. The lighting changes from pink to green."
        ],
        "answer": "B",
        "qa_level": "within_event",
        "qa_type": "mcqa",
        "old_answer": "B"
    },
    {
        "qa_idx": 10,
        "qa_task": "object-direction",
        "question": "In the events from 758.0 to 849.0 seconds and H to e seconds, what is the direction of the movement of the boxed product labeled 'C750'?",
        "options": [
            "A. From the table to the electronics store.",
            "B. From the electronics store to the table.",
            "C. From the shelf to the hands of the person.",
            "D. From the hands of the person to the shelf."
        ],
        "answer": "C",
        "qa_level": "cross_event",
        "qa_type": "mcqa",
        "old_answer": "C"
    },
    {
        "qa_idx": 11,
        "qa_task": "spatial-relationship",
        "question": "What is the spatial relationship between the individual and the computer case in the scene from 3556.0 to 3623.0 seconds?",
        "options": [
            "A. The individual is standing far away from the computer case.",
            "B. The individual is holding the partially assembled computer case.",
            "C. The individual is sitting next to the computer case without touching it.",
            "D. The individual is looking at the computer case from a distance."
        ],
        "answer": "B",
        "qa_level": "cross_event",
        "qa_type": "mcqa",
        "old_answer": "B"
    },
    {
        "qa_idx": 14,
        "qa_task": "speed",
        "question": "Which activity is performed faster in the video from 58.0 to 4797.0 seconds, assembling the computer hardware or interacting with the retail store products?",
        "options": [
            "A. Assembling the computer hardware.",
            "B. Interacting with the retail store products.",
            "C. Both activities are performed at the same speed.",
            "D. None of the above."
        ],
        "answer": "B",
        "qa_level": "long_term",
        "qa_type": "mcqa",
        "old_answer": "B"
    },
    {
        "qa_idx": 15,
        "qa_task": "attribute-change",
        "question": "How does the environment change from the beginning to the end of the video from 58.0 to 4797.0 seconds?",
        "options": [
            "A. The environment changes from a retail store to a tech workshop.",
            "B. The environment changes from a tech workshop to a retail store.",
            "C. The environment remains the same throughout the video.",
            "D. The environment changes from a tech workshop to an outdoor setting."
        ],
        "answer": "A",
        "qa_level": "long_term",
        "qa_type": "mcqa",
        "old_answer": "A"
    }
]