[
    {
        "qa_idx": 0,
        "qa_type": "qa",
        "qa_level": "frame",
        "qa_task": "object understanding",
        "question": "Are the cats in the video frame wearing collars at 1314.0 seconds?",
        "answer": "Yes",
        "old_answer": "Yes"
    },
    {
        "qa_idx": 1,
        "qa_task": "character-understanding",
        "question": "What are the individuals doing in the video frame at 375.0 seconds?",
        "options": [
            "A. They are sitting on the ground.",
            "B. They are holding hands.",
            "C. They are running.",
            "D. They are reading a book."
        ],
        "answer": "B",
        "qa_level": "frame",
        "qa_type": "mcqa",
        "old_answer": "B"
    },
    {
        "qa_idx": 3,
        "qa_type": "qa",
        "qa_level": "within_event",
        "qa_task": "speed",
        "question": "Did the children engage in the soccer game at a slow pace from 537.0 to 598.0 seconds?",
        "answer": "No",
        "old_answer": "No"
    },
    {
        "qa_idx": 4,
        "qa_task": "character-understanding",
        "question": "What are the anthropomorphic animals doing in the video frame at 1186 seconds?",
        "options": [
            "A. Engaging in celebratory activities.",
            "B. Sleeping.",
            "C. Eating.",
            "D. Fighting."
        ],
        "answer": "A",
        "qa_level": "frame",
        "qa_type": "mcqa",
        "old_answer": "A"
    },
    {
        "qa_idx": 5,
        "qa_type": "qa",
        "qa_level": "within_event",
        "qa_task": "speed",
        "question": "From 1254.0 to 1315.0 seconds, is the girl in a colorful outfit running slowly along with the animated dogs?",
        "answer": "No",
        "old_answer": "No"
    },
    {
        "qa_idx": 6,
        "qa_task": "object understanding",
        "question": "What is the color of the body of water in the animated scene at 110.0 seconds?",
        "options": [
            "A. Turquoise.",
            "B. Blue.",
            "C. Green.",
            "D. Purple."
        ],
        "answer": "A",
        "qa_level": "frame",
        "qa_type": "mcqa",
        "old_answer": "A"
    },
    {
        "qa_idx": 7,
        "qa_task": "object-direction",
        "question": "In which direction do the two girls move during their cheerful activity at the beginning of the scene from 1506.0 to 1530.0 seconds?",
        "options": [
            "A. Left to right.",
            "B. Right to left.",
            "C. Up and down.",
            "D. In a circle."
        ],
        "answer": "A",
        "qa_level": "within_event",
        "qa_type": "mcqa",
        "old_answer": "A"
    },
    {
        "qa_idx": 8,
        "qa_task": "plot-understanding",
        "question": "What is the main event taking place on the stage between 1776.0 to 1802.0 seconds?",
        "options": [
            "A. A children's musical performance or concert.",
            "B. A children's play or drama.",
            "C. A children's dance competition.",
            "D. A children's magic show."
        ],
        "answer": "A",
        "qa_level": "within_event",
        "qa_type": "mcqa",
        "old_answer": "A"
    },
    {
        "qa_idx": 9,
        "qa_task": "spatial-relationship",
        "question": "In the video events from 476.0 to 536.0 seconds and H to e seconds, where is the green dragon with expansive wings seen flying?",
        "options": [
            "A. Among large, billowing clouds in the sky.",
            "B. In a colorful school cafeteria.",
            "C. Around a table set with a vibrant fruit bowl and a flower pot.",
            "D. Under a thatched roof at a beachside setting."
        ],
        "answer": "A",
        "qa_level": "cross_event",
        "qa_type": "mcqa",
        "old_answer": "A"
    },
    {
        "qa_idx": 10,
        "qa_task": "character-understanding",
        "question": "What are the main actions of the characters in the video from 476.0 to 536.0 seconds?",
        "options": [
            "A. Flying a dragon, interacting around a table, and having a festive meal.",
            "B. Playing in a park, reading books, and painting.",
            "C. Swimming in a pool, riding bicycles, and cooking.",
            "D. Watching TV, playing video games, and sleeping."
        ],
        "answer": "A",
        "qa_level": "cross_event",
        "qa_type": "mcqa",
        "old_answer": "A"
    },
    {
        "qa_idx": 11,
        "qa_task": "plot-understanding",
        "question": "What is the main setting of the animated scene from 665.0 to 749.0 seconds?",
        "options": [
            "A. A bustling city.",
            "B. A calm blue ocean with a boat.",
            "C. A dense forest.",
            "D. A snowy mountain."
        ],
        "answer": "B",
        "qa_level": "cross_event",
        "qa_type": "mcqa",
        "old_answer": "B"
    },
    {
        "qa_idx": 13,
        "qa_task": "causal",
        "question": "Why are the children on the boat engaged in various activities and interacting with a vibrant purple dragon?",
        "options": [
            "A. They are on a maritime adventure.",
            "B. They are preparing for a school concert.",
            "C. They are exploring an ancient structure.",
            "D. They are participating in a sports event."
        ],
        "answer": "A",
        "qa_level": "long_term",
        "qa_type": "mcqa",
        "old_answer": "A"
    },
    {
        "qa_idx": 16,
        "qa_task": "speed",
        "question": "Which mode of transportation was faster in the video from 2.0 to 1802.0 seconds?",
        "options": [
            "A. The animated girls standing in front of microphones.",
            "B. The canoeing amidst ancient, mystical settings.",
            "C. The boat navigating the pool in a small boat.",
            "D. The green dragon flying through the sky."
        ],
        "answer": "D",
        "qa_level": "long_term",
        "qa_type": "mcqa",
        "old_answer": "D"
    },
    {
        "qa_idx": 17,
        "qa_task": "attribute-change",
        "question": "How does the setting change from the beginning to the end of the video from 2.0 to 1802.0 seconds?",
        "options": [
            "A. From an indoor musical performance to an outdoor camping trip.",
            "B. From an animated musical performance to an adventurous canoeing trip.",
            "C. From an indoor musical performance to a children's musical concert.",
            "D. From an adventurous canoeing trip to a children's musical concert."
        ],
        "answer": "C",
        "qa_level": "long_term",
        "qa_type": "mcqa",
        "old_answer": "C"
    },
    {
        "qa_idx": 18,
        "qa_task": "time-order",
        "question": "In which order do the events occur in the video from 2.0 to 1802.0 seconds?",
        "options": [
            "A. Two animated girls stand in front of microphones -> Two girls engage in activities involving microphones -> Two individuals gear up for canoeing -> Two children paddle through an animated underwater cave -> Two girls paddle through a cave-like environment -> Two girls engage in a lively musical performance on a stage.",
            "B. Two animated girls stand in front of microphones -> Two individuals gear up for canoeing -> Two children paddle through an animated underwater cave -> Two girls paddle through a cave-like environment -> Two girls engage in activities involving microphones -> Two girls engage in a lively musical performance on a stage.",
            "C. Two animated girls stand in front of microphones -> Two girls engage in activities involving microphones -> Two individuals gear up for canoeing -> Two girls paddle through a cave-like environment -> Two children paddle through an animated underwater cave -> Two girls engage in a lively musical performance on a stage.",
            "D. Two animated girls stand in front of microphones -> Two girls engage in activities involving microphones -> Two children paddle through an animated underwater cave -> Two individuals gear up for canoeing -> Two girls paddle through a cave-like environment -> Two girls engage in a lively musical performance on a stage."
        ],
        "answer": "A",
        "qa_level": "long_term",
        "qa_type": "mcqa",
        "old_answer": "A"
    }
]