[
    {
        "qa_idx": 0,
        "qa_type": "qa",
        "qa_level": "frame",
        "qa_task": "character-understanding",
        "question": "Is the person at the center of the illuminated blue bars at the 794.0-second mark?",
        "answer": "Yes",
        "old_answer": "Yes"
    },
    {
        "qa_idx": 2,
        "qa_task": "spatial-relationship",
        "question": "Where are the two centrally positioned people located on the stage at 5253.0 seconds into the video?",
        "options": [
            "A. On a rectangular platform.",
            "B. On a circular platform.",
            "C. In the audience.",
            "D. Behind the digital screen."
        ],
        "answer": "B",
        "qa_level": "frame",
        "qa_type": "mcqa",
        "old_answer": "B"
    },
    {
        "qa_idx": 3,
        "qa_type": "qa",
        "qa_level": "within_event",
        "qa_task": "object understanding",
        "question": "Is the word 'УСПЕХ' ('Success') displayed on a large screen in the background during the event from 1056.0 to 1117.0 seconds?",
        "answer": "Yes",
        "old_answer": "Yes"
    },
    {
        "qa_idx": 5,
        "qa_type": "qa",
        "qa_level": "within_event",
        "qa_task": "plot-understanding",
        "question": "Does the video event from 821.0 to 879.0 seconds include both a live performance and casual conversations?",
        "answer": "Yes",
        "old_answer": "Yes"
    },
    {
        "qa_idx": 6,
        "qa_task": "descriptive-scene",
        "question": "Where is the man positioned in the video frame at 1810.0 seconds?",
        "options": [
            "A. Against a solid green background.",
            "B. In a crowded street.",
            "C. In a busy office.",
            "D. In a park."
        ],
        "answer": "A",
        "qa_level": "frame",
        "qa_type": "mcqa",
        "old_answer": "A"
    },
    {
        "qa_idx": 7,
        "qa_type": "qa",
        "qa_level": "cross_event",
        "qa_task": "action-understanding",
        "question": "In the event from 3212.0 to 3276.0, does the scene transition to a stage setting with three individuals positioned differently, including one central figure stepping forward confidently?",
        "answer": "Yes",
        "old_answer": "Yes"
    },
    {
        "qa_idx": 11,
        "qa_task": "object-direction",
        "question": "In the event from 5190.0 to 5257.0 seconds, what direction does the central performer move during the live performance?",
        "options": [
            "A. From left to right.",
            "B. From right to left.",
            "C. Remains stationary.",
            "D. Moves in a circular pattern."
        ],
        "answer": "C",
        "qa_level": "cross_event",
        "qa_type": "mcqa",
        "old_answer": "C"
    },
    {
        "qa_idx": 12,
        "qa_task": "camera-direction",
        "question": "How does the camera movement direction change from the beginning to the end of the event from 2591.0 to 2657.0 seconds?",
        "options": [
            "A. The camera starts with a wide shot of a man and a woman and then moves to close-ups of individuals and groups, ending with a crowd scene.",
            "B. The camera remains static throughout the event, focusing only on the stage.",
            "C. The camera starts with close-ups of individuals and then moves to a wide shot of a man and a woman, ending with a stage scene.",
            "D. The camera starts with a crowd scene and then moves to close-ups of individuals, ending with a wide shot of a man and a woman."
        ],
        "answer": "A",
        "qa_level": "cross_event",
        "qa_type": "mcqa",
        "old_answer": "A"
    },
    {
        "qa_idx": 14,
        "qa_task": "time-order",
        "question": "In which order do the events occur in the video from 41.0 to 5605.0 seconds?",
        "options": [
            "A. A woman stands on a brightly lit stage holding a microphone, followed by a man appearing centrally with dramatic lighting, then a group performance with a 'LOVE ME' sign, and finally a woman in a strapless dress under spotlights.",
            "B. A woman in a denim jacket over a top with vertical stripes appears, followed by a man in a green shirt adjusting something off-screen, then a woman in a vibrant pink top and distressed jeans walks confidently on stage, and finally a man in a dark hoodie with white drawstrings stands against a vibrant backdrop.",
            "C. A woman in a white shirt holding a microphone appears, followed by a man in a black leather jacket with decorative patches, then a judging panel with 'УСПЕХ' displayed, and finally a woman in a light pink outfit addressing the audience.",
            "D. A woman in a pink one-shoulder dress holds a microphone, followed by a man in a jacket with expressive designs, then a large desk with 'УСПЕХ' surrounded by an audience, and finally a woman in a strapless dress under spotlights."
        ],
        "answer": "A",
        "qa_level": "long_term",
        "qa_type": "mcqa",
        "old_answer": "A"
    },
    {
        "qa_idx": 15,
        "qa_task": "plot-understanding",
        "question": "What is the main theme of the event described from 41.0 to 5605.0 seconds?",
        "options": [
            "A. A live concert with multiple performances.",
            "B. A talent show or competition.",
            "C. A formal award ceremony.",
            "D. A casual interview session."
        ],
        "answer": "B",
        "qa_level": "long_term",
        "qa_type": "mcqa",
        "old_answer": "B"
    },
    {
        "qa_idx": 16,
        "qa_task": "camera-direction",
        "question": "What is the camera doing during the live performance from 41.0 to 5605.0 seconds?",
        "options": [
            "A. The camera is moving closer to the performers.",
            "B. The camera is zooming out to capture the entire stage.",
            "C. The camera is panning across the stage to follow the performers.",
            "D. The camera is stationary, focusing on a single performer."
        ],
        "answer": "C",
        "qa_level": "long_term",
        "qa_type": "mcqa",
        "old_answer": "C"
    },
    {
        "qa_idx": 17,
        "qa_task": "speed",
        "question": "Which performer appeared to be the fastest in engaging with the audience during the event from 41.0 to 5605.0 seconds?",
        "options": [
            "A. The woman in a pink one-shoulder dress.",
            "B. The man in a black leather jacket with patches.",
            "C. The woman in a light-colored shirt with floral elements.",
            "D. The man in a dark hoodie with white drawstrings."
        ],
        "answer": "A",
        "qa_level": "long_term",
        "qa_type": "mcqa",
        "old_answer": "A"
    },
    {
        "qa_idx": 19,
        "qa_task": "object understanding",
        "question": "What is the text displayed on the large illuminated sign in the background during the stage performance?",
        "options": [
            "A. ЖИВОЙ ЗВУК.",
            "B. LOVE ME.",
            "C. УСПЕХ.",
            "D. CTC."
        ],
        "answer": "C",
        "qa_level": "long_term",
        "qa_type": "mcqa",
        "old_answer": "C"
    }
]