[
    {
        "qa_idx": 0,
        "qa_type": "qa",
        "qa_level": "frame",
        "qa_task": "object understanding",
        "question": "Is there a paint can with a brush resting on its lid in the video frame at 1525.0 seconds?",
        "answer": "Yes",
        "old_answer": "Yes"
    },
    {
        "qa_idx": 1,
        "qa_task": "spatial-relationship",
        "question": "Where is the animated mouse positioned at 39.0 seconds into the video?",
        "options": [
            "A. On top of a small, closed suitcase.",
            "B. Next to a pig.",
            "C. Under a table.",
            "D. In front of a door."
        ],
        "answer": "A",
        "qa_level": "frame",
        "qa_type": "mcqa",
        "old_answer": "A"
    },
    {
        "qa_idx": 2,
        "qa_type": "qa",
        "qa_level": "frame",
        "qa_task": "object understanding",
        "question": "Is there a large bear leaning against the chair at 1672.0 seconds into the video?",
        "answer": "Yes",
        "old_answer": "Yes"
    },
    {
        "qa_idx": 3,
        "qa_task": "object understanding",
        "question": "What is the bear in the video frame at 1814.0 seconds doing?",
        "options": [
            "A. The bear is looking upwards with a focused expression.",
            "B. The bear is lying down and sleeping.",
            "C. The bear is running towards the camera.",
            "D. The bear is eating something."
        ],
        "answer": "A",
        "qa_level": "frame",
        "qa_type": "mcqa",
        "old_answer": "A"
    },
    {
        "qa_idx": 4,
        "qa_type": "qa",
        "qa_level": "within_event",
        "qa_task": "object understanding",
        "question": "Is there a green mailbox in the video event from 928.0 to 989.0 seconds?",
        "answer": "Yes",
        "old_answer": "Yes"
    },
    {
        "qa_idx": 6,
        "qa_type": "qa",
        "qa_level": "within_event",
        "qa_task": "speed",
        "question": "Did the bear move quickly along the path while carrying the picnic basket from 637.0 to 697.0 seconds?",
        "answer": "No",
        "old_answer": "No"
    },
    {
        "qa_idx": 7,
        "qa_task": "character-understanding",
        "question": "What is prominently positioned in the foreground of the kitchen scene at 164.0 seconds into the video?",
        "options": [
            "A. A large wedge of cheese.",
            "B. A jar with a purple and yellow label.",
            "C. A stack of packaged food products.",
            "D. A small toy."
        ],
        "answer": "A",
        "qa_level": "frame",
        "qa_type": "mcqa",
        "old_answer": "A"
    },
    {
        "qa_idx": 8,
        "qa_type": "qa",
        "qa_level": "cross_event",
        "qa_task": "speed",
        "question": "From the time of 289.0 to 351.0, does the bear in the striped robe move at a slower pace compared to the frantic running of the bear in the striped purple robe from the time of 357.0 to 419.0?",
        "answer": "Yes",
        "old_answer": "Yes"
    },
    {
        "qa_idx": 9,
        "qa_type": "qa",
        "qa_level": "cross_event",
        "qa_task": "camera-direction",
        "question": "In the event from 991.0 to 1131.0, does the camera move from an outdoor setting to an indoor setting?",
        "answer": "Yes",
        "old_answer": "Yes"
    },
    {
        "qa_idx": 10,
        "qa_task": "temporal-relationship",
        "question": "What was the bear doing before it was seen holding a red checkered cloth near a wooden cabin?",
        "options": [
            "A. The bear was balancing on a board and juggling sausages.",
            "B. The bear was interacting with a small mouse in a kitchen.",
            "C. The bear was playing a checkerboard game.",
            "D. The bear was holding a fish in a kitchen."
        ],
        "answer": "C",
        "qa_level": "long_term",
        "qa_type": "mcqa",
        "old_answer": "C"
    },
    {
        "qa_idx": 12,
        "qa_task": "camera-direction",
        "question": "What is the camera doing when the scene transitions from the bear balancing on a board and juggling sausages to the peaceful natural setting with a miniature wooden structure amidst green grass and reflections in a pond (8.0 to 1919.0 seconds)?",
        "options": [
            "A. The camera is zooming in on the bear.",
            "B. The camera is panning to the right.",
            "C. The camera is zooming out to show the entire scene.",
            "D. The camera is moving closer to the natural setting."
        ],
        "answer": "D",
        "qa_level": "long_term",
        "qa_type": "mcqa",
        "old_answer": "D"
    },
    {
        "qa_idx": 13,
        "qa_task": "speed",
        "question": "Which character is moving faster in the video from 8.0 to 1919.0 seconds, the bear or the small character in a pink hood?",
        "options": [
            "A. The bear.",
            "B. The small character in a pink hood.",
            "C. Both are moving at the same speed.",
            "D. None of the above."
        ],
        "answer": "A",
        "qa_level": "long_term",
        "qa_type": "mcqa",
        "old_answer": "A"
    },
    {
        "qa_idx": 14,
        "qa_task": "attribute-change",
        "question": "How does the atmosphere change from the beginning to the end of the video sequence from 8.0 to 1919.0 seconds?",
        "options": [
            "A. From a lively and whimsical performance to a cozy and intimate indoor setting.",
            "B. From a rainy outdoor environment to a bustling kitchen scene.",
            "C. From a serene natural setting to a playful and dynamic indoor environment.",
            "D. From a cluttered kitchen to a tranquil garden scene."
        ],
        "answer": "A",
        "qa_level": "long_term",
        "qa_type": "mcqa",
        "old_answer": "A"
    },
    {
        "qa_idx": 15,
        "qa_task": "time-order",
        "question": "In which order do the events occur in the video from 8.0 to 1919.0 seconds?",
        "options": [
            "A. The bear balances on a board and juggles sausages, the scene transitions to a peaceful natural setting, then to a cozy room with a figure reading a book, and finally to a kitchen scene with a mouse interacting with food items.",
            "B. The bear balances on a board and juggles sausages, the scene transitions to a cozy room with a figure reading a book, then to a peaceful natural setting, and finally to a kitchen scene with a mouse interacting with food items.",
            "C. The bear balances on a board and juggles sausages, the scene transitions to a kitchen scene with a mouse interacting with food items, then to a peaceful natural setting, and finally to a cozy room with a figure reading a book.",
            "D. The bear balances on a board and juggles sausages, the scene transitions to a kitchen scene with a mouse interacting with food items, then to a cozy room with a figure reading a book, and finally to a peaceful natural setting."
        ],
        "answer": "A",
        "qa_level": "long_term",
        "qa_type": "mcqa",
        "old_answer": "A"
    }
]