[
    {
        "qa_idx": 0,
        "qa_task": "spatial-relationship",
        "question": "Where is the staircase located in the scene at 752.0 seconds?",
        "options": [
            "A. To the right of the corridor.",
            "B. To the left of the corridor.",
            "C. In front of the individuals.",
            "D. Behind the animal figure."
        ],
        "answer": "B",
        "qa_level": "frame",
        "qa_type": "mcqa",
        "old_answer": "B"
    },
    {
        "qa_idx": 1,
        "qa_task": "spatial-relationship",
        "question": "What is situated at approximately the center of the image at 1642.0 seconds into the video?",
        "options": [
            "A. A cutting board with vegetables.",
            "B. A frying pan containing chopped nuts and raisins.",
            "C. A pot of boiling water.",
            "D. A plate of cooked food."
        ],
        "answer": "B",
        "qa_level": "frame",
        "qa_type": "mcqa",
        "old_answer": "B"
    },
    {
        "qa_idx": 2,
        "qa_type": "qa",
        "qa_level": "within_event",
        "qa_task": "speed",
        "question": "Is the food preparation process depicted in the video event from 464.0 to 574.0 seconds carried out quickly?",
        "answer": "No",
        "old_answer": "No"
    },
    {
        "qa_idx": 4,
        "qa_task": "object understanding",
        "question": "What is being held in someone's hand at 1588.0 seconds into the video?",
        "options": [
            "A. A book.",
            "B. A mobile phone.",
            "C. A tablet.",
            "D. A camera."
        ],
        "answer": "B",
        "qa_level": "frame",
        "qa_type": "mcqa",
        "old_answer": "B"
    },
    {
        "qa_idx": 6,
        "qa_type": "qa",
        "qa_level": "cross_event",
        "qa_task": "character-understanding",
        "question": "Were there individuals in blue uniforms involved in food preparation in both events from 1060.0 to 1124.0 and 1125.0 to 1187.0?",
        "answer": "Yes",
        "old_answer": "Yes"
    },
    {
        "qa_idx": 7,
        "qa_task": "attribute-change",
        "question": "How does the focus of the scene change from the beginning to the end of the event sequence from 464.0 to 574.0 seconds?",
        "options": [
            "A. From a discussion between two men to a communal dining scene.",
            "B. From an outdoor setting to an indoor kitchen.",
            "C. From a single person cooking to a group of people cooking.",
            "D. From a dining scene to a discussion between two men."
        ],
        "answer": "A",
        "qa_level": "within_event",
        "qa_type": "mcqa",
        "old_answer": "A"
    },
    {
        "qa_idx": 8,
        "qa_task": "attribute-change",
        "question": "How does the lighting in the kitchen change throughout the event from 1755.0 to 1815.0 seconds?",
        "options": [
            "A. The lighting becomes dimmer.",
            "B. The lighting remains bright and consistent.",
            "C. The lighting changes to a blue hue.",
            "D. The lighting flickers intermittently."
        ],
        "answer": "B",
        "qa_level": "within_event",
        "qa_type": "mcqa",
        "old_answer": "B"
    },
    {
        "qa_idx": 9,
        "qa_task": "camera-direction",
        "question": "Does the camera focus more on the individuals or the food items during the event from 464.0 to 574.0 seconds?",
        "options": [
            "A. The camera focuses more on the individuals.",
            "B. The camera focuses more on the food items.",
            "C. The camera equally focuses on both the individuals and the food items.",
            "D. The camera does not focus on either the individuals or the food items."
        ],
        "answer": "B",
        "qa_level": "within_event",
        "qa_type": "mcqa",
        "old_answer": "B"
    },
    {
        "qa_idx": 10,
        "qa_task": "spatial-relationship",
        "question": "In the video events from 327.0 to 421.0 seconds and H to e seconds, where is the large metal tray with flatbreads initially located in relation to the table?",
        "options": [
            "A. On the table.",
            "B. On the stove.",
            "C. Framing the table.",
            "D. On the floor."
        ],
        "answer": "C",
        "qa_level": "cross_event",
        "qa_type": "mcqa",
        "old_answer": "C"
    },
    {
        "qa_idx": 11,
        "qa_task": "spatial-relationship",
        "question": "In the bustling kitchen environment from 129.0 to 190.0 seconds, where is the person ladling a thick liquid located in relation to the individual working at a counter surrounded by bowls and ingredients?",
        "options": [
            "A. Next to the individual working at the counter.",
            "B. Across from the individual working at the counter.",
            "C. In a different room from the individual working at the counter.",
            "D. Behind the individual working at the counter."
        ],
        "answer": "B",
        "qa_level": "cross_event",
        "qa_type": "mcqa",
        "old_answer": "B"
    },
    {
        "qa_idx": 12,
        "qa_task": "counting",
        "question": "How many times does the video show a close-up of a plate or bowl of food between 1950.0 seconds and 2022.0 seconds?",
        "options": [
            "A. 3 times.",
            "B. 4 times.",
            "C. 5 times.",
            "D. 6 times."
        ],
        "answer": "C",
        "qa_level": "cross_event",
        "qa_type": "mcqa",
        "old_answer": "C"
    },
    {
        "qa_idx": 13,
        "qa_task": "temporal-relationship",
        "question": "What happens after the scene transitions to an urban storefront advertising 'Delicious Rose Ice Cream' and 'Jamshidian Lemon-Juice'?",
        "options": [
            "A. A wet urban street scene features cars including a white sedan, a yellow taxi, and a dark-colored van moving past a historical-looking fortress wall.",
            "B. A man in a black jacket with a backpack stands against a richly patterned and vividly colored wall.",
            "C. A close-up scene depicts a food item being interacted with, and a larger view of a richly sauced piece of food on a decorative plate.",
            "D. A communal meal setting with multiple individuals engaged, vibrant curtains, and various traditional Iranian dishes displayed on a checkered tablecloth."
        ],
        "answer": "A",
        "qa_level": "long_term",
        "qa_type": "mcqa",
        "old_answer": "A"
    },
    {
        "qa_idx": 14,
        "qa_task": "spatial-relationship",
        "question": "Where is the man in a black jacket with a backpack standing at the beginning of the event?",
        "options": [
            "A. Against a richly patterned and vividly colored wall.",
            "B. In front of a storefront advertising 'Delicious Rose Ice Cream'.",
            "C. In a bustling kitchen environment.",
            "D. In a communal meal setting."
        ],
        "answer": "A",
        "qa_level": "long_term",
        "qa_type": "mcqa",
        "old_answer": "A"
    },
    {
        "qa_idx": 18,
        "qa_task": "camera-direction",
        "question": "How does the camera movement change from the beginning to the end of the video event sequence from 7.0 to 2536.0 seconds?",
        "options": [
            "A. The camera moves from indoor to outdoor settings.",
            "B. The camera moves from outdoor to indoor settings.",
            "C. The camera remains stationary throughout the video.",
            "D. The camera only focuses on food preparation scenes."
        ],
        "answer": "A",
        "qa_level": "long_term",
        "qa_type": "mcqa",
        "old_answer": "A"
    },
    {
        "qa_idx": 19,
        "qa_task": "attribute-change",
        "question": "How does the setting change from the beginning to the end of the video event from 7.0 to 2536.0 seconds?",
        "options": [
            "A. From a historical or culturally significant location to a bustling urban street.",
            "B. From a bustling urban street to a serene nighttime outdoor setup.",
            "C. From a kitchen or food preparation area to a communal dining scene.",
            "D. From a communal dining scene to a lavish and spacious interior lobby."
        ],
        "answer": "D",
        "qa_level": "long_term",
        "qa_type": "mcqa",
        "old_answer": "D"
    },
    {
        "qa_idx": 20,
        "qa_task": "character-understanding",
        "question": "What is the man in a black jacket and red shirt doing in the ornate setting?",
        "options": [
            "A. Taking a photo or video.",
            "B. Eating food.",
            "C. Talking to another person.",
            "D. Walking around."
        ],
        "answer": "A",
        "qa_level": "long_term",
        "qa_type": "mcqa",
        "old_answer": "A"
    },
    {
        "qa_idx": 21,
        "qa_task": "time-order",
        "question": "In which order do the events occur in the video from 7.0 to 2536.0 seconds?",
        "options": [
            "A. A man in a black jacket with a backpack stands against a richly patterned wall, followed by a scene of an urban storefront advertising 'Delicious Rose Ice Cream' and 'Jamshidian Lemon-Juice'.",
            "B. A wet urban street scene features cars moving past a historical-looking fortress wall, followed by a scene of a man in dark clothing and a large black backpack admiring artwork in an intricately decorated room.",
            "C. A vibrant street setting with several cars parked and moving in various directions, followed by a scene of two individuals interacting on a busy urban street.",
            "D. A bustling kitchen environment with multiple individuals engaged in food preparation, followed by a scene of a communal meal setting with various traditional Iranian dishes displayed on a checkered tablecloth."
        ],
        "answer": "A",
        "qa_level": "long_term",
        "qa_type": "mcqa",
        "old_answer": "A"
    },
    {
        "qa_idx": 22,
        "qa_task": "descriptive-scene",
        "question": "Where does the communal meal take place in the video from 7.0 to 2536.0 seconds?",
        "options": [
            "A. In a bustling kitchen.",
            "B. In a vibrant street setting.",
            "C. In a richly decorated room with colorful drapes and wooden beams.",
            "D. In an industrial facility."
        ],
        "answer": "C",
        "qa_level": "long_term",
        "qa_type": "mcqa",
        "old_answer": "C"
    }
]