[
    {
        "qa_idx": 2,
        "qa_task": "character-understanding",
        "question": "What is the man in the center-left of the frame wearing on his head at 1542.0 seconds into the video?",
        "options": [
            "A. A baseball cap.",
            "B. A sun hat.",
            "C. A beanie.",
            "D. A helmet."
        ],
        "answer": "B",
        "qa_level": "frame",
        "qa_type": "mcqa",
        "old_answer": "B"
    },
    {
        "qa_idx": 3,
        "qa_type": "qa",
        "qa_level": "within_event",
        "qa_task": "speed",
        "question": "Did the interaction between the two men in the outdoor setting at night take place at a fast pace from 1725.0 seconds to 1788.0 seconds?",
        "answer": "No",
        "old_answer": "No"
    },
    {
        "qa_idx": 5,
        "qa_task": "attribute-change",
        "question": "How does the ambiance of the scene change from the beginning to the end of the event from 1541.0 to 1601.0 seconds?",
        "options": [
            "A. The ambiance shifts from a well-lit area to a darker area.",
            "B. The ambiance shifts from a darker area to a well-lit area.",
            "C. The ambiance remains consistently well-lit throughout.",
            "D. The ambiance shifts from a well-lit area to an even brighter area."
        ],
        "answer": "B",
        "qa_level": "within_event",
        "qa_type": "mcqa",
        "old_answer": "B"
    },
    {
        "qa_idx": 6,
        "qa_type": "qa",
        "qa_level": "cross_event",
        "qa_task": "speed",
        "question": "Between 2023.0 to 2099.0 and 2106.0 to 2107.0, did the cars pass by at a fast pace?",
        "answer": "No",
        "old_answer": "No"
    },
    {
        "qa_idx": 9,
        "qa_task": "speed",
        "question": "From 11.0 to 114.0 seconds, who is moving faster in the video event?",
        "options": [
            "A. The child climbing onto the sign.",
            "B. The individuals posing for photographs.",
            "C. The palm trees swaying in the background.",
            "D. The artificial lighting changing."
        ],
        "answer": "A",
        "qa_level": "within_event",
        "qa_type": "mcqa",
        "old_answer": "A"
    },
    {
        "qa_idx": 12,
        "qa_task": "descriptive-scene",
        "question": "Where does the event from 888.0 to 951.0 seconds take place?",
        "options": [
            "A. In a rural area with open fields.",
            "B. In a suburban neighborhood with houses.",
            "C. In an urban setting with well-lit streets and buildings.",
            "D. In a forest with dense trees."
        ],
        "answer": "C",
        "qa_level": "cross_event",
        "qa_type": "mcqa",
        "old_answer": "C"
    },
    {
        "qa_idx": 14,
        "qa_task": "attribute-change",
        "question": "How does the setting change from the beginning to the end of the video events between 157.0 seconds to 374.0 seconds and H seconds to e seconds?",
        "options": [
            "A. The setting changes from a daytime urban environment to a nighttime beachside environment.",
            "B. The setting changes from a nighttime beachside environment to a daytime urban environment.",
            "C. The setting remains the same throughout both video events.",
            "D. The setting changes from a nighttime beachside environment to a nighttime urban environment."
        ],
        "answer": "D",
        "qa_level": "cross_event",
        "qa_type": "mcqa",
        "old_answer": "D"
    },
    {
        "qa_idx": 17,
        "qa_task": "descriptive-scene",
        "question": "Where does the event take place from 11.0 to 2107.0 seconds?",
        "options": [
            "A. In a park.",
            "B. On a beach.",
            "C. In an urban nighttime setting.",
            "D. In a forest."
        ],
        "answer": "C",
        "qa_level": "long_term",
        "qa_type": "mcqa",
        "old_answer": "C"
    },
    {
        "qa_idx": 19,
        "qa_task": "speed",
        "question": "Which is faster, the white car driving by or the parked car with its headlights on in the video from 11.0 to 2107.0 seconds?",
        "options": [
            "A. The white car driving by.",
            "B. The parked car with its headlights on.",
            "C. Both are at the same speed.",
            "D. None of the above."
        ],
        "answer": "A",
        "qa_level": "long_term",
        "qa_type": "mcqa",
        "old_answer": "A"
    },
    {
        "qa_idx": 21,
        "qa_task": "character-understanding",
        "question": "What is the attire of the man who is prominently seen wearing a white shirt and a hat in the video from 11.0 to 2107.0 seconds?",
        "options": [
            "A. A white shirt and a cowboy hat.",
            "B. A blue sports jersey and a sun hat.",
            "C. A white shirt and a light-colored hat.",
            "D. A red cap and a white shirt."
        ],
        "answer": "C",
        "qa_level": "long_term",
        "qa_type": "mcqa",
        "old_answer": "C"
    },
    {
        "qa_idx": 22,
        "qa_task": "object understanding",
        "question": "What decorative element is prominently featured in the nighttime street scene from 11.0 to 2107.0 seconds?",
        "options": [
            "A. A large sign with white letters and a red heart.",
            "B. A large mural with tropical beach scenes.",
            "C. A large tent structure.",
            "D. A large billboard with advertisements."
        ],
        "answer": "A",
        "qa_level": "long_term",
        "qa_type": "mcqa",
        "old_answer": "A"
    },
    {
        "qa_idx": 23,
        "qa_task": "time-order",
        "question": "In which order do the events occur in the video from 11.0 to 2107.0 seconds?",
        "options": [
            "A. The event begins with a nighttime street scene with four individuals positioned in front of a large, decorative sign featuring large, white letters with a red heart in the center. The individuals are dressed in casual wear such as jeans, T-shirts, or shorts, and some of them are sporting footwear. A child is seen interacting with the sign by climbing onto it.",
            "B. The event features a lively outdoor nighttime scene with several individuals engaged in casual interactions across various frames. The scene begins with people in conversation under a dark sky, including three men in varied attire such as a white shirt and cowboy hat, blue sports jersey, and a boy facing the group.",
            "C. The event opens with an evening urban setting on a well-lit street where several men and pieces of clothing are visible. A group of people is standing and interacting near a street, with a parked van and a large building illuminated by artificial lights in the background, suggesting a moderately busy area.",
            "D. The event captures a lively nighttime outdoor scene on a pedestrian walkway or promenade where a group of men are gathered. Several individuals are interacting, with one notably holding a hat in his hand. The background reveals greenery, trees, and distant streetlights indicating an urban or semi-urban setting."
        ],
        "answer": "A",
        "qa_level": "long_term",
        "qa_type": "mcqa",
        "old_answer": "A"
    }
]