[
    {
        "qa_idx": 0,
        "qa_type": "qa",
        "qa_level": "frame",
        "qa_task": "character-understanding",
        "question": "Is the anthropomorphic shark shown with a contented or relaxed expression at 1745.0 seconds?",
        "answer": "Yes",
        "old_answer": "Yes"
    },
    {
        "qa_idx": 1,
        "qa_task": "character-understanding",
        "question": "What is the dominant geometric shape in the middle of the frame at 1766.0 seconds into the video?",
        "options": [
            "A. A circle.",
            "B. A square.",
            "C. A pointed geometric shape resembling a tent or a sail.",
            "D. A hexagon."
        ],
        "answer": "C",
        "qa_level": "frame",
        "qa_type": "mcqa",
        "old_answer": "C"
    },
    {
        "qa_idx": 2,
        "qa_task": "descriptive-scene",
        "question": "Where does the scene at 888.0 seconds into the video take place?",
        "options": [
            "A. In a kitchen.",
            "B. On a beach.",
            "C. In a forest.",
            "D. In a city."
        ],
        "answer": "B",
        "qa_level": "frame",
        "qa_type": "mcqa",
        "old_answer": "B"
    },
    {
        "qa_idx": 3,
        "qa_type": "qa",
        "qa_level": "within_event",
        "qa_task": "character-understanding",
        "question": "Did the warthog-like character hold a piece of yellow paper from 1451.0 to 1510.0 seconds?",
        "answer": "Yes",
        "old_answer": "Yes"
    },
    {
        "qa_idx": 4,
        "qa_task": "object understanding",
        "question": "What is prominently displayed in the foreground of the animated scene at 1291.0 seconds into the video?",
        "options": [
            "A. A large cartoon shark.",
            "B. A small cartoon fish.",
            "C. A cartoon palm tree.",
            "D. A cartoon treasure chest."
        ],
        "answer": "A",
        "qa_level": "frame",
        "qa_type": "mcqa",
        "old_answer": "A"
    },
    {
        "qa_idx": 5,
        "qa_type": "qa",
        "qa_level": "within_event",
        "qa_task": "plot-understanding",
        "question": "Does the event feature a transition from a steep incline to a forest setting between 1190.0 and 1255.0 seconds?",
        "answer": "Yes",
        "old_answer": "Yes"
    },
    {
        "qa_idx": 6,
        "qa_task": "object understanding",
        "question": "What is the color of the housing of the digital clock displayed at 636.0 seconds into the video?",
        "options": [
            "A. Red.",
            "B. Green.",
            "C. Purple.",
            "D. Yellow."
        ],
        "answer": "C",
        "qa_level": "frame",
        "qa_type": "mcqa",
        "old_answer": "C"
    },
    {
        "qa_idx": 7,
        "qa_type": "qa",
        "qa_level": "cross_event",
        "qa_task": "plot-understanding",
        "question": "Do both events feature whimsical and animated characters in vibrant and dynamic settings from the time of 10.0 to 69.0 and 70.0 to 134.0?",
        "answer": "Yes",
        "old_answer": "Yes"
    },
    {
        "qa_idx": 8,
        "qa_type": "qa",
        "qa_level": "cross_event",
        "qa_task": "speed",
        "question": "Did the characters in the event from 2371.0 to 2439.0 move at a slower pace compared to the characters in the event from 2440.0 to 2500.0?",
        "answer": "No",
        "old_answer": "No"
    },
    {
        "qa_idx": 9,
        "qa_type": "qa",
        "qa_level": "long_term",
        "qa_task": "object understanding",
        "question": "Is there a golden trophy prominently displayed in the center of a bright scene with radiant beams of light emanating behind it at any point between 10.0 and 2503.0 seconds?",
        "answer": "Yes",
        "old_answer": "Yes"
    },
    {
        "qa_idx": 11,
        "qa_task": "temporal-relationship",
        "question": "What happens after the scene with the character intensely peering into a window or monitor in the submarine or ship's interior?",
        "options": [
            "A. The scene transitions to a jungle setting with dense foliage and vibrant aircraft suspended by vines.",
            "B. The scene transitions to a detailed frame showing a dimly lit, ornately decorated room with burning candles.",
            "C. The scene transitions to a vibrant tropical beach with a large anthropomorphic shark holding a piece of paper or scroll.",
            "D. The scene transitions to an animated industrial setting where a large red object is being cut or examined by a red-clawed hand."
        ],
        "answer": "A",
        "qa_level": "long_term",
        "qa_type": "mcqa",
        "old_answer": "A"
    },
    {
        "qa_idx": 12,
        "qa_task": "spatial-relationship",
        "question": "In the video event from 10.0 to 2503.0 seconds, where is the large anthropomorphic shark character seen holding a surfboard?",
        "options": [
            "A. In a jungle.",
            "B. On a beach.",
            "C. Inside a submarine.",
            "D. In a high-tech lab."
        ],
        "answer": "B",
        "qa_level": "long_term",
        "qa_type": "mcqa",
        "old_answer": "B"
    },
    {
        "qa_idx": 14,
        "qa_task": "speed",
        "question": "Which character is faster in the race scene at 218.0 to 354.0 seconds?",
        "options": [
            "A. The anthropomorphic shark.",
            "B. The mermaid.",
            "C. The dog-like creature.",
            "D. The insect-like creature."
        ],
        "answer": "A",
        "qa_level": "long_term",
        "qa_type": "mcqa",
        "old_answer": "A"
    },
    {
        "qa_idx": 15,
        "qa_task": "attribute-change",
        "question": "How does the environment change from the beginning to the end of the video event from 10.0 to 2503.0 seconds?",
        "options": [
            "A. From a dark, industrial setting to a vibrant, tropical beach.",
            "B. From a jungle setting to an underwater scene.",
            "C. From a whimsical indoor setting to a serene beach scene.",
            "D. From a vibrant tropical environment to a dynamic animated world."
        ],
        "answer": "A",
        "qa_level": "long_term",
        "qa_type": "mcqa",
        "old_answer": "A"
    },
    {
        "qa_idx": 16,
        "qa_task": "character-understanding",
        "question": "What is the character with a red-checked bib doing in the animated industrial setting at 10.0 to 2503.0 seconds?",
        "options": [
            "A. Balancing a tray with a piece of cake.",
            "B. Peering into a window or monitor.",
            "C. Resting in a hammock.",
            "D. Holding a silver knife."
        ],
        "answer": "A",
        "qa_level": "long_term",
        "qa_type": "mcqa",
        "old_answer": "A"
    }
]