[
    {
        "qa_idx": 0,
        "qa_type": "qa",
        "qa_level": "frame",
        "qa_task": "character-understanding",
        "question": "Are there people wearing glasses in the frame at 3896.0 seconds?",
        "answer": "Yes",
        "old_answer": "Yes"
    },
    {
        "qa_idx": 1,
        "qa_task": "object understanding",
        "question": "What is the man on the left holding in the video frame at 6662.0 seconds?",
        "options": [
            "A. A book.",
            "B. A microphone.",
            "C. A cup.",
            "D. A phone."
        ],
        "answer": "B",
        "qa_level": "frame",
        "qa_type": "mcqa",
        "old_answer": "B"
    },
    {
        "qa_idx": 4,
        "qa_task": "attribute-change",
        "question": "How does the studio setting change from the beginning to the end of the event from 3096.0 to 3156.0 seconds?",
        "options": [
            "A. The studio setting changes to a different location with a different theme.",
            "B. The studio setting remains the same but with more pieces of clothing, figurines, a microphone, and a cup spread across the table.",
            "C. The studio setting becomes less vibrant and more minimalistic.",
            "D. The studio setting changes to an outdoor environment."
        ],
        "answer": "B",
        "qa_level": "within_event",
        "qa_type": "mcqa",
        "old_answer": "B"
    },
    {
        "qa_idx": 6,
        "qa_task": "object understanding",
        "question": "What is the appearance and function of the object held by the man near his face in the scene from 3740.0 to 3901.0 seconds?",
        "options": [
            "A. A microphone used for engaging an audience.",
            "B. A drink used for refreshment.",
            "C. An item near his face with a large red circle situated to the right of his head.",
            "D. A guitar used for a performance."
        ],
        "answer": "C",
        "qa_level": "cross_event",
        "qa_type": "mcqa",
        "old_answer": "C"
    },
    {
        "qa_idx": 12,
        "qa_task": "object-direction",
        "question": "In which direction is the camera moving when capturing the podcast or discussion setting titled 'LA MESA REÑOÑA' with Franco Escamilla and the La Diablo Squad?",
        "options": [
            "A. The camera is moving from left to right.",
            "B. The camera is moving from right to left.",
            "C. The camera is moving from top to bottom.",
            "D. The camera is moving from bottom to top."
        ],
        "answer": "A",
        "qa_level": "long_term",
        "qa_type": "mcqa",
        "old_answer": "A"
    },
    {
        "qa_idx": 13,
        "qa_task": "attribute-change",
        "question": "How did the number of participants change during the podcast or talk show 'LA MESA REÑOÑA' hosted by Franco Escamilla and La Diablo Squad from 301.0 seconds to 7258.0 seconds?",
        "options": [
            "A. The number of participants remained the same.",
            "B. The number of participants increased from five to six.",
            "C. The number of participants decreased from six to five.",
            "D. The number of participants fluctuated throughout the event."
        ],
        "answer": "B",
        "qa_level": "long_term",
        "qa_type": "mcqa",
        "old_answer": "B"
    }
]