[
    {
        "qa_idx": 0,
        "qa_type": "qa",
        "qa_level": "frame",
        "qa_task": "object understanding",
        "question": "Is there an anthropomorphic mascot in a baseball jersey present in the scene at 3609.0 seconds?",
        "answer": "Yes",
        "old_answer": "Yes"
    },
    {
        "qa_idx": 1,
        "qa_type": "qa",
        "qa_level": "within_event",
        "qa_task": "action-understanding",
        "question": "During the video from 2.0 to 52.0 seconds, does the person in the dimly lit space start playing a musical instrument?",
        "answer": "No",
        "old_answer": "No"
    },
    {
        "qa_idx": 3,
        "qa_type": "qa",
        "qa_level": "long_term",
        "qa_task": "action-understanding",
        "question": "In the video sequence from 2.0 to 3613.0 seconds, does any individual remove a microphone from the table during the podcast recording?",
        "answer": "No",
        "old_answer": "No"
    },
    {
        "qa_idx": 4,
        "qa_task": "speed",
        "question": "From the time of 1603.0 to 1656.0 seconds, how would you describe the pace of the conversation between the two women?",
        "options": [
            "A. Fast-paced and hurried.",
            "B. Slow and deliberate.",
            "C. Moderate and steady.",
            "D. Erratic and inconsistent."
        ],
        "answer": "B",
        "qa_level": "within_event",
        "qa_type": "mcqa",
        "old_answer": "B"
    },
    {
        "qa_idx": 7,
        "qa_task": "object-direction",
        "question": "In the video events from 2114.0 to 2188.0 seconds and H to e seconds, what is the direction of the movement of the objects on the table?",
        "options": [
            "A. The objects on the table move from left to right.",
            "B. The objects on the table move from right to left.",
            "C. The objects on the table remain stationary.",
            "D. The objects on the table move in a circular direction."
        ],
        "answer": "C",
        "qa_level": "cross_event",
        "qa_type": "mcqa",
        "old_answer": "C"
    },
    {
        "qa_idx": 9,
        "qa_task": "temporal-relationship",
        "question": "What happens after the scene with the 'CollegeHumor PODCAST' text on a bright yellow background?",
        "options": [
            "A. A person is seen holding several lit candles surrounded by a microphone and audio equipment.",
            "B. The scene shifts to an online messaging interface displaying a message from a user named 'FatButt69'.",
            "C. The frame captures an outdoor sports event, particularly a baseball game.",
            "D. The scene transitions to the interior of a busy office environment."
        ],
        "answer": "A",
        "qa_level": "long_term",
        "qa_type": "mcqa",
        "old_answer": "A"
    },
    {
        "qa_idx": 13,
        "qa_task": "camera-direction",
        "question": "How does the camera movement change from the initial scene to the later scenes in the video from 2.0 to 3613.0 seconds?",
        "options": [
            "A. The camera remains static throughout the video.",
            "B. The camera zooms in on the individuals and their interactions.",
            "C. The camera pans across the room to capture different angles.",
            "D. The camera moves away from the individuals to show the entire room."
        ],
        "answer": "B",
        "qa_level": "long_term",
        "qa_type": "mcqa",
        "old_answer": "B"
    },
    {
        "qa_idx": 14,
        "qa_task": "speed",
        "question": "Which is faster, the transition from the 'CollegeHumor' logo to the 'CollegeHumor PODCAST' text or the transition from the 'TALES FROM THE CLOSET' title sequence to the person holding candles?",
        "options": [
            "A. The transition from the 'CollegeHumor' logo to the 'CollegeHumor PODCAST' text.",
            "B. The transition from the 'TALES FROM THE CLOSET' title sequence to the person holding candles.",
            "C. Both transitions are at the same speed.",
            "D. None of the above."
        ],
        "answer": "A",
        "qa_level": "long_term",
        "qa_type": "mcqa",
        "old_answer": "A"
    },
    {
        "qa_idx": 15,
        "qa_task": "attribute-change",
        "question": "How does the background change from the beginning to the end of the video from 2.0 to 3613.0 seconds?",
        "options": [
            "A. From a blue background with a white text logo to a busy office environment.",
            "B. From a dimly lit studio with thematic decorations to an outdoor sports event.",
            "C. From a cozy, dimly lit podcast setting to a ceremonial event on a baseball field.",
            "D. From a minimalist scene with the words 'TOTAL FORGIVENESS' to a lively stadium backdrop."
        ],
        "answer": "C",
        "qa_level": "long_term",
        "qa_type": "mcqa",
        "old_answer": "C"
    },
    {
        "qa_idx": 17,
        "qa_task": "object understanding",
        "question": "What thematic items are present on the table in the dimly lit setup featuring four individuals engaged in a discussion or podcast recording from 2.0 to 3613.0 seconds?",
        "options": [
            "A. Books and magazines.",
            "B. Decorative goblets, a crystal ball, and oranges.",
            "C. Toys and games.",
            "D. Clothing and accessories."
        ],
        "answer": "B",
        "qa_level": "long_term",
        "qa_type": "mcqa",
        "old_answer": "B"
    },
    {
        "qa_idx": 18,
        "qa_task": "descriptive-scene",
        "question": "Where does the event take place from 2.0 to 3613.0 seconds?",
        "options": [
            "A. In a cozy, dimly lit studio with thematic decorations.",
            "B. In a busy office environment.",
            "C. At an outdoor sports event.",
            "D. In a minimalist scene with a white background."
        ],
        "answer": "A",
        "qa_level": "long_term",
        "qa_type": "mcqa",
        "old_answer": "A"
    }
]