[
    {
        "qa_idx": 0,
        "qa_type": "qa",
        "qa_level": "frame",
        "qa_task": "character-understanding",
        "question": "At 696.0 seconds into the video, is there a conductor leading the performance?",
        "answer": "Yes",
        "old_answer": "Yes"
    },
    {
        "qa_idx": 1,
        "qa_task": "descriptive-scene",
        "question": "Where does the scene at 923.0 seconds into the video take place?",
        "options": [
            "A. In a forest.",
            "B. In a cave.",
            "C. In a desert.",
            "D. In a house."
        ],
        "answer": "B",
        "qa_level": "frame",
        "qa_type": "mcqa",
        "old_answer": "B"
    },
    {
        "qa_idx": 2,
        "qa_type": "qa",
        "qa_level": "within_event",
        "qa_task": "plot-understanding",
        "question": "Do the bears interact in both indoor and outdoor settings during the event from 1537.0 to 1592.0 seconds?",
        "answer": "Yes",
        "old_answer": "Yes"
    },
    {
        "qa_idx": 3,
        "qa_type": "qa",
        "qa_level": "within_event",
        "qa_task": "action-understanding",
        "question": "During the event from 337.0 to 396.0 seconds, does the anthropomorphic bear wearing glasses paint a picture on the wall?",
        "answer": "No",
        "old_answer": "No"
    },
    {
        "qa_idx": 4,
        "qa_type": "qa",
        "qa_level": "cross_event",
        "qa_task": "object understanding",
        "question": "Is there a piano present in both events from 666.0 to 730.0 and 731.0 to 793.0?",
        "answer": "Yes",
        "old_answer": "Yes"
    },
    {
        "qa_idx": 5,
        "qa_type": "qa",
        "qa_level": "cross_event",
        "qa_task": "speed",
        "question": "Did the bear in the second event (207.0 to 266.0) interact with the child at a faster pace compared to the young character's activities in the first event (162.0 to 204.0)?",
        "answer": "No",
        "old_answer": "No"
    },
    {
        "qa_idx": 6,
        "qa_task": "temporal-relationship",
        "question": "What was the bear doing before it started playing the piano in the cozy, rustic room?",
        "options": [
            "A. The bear was examining nautical designs in an open sketchbook.",
            "B. The bear was engaged in woodworking with tools and wood shavings.",
            "C. The bear was teaching in a classroom setting.",
            "D. The bear was interacting with a young girl in a garden."
        ],
        "answer": "C",
        "qa_level": "long_term",
        "qa_type": "mcqa",
        "old_answer": "C"
    },
    {
        "qa_idx": 7,
        "qa_task": "spatial-relationship",
        "question": "Where is the bear character seated while engaging with a ship model?",
        "options": [
            "A. On a patterned rug.",
            "B. In a red-striped armchair.",
            "C. On a wooden floor.",
            "D. In a blue and wooden desk."
        ],
        "answer": "B",
        "qa_level": "long_term",
        "qa_type": "mcqa",
        "old_answer": "B"
    },
    {
        "qa_idx": 8,
        "qa_task": "causal",
        "question": "Why does the bear hold a model ship in the cozy room filled with various items?",
        "options": [
            "A. To examine nautical designs in an open sketchbook.",
            "B. To interact with a girl in purple attire.",
            "C. To engage in woodworking activities.",
            "D. To play with a doll."
        ],
        "answer": "A",
        "qa_level": "long_term",
        "qa_type": "mcqa",
        "old_answer": "A"
    },
    {
        "qa_idx": 9,
        "qa_task": "plot-understanding",
        "question": "What is the main activity that the bear is engaged in throughout the video from 15.0 to 1974.0 seconds?",
        "options": [
            "A. Playing a musical instrument.",
            "B. Teaching and interacting in an educational setting.",
            "C. Engaging in woodworking and crafting.",
            "D. Exploring a forest and interacting with nature."
        ],
        "answer": "B",
        "qa_level": "long_term",
        "qa_type": "mcqa",
        "old_answer": "B"
    },
    {
        "qa_idx": 10,
        "qa_task": "camera-direction",
        "question": "How does the camera move in the video from 15.0 to 1974.0 seconds?",
        "options": [
            "A. The camera moves closer to the bear character.",
            "B. The camera moves away from the bear character.",
            "C. The camera remains stationary.",
            "D. The camera moves around the bear character."
        ],
        "answer": "D",
        "qa_level": "long_term",
        "qa_type": "mcqa",
        "old_answer": "D"
    },
    {
        "qa_idx": 11,
        "qa_task": "speed",
        "question": "Which character is faster in engaging with different activities, the bear or the girl, from 15.0 to 1974.0 seconds?",
        "options": [
            "A. The bear.",
            "B. The girl.",
            "C. Both are at the same speed.",
            "D. None of the above."
        ],
        "answer": "A",
        "qa_level": "long_term",
        "qa_type": "mcqa",
        "old_answer": "A"
    },
    {
        "qa_idx": 12,
        "qa_task": "attribute-change",
        "question": "How does the setting change from the beginning to the end of the video from 15.0 to 1974.0 seconds?",
        "options": [
            "A. From a cozy indoor room to a rustic classroom.",
            "B. From a cozy indoor room to a whimsical outdoor forest.",
            "C. From a rustic classroom to a high-tech spacecraft.",
            "D. From a whimsical outdoor forest to a serene night sky."
        ],
        "answer": "B",
        "qa_level": "long_term",
        "qa_type": "mcqa",
        "old_answer": "B"
    },
    {
        "qa_idx": 13,
        "qa_task": "character-understanding",
        "question": "What is the bear character doing in the cozy room filled with various items?",
        "options": [
            "A. The bear is playing a grand piano.",
            "B. The bear is engaging with a ship model on a polished coffee table.",
            "C. The bear is interacting with a chalkboard.",
            "D. The bear is examining a book."
        ],
        "answer": "B",
        "qa_level": "long_term",
        "qa_type": "mcqa",
        "old_answer": "B"
    },
    {
        "qa_idx": 14,
        "qa_task": "object understanding",
        "question": "What kind of items can be seen on the coffee table in the cozy room?",
        "options": [
            "A. A ship model.",
            "B. A vase with flowers.",
            "C. A stack of books.",
            "D. A bowl of fruits."
        ],
        "answer": "A",
        "qa_level": "long_term",
        "qa_type": "mcqa",
        "old_answer": "A"
    },
    {
        "qa_idx": 15,
        "qa_task": "descriptive-scene",
        "question": "Where does the bear character interact with a ship model and engage in woodworking activities?",
        "options": [
            "A. In a cozy room with vintage furniture and a brick fireplace.",
            "B. In a lush, dense forest environment.",
            "C. In a high-tech spacecraft.",
            "D. In a rustic classroom with educational materials."
        ],
        "answer": "A",
        "qa_level": "long_term",
        "qa_type": "mcqa",
        "old_answer": "A"
    }
]