[
    {
        "qa_idx": 0,
        "qa_task": "spatial-relationship",
        "question": "Where is the woman wearing dark clothing with a colorful scarf positioned in the frame at 926.0 seconds?",
        "options": [
            "A. On the right side of the frame.",
            "B. In the center of the frame.",
            "C. On the left side of the frame.",
            "D. Behind the wooden door."
        ],
        "answer": "C",
        "qa_level": "frame",
        "qa_type": "mcqa",
        "old_answer": "C"
    },
    {
        "qa_idx": 1,
        "qa_task": "object understanding",
        "question": "What is the woman wearing in the video frame at 2166.0 seconds?",
        "options": [
            "A. A scarf.",
            "B. A hat.",
            "C. Sunglasses.",
            "D. A jacket."
        ],
        "answer": "B",
        "qa_level": "frame",
        "qa_type": "mcqa",
        "old_answer": "B"
    },
    {
        "qa_idx": 2,
        "qa_task": "speed",
        "question": "Between 2038.0 seconds and 2099.0 seconds, which scene transition happens the fastest?",
        "options": [
            "A. From the modern bathroom to the dormitory-like setting.",
            "B. From the dormitory-like setting to the bedroom scene.",
            "C. From the bedroom scene to the outdoor nighttime scene.",
            "D. From the outdoor nighttime scene to the serene night sky."
        ],
        "answer": "A",
        "qa_level": "within_event",
        "qa_type": "mcqa",
        "old_answer": "A"
    },
    {
        "qa_idx": 3,
        "qa_type": "qa",
        "qa_level": "cross_event",
        "qa_task": "speed",
        "question": "Did the interactions and activities in the event from 843.0 to 902.0 take place at a faster pace compared to the serene and contemplative atmosphere in the event from 909.0 to 964.0?",
        "answer": "Yes",
        "old_answer": "Yes"
    },
    {
        "qa_idx": 4,
        "qa_type": "qa",
        "qa_level": "long_term",
        "qa_task": "plot-understanding",
        "question": "Does the video depict a journey that includes both urban and natural environments, such as airports, deserts, and coastal areas, from 5.0 to 2976.0 seconds?",
        "answer": "Yes",
        "old_answer": "Yes"
    },
    {
        "qa_idx": 6,
        "qa_task": "scene-understanding",
        "question": "What landmarks are showcased in the collage at the beginning of the event from 677.0 to 678.0 seconds?",
        "options": [
            "A. The Eiffel Tower, the Statue of Liberty, the Great Wall of China, and the Sydney Opera House.",
            "B. The Moai statues of Easter Island, the Burj Khalifa, the Christ the Redeemer statue, and the Colosseum.",
            "C. The Taj Mahal, the Leaning Tower of Pisa, the Pyramids of Giza, and the Golden Gate Bridge.",
            "D. The Big Ben, the Sphinx, the Acropolis, and the Mount Rushmore."
        ],
        "answer": "B",
        "qa_level": "within_event",
        "qa_type": "mcqa",
        "old_answer": "B"
    },
    {
        "qa_idx": 7,
        "qa_task": "speed",
        "question": "Between the time of 2038.0 seconds to 2099.0 seconds and H seconds to e seconds, which scene transition occurs at a faster pace?",
        "options": [
            "A. The transition from the modern bathroom to the dormitory-like setting.",
            "B. The transition from the serene bedroom to the dimly lit outdoor scene.",
            "C. The transition from the dimly lit outdoor scene to the serene night sky.",
            "D. The transition from the serene night sky to the complex landscape of global landmarks."
        ],
        "answer": "A",
        "qa_level": "cross_event",
        "qa_type": "mcqa",
        "old_answer": "A"
    },
    {
        "qa_idx": 8,
        "qa_task": "scene-understanding",
        "question": "How do the settings of the two video events from 2820.0 to 2883.0 seconds differ?",
        "options": [
            "A. The first event takes place in a desert landscape, while the second event occurs in an urban park.",
            "B. Both events take place in a desert landscape.",
            "C. Both events occur in an urban park.",
            "D. The first event takes place in an urban park, while the second event occurs in a desert landscape."
        ],
        "answer": "A",
        "qa_level": "cross_event",
        "qa_type": "mcqa",
        "old_answer": "A"
    },
    {
        "qa_idx": 9,
        "qa_task": "plot-understanding",
        "question": "How does the setting transition from the beginning to the end of the event from 2118.0 to 2179.0 seconds?",
        "options": [
            "A. From a serene natural setting to an urban environment.",
            "B. From a foggy urban area to a tranquil desert landscape.",
            "C. From a bustling city to a quiet countryside.",
            "D. From a beachside scene to a mountainous region."
        ],
        "answer": "B",
        "qa_level": "cross_event",
        "qa_type": "mcqa",
        "old_answer": "B"
    },
    {
        "qa_idx": 10,
        "qa_task": "temporal-relationship",
        "question": "What happens after the scene showcasing a collage of globally recognizable landmarks including the Moai statues of Easter Island, the Burj Khalifa, the Christ the Redeemer statue, and the Colosseum against a vibrant sky with fluffy clouds?",
        "options": [
            "A. The scene transitions to a desert setting featuring a prominent palm tree, an arid environment with sandy terrain, a white vehicle, and a clear sky.",
            "B. The scene transitions to a modern indoor area, likely an airport or transit hub, with people seated and interacting.",
            "C. The scene transitions to a serene beachfront or coastal area featuring palms, sandy expanse, and an individual in casual attire near a modern building.",
            "D. The scene transitions to a bustling commercial area with businesses like 'Gifts & Souvenirs,' 'Kubatsirana Helping Hands,' and storefronts adorned with colorful murals."
        ],
        "answer": "A",
        "qa_level": "long_term",
        "qa_type": "mcqa",
        "old_answer": "A"
    },
    {
        "qa_idx": 12,
        "qa_task": "camera-direction",
        "question": "What direction does the camera move towards when showcasing the modern airport terminal and the Walvis Bay International Airport from 5.0 to 2976.0 seconds?",
        "options": [
            "A. The camera moves closer to the airport terminal.",
            "B. The camera moves away from the airport terminal.",
            "C. The camera remains stationary.",
            "D. The camera moves in a circular motion around the terminal."
        ],
        "answer": "A",
        "qa_level": "long_term",
        "qa_type": "mcqa",
        "old_answer": "A"
    },
    {
        "qa_idx": 13,
        "qa_task": "speed",
        "question": "Which mode of transportation is depicted as moving faster in the video from 677.0 to 2970.0 seconds?",
        "options": [
            "A. The white car traveling along the desert road.",
            "B. The airplane flying over the desert landscape.",
            "C. The person walking through the desert.",
            "D. The hot air balloon drifting over the desert."
        ],
        "answer": "B",
        "qa_level": "long_term",
        "qa_type": "mcqa",
        "old_answer": "B"
    },
    {
        "qa_idx": 14,
        "qa_task": "attribute-change",
        "question": "How does the environment change from the beginning to the end of the video from 5.0 to 2976.0 seconds?",
        "options": [
            "A. From a modern indoor area to a high-altitude snowy mountain region.",
            "B. From a desert landscape to a bustling city.",
            "C. From a coastal beach scene to a dense forest.",
            "D. From a rural village to an underwater scene."
        ],
        "answer": "A",
        "qa_level": "long_term",
        "qa_type": "mcqa",
        "old_answer": "A"
    },
    {
        "qa_idx": 15,
        "qa_task": "object understanding",
        "question": "What kind of poster appears in the scene with a textured, light-hued background?",
        "options": [
            "A. A 'Teen Spirit' poster with radial patterns.",
            "B. A 'Rock Concert' poster with bold text.",
            "C. A 'Travel Guide' poster with scenic images.",
            "D. A 'Movie Night' poster with film reels."
        ],
        "answer": "A",
        "qa_level": "long_term",
        "qa_type": "mcqa",
        "old_answer": "A"
    },
    {
        "qa_idx": 16,
        "qa_task": "time-order",
        "question": "In which order do the events occur in the video from 5.0 to 2976.0 seconds?",
        "options": [
            "A. The scene begins with a textured, light-hued background featuring an ink blot, followed by a vibrant 'Teen Spirit' poster, a modern indoor area, a dock scene, and a conversation in a bustling public area.",
            "B. The event features a vibrant collage of significant landmarks, including Russian text overlaid on iconic structures, followed by a close-up view of a human hand with a coin, a modern building, and a conversation between a woman and a man.",
            "C. The video begins with an extensive desert landscape, followed by an extreme close-up of an analog gauge, a richly detailed collage of global landmarks, and various paved surfaces illuminated by warm light.",
            "D. The event starts with an outdoor scene outside a building complex, followed by a commercial building with car rental signage, activities involving individuals, and the Walvis Bay International Airport."
        ],
        "answer": "A",
        "qa_level": "long_term",
        "qa_type": "mcqa",
        "old_answer": "A"
    },
    {
        "qa_idx": 17,
        "qa_task": "descriptive-scene",
        "question": "Where does the video event at 5.0 to 2976.0 seconds take place?",
        "options": [
            "A. In a modern airport terminal.",
            "B. In a desert landscape.",
            "C. At Walvis Bay International Airport.",
            "D. All of the above."
        ],
        "answer": "D",
        "qa_level": "long_term",
        "qa_type": "mcqa",
        "old_answer": "D"
    }
]