[
    {
        "qa_idx": 0,
        "qa_type": "qa",
        "qa_level": "frame",
        "qa_task": "character-understanding",
        "question": "Is the individual in the frame wearing jeans at 912.0 seconds into the video?",
        "answer": "Yes",
        "old_answer": "Yes"
    },
    {
        "qa_idx": 2,
        "qa_type": "qa",
        "qa_level": "frame",
        "qa_task": "character-understanding",
        "question": "Was there a dog walking through an open doorway at 5838.0 seconds into the video?",
        "answer": "Yes",
        "old_answer": "Yes"
    },
    {
        "qa_idx": 3,
        "qa_type": "qa",
        "qa_level": "within_event",
        "qa_task": "object understanding",
        "question": "Is there a blue and white ball in the cheetah's enclosure from 1405.0 to 1473.0 seconds?",
        "answer": "Yes",
        "old_answer": "Yes"
    },
    {
        "qa_idx": 4,
        "qa_type": "qa",
        "qa_level": "within_event",
        "qa_task": "action-understanding",
        "question": "Between 1874.0 seconds and 2262.0 seconds, does the girl ever stop interacting with her smartphone while sitting on the wooden deck?",
        "answer": "No",
        "old_answer": "No"
    },
    {
        "qa_idx": 5,
        "qa_task": "object understanding",
        "question": "What type of design do the stairs have in the frame at 2325.0 seconds into the video?",
        "options": [
            "A. Spiral design.",
            "B. Modern design with open risers.",
            "C. Traditional design with closed risers.",
            "D. Floating design."
        ],
        "answer": "B",
        "qa_level": "frame",
        "qa_type": "mcqa",
        "old_answer": "B"
    },
    {
        "qa_idx": 6,
        "qa_type": "qa",
        "qa_level": "cross_event",
        "qa_task": "object understanding",
        "question": "Is there a red ball visible in the outdoor space in the video event from 959.0 to 1059.0 seconds?",
        "answer": "Yes",
        "old_answer": "Yes"
    },
    {
        "qa_idx": 7,
        "qa_task": "attribute-change",
        "question": "How does the interaction between the person and the cheetah change from the beginning to the end of the event from 1405.0 to 1473.0 seconds?",
        "options": [
            "A. The person starts by ignoring the cheetah and ends up playing with it.",
            "B. The person starts by feeding the cheetah and ends up leaving the enclosure.",
            "C. The person starts by leaning against a wooden beam and ends up sitting on the deck interacting with the cheetah.",
            "D. The person starts by cleaning the enclosure and ends up standing outside the enclosure."
        ],
        "answer": "C",
        "qa_level": "within_event",
        "qa_type": "mcqa",
        "old_answer": "C"
    },
    {
        "qa_idx": 8,
        "qa_task": "object-direction",
        "question": "In which direction is the cheetah or leopard lying on the grass from the beginning to the end of the event from 6495.0 to 6550.0 seconds?",
        "options": [
            "A. On its back.",
            "B. On its stomach.",
            "C. On its side.",
            "D. Standing up."
        ],
        "answer": "A",
        "qa_level": "within_event",
        "qa_type": "mcqa",
        "old_answer": "A"
    },
    {
        "qa_idx": 9,
        "qa_type": "qa",
        "qa_level": "long_term",
        "qa_task": "character-understanding",
        "question": "Did the man interact with the dog near the fireplace in the cozy indoor setting between 1.0 and 7162.0 seconds?",
        "answer": "Yes",
        "old_answer": "Yes"
    },
    {
        "qa_idx": 11,
        "qa_task": "plot-understanding",
        "question": "What is the man doing on the outdoor balcony from 4338.0 to 4380.0 seconds?",
        "options": [
            "A. Reading a book.",
            "B. Extending his arm towards a dog.",
            "C. Talking on the phone.",
            "D. Watering plants."
        ],
        "answer": "B",
        "qa_level": "within_event",
        "qa_type": "mcqa",
        "old_answer": "B"
    },
    {
        "qa_idx": 12,
        "qa_task": "object understanding",
        "question": "What is the appearance and function of the balcony in the first video event from 4047.0 to 4107.0 seconds?",
        "options": [
            "A. The balcony has white baluster railings, various seating furniture, and overlooks a lush rural landscape.",
            "B. The balcony is enclosed with glass walls, has a single chair, and overlooks a busy city street.",
            "C. The balcony is made of wooden planks, has a hammock, and overlooks a beach.",
            "D. The balcony has metal railings, a barbecue grill, and overlooks a suburban neighborhood."
        ],
        "answer": "A",
        "qa_level": "cross_event",
        "qa_type": "mcqa",
        "old_answer": "A"
    },
    {
        "qa_idx": 13,
        "qa_task": "camera-direction",
        "question": "How does the camera movement emphasize the details of the pet-friendly environment from 2468.0 to 2738.0 seconds?",
        "options": [
            "A. The camera moves forward to focus on the reddish-brown wooden chest of drawers and the pet structures.",
            "B. The camera pans left to show the entire room including the white door with glass panels.",
            "C. The camera zooms out to capture the entire room and the large dog.",
            "D. The camera remains stationary, focusing on the numerical data and donation bar."
        ],
        "answer": "A",
        "qa_level": "cross_event",
        "qa_type": "mcqa",
        "old_answer": "A"
    },
    {
        "qa_idx": 14,
        "qa_task": "temporal-relationship",
        "question": "What was the man doing before he interacted with the dog lying on the woven rug near the modern fireplace?",
        "options": [
            "A. He was standing close to a woman in a warmly lit room.",
            "B. He was interacting with a cheetah near a wooden door.",
            "C. He was walking along a pathway adjacent to a wooden building.",
            "D. He was sitting on a balcony holding a container and spoon."
        ],
        "answer": "A",
        "qa_level": "long_term",
        "qa_type": "mcqa",
        "old_answer": "A"
    },
    {
        "qa_idx": 15,
        "qa_task": "spatial-relationship",
        "question": "Where is the large animal lying near the glass door?",
        "options": [
            "A. On a gray cushioned pet bed.",
            "B. On a woven rug.",
            "C. On a cushioned bed near a wooden log wall.",
            "D. On a textured rug."
        ],
        "answer": "A",
        "qa_level": "long_term",
        "qa_type": "mcqa",
        "old_answer": "A"
    },
    {
        "qa_idx": 17,
        "qa_task": "camera-direction",
        "question": "How does the camera movement change from the beginning to the end of the video event from 1.0 to 7162.0 seconds?",
        "options": [
            "A. The camera moves from an indoor scene to an outdoor scene.",
            "B. The camera moves from an outdoor scene to an indoor scene.",
            "C. The camera remains stationary throughout the video.",
            "D. The camera moves from a close-up to a wide shot."
        ],
        "answer": "A",
        "qa_level": "long_term",
        "qa_type": "mcqa",
        "old_answer": "A"
    },
    {
        "qa_idx": 19,
        "qa_task": "attribute-change",
        "question": "How does the lighting in the room change from the beginning to the end of the video event from 1.0 to 7162.0 seconds?",
        "options": [
            "A. The room starts with artificial lighting and transitions to natural light.",
            "B. The room starts with natural light and transitions to artificial lighting.",
            "C. The room remains consistently lit with artificial lighting.",
            "D. The room remains consistently lit with natural light."
        ],
        "answer": "D",
        "qa_level": "long_term",
        "qa_type": "mcqa",
        "old_answer": "D"
    },
    {
        "qa_idx": 21,
        "qa_task": "object understanding",
        "question": "What kind of furniture is visible through the large glass sliding door in the room?",
        "options": [
            "A. A rectangular piece of furniture.",
            "B. A round table.",
            "C. A hammock.",
            "D. A bookshelf."
        ],
        "answer": "A",
        "qa_level": "long_term",
        "qa_type": "mcqa",
        "old_answer": "A"
    }
]