[
    {
        "qa_idx": 0,
        "qa_type": "qa",
        "qa_level": "frame",
        "qa_task": "object understanding",
        "question": "Is there a yellow container labeled 'BATTERIES' in the scene at 680.0 seconds?",
        "answer": "Yes",
        "old_answer": "Yes"
    },
    {
        "qa_idx": 1,
        "qa_task": "character-understanding",
        "question": "Where is the person positioned in the frame at 526.0 seconds into the video?",
        "options": [
            "A. Centrally and slightly to the right.",
            "B. Centrally and slightly to the left.",
            "C. In the top left corner.",
            "D. In the bottom right corner."
        ],
        "answer": "A",
        "qa_level": "frame",
        "qa_type": "mcqa",
        "old_answer": "A"
    },
    {
        "qa_idx": 2,
        "qa_type": "qa",
        "qa_level": "within_event",
        "qa_task": "action-understanding",
        "question": "During the event from 1126.0 to 1174.0 seconds, do the animated characters engage in a dance routine on the circular rug?",
        "answer": "No",
        "old_answer": "No"
    },
    {
        "qa_idx": 3,
        "qa_type": "qa",
        "qa_level": "long_term",
        "qa_task": "action-understanding",
        "question": "After the character in green camouflage gear aims a camera at the deer, does the character in orange hunting gear start a campfire in the forest? (Time: 2.0 to 1906.0 seconds)",
        "answer": "No",
        "old_answer": "No"
    },
    {
        "qa_idx": 4,
        "qa_task": "spatial-relationship",
        "question": "Where is the squirrel with an acorn located in the scene from 61.0 to 68.0 seconds?",
        "options": [
            "A. Near a rock.",
            "B. Near the tree trunk.",
            "C. In the tree canopy.",
            "D. On the forest floor."
        ],
        "answer": "B",
        "qa_level": "within_event",
        "qa_type": "mcqa",
        "old_answer": "B"
    },
    {
        "qa_idx": 6,
        "qa_task": "descriptive-scene",
        "question": "Where do the events in the video from 492.0 to 586.0 seconds and H to e seconds primarily take place?",
        "options": [
            "A. A hand-drawn animation style stage with red curtains and a classroom setting.",
            "B. A forest with animated animals.",
            "C. A city street with animated cars.",
            "D. A beach with animated waves."
        ],
        "answer": "A",
        "qa_level": "cross_event",
        "qa_type": "mcqa",
        "old_answer": "A"
    },
    {
        "qa_idx": 7,
        "qa_task": "camera-direction",
        "question": "How does the camera movement contribute to the storytelling in the scenes from 234.0 to 303.0 seconds?",
        "options": [
            "A. The camera remains static, focusing on the characters and their actions.",
            "B. The camera moves forward to highlight the details of the laboratory setup and the ongoing experiments.",
            "C. The camera pans around the room to show the entire laboratory environment.",
            "D. The camera zooms out to provide a broader view of the scene."
        ],
        "answer": "B",
        "qa_level": "cross_event",
        "qa_type": "mcqa",
        "old_answer": "B"
    },
    {
        "qa_idx": 8,
        "qa_task": "character-understanding",
        "question": "What are the main actions of the characters in the video events from 885.0 to 947.0 seconds?",
        "options": [
            "A. A blue character relaxes on a sofa, a stick figure stands beside a TV, and a shadowy figure shows distress.",
            "B. A blue character dances around the room, a stick figure plays with a ball, and a shadowy figure sings.",
            "C. A blue character cooks in the kitchen, a stick figure reads a book, and a shadowy figure paints.",
            "D. A blue character sleeps on the floor, a stick figure watches TV, and a shadowy figure exercises."
        ],
        "answer": "A",
        "qa_level": "cross_event",
        "qa_type": "mcqa",
        "old_answer": "A"
    },
    {
        "qa_idx": 9,
        "qa_task": "character-understanding",
        "question": "How do the characters' behaviors change from the beginning to the end of the events described between 424.0 seconds to 486.0 seconds?",
        "options": [
            "A. They start in distress in water and end in a lively musical classroom setting.",
            "B. They start in a lively musical classroom setting and end in distress in water.",
            "C. They remain in distress throughout the events.",
            "D. They remain in a lively musical classroom setting throughout the events."
        ],
        "answer": "A",
        "qa_level": "cross_event",
        "qa_type": "mcqa",
        "old_answer": "A"
    },
    {
        "qa_idx": 10,
        "qa_task": "temporal-relationship",
        "question": "What happens after the character in green camouflage gear aims a camera at the deer in the forest?",
        "options": [
            "A. The character in orange hunting gear holds a rifle and smiles.",
            "B. The character in green outfit and glasses uses a camera.",
            "C. The character with a large gray mustache holds a rifle with a focused expression.",
            "D. The character in green camouflage gear drinks from a bottle while gripping a lever."
        ],
        "answer": "A",
        "qa_level": "long_term",
        "qa_type": "mcqa",
        "old_answer": "A"
    },
    {
        "qa_idx": 11,
        "qa_task": "spatial-relationship",
        "question": "Where is the character holding a camera positioned in the forest scene from 2.0 to 1906.0 seconds?",
        "options": [
            "A. Near a rock.",
            "B. On a tree branch.",
            "C. Inside a wooden house.",
            "D. Next to a waterfall."
        ],
        "answer": "A",
        "qa_level": "long_term",
        "qa_type": "mcqa",
        "old_answer": "A"
    },
    {
        "qa_idx": 12,
        "qa_task": "causal",
        "question": "Why did the character in green camouflage gear aim a camera in the forest at 2.0 to 1906.0 seconds?",
        "options": [
            "A. To photograph the wildlife.",
            "B. To hunt animals.",
            "C. To cut down trees.",
            "D. To build a house."
        ],
        "answer": "A",
        "qa_level": "long_term",
        "qa_type": "mcqa",
        "old_answer": "A"
    },
    {
        "qa_idx": 13,
        "qa_task": "plot-understanding",
        "question": "What is the main theme of the video from 2.0 to 1906.0 seconds?",
        "options": [
            "A. A scientific laboratory experiment.",
            "B. A lively and playful forest environment.",
            "C. A beach setting with various activities.",
            "D. An urban scene with educational contexts."
        ],
        "answer": "B",
        "qa_level": "long_term",
        "qa_type": "mcqa",
        "old_answer": "B"
    },
    {
        "qa_idx": 14,
        "qa_task": "object-direction",
        "question": "In the animated forest scene from 2.0 to 1906.0 seconds, which direction does the character holding a camera move relative to the tree trunk?",
        "options": [
            "A. Towards the tree trunk.",
            "B. Away from the tree trunk.",
            "C. Around the tree trunk.",
            "D. Over the tree trunk."
        ],
        "answer": "A",
        "qa_level": "long_term",
        "qa_type": "mcqa",
        "old_answer": "A"
    },
    {
        "qa_idx": 15,
        "qa_task": "speed",
        "question": "Which character is moving faster in the forest scene from 2.0 to 1906.0 seconds?",
        "options": [
            "A. The character holding a camera.",
            "B. The character holding a rifle.",
            "C. The character fleeing from a large machine.",
            "D. The character with a large gray mustache."
        ],
        "answer": "C",
        "qa_level": "long_term",
        "qa_type": "mcqa",
        "old_answer": "C"
    },
    {
        "qa_idx": 16,
        "qa_task": "attribute-change",
        "question": "How does the environment change from the beginning to the end of the video from 2.0 to 1906.0 seconds?",
        "options": [
            "A. From a forest to a beach.",
            "B. From a forest to a laboratory.",
            "C. From a forest to a cityscape.",
            "D. From a forest to a classroom."
        ],
        "answer": "B",
        "qa_level": "long_term",
        "qa_type": "mcqa",
        "old_answer": "B"
    },
    {
        "qa_idx": 18,
        "qa_task": "object understanding",
        "question": "What objects are prominently displayed in the forest environment at the beginning of the video?",
        "options": [
            "A. A colorful poster and a quaint wooden house.",
            "B. A large yellow circular saw and a maze-like environment.",
            "C. A science laboratory with a periodic table.",
            "D. A red armchair and a wooden wardrobe."
        ],
        "answer": "A",
        "qa_level": "long_term",
        "qa_type": "mcqa",
        "old_answer": "A"
    },
    {
        "qa_idx": 20,
        "qa_task": "descriptive-scene",
        "question": "What is the primary setting of the video from 2.0 to 1906.0 seconds?",
        "options": [
            "A. A lively and playful forest environment.",
            "B. A bustling cityscape.",
            "C. A serene beach setting.",
            "D. A cozy living room."
        ],
        "answer": "A",
        "qa_level": "long_term",
        "qa_type": "mcqa",
        "old_answer": "A"
    }
]