[
    {
        "qa_idx": 1,
        "qa_task": "descriptive-scene",
        "question": "What is the arrangement of the hexagonal shapes in the video frame at 705.0 seconds?",
        "options": [
            "A. Three gray hexagons in a row with one red hexagon below them.",
            "B. Four red hexagons in a circle.",
            "C. Two gray hexagons and two red hexagons in a square.",
            "D. Three red hexagons in a row with one gray hexagon below them."
        ],
        "answer": "A",
        "qa_level": "frame",
        "qa_type": "mcqa",
        "old_answer": "A"
    },
    {
        "qa_idx": 2,
        "qa_type": "qa",
        "qa_level": "within_event",
        "qa_task": "object understanding",
        "question": "Is there a microphone stand between the two men in the video from 635.0 to 696.0 seconds?",
        "answer": "Yes",
        "old_answer": "Yes"
    },
    {
        "qa_idx": 3,
        "qa_type": "qa",
        "qa_level": "cross_event",
        "qa_task": "character-understanding",
        "question": "Were the two men seated side by side in both video events from 2025.0 to 2156.0 and 2386.0 to 2446.0?",
        "answer": "Yes",
        "old_answer": "Yes"
    },
    {
        "qa_idx": 4,
        "qa_type": "qa",
        "qa_level": "cross_event",
        "qa_task": "speed",
        "question": "From 2025.0 to 2156.0 and 2386.0 to 2446.0, do the men in 'The WAN Show' appear to be engaged in a fast-paced discussion?",
        "answer": "No",
        "old_answer": "No"
    },
    {
        "qa_idx": 5,
        "qa_task": "speed",
        "question": "From 635.0 to 696.0 seconds, which man is moving faster?",
        "options": [
            "A. The man on the left.",
            "B. The man on the right.",
            "C. Both are moving at the same speed.",
            "D. Neither man is moving."
        ],
        "answer": "D",
        "qa_level": "within_event",
        "qa_type": "mcqa",
        "old_answer": "D"
    },
    {
        "qa_idx": 6,
        "qa_type": "qa",
        "qa_level": "long_term",
        "qa_task": "object understanding",
        "question": "Is there a central microphone positioned between the two men throughout the video from 20.0 to 3107.0 seconds?",
        "answer": "Yes",
        "old_answer": "Yes"
    },
    {
        "qa_idx": 8,
        "qa_type": "qa",
        "qa_level": "long_term",
        "qa_task": "action-understanding",
        "question": "Do the two men in the video perform a live unboxing of a new tech gadget during their discussion from 20.0 to 3107.0 seconds?",
        "answer": "No",
        "old_answer": "No"
    },
    {
        "qa_idx": 9,
        "qa_task": "scene-understanding",
        "question": "What is the initial scene of the event from 716.0 to 787.0 seconds?",
        "options": [
            "A. A title screen showcasing 'The WAN Show' with hexagonal shapes in shades of red and gray.",
            "B. Two men seated side by side in a recording setting.",
            "C. An advertisement for 'SYNERGY' software.",
            "D. An advertisement for 'Savage Jerky' with a 10% discount code 'LTT'."
        ],
        "answer": "A",
        "qa_level": "within_event",
        "qa_type": "mcqa",
        "old_answer": "A"
    },
    {
        "qa_idx": 10,
        "qa_task": "spatial-relationship",
        "question": "Where are the two men located in the frame during the event from 1284.0 to 1354.0 seconds?",
        "options": [
            "A. Upper-left section.",
            "B. Upper-right section.",
            "C. Lower-left section.",
            "D. Lower-right section."
        ],
        "answer": "B",
        "qa_level": "cross_event",
        "qa_type": "mcqa",
        "old_answer": "B"
    },
    {
        "qa_idx": 12,
        "qa_task": "spatial-relationship",
        "question": "In the event from 788.0 to 1187.0 seconds, where is the microphone positioned relative to the two men?",
        "options": [
            "A. To the left of both men.",
            "B. To the right of both men.",
            "C. Centrally positioned between the two men.",
            "D. Behind the two men."
        ],
        "answer": "C",
        "qa_level": "cross_event",
        "qa_type": "mcqa",
        "old_answer": "C"
    },
    {
        "qa_idx": 14,
        "qa_task": "temporal-relationship",
        "question": "What were the two men discussing before the pixelated animation of a person navigating through a swamp appeared?",
        "options": [
            "A. They were discussing a Bloomberg Businessweek article.",
            "B. They were discussing GPU performance benchmarks.",
            "C. They were discussing cybersecurity news.",
            "D. They were discussing 'Savage Jerky' advertisement."
        ],
        "answer": "B",
        "qa_level": "long_term",
        "qa_type": "mcqa",
        "old_answer": "B"
    },
    {
        "qa_idx": 15,
        "qa_task": "spatial-relationship",
        "question": "Where is the microphone positioned relative to the two men in the video from 20.0 to 3107.0 seconds?",
        "options": [
            "A. To the left of both men.",
            "B. To the right of both men.",
            "C. Centrally between the two men.",
            "D. Behind the two men."
        ],
        "answer": "C",
        "qa_level": "long_term",
        "qa_type": "mcqa",
        "old_answer": "C"
    },
    {
        "qa_idx": 18,
        "qa_task": "object-direction",
        "question": "In which direction are the two men seated relative to each other in the video from 20.0 to 3107.0 seconds?",
        "options": [
            "A. The man in the light grey T-shirt is on the left and the man in the black T-shirt is on the right.",
            "B. The man in the black T-shirt is on the left and the man in the light grey T-shirt is on the right.",
            "C. Both men are seated facing each other.",
            "D. Both men are seated back to back."
        ],
        "answer": "A",
        "qa_level": "long_term",
        "qa_type": "mcqa",
        "old_answer": "A"
    },
    {
        "qa_idx": 19,
        "qa_task": "camera-direction",
        "question": "In the video event from 20.0 to 3107.0 seconds, what does the camera do when the two men are discussing technology in front of a geometric background?",
        "options": [
            "A. The camera zooms in on the computer screen.",
            "B. The camera pans to the left to show more of the studio.",
            "C. The camera remains static, focusing on the two men and the background.",
            "D. The camera moves closer to the microphone."
        ],
        "answer": "C",
        "qa_level": "long_term",
        "qa_type": "mcqa",
        "old_answer": "C"
    },
    {
        "qa_idx": 20,
        "qa_task": "speed",
        "question": "Which man is speaking faster during the tech discussion in 'The WAN Show' from 20.0 to 3107.0 seconds?",
        "options": [
            "A. The man in the light grey T-shirt.",
            "B. The man in the black graphic T-shirt.",
            "C. Both are speaking at the same speed.",
            "D. Neither of them is speaking."
        ],
        "answer": "A",
        "qa_level": "long_term",
        "qa_type": "mcqa",
        "old_answer": "A"
    },
    {
        "qa_idx": 21,
        "qa_task": "attribute-change",
        "question": "How does the background change throughout the video event from 20.0 to 3107.0 seconds?",
        "options": [
            "A. The background changes from a geometric pattern to a pixelated animation.",
            "B. The background changes from a pixelated animation to a geometric pattern.",
            "C. The background remains the same throughout the video.",
            "D. The background changes from a solid color to a geometric pattern."
        ],
        "answer": "B",
        "qa_level": "long_term",
        "qa_type": "mcqa",
        "old_answer": "B"
    },
    {
        "qa_idx": 24,
        "qa_task": "time-order",
        "question": "In which order do the events occur in the video from 20.0 to 3107.0 seconds?",
        "options": [
            "A. The men discuss GPU performance, then a pixelated animation of a swamp scene, followed by an advertisement for 'SYNERGY' software, and finally a discussion on cybersecurity news.",
            "B. The men discuss GPU performance, then a pixelated animation of a swamp scene, followed by a discussion on cybersecurity news, and finally an advertisement for 'SYNERGY' software.",
            "C. The men discuss cybersecurity news, then a pixelated animation of a swamp scene, followed by an advertisement for 'SYNERGY' software, and finally a discussion on GPU performance.",
            "D. The men discuss GPU performance, then a discussion on cybersecurity news, followed by a pixelated animation of a swamp scene, and finally an advertisement for 'SYNERGY' software."
        ],
        "answer": "A",
        "qa_level": "long_term",
        "qa_type": "mcqa",
        "old_answer": "A"
    }
]