[
    {
        "qa_idx": 0,
        "qa_type": "qa",
        "qa_level": "frame",
        "qa_task": "object understanding",
        "question": "Is there a toy prominently positioned in the foreground at 457.0 seconds into the video?",
        "answer": "Yes",
        "old_answer": "Yes"
    },
    {
        "qa_idx": 1,
        "qa_task": "character-understanding",
        "question": "What is the red toy in the video doing at 517.0 seconds?",
        "options": [
            "A. The red toy is sitting on the bookshelf.",
            "B. The red toy is peeking from behind a slightly opened wooden door.",
            "C. The red toy is lying on the floor.",
            "D. The red toy is on top of the drawer."
        ],
        "answer": "B",
        "qa_level": "frame",
        "qa_type": "mcqa",
        "old_answer": "B"
    },
    {
        "qa_idx": 2,
        "qa_type": "qa",
        "qa_level": "within_event",
        "qa_task": "action-understanding",
        "question": "During the event from 774.0 to 835.0 seconds, do the animated toy characters engage in a cooking competition?",
        "answer": "No",
        "old_answer": "No"
    },
    {
        "qa_idx": 3,
        "qa_task": "descriptive-scene",
        "question": "What is the overall environment of the room at 997.0 seconds into the video?",
        "options": [
            "A. Calm and serene.",
            "B. Lively and playful.",
            "C. Dark and gloomy.",
            "D. Minimalistic and modern."
        ],
        "answer": "B",
        "qa_level": "frame",
        "qa_type": "mcqa",
        "old_answer": "B"
    },
    {
        "qa_idx": 4,
        "qa_type": "qa",
        "qa_level": "within_event",
        "qa_task": "plot-understanding",
        "question": "Does the video event from 1494.0 to 1558.0 seconds feature a transition from an indoor to an outdoor setting?",
        "answer": "Yes",
        "old_answer": "Yes"
    },
    {
        "qa_idx": 5,
        "qa_task": "speed",
        "question": "Between the animated bear and the robotic toy on a unicycle, which one is moving faster in the indoor scene from 952.0 to 1017.0 seconds?",
        "options": [
            "A. The animated bear.",
            "B. The robotic toy on a unicycle.",
            "C. Both are moving at the same speed.",
            "D. None of the above."
        ],
        "answer": "B",
        "qa_level": "within_event",
        "qa_type": "mcqa",
        "old_answer": "B"
    },
    {
        "qa_idx": 8,
        "qa_task": "character-understanding",
        "question": "What activities are the toys engaging in during the events from 384.0 to 444.0 seconds?",
        "options": [
            "A. The toys are engaging in various playful activities, including playing with colorful balls and art supplies.",
            "B. The toys are primarily resting and not engaging in any activities.",
            "C. The toys are involved in a competitive sports event.",
            "D. The toys are being packed away into storage."
        ],
        "answer": "A",
        "qa_level": "cross_event",
        "qa_type": "mcqa",
        "old_answer": "A"
    },
    {
        "qa_idx": 9,
        "qa_task": "temporal-relationship",
        "question": "What happens after the scene with the yellow bird holding a blue-striped umbrella against a cloudy sky?",
        "options": [
            "A. The scene shifts to a snowy environment with snowflakes and a snowy landscape.",
            "B. The scene transitions to a vibrant outdoor setting with rolling green hills and stylized trees.",
            "C. The scene shows a large green tree and a pink character with a red bow resting within the tree canopy.",
            "D. The scene depicts a toy bear riding a sled against a winter-themed blue background."
        ],
        "answer": "A",
        "qa_level": "long_term",
        "qa_type": "mcqa",
        "old_answer": "A"
    },
    {
        "qa_idx": 11,
        "qa_task": "speed",
        "question": "Which character is moving faster in the video from 10.0 to 1829.0 seconds?",
        "options": [
            "A. The character with a green helmet riding a bicycle.",
            "B. The yellow bird-like toy character.",
            "C. The red fox character.",
            "D. The white bear character."
        ],
        "answer": "A",
        "qa_level": "long_term",
        "qa_type": "mcqa",
        "old_answer": "A"
    },
    {
        "qa_idx": 12,
        "qa_task": "attribute-change",
        "question": "How does the background change from the beginning to the end of the video event from 10.0 to 1829.0 seconds?",
        "options": [
            "A. From a vibrant amusement park to a serene indoor setting.",
            "B. From a lush green landscape to a snowy environment.",
            "C. From a whimsical forest to a vibrant indoor playroom.",
            "D. From a colorful animated landscape to a serene countryside."
        ],
        "answer": "D",
        "qa_level": "long_term",
        "qa_type": "mcqa",
        "old_answer": "D"
    },
    {
        "qa_idx": 13,
        "qa_task": "object understanding",
        "question": "What kind of toy is prominently featured in the animated scenes from 10.0 to 1829.0 seconds?",
        "options": [
            "A. A yellow bird-like toy.",
            "B. A red fox toy.",
            "C. A blue bear toy.",
            "D. A green dinosaur toy."
        ],
        "answer": "A",
        "qa_level": "long_term",
        "qa_type": "mcqa",
        "old_answer": "A"
    },
    {
        "qa_idx": 14,
        "qa_task": "time-order",
        "question": "In which order do the events occur in the video from 10.0 to 1829.0 seconds?",
        "options": [
            "A. The scene begins with a vibrant, animated outdoor environment featuring an amusement park, followed by a group of animated characters gathering on a colorful platform, and then transitions to various playful scenes with toys and animated animals. The event concludes with a bright, animated landscape with rolling hills and colorful trees.",
            "B. The scene begins with a bright and cheerful outdoor scene set in a colorful animated landscape, followed by a vibrant and colorful outdoor scene featuring a playful and idyllic setting. The event concludes with a bright and colorful outdoor scene in a whimsical forest.",
            "C. The scene begins with a vibrant, animated outdoor environment featuring an amusement park, followed by a group of animated characters gathering on a colorful platform, and then transitions to various playful scenes with toys and animated animals. The event concludes with a bright and colorful outdoor scene in a whimsical forest.",
            "D. The scene begins with a bright and cheerful outdoor scene set in a colorful animated landscape, followed by a vibrant and colorful outdoor scene featuring a playful and idyllic setting. The event concludes with a bright, animated landscape with rolling hills and colorful trees."
        ],
        "answer": "A",
        "qa_level": "long_term",
        "qa_type": "mcqa",
        "old_answer": "A"
    }
]