[
    {
        "qa_idx": 0,
        "qa_type": "qa",
        "qa_level": "frame",
        "qa_task": "object understanding",
        "question": "Are the cartoon characters dressed as sailors in the video frame at 346.0 seconds?",
        "answer": "Yes",
        "old_answer": "Yes"
    },
    {
        "qa_idx": 1,
        "qa_task": "object understanding",
        "question": "What is the appearance of the animated character depicted at 1911.0 seconds into the video?",
        "options": [
            "A. A large, green, spherical body with a prominent red nose.",
            "B. A small, blue, rectangular body with a yellow hat.",
            "C. A tall, purple, cylindrical body with a green scarf.",
            "D. A medium, orange, triangular body with a blue bow tie."
        ],
        "answer": "A",
        "qa_level": "frame",
        "qa_type": "mcqa",
        "old_answer": "A"
    },
    {
        "qa_idx": 2,
        "qa_type": "qa",
        "qa_level": "frame",
        "qa_task": "character-understanding",
        "question": "Is there a large blue animated character partially in view at 647.0 seconds into the video?",
        "answer": "Yes",
        "old_answer": "Yes"
    },
    {
        "qa_idx": 3,
        "qa_type": "qa",
        "qa_level": "within_event",
        "qa_task": "action-understanding",
        "question": "Does the mummy-like figure unwrap itself from the bandages during the scene from 1994.0 to 2006.0 seconds?",
        "answer": "No",
        "old_answer": "No"
    },
    {
        "qa_idx": 4,
        "qa_task": "object understanding",
        "question": "What is the appearance of the anthropomorphic character in the frame at 129.0 seconds?",
        "options": [
            "A. A green character with a small nose and no fangs.",
            "B. A blue character with a large red nose and two prominent fangs.",
            "C. A yellow character with a long tail and sharp claws.",
            "D. A red character with wings and a beak."
        ],
        "answer": "B",
        "qa_level": "frame",
        "qa_type": "mcqa",
        "old_answer": "B"
    },
    {
        "qa_idx": 5,
        "qa_type": "qa",
        "qa_level": "within_event",
        "qa_task": "speed",
        "question": "Did the characters in the animated segment move quickly throughout the event from 909.0 to 972.0 seconds?",
        "answer": "No",
        "old_answer": "No"
    },
    {
        "qa_idx": 6,
        "qa_task": "character-understanding",
        "question": "What is the expression of the blue cartoonish creature in the video frame at 444.0 seconds?",
        "options": [
            "A. Happy.",
            "B. Angry.",
            "C. Surprised or distressed.",
            "D. Sad."
        ],
        "answer": "C",
        "qa_level": "frame",
        "qa_type": "mcqa",
        "old_answer": "C"
    },
    {
        "qa_idx": 7,
        "qa_type": "qa",
        "qa_level": "cross_event",
        "qa_task": "action-understanding",
        "question": "In the event from 1372.0 to 1436.0, do the insect characters interact with a purple creature with red and yellow eyes and black antennae in a tense scene?",
        "answer": "Yes",
        "old_answer": "Yes"
    },
    {
        "qa_idx": 8,
        "qa_task": "character-understanding",
        "question": "What is the character with exaggerated features doing at 1784.0 seconds into the video?",
        "options": [
            "A. The character is writing on the wall.",
            "B. The character is looking up at the flask.",
            "C. The character is mixing chemicals.",
            "D. The character is reading a book."
        ],
        "answer": "B",
        "qa_level": "frame",
        "qa_type": "mcqa",
        "old_answer": "B"
    },
    {
        "qa_idx": 9,
        "qa_task": "character-understanding",
        "question": "What is the expression of the animated character at 483.0 seconds into the video?",
        "options": [
            "A. Happy and smiling.",
            "B. Sad and crying.",
            "C. Intense and focused.",
            "D. Surprised and shocked."
        ],
        "answer": "C",
        "qa_level": "frame",
        "qa_type": "mcqa",
        "old_answer": "C"
    },
    {
        "qa_idx": 10,
        "qa_task": "descriptive-scene",
        "question": "Where is the scene taking place at 1895.0 seconds into the video?",
        "options": [
            "A. In a vibrant, green park.",
            "B. In a busy city street.",
            "C. Inside a shopping mall.",
            "D. In a classroom."
        ],
        "answer": "A",
        "qa_level": "frame",
        "qa_type": "mcqa",
        "old_answer": "A"
    },
    {
        "qa_idx": 11,
        "qa_task": "character-understanding",
        "question": "What is the character in the video frame doing at 1232.0 seconds?",
        "options": [
            "A. The character is reading a book.",
            "B. The character is watching television.",
            "C. The character is talking on the phone.",
            "D. The character is playing a musical instrument."
        ],
        "answer": "B",
        "qa_level": "frame",
        "qa_type": "mcqa",
        "old_answer": "B"
    },
    {
        "qa_idx": 12,
        "qa_task": "descriptive-scene",
        "question": "What is the background theme in the video frame at 1311.0 seconds?",
        "options": [
            "A. A forest.",
            "B. A cityscape.",
            "C. An underwater theme.",
            "D. A desert."
        ],
        "answer": "C",
        "qa_level": "frame",
        "qa_type": "mcqa",
        "old_answer": "C"
    },
    {
        "qa_idx": 13,
        "qa_task": "spatial-relationship",
        "question": "What are the animated characters standing on at 294.0 seconds into the video?",
        "options": [
            "A. A yellow rubber raft.",
            "B. A wooden boat.",
            "C. A sandy beach.",
            "D. A grassy field."
        ],
        "answer": "A",
        "qa_level": "frame",
        "qa_type": "mcqa",
        "old_answer": "A"
    },
    {
        "qa_idx": 14,
        "qa_task": "attribute-change",
        "question": "How does the setting change towards the end of the event from 1559.0 to 1601.0 seconds?",
        "options": [
            "A. The scene remains consistently outdoors with no significant changes.",
            "B. The scene shifts to a bright, indoor setting with animated characters on sports fields.",
            "C. The scene becomes darker and more ominous.",
            "D. The scene transitions to a night-time outdoor setting."
        ],
        "answer": "B",
        "qa_level": "within_event",
        "qa_type": "mcqa",
        "old_answer": "B"
    },
    {
        "qa_idx": 15,
        "qa_task": "object understanding",
        "question": "What are the distinctive features of the blue cartoon character in the video from 1920.0 to 1987.0 seconds?",
        "options": [
            "A. Green eyes and a prominent red nose.",
            "B. Yellow eyes and a small blue nose.",
            "C. Brown eyes and a large yellow nose.",
            "D. Blue eyes and a tiny green nose."
        ],
        "answer": "A",
        "qa_level": "within_event",
        "qa_type": "mcqa",
        "old_answer": "A"
    },
    {
        "qa_idx": 16,
        "qa_task": "character-understanding",
        "question": "Which characters are involved in the scene from 385.0 to 397.0 seconds?",
        "options": [
            "A. A green and larger character, a smaller grey character, and a blue cat.",
            "B. A red character, a yellow character, and a green cat.",
            "C. A purple character, a blue character, and a grey cat.",
            "D. A green and larger character, a smaller grey character, and a red cat."
        ],
        "answer": "A",
        "qa_level": "within_event",
        "qa_type": "mcqa",
        "old_answer": "A"
    },
    {
        "qa_idx": 17,
        "qa_task": "object-direction",
        "question": "In which direction is the green character holding the sextant looking while being hugged by the blue character on the raft from 112.0 to 173.0 seconds?",
        "options": [
            "A. Forward.",
            "B. Backward.",
            "C. Left.",
            "D. Right."
        ],
        "answer": "A",
        "qa_level": "within_event",
        "qa_type": "mcqa",
        "old_answer": "A"
    },
    {
        "qa_idx": 18,
        "qa_task": "spatial-relationship",
        "question": "In the event from 1262.0 to 1322.0 seconds, where is the blue creature with a red nose and white gloves positioned in relation to the power outlet?",
        "options": [
            "A. Next to the power outlet.",
            "B. Against the fish-patterned wall.",
            "C. On a red cushion.",
            "D. In front of the goalpost."
        ],
        "answer": "B",
        "qa_level": "cross_event",
        "qa_type": "mcqa",
        "old_answer": "B"
    },
    {
        "qa_idx": 20,
        "qa_task": "scene-understanding",
        "question": "What is the primary setting of the events described in both video descriptions from 1498.0 to 1558.0 seconds and H to e seconds?",
        "options": [
            "A. A suburban neighborhood with a single-story house and lush green lawns.",
            "B. An industrial or underground setting with graffiti-covered backdrops.",
            "C. A grassy lawn near a red wall with anthropomorphic insects.",
            "D. A yellow building with blue windows and a well-maintained lawn."
        ],
        "answer": "A",
        "qa_level": "cross_event",
        "qa_type": "mcqa",
        "old_answer": "A"
    },
    {
        "qa_idx": 21,
        "qa_task": "temporal-relationship",
        "question": "What were the two animated characters doing before they started fishing on the yellow inflatable raft?",
        "options": [
            "A. They were using a sextant and looking at a red package labeled 'Miam Miam'.",
            "B. They were interacting with a first-aid kit and a box with colorful raised symbols.",
            "C. They were hugging each other and holding a box of snacks.",
            "D. They were riding a yellow-and-black speedboat."
        ],
        "answer": "A",
        "qa_level": "long_term",
        "qa_type": "mcqa",
        "old_answer": "A"
    },
    {
        "qa_idx": 22,
        "qa_task": "spatial-relationship",
        "question": "Where is the green cartoon cat with a red nose positioned when it is seen peeking through binoculars?",
        "options": [
            "A. On a yellow inflatable raft.",
            "B. On a pink swan pool toy.",
            "C. On a wooden floor.",
            "D. On a diving board."
        ],
        "answer": "A",
        "qa_level": "long_term",
        "qa_type": "mcqa",
        "old_answer": "A"
    },
    {
        "qa_idx": 25,
        "qa_task": "object-direction",
        "question": "In which direction does the large bird-like character appear relative to the green cartoon cat with a red nose in the video from 1.0 to 2006.0 seconds?",
        "options": [
            "A. To the left of the green cartoon cat.",
            "B. To the right of the green cartoon cat.",
            "C. Above the green cartoon cat.",
            "D. Below the green cartoon cat."
        ],
        "answer": "A",
        "qa_level": "long_term",
        "qa_type": "mcqa",
        "old_answer": "A"
    },
    {
        "qa_idx": 26,
        "qa_task": "camera-direction",
        "question": "What is the camera doing when the scene transitions from the serene ocean view to the inflatable yellow and orange raft with two characters floating on the ocean at 1.0 to 2006.0 seconds?",
        "options": [
            "A. The camera is zooming in on the characters.",
            "B. The camera is panning to the left.",
            "C. The camera is moving closer to the raft.",
            "D. The camera is tilting upwards."
        ],
        "answer": "C",
        "qa_level": "long_term",
        "qa_type": "mcqa",
        "old_answer": "C"
    },
    {
        "qa_idx": 27,
        "qa_task": "speed",
        "question": "Which is faster, the yellow-and-black speedboat or the inflatable banana boat?",
        "options": [
            "A. The yellow-and-black speedboat.",
            "B. The inflatable banana boat.",
            "C. Both are at the same speed.",
            "D. None of the above."
        ],
        "answer": "A",
        "qa_level": "long_term",
        "qa_type": "mcqa",
        "old_answer": "A"
    },
    {
        "qa_idx": 28,
        "qa_task": "character-understanding",
        "question": "What is the green cartoon cat with a red nose doing in the video from 1.0 to 2006.0 seconds?",
        "options": [
            "A. The green cartoon cat is using a binocular and examining various objects.",
            "B. The green cartoon cat is playing with a ball.",
            "C. The green cartoon cat is dancing.",
            "D. The green cartoon cat is sleeping."
        ],
        "answer": "A",
        "qa_level": "long_term",
        "qa_type": "mcqa",
        "old_answer": "A"
    },
    {
        "qa_idx": 29,
        "qa_task": "time-order",
        "question": "In which order do the events occur in the video from 1.0 to 2006.0 seconds?",
        "options": [
            "A. The event begins with a completely black frame, transitions to an ocean scene with a lifeboat, and then shows characters on a yellow inflatable raft.",
            "B. The event starts with a serene ocean scene, transitions to characters holding a red box labeled 'Mlam Mlam', and then shows characters fishing on a yellow raft.",
            "C. The event begins with characters on a yellow inflatable raft, transitions to a scene with a green cartoon cat using a sextant, and then shows characters fishing.",
            "D. The event starts with a black frame, transitions to a serene ocean scene with a lifeboat, and then shows characters interacting with a first-aid kit."
        ],
        "answer": "A",
        "qa_level": "long_term",
        "qa_type": "mcqa",
        "old_answer": "A"
    }
]