[
    {
        "qa_idx": 0,
        "qa_task": "character-understanding",
        "question": "What is the person holding in the video frame at 2579.0 seconds?",
        "options": [
            "A. A book.",
            "B. A tin can.",
            "C. A plastic bottle.",
            "D. A piece of paper."
        ],
        "answer": "B",
        "qa_level": "frame",
        "qa_type": "mcqa",
        "old_answer": "B"
    },
    {
        "qa_idx": 1,
        "qa_type": "qa",
        "qa_level": "frame",
        "qa_task": "character-understanding",
        "question": "Is the man seated in a bedroom or living area at 427.0 seconds into the video?",
        "answer": "Yes",
        "old_answer": "Yes"
    },
    {
        "qa_idx": 2,
        "qa_task": "character-understanding",
        "question": "What is the cat doing at 610.0 seconds into the video?",
        "options": [
            "A. The cat is playing with a toy.",
            "B. The cat is eating.",
            "C. The cat is lying down and resting.",
            "D. The cat is climbing a tree."
        ],
        "answer": "C",
        "qa_level": "frame",
        "qa_type": "mcqa",
        "old_answer": "C"
    },
    {
        "qa_idx": 3,
        "qa_task": "spatial-relationship",
        "question": "What is the hand holding in the frame at 668.0 seconds?",
        "options": [
            "A. A metal pet food bowl.",
            "B. A purple scoop.",
            "C. A piece of dry pet food.",
            "D. A wooden surface."
        ],
        "answer": "B",
        "qa_level": "frame",
        "qa_type": "mcqa",
        "old_answer": "B"
    },
    {
        "qa_idx": 4,
        "qa_type": "qa",
        "qa_level": "within_event",
        "qa_task": "action-understanding",
        "question": "Is the individual wearing a green shirt throughout the entire event from 1432.0 to 1618.0 seconds?",
        "answer": "Yes",
        "old_answer": "Yes"
    },
    {
        "qa_idx": 5,
        "qa_task": "speed",
        "question": "From 191.0 to 231.0 seconds, how does the speed of the scene transition compare to the movement of the cat?",
        "options": [
            "A. The scene transitions faster than the cat moves.",
            "B. The cat moves faster than the scene transitions.",
            "C. Both the scene transitions and the cat move at the same speed.",
            "D. There is no movement in the scene."
        ],
        "answer": "A",
        "qa_level": "within_event",
        "qa_type": "mcqa",
        "old_answer": "A"
    },
    {
        "qa_idx": 6,
        "qa_type": "qa",
        "qa_level": "cross_event",
        "qa_task": "action-understanding",
        "question": "Between 116.0 and 180.0 seconds, does the man in the green shirt play with the two cats in the room?",
        "answer": "No",
        "old_answer": "No"
    },
    {
        "qa_idx": 8,
        "qa_task": "camera-direction",
        "question": "Does the camera move closer to the hand scooping pet food or does it stay at a distance in the video from 652.0 to 804.0 seconds?",
        "options": [
            "A. The camera moves closer to the hand scooping pet food.",
            "B. The camera stays at a distance.",
            "C. The camera moves away from the hand scooping pet food.",
            "D. The camera moves around the kitchen."
        ],
        "answer": "A",
        "qa_level": "within_event",
        "qa_type": "mcqa",
        "old_answer": "A"
    },
    {
        "qa_idx": 9,
        "qa_task": "temporal-relationship",
        "question": "What happens after the hand fills the bowls with dry food in the kitchen scene from 652.0 to 804.0 seconds?",
        "options": [
            "A. The hand scoops more dry pet food from the blue container.",
            "B. The cats start interacting with the bowls.",
            "C. The kitchen floor is cleaned.",
            "D. The bowls are placed back into the blue container."
        ],
        "answer": "B",
        "qa_level": "cross_event",
        "qa_type": "mcqa",
        "old_answer": "B"
    },
    {
        "qa_idx": 12,
        "qa_task": "camera-direction",
        "question": "How does the camera movement change from 116.0 seconds to 2635.0 seconds in the video?",
        "options": [
            "A. The camera remains static throughout the video.",
            "B. The camera moves closer to the subjects and changes angles to capture different parts of the house.",
            "C. The camera zooms out to capture a wider view of the room.",
            "D. The camera follows the cats as they move around the house."
        ],
        "answer": "B",
        "qa_level": "long_term",
        "qa_type": "mcqa",
        "old_answer": "B"
    },
    {
        "qa_idx": 13,
        "qa_task": "attribute-change",
        "question": "How does the setting change from 116.0 seconds to 2635.0 seconds?",
        "options": [
            "A. The setting changes from a well-lit room with a man to a kitchen with two cats.",
            "B. The setting changes from a dark room with a man to a bright outdoor scene.",
            "C. The setting changes from a kitchen with two cats to a well-lit room with a man.",
            "D. The setting remains the same throughout the video."
        ],
        "answer": "A",
        "qa_level": "long_term",
        "qa_type": "mcqa",
        "old_answer": "A"
    },
    {
        "qa_idx": 14,
        "qa_task": "character-understanding",
        "question": "What is the man wearing in the video from 116.0 seconds to 2696.0 seconds?",
        "options": [
            "A. A red shirt.",
            "B. A blue shirt.",
            "C. A green shirt.",
            "D. A black shirt."
        ],
        "answer": "C",
        "qa_level": "long_term",
        "qa_type": "mcqa",
        "old_answer": "C"
    },
    {
        "qa_idx": 15,
        "qa_task": "time-order",
        "question": "In which order do the events occur in the video from 116.0 to 2696.0 seconds?",
        "options": [
            "A. The man is seated in a well-lit room, two cats appear, the man pets the cats, the cats are fed, the man is seen in a bedroom, the drawer is opened, the cats explore the kitchen.",
            "B. The man is seated in a well-lit room, the man pets the cats, two cats appear, the cats are fed, the man is seen in a bedroom, the drawer is opened, the cats explore the kitchen.",
            "C. The man is seated in a well-lit room, the drawer is opened, two cats appear, the man pets the cats, the cats are fed, the man is seen in a bedroom, the cats explore the kitchen.",
            "D. The man is seated in a well-lit room, two cats appear, the drawer is opened, the man pets the cats, the cats are fed, the man is seen in a bedroom, the cats explore the kitchen."
        ],
        "answer": "A",
        "qa_level": "long_term",
        "qa_type": "mcqa",
        "old_answer": "A"
    }
]