[
    {
        "qa_idx": 1,
        "qa_type": "qa",
        "qa_level": "frame",
        "qa_task": "character-understanding",
        "question": "Is the man wearing a green shirt at the 2349.0-second mark?",
        "answer": "Yes",
        "old_answer": "Yes"
    },
    {
        "qa_idx": 2,
        "qa_type": "qa",
        "qa_level": "within_event",
        "qa_task": "character-understanding",
        "question": "Was there a man seated among the chairs in the dimly lit auditorium between 1777.0 and 1835.0 seconds?",
        "answer": "Yes",
        "old_answer": "Yes"
    },
    {
        "qa_idx": 3,
        "qa_task": "object understanding",
        "question": "What is the person standing in front of at 2053.0 seconds into the video?",
        "options": [
            "A. A large display screen showcasing several smaller screens with various visual content.",
            "B. A bookshelf filled with books and decorative items.",
            "C. A kitchen counter with various cooking utensils.",
            "D. A desk with a computer and office supplies."
        ],
        "answer": "A",
        "qa_level": "frame",
        "qa_type": "mcqa",
        "old_answer": "A"
    },
    {
        "qa_idx": 5,
        "qa_type": "qa",
        "qa_level": "cross_event",
        "qa_task": "speed",
        "question": "Did the transition from the cross-sectional view of the house to the focus on the spherical objects happen quickly between 373.0 and 434.0 seconds?",
        "answer": "No",
        "old_answer": "No"
    },
    {
        "qa_idx": 6,
        "qa_task": "descriptive-scene",
        "question": "What is the overall environment of the characters in the video from 1515.0 to 1563.0 seconds?",
        "options": [
            "A. A busy street market.",
            "B. A modern office space.",
            "C. A cozy living room.",
            "D. A traditional classroom."
        ],
        "answer": "B",
        "qa_level": "within_event",
        "qa_type": "mcqa",
        "old_answer": "B"
    },
    {
        "qa_idx": 7,
        "qa_type": "qa",
        "qa_level": "long_term",
        "qa_task": "action-understanding",
        "question": "Between 1.0 and 3003.0 seconds, does the video show a person removing a USB cable from a charging port?",
        "answer": "No",
        "old_answer": "No"
    },
    {
        "qa_idx": 8,
        "qa_task": "temporal-relationship",
        "question": "What happens immediately after the frame captures an orderly array of round holes on a matte finish surface in the event from 1836.0 to 1935.0 seconds?",
        "options": [
            "A. The frame highlights a metallic gray surface with a circular black port and another elongated black slot.",
            "B. The lid of a modern silver laptop with a prominent black logo is displayed against a neutral background.",
            "C. The scene transitions to a contemporary environment featuring a large screen showing a sleek laptop image.",
            "D. The frame showcases two electronic devices, a tablet and a laptop aligned centrally against a stark white background."
        ],
        "answer": "B",
        "qa_level": "cross_event",
        "qa_type": "mcqa",
        "old_answer": "B"
    },
    {
        "qa_idx": 10,
        "qa_task": "spatial-relationship",
        "question": "What objects are visible inside the garage at the beginning of the video?",
        "options": [
            "A. Musical equipment and electronic devices.",
            "B. A car and bicycles.",
            "C. Gardening tools and a lawnmower.",
            "D. Sports equipment and a treadmill."
        ],
        "answer": "A",
        "qa_level": "long_term",
        "qa_type": "mcqa",
        "old_answer": "A"
    },
    {
        "qa_idx": 12,
        "qa_task": "camera-direction",
        "question": "How does the camera transition from the outdoor scene to the indoor workspace between 1.0 and 3003.0 seconds?",
        "options": [
            "A. The camera moves from the outdoor scene to the indoor workspace.",
            "B. The camera zooms in on the outdoor scene and then cuts to the indoor workspace.",
            "C. The camera pans from the outdoor scene to the indoor workspace.",
            "D. The camera cuts directly from the outdoor scene to the indoor workspace."
        ],
        "answer": "D",
        "qa_level": "long_term",
        "qa_type": "mcqa",
        "old_answer": "D"
    },
    {
        "qa_idx": 13,
        "qa_task": "attribute-change",
        "question": "How does the setting change from the beginning to the end of the video from 1.0 to 3003.0 seconds?",
        "options": [
            "A. From a residential house exterior to a modern office environment.",
            "B. From a modern office environment to a residential house exterior.",
            "C. From a cozy living room to an outdoor park.",
            "D. From an outdoor park to a cozy living room."
        ],
        "answer": "A",
        "qa_level": "long_term",
        "qa_type": "mcqa",
        "old_answer": "A"
    },
    {
        "qa_idx": 14,
        "qa_task": "object understanding",
        "question": "What objects are featured in the garage at the beginning of the video?",
        "options": [
            "A. Musical equipment, electronic devices, washing machine, drum set, shelves with boxes, and potted plants.",
            "B. A car, bicycles, gardening tools, and a lawnmower.",
            "C. Sports equipment, a treadmill, and a punching bag.",
            "D. Furniture, old books, and a sewing machine."
        ],
        "answer": "A",
        "qa_level": "long_term",
        "qa_type": "mcqa",
        "old_answer": "A"
    },
    {
        "qa_idx": 15,
        "qa_task": "time-order",
        "question": "In which order do the events occur in the video from 1.0 to 3003.0 seconds?",
        "options": [
            "A. The video starts with a black frame, transitions to a residential house exterior, then to a garage with musical equipment, followed by an indoor setting with a vintage computer setup, and ends with a digital audio workstation interface.",
            "B. The video starts with a black frame, transitions to a residential house exterior, then to a garage with musical equipment, followed by an indoor setting with a vintage computer setup, and ends with a man performing push-ups on parallel bars.",
            "C. The video starts with a black frame, transitions to a residential house exterior, then to a garage with musical equipment, followed by an indoor setting with a vintage computer setup, and ends with a promotional scene for Apple Music's Voice Plan.",
            "D. The video starts with a black frame, transitions to a residential house exterior, then to a garage with musical equipment, followed by an indoor setting with a vintage computer setup, and ends with a modern, minimalist scene featuring a person by a large display screen."
        ],
        "answer": "A",
        "qa_level": "long_term",
        "qa_type": "mcqa",
        "old_answer": "A"
    },
    {
        "qa_idx": 16,
        "qa_task": "descriptive-scene",
        "question": "Where does the video primarily take place from 1.0 to 3003.0 seconds?",
        "options": [
            "A. In a residential house and its garage.",
            "B. In a modern office and a grassy field.",
            "C. In a professional recording studio and a tech presentation stage.",
            "D. In a cozy living room and an outdoor exercise area."
        ],
        "answer": "B",
        "qa_level": "long_term",
        "qa_type": "mcqa",
        "old_answer": "B"
    }
]