[
    {
        "qa_idx": 0,
        "qa_type": "qa",
        "qa_level": "frame",
        "qa_task": "character-understanding",
        "question": "Are the participants in the video frame engaged in discussion at 2185.0 seconds?",
        "answer": "Yes",
        "old_answer": "Yes"
    },
    {
        "qa_idx": 1,
        "qa_task": "spatial-relationship",
        "question": "Where is the glowing orange microphone graphic located in the frame at 583.0 seconds?",
        "options": [
            "A. In the upper part of the frame.",
            "B. In the middle section of the frame.",
            "C. In the lower portion of the frame.",
            "D. In the background."
        ],
        "answer": "B",
        "qa_level": "frame",
        "qa_type": "mcqa",
        "old_answer": "B"
    },
    {
        "qa_idx": 2,
        "qa_type": "qa",
        "qa_level": "frame",
        "qa_task": "character-understanding",
        "question": "Is the man standing prominently within the frame at 37.0 seconds into the video?",
        "answer": "Yes",
        "old_answer": "Yes"
    },
    {
        "qa_idx": 3,
        "qa_task": "object understanding",
        "question": "What text is displayed in bold red letters on the poster at 6336.0 seconds into the video?",
        "options": [
            "A. buenos aires and santiago.",
            "B. buenos aires and 11:00 pm.",
            "C. 11:00 pm and santiago.",
            "D. buenos aires and black."
        ],
        "answer": "A",
        "qa_level": "frame",
        "qa_type": "mcqa",
        "old_answer": "A"
    },
    {
        "qa_idx": 4,
        "qa_type": "qa",
        "qa_level": "within_event",
        "qa_task": "character-understanding",
        "question": "Does the video feature a cartoon-like character with boxing gloves in a ring between 100.0 and 111.0 seconds?",
        "answer": "Yes",
        "old_answer": "Yes"
    },
    {
        "qa_idx": 6,
        "qa_type": "qa",
        "qa_level": "within_event",
        "qa_task": "plot-understanding",
        "question": "Does the video feature a combination of real-life video conferencing and animated elements from 1005.0 to 1065.0 seconds?",
        "answer": "Yes",
        "old_answer": "Yes"
    },
    {
        "qa_idx": 7,
        "qa_type": "qa",
        "qa_level": "cross_event",
        "qa_task": "character-understanding",
        "question": "In the event from 370.0 to 535.0, were the individuals seated in front of microphones?",
        "answer": "Yes",
        "old_answer": "Yes"
    },
    {
        "qa_idx": 8,
        "qa_task": "descriptive-scene",
        "question": "Where is the animated character standing at 105.0 seconds into the video?",
        "options": [
            "A. In a wrestling ring.",
            "B. On a stage.",
            "C. In a boxing ring.",
            "D. On a football field."
        ],
        "answer": "A",
        "qa_level": "frame",
        "qa_type": "mcqa",
        "old_answer": "A"
    },
    {
        "qa_idx": 9,
        "qa_type": "qa",
        "qa_level": "cross_event",
        "qa_task": "character-understanding",
        "question": "Were the individuals in both events engaged in a conversation or presentation from the time of 5174.0 to 5925.0 and 6174.0 to 6503.0?",
        "answer": "Yes",
        "old_answer": "Yes"
    },
    {
        "qa_idx": 10,
        "qa_task": "spatial-relationship",
        "question": "What is behind the boxing ring at the 79.0-second mark of the video?",
        "options": [
            "A. A semicircular design in the colors of the Mexican flag.",
            "B. A large crowd of spectators.",
            "C. A scoreboard displaying the scores.",
            "D. A giant screen showing a replay."
        ],
        "answer": "A",
        "qa_level": "frame",
        "qa_type": "mcqa",
        "old_answer": "A"
    },
    {
        "qa_idx": 11,
        "qa_task": "spatial-relationship",
        "question": "Where is the simulated control room with animated characters located in the frame at 2664.0 seconds?",
        "options": [
            "A. Top left panel.",
            "B. Top right panel.",
            "C. Center panel.",
            "D. Bottom panel."
        ],
        "answer": "D",
        "qa_level": "frame",
        "qa_type": "mcqa",
        "old_answer": "D"
    },
    {
        "qa_idx": 12,
        "qa_type": "qa",
        "qa_level": "long_term",
        "qa_task": "object understanding",
        "question": "Is there a poster with 'buenos aires' and 'santiago' displayed in the video between 55.0 seconds and 6340.0 seconds?",
        "answer": "Yes",
        "old_answer": "Yes"
    },
    {
        "qa_idx": 13,
        "qa_task": "spatial-relationship",
        "question": "How many separate video feeds are displayed in the collage layout at 1936.0 seconds?",
        "options": [
            "A. Four.",
            "B. Five.",
            "C. Six.",
            "D. Seven."
        ],
        "answer": "C",
        "qa_level": "frame",
        "qa_type": "mcqa",
        "old_answer": "C"
    },
    {
        "qa_idx": 15,
        "qa_task": "descriptive-scene",
        "question": "What is the central object in the video frame at the 67.0-second mark?",
        "options": [
            "A. A fedora hat with red horns.",
            "B. A black background.",
            "C. A light brown hat with a black band.",
            "D. A red horned object."
        ],
        "answer": "A",
        "qa_level": "frame",
        "qa_type": "mcqa",
        "old_answer": "A"
    },
    {
        "qa_idx": 21,
        "qa_task": "counting",
        "question": "How many participants are visible onscreen in separate boxes during the virtual meeting or panel discussion from 3164.0 seconds to 3224.0 seconds?",
        "options": [
            "A. 2.",
            "B. 3.",
            "C. 4.",
            "D. Several."
        ],
        "answer": "D",
        "qa_level": "cross_event",
        "qa_type": "mcqa",
        "old_answer": "D"
    },
    {
        "qa_idx": 22,
        "qa_task": "camera-direction",
        "question": "How does the camera movement change from the beginning of the video event at 1005.0 seconds to 1065.0 seconds?",
        "options": [
            "A. The camera moves from a split-screen format to a group video call setting.",
            "B. The camera zooms in on a single participant.",
            "C. The camera remains static throughout the event.",
            "D. The camera moves from an outdoor scene to an indoor setting."
        ],
        "answer": "A",
        "qa_level": "cross_event",
        "qa_type": "mcqa",
        "old_answer": "A"
    },
    {
        "qa_idx": 24,
        "qa_task": "plot-understanding",
        "question": "What is the main theme of the video sequence from 36.0 to 6522.0 seconds?",
        "options": [
            "A. A legal tutorial.",
            "B. A stand-up comedy event.",
            "C. A cooking show.",
            "D. A sports event."
        ],
        "answer": "B",
        "qa_level": "long_term",
        "qa_type": "mcqa",
        "old_answer": "B"
    },
    {
        "qa_idx": 25,
        "qa_task": "speed",
        "question": "Which character is faster in the animated scene at 99.0 seconds, the tiger-like animated character or the cartoon-like figure with boxing gloves at 1935.0 seconds?",
        "options": [
            "A. The tiger-like animated character.",
            "B. The cartoon-like figure with boxing gloves.",
            "C. Both are at the same speed.",
            "D. None of the above."
        ],
        "answer": "A",
        "qa_level": "long_term",
        "qa_type": "mcqa",
        "old_answer": "A"
    },
    {
        "qa_idx": 26,
        "qa_task": "attribute-change",
        "question": "How does the background change from the beginning to the end of the video sequence from 36.0 to 6522.0 seconds?",
        "options": [
            "A. From a dark background with a circular logo to a vibrant animated scene with cartoon characters.",
            "B. From a vibrant animated scene with cartoon characters to a dark background with a circular logo.",
            "C. From a stage scene with dynamic lighting to a minimalistic frame with text.",
            "D. From a minimalistic frame with text to a stage scene with dynamic lighting."
        ],
        "answer": "A",
        "qa_level": "long_term",
        "qa_type": "mcqa",
        "old_answer": "A"
    }
]