[
    {
        "qa_idx": 0,
        "qa_type": "qa",
        "qa_level": "frame",
        "qa_task": "character-understanding",
        "question": "At 573.0 seconds into the video, is one of the individuals playing a guitar?",
        "answer": "Yes",
        "old_answer": "Yes"
    },
    {
        "qa_idx": 1,
        "qa_task": "spatial-relationship",
        "question": "Where is the guest seated in the talk show setting at 669.0 seconds into the video?",
        "options": [
            "A. On a red chair.",
            "B. Behind a wooden desk.",
            "C. On a blue sofa bed.",
            "D. On the floor."
        ],
        "answer": "C",
        "qa_level": "frame",
        "qa_type": "mcqa",
        "old_answer": "C"
    },
    {
        "qa_idx": 2,
        "qa_type": "qa",
        "qa_level": "frame",
        "qa_task": "character-understanding",
        "question": "At 1729.0 seconds into the video, is the man behind the desk dressed in a suit?",
        "answer": "Yes",
        "old_answer": "Yes"
    },
    {
        "qa_idx": 4,
        "qa_type": "qa",
        "qa_level": "within_event",
        "qa_task": "camera-direction",
        "question": "Does the camera remain stationary while capturing the man seated indoors against the urban night backdrop from 431.0 to 470.0 seconds?",
        "answer": "Yes",
        "old_answer": "Yes"
    },
    {
        "qa_idx": 5,
        "qa_task": "character-understanding",
        "question": "What is the attire of the man seated on the left side of the frame at 862.0 seconds into the video?",
        "options": [
            "A. A formal suit and tie.",
            "B. A plaid shirt and light-colored pants.",
            "C. A t-shirt and jeans.",
            "D. A hoodie and shorts."
        ],
        "answer": "B",
        "qa_level": "frame",
        "qa_type": "mcqa",
        "old_answer": "B"
    },
    {
        "qa_idx": 6,
        "qa_task": "character-understanding",
        "question": "What is the man in the checked shirt and beige pants doing in the video frame at 1607.0 seconds?",
        "options": [
            "A. Playing a guitar.",
            "B. Engaging with the environment.",
            "C. Moving away from a desk.",
            "D. Sitting quietly."
        ],
        "answer": "B",
        "qa_level": "frame",
        "qa_type": "mcqa",
        "old_answer": "B"
    },
    {
        "qa_idx": 7,
        "qa_type": "qa",
        "qa_level": "cross_event",
        "qa_task": "plot-understanding",
        "question": "Do both video events from 1392.0 to 1452.0 and 1460.0 to 1523.0 take place in a talk show setting?",
        "answer": "Yes",
        "old_answer": "Yes"
    },
    {
        "qa_idx": 9,
        "qa_type": "qa",
        "qa_level": "cross_event",
        "qa_task": "character-understanding",
        "question": "In both video events from 1592.0 to 1669.0 and 1676.0 to 1730.0, was there a man wearing a checkered shirt and light-colored pants seated on a blue couch?",
        "answer": "Yes",
        "old_answer": "Yes"
    },
    {
        "qa_idx": 10,
        "qa_type": "qa",
        "qa_level": "long_term",
        "qa_task": "character-understanding",
        "question": "Is there a man dressed in a suit engaging with an audience or camera in front of a red curtain backdrop at multiple points in the video from 1.0 to 2308.0 seconds?",
        "answer": "Yes",
        "old_answer": "Yes"
    },
    {
        "qa_idx": 11,
        "qa_task": "attribute-change",
        "question": "How does the scene change in terms of the number of people featured on the talk show set from 1803.0 to 1845.0 seconds?",
        "options": [
            "A. The number of people decreases.",
            "B. The number of people remains the same.",
            "C. The number of people increases.",
            "D. The number of people fluctuates."
        ],
        "answer": "B",
        "qa_level": "within_event",
        "qa_type": "mcqa",
        "old_answer": "B"
    },
    {
        "qa_idx": 12,
        "qa_task": "object-direction",
        "question": "In the video events from 1392.0 to 1452.0 seconds and H to e seconds, what is the direction of the movement of the main objects (the men) in the talk show setting?",
        "options": [
            "A. The men move from left to right.",
            "B. The men move from right to left.",
            "C. The men remain stationary.",
            "D. The men move in a circular direction."
        ],
        "answer": "C",
        "qa_level": "cross_event",
        "qa_type": "mcqa",
        "old_answer": "C"
    },
    {
        "qa_idx": 13,
        "qa_task": "temporal-relationship",
        "question": "What happens after the man in a suit is seen standing in front of a red curtain?",
        "options": [
            "A. The scene transitions to a man in a turquoise-colored garment against a dark background.",
            "B. The scene transitions to a lively interaction among a crowd of people in an indoor setting.",
            "C. The scene transitions to a man centrally positioned in front of a cityscape night backdrop.",
            "D. The scene transitions to a talk show set featuring two men engaged in a conversation."
        ],
        "answer": "C",
        "qa_level": "long_term",
        "qa_type": "mcqa",
        "old_answer": "C"
    },
    {
        "qa_idx": 14,
        "qa_task": "spatial-relationship",
        "question": "Where is the man standing when he is holding a device and addressing the audience?",
        "options": [
            "A. In front of a red curtain.",
            "B. In front of a cityscape night backdrop.",
            "C. In a bar or lounge.",
            "D. In an outdoor setting."
        ],
        "answer": "B",
        "qa_level": "long_term",
        "qa_type": "mcqa",
        "old_answer": "B"
    },
    {
        "qa_idx": 15,
        "qa_task": "causal",
        "question": "Why is the man holding a boxed tablet device with colorful icons in the indoor event setting with blue ambient lighting?",
        "options": [
            "A. He is promoting the tablet.",
            "B. He is using the tablet for personal use.",
            "C. He is repairing the tablet.",
            "D. He is gifting the tablet to someone."
        ],
        "answer": "A",
        "qa_level": "long_term",
        "qa_type": "mcqa",
        "old_answer": "A"
    },
    {
        "qa_idx": 17,
        "qa_task": "object-direction",
        "question": "In which direction does the man walk in the studio set decorated with illuminated signs and thematic decor indicative of a talk show environment?",
        "options": [
            "A. Towards the left side of the studio set.",
            "B. Towards the right side of the studio set.",
            "C. Towards the center of the studio set.",
            "D. Towards the back of the studio set."
        ],
        "answer": "A",
        "qa_level": "long_term",
        "qa_type": "mcqa",
        "old_answer": "A"
    },
    {
        "qa_idx": 18,
        "qa_task": "camera-direction",
        "question": "What direction does the camera move when the scene transitions from the man standing with raised fists in a night setting to the dining table scene with five men having a conversation against a night cityscape (1.0 to 2308.0 seconds)?",
        "options": [
            "A. The camera moves closer to the man with raised fists.",
            "B. The camera moves away from the man with raised fists.",
            "C. The camera moves to the left to capture the dining table scene.",
            "D. The camera moves to the right to capture the dining table scene."
        ],
        "answer": "C",
        "qa_level": "long_term",
        "qa_type": "mcqa",
        "old_answer": "C"
    },
    {
        "qa_idx": 19,
        "qa_task": "speed",
        "question": "Which scene transitions faster, the talk show setting or the musical performance setup?",
        "options": [
            "A. The talk show setting.",
            "B. The musical performance setup.",
            "C. Both transition at the same speed.",
            "D. None of the above."
        ],
        "answer": "A",
        "qa_level": "long_term",
        "qa_type": "mcqa",
        "old_answer": "A"
    }
]