[
    {
        "qa_idx": 0,
        "qa_type": "qa",
        "qa_level": "frame",
        "qa_task": "object understanding",
        "question": "Is there a giraffe among the group of anthropomorphic animals at 2799.0 seconds into the video?",
        "answer": "No",
        "old_answer": "No"
    },
    {
        "qa_idx": 1,
        "qa_type": "qa",
        "qa_level": "frame",
        "qa_task": "character-understanding",
        "question": "Is there a child wearing a pirate hat on the boat at 3175.0 seconds into the video?",
        "answer": "Yes",
        "old_answer": "Yes"
    },
    {
        "qa_idx": 2,
        "qa_task": "spatial-relationship",
        "question": "What is depicted in the background of the video frame at 1979.0 seconds?",
        "options": [
            "A. A bustling cityscape.",
            "B. A dark, star-studded night sky.",
            "C. A bright, sunny beach.",
            "D. A dense, green forest."
        ],
        "answer": "B",
        "qa_level": "frame",
        "qa_type": "mcqa",
        "old_answer": "B"
    },
    {
        "qa_idx": 3,
        "qa_type": "qa",
        "qa_level": "within_event",
        "qa_task": "camera-direction",
        "question": "Does the camera remain stationary while showing the giraffe character's close-up from 2544.0 to 2604.0 seconds?",
        "answer": "Yes",
        "old_answer": "Yes"
    },
    {
        "qa_idx": 5,
        "qa_type": "qa",
        "qa_level": "cross_event",
        "qa_task": "character-understanding",
        "question": "In the event from 2976.0 to 3040.0, were there any anthropomorphic pig characters present in the garden?",
        "answer": "Yes",
        "old_answer": "Yes"
    },
    {
        "qa_idx": 6,
        "qa_task": "attribute-change",
        "question": "How does the backdrop change from the beginning to the end of the event from 718.0 to 778.0 seconds?",
        "options": [
            "A. From a green foliage and snowy ground to a solid blue backdrop with a brick wall partially visible.",
            "B. From a solid blue backdrop to a green foliage and snowy ground.",
            "C. From a minimalist backdrop to a vibrant setting with colorful characters.",
            "D. From a large aquarium display to a cartoon giraffe with a blue hat."
        ],
        "answer": "A",
        "qa_level": "cross_event",
        "qa_type": "mcqa",
        "old_answer": "A"
    },
    {
        "qa_idx": 7,
        "qa_task": "causal",
        "question": "Why did the setting transition from a calm blue sea to a lively and colorful classroom in the video event from 3225.0 to 3287.0 seconds?",
        "options": [
            "A. The characters decided to end their nautical adventure and return to their daily activities.",
            "B. The boat encountered a storm, forcing the characters to seek shelter indoors.",
            "C. The characters were imagining their adventure and then returned to their real-life classroom setting.",
            "D. The boat reached its destination, which was a school where the characters were students."
        ],
        "answer": "C",
        "qa_level": "cross_event",
        "qa_type": "mcqa",
        "old_answer": "C"
    },
    {
        "qa_idx": 9,
        "qa_task": "plot-understanding",
        "question": "What is the main theme of the video from 3.0 to 3686.0 seconds?",
        "options": [
            "A. A day in the life of Peppa Pig and her friends.",
            "B. A treasure hunt adventure.",
            "C. A visit to various global landmarks.",
            "D. A series of educational activities in a classroom."
        ],
        "answer": "A",
        "qa_level": "long_term",
        "qa_type": "mcqa",
        "old_answer": "A"
    },
    {
        "qa_idx": 10,
        "qa_task": "camera-direction",
        "question": "How does the camera move in the video from 3.0 to 3686.0 seconds?",
        "options": [
            "A. The camera moves closer to the animated characters.",
            "B. The camera moves away from the animated characters.",
            "C. The camera remains static.",
            "D. The camera pans across different scenes."
        ],
        "answer": "D",
        "qa_level": "long_term",
        "qa_type": "mcqa",
        "old_answer": "D"
    },
    {
        "qa_idx": 11,
        "qa_task": "speed",
        "question": "Which character is faster in the video, the pirate ship or the toy train?",
        "options": [
            "A. The pirate ship.",
            "B. The toy train.",
            "C. Both are at the same speed.",
            "D. None of the above."
        ],
        "answer": "B",
        "qa_level": "long_term",
        "qa_type": "mcqa",
        "old_answer": "B"
    },
    {
        "qa_idx": 12,
        "qa_task": "attribute-change",
        "question": "How does the setting change from the beginning to the end of the video from 3.0 to 3686.0 seconds?",
        "options": [
            "A. From a vibrant outdoor setting to a lively indoor play area.",
            "B. From a dark and gloomy environment to a bright and cheerful classroom.",
            "C. From a serene beach scene to a bustling cityscape.",
            "D. From a quiet forest to a noisy construction site."
        ],
        "answer": "A",
        "qa_level": "long_term",
        "qa_type": "mcqa",
        "old_answer": "A"
    },
    {
        "qa_idx": 14,
        "qa_task": "time-order",
        "question": "In which order do the events occur in the video from 3.0 to 3686.0 seconds?",
        "options": [
            "A. The video opens with a vibrant and colorful scene featuring Peppa Pig, transitions to an outdoor setting with world landmarks, and then to a pirate-themed island scene.",
            "B. The video starts with an animated outdoor setting featuring trees and a body of water, transitions to a pirate-themed island scene, and then to a prehistoric setting with dinosaurs.",
            "C. The video begins with a vibrant and colorful scene featuring Peppa Pig, transitions to a pirate-themed island scene, and then to a prehistoric setting with dinosaurs.",
            "D. The video starts with an animated outdoor setting featuring trees and a body of water, transitions to a prehistoric setting with dinosaurs, and then to a pirate-themed island scene."
        ],
        "answer": "C",
        "qa_level": "long_term",
        "qa_type": "mcqa",
        "old_answer": "C"
    },
    {
        "qa_idx": 15,
        "qa_task": "descriptive-scene",
        "question": "Where do the animated characters engage in playful activities and interactions from 3.0 to 3686.0 seconds?",
        "options": [
            "A. In a vibrant outdoor setting with landmarks and greenery.",
            "B. In a well-lit and lively office environment.",
            "C. In a colorful classroom filled with educational materials.",
            "D. In a bustling market with fresh fruits and vegetables."
        ],
        "answer": "A",
        "qa_level": "long_term",
        "qa_type": "mcqa",
        "old_answer": "A"
    }
]