[
    {
        "qa_idx": 0,
        "qa_type": "qa",
        "qa_level": "frame",
        "qa_task": "character-understanding",
        "question": "Is the bear larger in size compared to the pig at 1734.0 seconds into the video?",
        "answer": "Yes",
        "old_answer": "Yes"
    },
    {
        "qa_idx": 1,
        "qa_task": "character-understanding",
        "question": "What is the character with large, furry hands doing in the video frame at 344.0 seconds?",
        "options": [
            "A. Playing the piano.",
            "B. Playing the guitar.",
            "C. Playing the drums.",
            "D. Playing the violin."
        ],
        "answer": "B",
        "qa_level": "frame",
        "qa_type": "mcqa",
        "old_answer": "B"
    },
    {
        "qa_idx": 2,
        "qa_type": "qa",
        "qa_level": "frame",
        "qa_task": "character-understanding",
        "question": "Is the bear character standing near the flowerbed at 803.0 seconds into the video?",
        "answer": "Yes",
        "old_answer": "Yes"
    },
    {
        "qa_idx": 3,
        "qa_task": "spatial-relationship",
        "question": "What is the main source of illumination in the forest at 1877.0 seconds into the video?",
        "options": [
            "A. Moonlight.",
            "B. Campfire.",
            "C. Multicolored light beams.",
            "D. Flashlight."
        ],
        "answer": "C",
        "qa_level": "frame",
        "qa_type": "mcqa",
        "old_answer": "C"
    },
    {
        "qa_idx": 4,
        "qa_task": "spatial-relationship",
        "question": "What is the character holding at 1838.0 seconds into the video?",
        "options": [
            "A. A large yellow hat.",
            "B. A small red hat.",
            "C. A blue scarf.",
            "D. A green umbrella."
        ],
        "answer": "A",
        "qa_level": "frame",
        "qa_type": "mcqa",
        "old_answer": "A"
    },
    {
        "qa_idx": 5,
        "qa_type": "qa",
        "qa_level": "long_term",
        "qa_task": "object understanding",
        "question": "Is there a guitar present in the scenes between 28.0 and 29.0 seconds and 861.0 and 862.0 seconds?",
        "answer": "Yes",
        "old_answer": "Yes"
    },
    {
        "qa_idx": 6,
        "qa_task": "time-order",
        "question": "What is the correct sequence of events in the video from 330.0 to 407.0 seconds?",
        "options": [
            "A. Close-up of guitar played by furry hands, doll in purple near center, animated bears in cozy room, musical performance with vibrant lighting, celebration-like atmosphere, credits rolling.",
            "B. Celebration-like atmosphere, animated bears in cozy room, close-up of guitar played by furry hands, doll in purple near center, musical performance with vibrant lighting, credits rolling.",
            "C. Credits rolling, celebration-like atmosphere, musical performance with vibrant lighting, animated bears in cozy room, close-up of guitar played by furry hands, doll in purple near center.",
            "D. Doll in purple near center, animated bears in cozy room, close-up of guitar played by furry hands, musical performance with vibrant lighting, celebration-like atmosphere, credits rolling."
        ],
        "answer": "A",
        "qa_level": "cross_event",
        "qa_type": "mcqa",
        "old_answer": "A"
    },
    {
        "qa_idx": 8,
        "qa_task": "object understanding",
        "question": "What are the main objects featured in the video events from 1519.0 to 1619.0 seconds and H to e seconds?",
        "options": [
            "A. Musical instruments, dolls, and a teddy bear.",
            "B. Sports equipment, animals, and a car.",
            "C. Kitchen utensils, fruits, and a bicycle.",
            "D. Books, plants, and a computer."
        ],
        "answer": "A",
        "qa_level": "cross_event",
        "qa_type": "mcqa",
        "old_answer": "A"
    },
    {
        "qa_idx": 9,
        "qa_task": "plot-understanding",
        "question": "What is the main theme of the video events from 4.0 to 1907.0 seconds?",
        "options": [
            "A. A series of musical performances by anthropomorphic bears.",
            "B. A cooking show featuring animated characters.",
            "C. A sports competition among various animals.",
            "D. A travel documentary showcasing different landscapes."
        ],
        "answer": "A",
        "qa_level": "long_term",
        "qa_type": "mcqa",
        "old_answer": "A"
    },
    {
        "qa_idx": 10,
        "qa_task": "speed",
        "question": "Which character is moving faster in the video between 4.0 and 1907.0 seconds?",
        "options": [
            "A. The large bear balancing and juggling multiple objects.",
            "B. The child riding a small bicycle.",
            "C. The young girl in a purple outfit standing in a doorway.",
            "D. The bear holding a gift box walking along a dirt path."
        ],
        "answer": "B",
        "qa_level": "long_term",
        "qa_type": "mcqa",
        "old_answer": "B"
    },
    {
        "qa_idx": 12,
        "qa_task": "time-order",
        "question": "In which order do the events occur in the video from 4.0 to 1907.0 seconds?",
        "options": [
            "A. A large bear balances and juggles multiple objects while standing on a seesaw-like board with one foot on a balancing wheel. The scene transitions to a vibrant outdoor setting with a quaint house and lush greenery. The scene then shifts to a cozy indoor environment with anthropomorphic bears playing musical instruments. The event concludes with a lively stage performance featuring animated characters in coordinated yellow outfits.",
            "B. A large bear balances and juggles multiple objects while standing on a seesaw-like board with one foot on a balancing wheel. The scene transitions to a cozy indoor environment with anthropomorphic bears playing musical instruments. The scene then shifts to a vibrant outdoor setting with a quaint house and lush greenery. The event concludes with a lively stage performance featuring animated characters in coordinated yellow outfits.",
            "C. A large bear balances and juggles multiple objects while standing on a seesaw-like board with one foot on a balancing wheel. The scene transitions to a vibrant outdoor setting with a quaint house and lush greenery. The scene then shifts to a lively stage performance featuring animated characters in coordinated yellow outfits. The event concludes with a cozy indoor environment with anthropomorphic bears playing musical instruments.",
            "D. A large bear balances and juggles multiple objects while standing on a seesaw-like board with one foot on a balancing wheel. The scene transitions to a lively stage performance featuring animated characters in coordinated yellow outfits. The scene then shifts to a vibrant outdoor setting with a quaint house and lush greenery. The event concludes with a cozy indoor environment with anthropomorphic bears playing musical instruments."
        ],
        "answer": "A",
        "qa_level": "long_term",
        "qa_type": "mcqa",
        "old_answer": "A"
    }
]