[
    {
        "qa_idx": 0,
        "qa_type": "qa",
        "qa_level": "frame",
        "qa_task": "object understanding",
        "question": "Is the person holding a laptop in one hand at 183.0 seconds into the video?",
        "answer": "Yes",
        "old_answer": "Yes"
    },
    {
        "qa_idx": 1,
        "qa_type": "qa",
        "qa_level": "frame",
        "qa_task": "character-understanding",
        "question": "Are the individuals in the frame engaged in a task involving a laptop at the 373.0-second mark?",
        "answer": "Yes",
        "old_answer": "Yes"
    },
    {
        "qa_idx": 2,
        "qa_task": "character-understanding",
        "question": "What is the person in the upper right corner of the frame doing at 762.0 seconds into the video?",
        "options": [
            "A. Watching a movie.",
            "B. Browsing the internet.",
            "C. Engaging with a laptop or desktop computer.",
            "D. Reading a book."
        ],
        "answer": "C",
        "qa_level": "frame",
        "qa_type": "mcqa",
        "old_answer": "C"
    },
    {
        "qa_idx": 3,
        "qa_type": "qa",
        "qa_level": "within_event",
        "qa_task": "object understanding",
        "question": "Is there a map displayed in the top left corner of the screen from 1780.0 to 1852.0 seconds?",
        "answer": "Yes",
        "old_answer": "Yes"
    },
    {
        "qa_idx": 7,
        "qa_type": "qa",
        "qa_level": "cross_event",
        "qa_task": "object understanding",
        "question": "Is there a water bottle with branding visible in the workspace from the time of 378.0 to 458.0?",
        "answer": "Yes",
        "old_answer": "Yes"
    },
    {
        "qa_idx": 8,
        "qa_type": "qa",
        "qa_level": "long_term",
        "qa_task": "object understanding",
        "question": "Is there a coffee tumbler labeled 'LINUS TECH TIPS' visible in the kitchen scenes from 23.0 to 275.0 seconds?",
        "answer": "Yes",
        "old_answer": "Yes"
    },
    {
        "qa_idx": 9,
        "qa_task": "camera-direction",
        "question": "During the scene from 1124.0 to 1184.0 seconds, what is the camera primarily focusing on?",
        "options": [
            "A. The player's health status and ammunition count.",
            "B. The player's point of view aiming at a weapons cache.",
            "C. The mini-map showing nearby terrain and objectives.",
            "D. The real-world player setup."
        ],
        "answer": "B",
        "qa_level": "within_event",
        "qa_type": "mcqa",
        "old_answer": "B"
    },
    {
        "qa_idx": 13,
        "qa_task": "object understanding",
        "question": "What is the main object being interacted with in the kitchen environment from 168.0 to 275.0 seconds?",
        "options": [
            "A. A smartphone.",
            "B. A laptop.",
            "C. A tablet.",
            "D. A television."
        ],
        "answer": "B",
        "qa_level": "cross_event",
        "qa_type": "mcqa",
        "old_answer": "B"
    },
    {
        "qa_idx": 16,
        "qa_task": "spatial-relationship",
        "question": "What is the color of the wall in the kitchen where the person is unboxing the Predator Triton 500 laptop from 23.0 to 275.0 seconds?",
        "options": [
            "A. Light turquoise.",
            "B. White.",
            "C. Yellow.",
            "D. Green."
        ],
        "answer": "A",
        "qa_level": "long_term",
        "qa_type": "mcqa",
        "old_answer": "A"
    },
    {
        "qa_idx": 19,
        "qa_task": "plot-understanding",
        "question": "What is the main focus of the video from 23.0 to 2024.0 seconds?",
        "options": [
            "A. A cooking tutorial in a modern kitchen.",
            "B. A tech review and unboxing of a Predator Triton 500 laptop.",
            "C. A gaming session of Apex Legends.",
            "D. A home renovation project."
        ],
        "answer": "B",
        "qa_level": "long_term",
        "qa_type": "mcqa",
        "old_answer": "B"
    },
    {
        "qa_idx": 20,
        "qa_task": "camera-direction",
        "question": "How does the camera movement change from 23.0 to 2024.0 seconds in the video?",
        "options": [
            "A. The camera moves from a kitchen setting to an office environment.",
            "B. The camera remains static throughout the video.",
            "C. The camera moves from an office environment to a kitchen setting.",
            "D. The camera only focuses on the laptop without changing the setting."
        ],
        "answer": "A",
        "qa_level": "long_term",
        "qa_type": "mcqa",
        "old_answer": "A"
    },
    {
        "qa_idx": 21,
        "qa_task": "attribute-change",
        "question": "How does the setting change from the beginning to the end of the video between 23.0 and 2024.0 seconds?",
        "options": [
            "A. From a kitchen to an office.",
            "B. From an office to a kitchen.",
            "C. From a living room to a kitchen.",
            "D. From a kitchen to a living room."
        ],
        "answer": "A",
        "qa_level": "long_term",
        "qa_type": "mcqa",
        "old_answer": "A"
    },
    {
        "qa_idx": 24,
        "qa_task": "time-order",
        "question": "In which order do the events occur in the video from 23.0 to 2024.0 seconds?",
        "options": [
            "A. A person stands behind a kitchen counter holding a large rectangular box for a Predator Triton 500 laptop.",
            "B. The individual is seen holding, demonstrating, and possibly discussing features of the laptop.",
            "C. The scene transitions to an office environment featuring individuals engaged with laptops and monitors.",
            "D. The event concludes with a dynamic scene showcasing three futuristic and stylized characters in a rugged, mountainous environment."
        ],
        "answer": "A",
        "qa_level": "long_term",
        "qa_type": "mcqa",
        "old_answer": "A"
    }
]