[
    {
        "qa_idx": 0,
        "qa_type": "qa",
        "qa_level": "frame",
        "qa_task": "character-understanding",
        "question": "Is the anthropomorphic cat character wearing a purple shirt in the video frame at 1062.0 seconds?",
        "answer": "Yes",
        "old_answer": "Yes"
    },
    {
        "qa_idx": 1,
        "qa_task": "character-understanding",
        "question": "What activity are the animated characters engaged in at 2223.0 seconds into the video?",
        "options": [
            "A. Building sandcastles.",
            "B. Playing beach volleyball.",
            "C. Tug-of-war.",
            "D. Surfing."
        ],
        "answer": "C",
        "qa_level": "frame",
        "qa_type": "mcqa",
        "old_answer": "C"
    },
    {
        "qa_idx": 3,
        "qa_type": "qa",
        "qa_level": "within_event",
        "qa_task": "action-understanding",
        "question": "During the scene from 179.0 to 191.0 seconds, do the anthropomorphic characters start a dance performance in front of the structures with abstract patterns?",
        "answer": "No",
        "old_answer": "No"
    },
    {
        "qa_idx": 4,
        "qa_task": "object understanding",
        "question": "What are the main colors of the vehicle or structure in which the cat and dog are situated at 1732.0 seconds into the video?",
        "options": [
            "A. Blue, green, and yellow.",
            "B. Pink, orange, and gray.",
            "C. Red, white, and black.",
            "D. Purple, brown, and beige."
        ],
        "answer": "B",
        "qa_level": "frame",
        "qa_type": "mcqa",
        "old_answer": "B"
    },
    {
        "qa_idx": 5,
        "qa_type": "qa",
        "qa_level": "cross_event",
        "qa_task": "character-understanding",
        "question": "In the event from 772.0 to 832.0, was the duck character struggling with a rope tied to a large rock?",
        "answer": "Yes",
        "old_answer": "Yes"
    },
    {
        "qa_idx": 6,
        "qa_type": "qa",
        "qa_level": "cross_event",
        "qa_task": "speed",
        "question": "From 2086.0 to 2148.0 seconds, do the animated characters engage in activities at a slower pace compared to the beachside interactions from 2150.0 to 2218.0 seconds?",
        "answer": "No",
        "old_answer": "No"
    },
    {
        "qa_idx": 7,
        "qa_type": "qa",
        "qa_level": "long_term",
        "qa_task": "speed",
        "question": "Did the animated characters maintain a consistent speed throughout the scenes from 1.0 to 3060.0 seconds?",
        "answer": "Yes",
        "old_answer": "Yes"
    },
    {
        "qa_idx": 9,
        "qa_task": "spatial-relationship",
        "question": "In the outdoor market setting from 1433.0 to 1493.0 seconds, where is the parent badger positioned in relation to the child badger?",
        "options": [
            "A. The parent badger is standing to the left of the child badger.",
            "B. The parent badger is standing to the right of the child badger.",
            "C. The parent badger is standing behind the child badger.",
            "D. The parent badger is standing in front of the child badger."
        ],
        "answer": "A",
        "qa_level": "cross_event",
        "qa_type": "mcqa",
        "old_answer": "A"
    },
    {
        "qa_idx": 11,
        "qa_task": "speed",
        "question": "Which character is faster in the animated scenes from 1.0 to 3060.0 seconds?",
        "options": [
            "A. The dog character in a sailor outfit.",
            "B. The cat character in a purple outfit.",
            "C. The bird character with a large orange beak.",
            "D. The crab character with expressive green eyes."
        ],
        "answer": "A",
        "qa_level": "long_term",
        "qa_type": "mcqa",
        "old_answer": "A"
    },
    {
        "qa_idx": 13,
        "qa_task": "character-understanding",
        "question": "What is the dog character wearing while holding a spray bottle in front of a porthole window?",
        "options": [
            "A. A sailor outfit.",
            "B. A chef's hat.",
            "C. A red shirt.",
            "D. A blue bowtie."
        ],
        "answer": "A",
        "qa_level": "long_term",
        "qa_type": "mcqa",
        "old_answer": "A"
    },
    {
        "qa_idx": 14,
        "qa_task": "object understanding",
        "question": "What objects are featured on the kitchen counter at the beginning of the video from 1.0 to 3060.0 seconds?",
        "options": [
            "A. A bowl of green apples and a blue and yellow dispenser.",
            "B. A red and yellow boat and a magnifying glass.",
            "C. A pink and white striped awning and a display window showcasing cakes.",
            "D. A large sandcastle and a green bucket."
        ],
        "answer": "A",
        "qa_level": "long_term",
        "qa_type": "mcqa",
        "old_answer": "A"
    },
    {
        "qa_idx": 15,
        "qa_task": "time-order",
        "question": "In which order do the events occur in the video from 1.0 to 3060.0 seconds?",
        "options": [
            "A. Light blue background with bubbles, animated seascape, colorful kitchen, bakery scene, beach scene, coastal town, hot air balloon, playground, market, coastal village, animated indoor scene, beachside adventure, underwater observation, ending credits.",
            "B. Animated seascape, light blue background with bubbles, colorful kitchen, bakery scene, beach scene, coastal town, hot air balloon, playground, market, coastal village, animated indoor scene, beachside adventure, underwater observation, ending credits.",
            "C. Light blue background with bubbles, animated seascape, bakery scene, colorful kitchen, beach scene, coastal town, hot air balloon, playground, market, coastal village, animated indoor scene, beachside adventure, underwater observation, ending credits.",
            "D. Light blue background with bubbles, animated seascape, colorful kitchen, bakery scene, beach scene, coastal town, hot air balloon, playground, market, coastal village, animated indoor scene, underwater observation, beachside adventure, ending credits."
        ],
        "answer": "A",
        "qa_level": "long_term",
        "qa_type": "mcqa",
        "old_answer": "A"
    }
]