[
    {
        "qa_idx": 0,
        "qa_type": "qa",
        "qa_level": "frame",
        "qa_task": "character-understanding",
        "question": "Is the green dog character wearing a collar with a tag at 468.0 seconds into the video?",
        "answer": "Yes",
        "old_answer": "Yes"
    },
    {
        "qa_idx": 1,
        "qa_type": "qa",
        "qa_level": "within_event",
        "qa_task": "character-understanding",
        "question": "Does the video event include a human face in a cartoon setting from 2000.0 to 2011.0 seconds?",
        "answer": "Yes",
        "old_answer": "Yes"
    },
    {
        "qa_idx": 2,
        "qa_task": "object understanding",
        "question": "What are the two anthropomorphic characters wearing at 1205.0 seconds into the video?",
        "options": [
            "A. The green character is wearing a cap and red shorts, and the pink character has a big nose.",
            "B. The green character is wearing a blue shirt and yellow pants, and the pink character has a small nose.",
            "C. The green character is wearing a hat and green shorts, and the pink character has a big nose.",
            "D. The green character is wearing a cap and blue shorts, and the pink character has a small nose."
        ],
        "answer": "A",
        "qa_level": "frame",
        "qa_type": "mcqa",
        "old_answer": "A"
    },
    {
        "qa_idx": 4,
        "qa_type": "qa",
        "qa_level": "cross_event",
        "qa_task": "speed",
        "question": "From 1570.0 to 1647.0, did the characters move quickly through the desert with their camping gear?",
        "answer": "No",
        "old_answer": "No"
    },
    {
        "qa_idx": 5,
        "qa_type": "qa",
        "qa_level": "cross_event",
        "qa_task": "action-understanding",
        "question": "In the event from 1801.0 to 1864.0, does the red car appear to be driven by a cartoon dog at any point?",
        "answer": "Yes",
        "old_answer": "Yes"
    },
    {
        "qa_idx": 6,
        "qa_task": "character-understanding",
        "question": "What are the animated characters doing between 865.0 and 871.0 seconds in the video?",
        "options": [
            "A. The characters are dancing.",
            "B. The characters are handling a large crate.",
            "C. The characters are cooking.",
            "D. The characters are sleeping."
        ],
        "answer": "B",
        "qa_level": "within_event",
        "qa_type": "mcqa",
        "old_answer": "B"
    },
    {
        "qa_idx": 7,
        "qa_task": "attribute-change",
        "question": "How does the setting change from the beginning to the end of the event from 778.0 seconds to 838.0 seconds?",
        "options": [
            "A. The setting remains the same throughout the event.",
            "B. The setting changes from an indoor animated scene to an outdoor suburban scene.",
            "C. The setting changes from a dark, gloomy environment to a brightly lit one.",
            "D. The setting changes from a suburban scene to an indoor animated scene."
        ],
        "answer": "B",
        "qa_level": "cross_event",
        "qa_type": "mcqa",
        "old_answer": "B"
    },
    {
        "qa_idx": 9,
        "qa_task": "speed",
        "question": "Which character is faster in the video sequence from 1.0 to 2011.0 seconds?",
        "options": [
            "A. The pink cartoon dog.",
            "B. The green anthropomorphic dog.",
            "C. The red car.",
            "D. The animated mice."
        ],
        "answer": "C",
        "qa_level": "long_term",
        "qa_type": "mcqa",
        "old_answer": "C"
    },
    {
        "qa_idx": 10,
        "qa_task": "attribute-change",
        "question": "How does the setting change from 1.0 seconds to 2011.0 seconds in the video?",
        "options": [
            "A. From a suburban outdoor setting to a dark, turbulent environment.",
            "B. From a forest chase sequence to a serene countryside.",
            "C. From a playful indoor room to a vibrant cityscape.",
            "D. From a desert landscape to a cozy living room."
        ],
        "answer": "A",
        "qa_level": "long_term",
        "qa_type": "mcqa",
        "old_answer": "A"
    }
]