[
    {
        "qa_idx": 0,
        "qa_type": "qa",
        "qa_level": "frame",
        "qa_task": "object understanding",
        "question": "Is there a disposable cup placed on the desk in the foreground at the 30.0-second mark of the video?",
        "answer": "Yes",
        "old_answer": "Yes"
    },
    {
        "qa_idx": 1,
        "qa_type": "qa",
        "qa_level": "within_event",
        "qa_task": "action-understanding",
        "question": "During the video sequence from 3.0 to 60.0 seconds, do the individuals in the recording studio start dancing around the desk?",
        "answer": "No",
        "old_answer": "No"
    },
    {
        "qa_idx": 2,
        "qa_task": "object understanding",
        "question": "What recording equipment is visible in the frame at 1881.0 seconds into the video?",
        "options": [
            "A. Several microphones, a desk, and headphones.",
            "B. A camera, a tripod, and a green screen.",
            "C. A mixing console, a guitar, and a drum set.",
            "D. A laptop, a printer, and a scanner."
        ],
        "answer": "A",
        "qa_level": "frame",
        "qa_type": "mcqa",
        "old_answer": "A"
    },
    {
        "qa_idx": 4,
        "qa_type": "qa",
        "qa_level": "cross_event",
        "qa_task": "speed",
        "question": "From 551.0 to 718.0 seconds, did the individuals in the studio appear to be moving quickly during their recording session?",
        "answer": "No",
        "old_answer": "No"
    },
    {
        "qa_idx": 6,
        "qa_type": "qa",
        "qa_level": "long_term",
        "qa_task": "action-understanding",
        "question": "Did the individuals in the recording studio engage in a dance performance during the broadcast session from 3.0 to 2226.0 seconds?",
        "answer": "No",
        "old_answer": "No"
    },
    {
        "qa_idx": 8,
        "qa_task": "camera-direction",
        "question": "Does the camera move closer to the individuals or stay stationary during the event from 1391.0 to 1454.0 seconds?",
        "options": [
            "A. The camera moves closer to the individuals.",
            "B. The camera stays stationary.",
            "C. The camera moves away from the individuals.",
            "D. The camera pans around the room."
        ],
        "answer": "B",
        "qa_level": "within_event",
        "qa_type": "mcqa",
        "old_answer": "B"
    },
    {
        "qa_idx": 11,
        "qa_task": "temporal-relationship",
        "question": "What happens after the individuals are noted positioned in front of a microphone and monitor during the event from 1709.0 to 1771.0 seconds?",
        "options": [
            "A. The scene transitions to a different location outside the studio.",
            "B. The individuals start a heated argument.",
            "C. The final moments depict a radio broadcasting setup with individuals seated and engaged in conversation or recording.",
            "D. The lights in the studio go out, and the recording stops."
        ],
        "answer": "C",
        "qa_level": "cross_event",
        "qa_type": "mcqa",
        "old_answer": "C"
    },
    {
        "qa_idx": 13,
        "qa_task": "camera-direction",
        "question": "How does the camera movement emphasize the environment in the radio broadcast studio from 765.0 to 865.0 seconds?",
        "options": [
            "A. The camera moves forward to focus on the details of the table and equipment.",
            "B. The camera pans left to show the entire studio setup.",
            "C. The camera zooms out to capture the entire room.",
            "D. The camera remains stationary throughout the scene."
        ],
        "answer": "A",
        "qa_level": "cross_event",
        "qa_type": "mcqa",
        "old_answer": "A"
    },
    {
        "qa_idx": 16,
        "qa_task": "descriptive-scene",
        "question": "Where does the video sequence from 3.0 to 2226.0 seconds primarily take place?",
        "options": [
            "A. In a professional recording studio.",
            "B. In a home office.",
            "C. In a public park.",
            "D. In a classroom."
        ],
        "answer": "A",
        "qa_level": "long_term",
        "qa_type": "mcqa",
        "old_answer": "A"
    },
    {
        "qa_idx": 18,
        "qa_task": "camera-direction",
        "question": "In the video sequence from 3.0 to 2226.0 seconds, what is the camera movement when capturing the professional recording studio environment?",
        "options": [
            "A. The camera moves closer to the individuals.",
            "B. The camera moves away from the individuals.",
            "C. The camera remains stationary.",
            "D. The camera pans around the studio."
        ],
        "answer": "D",
        "qa_level": "long_term",
        "qa_type": "mcqa",
        "old_answer": "D"
    },
    {
        "qa_idx": 19,
        "qa_task": "speed",
        "question": "Which individual is faster in engaging with the recording equipment in the studio from 3.0 to 2226.0 seconds?",
        "options": [
            "A. The person in the green hoodie.",
            "B. The person in the red shirt.",
            "C. The person in the dark hoodie.",
            "D. The person in the black hoodie."
        ],
        "answer": "A",
        "qa_level": "long_term",
        "qa_type": "mcqa",
        "old_answer": "A"
    },
    {
        "qa_idx": 20,
        "qa_task": "attribute-change",
        "question": "How does the studio environment change from the beginning to the end of the video sequence from 3.0 to 2226.0 seconds?",
        "options": [
            "A. The studio becomes less professional and more casual.",
            "B. The studio remains consistently professional and well-equipped.",
            "C. The studio transitions from a casual to a professional setting.",
            "D. The studio environment changes to an outdoor setting."
        ],
        "answer": "B",
        "qa_level": "long_term",
        "qa_type": "mcqa",
        "old_answer": "B"
    }
]