[
    {
        "qa_idx": 2,
        "qa_type": "qa",
        "qa_level": "within_event",
        "qa_task": "object understanding",
        "question": "Is there a logo featuring the name 'Franco Escamilla' in the video from 94.0 to 118.0 seconds?",
        "answer": "Yes",
        "old_answer": "Yes"
    },
    {
        "qa_idx": 3,
        "qa_type": "qa",
        "qa_level": "within_event",
        "qa_task": "speed",
        "question": "Did the participants in the virtual meeting appear to be speaking at a fast pace during the event from 5106.0 to 5647.0 seconds?",
        "answer": "No",
        "old_answer": "No"
    },
    {
        "qa_idx": 6,
        "qa_type": "qa",
        "qa_level": "long_term",
        "qa_task": "action-understanding",
        "question": "During the virtual meeting from 260.0 seconds to 4857.0 seconds, did any participant physically hand over a document to another participant?",
        "answer": "No",
        "old_answer": "No"
    },
    {
        "qa_idx": 8,
        "qa_task": "attribute-change",
        "question": "How does the background of the virtual meeting scene change from the beginning to the end of the event from 1106.0 seconds to 1167.0 seconds?",
        "options": [
            "A. The background changes from a light to a dark theme.",
            "B. The background remains consistently dark throughout the event.",
            "C. The background changes from a dark to a light theme.",
            "D. The background changes from personal decor to office equipment."
        ],
        "answer": "B",
        "qa_level": "cross_event",
        "qa_type": "mcqa",
        "old_answer": "B"
    },
    {
        "qa_idx": 9,
        "qa_task": "object-direction",
        "question": "In the event from 1606.0 to 1670.0 seconds, what is the primary direction of the participants' focus during the online meeting?",
        "options": [
            "A. Towards the left side of the screen.",
            "B. Towards the right side of the screen.",
            "C. Towards the center of the screen.",
            "D. Towards the top of the screen."
        ],
        "answer": "C",
        "qa_level": "cross_event",
        "qa_type": "mcqa",
        "old_answer": "C"
    },
    {
        "qa_idx": 10,
        "qa_task": "speed",
        "question": "How does the speed of the man's actions in the interactive session compare to the speed of the transitions between frames in the video from 5658.0 to 5805.0 seconds?",
        "options": [
            "A. The man's actions are slower than the transitions between frames.",
            "B. The man's actions are faster than the transitions between frames.",
            "C. The man's actions and the transitions between frames occur at the same speed.",
            "D. The speed of the man's actions and the transitions between frames cannot be compared."
        ],
        "answer": "A",
        "qa_level": "cross_event",
        "qa_type": "mcqa",
        "old_answer": "A"
    },
    {
        "qa_idx": 11,
        "qa_task": "object-direction",
        "question": "In the video event from 5658.0 to 5805.0 seconds, what direction is the tripod set up in relation to the man?",
        "options": [
            "A. To the left.",
            "B. To the right.",
            "C. In front of.",
            "D. Behind."
        ],
        "answer": "B",
        "qa_level": "cross_event",
        "qa_type": "mcqa",
        "old_answer": "B"
    },
    {
        "qa_idx": 14,
        "qa_task": "time-order",
        "question": "In which order do the events occur in the video from 17.0 seconds to 6967.0 seconds?",
        "options": [
            "A. The video starts with a copyright notice, followed by a minimalistic indoor environment with a camera on a tripod, then transitions to various animated scenes, and ends with a person riding a red motorcycle under a night sky.",
            "B. The video starts with a virtual meeting, followed by a copyright notice, then transitions to various animated scenes, and ends with a person riding a red motorcycle under a night sky.",
            "C. The video starts with a person riding a red motorcycle under a night sky, followed by a minimalistic indoor environment with a camera on a tripod, then transitions to various animated scenes, and ends with a copyright notice.",
            "D. The video starts with various animated scenes, followed by a minimalistic indoor environment with a camera on a tripod, then transitions to a copyright notice, and ends with a person riding a red motorcycle under a night sky."
        ],
        "answer": "A",
        "qa_level": "long_term",
        "qa_type": "mcqa",
        "old_answer": "A"
    },
    {
        "qa_idx": 16,
        "qa_task": "speed",
        "question": "Which participant in the virtual meeting was speaking faster during the session from 260.0 seconds to 4857.0 seconds?",
        "options": [
            "A. The participant in the red Coca-Cola Classic t-shirt.",
            "B. The participant in the colorful, patterned shirt.",
            "C. The participant in the dark soundproofing room.",
            "D. The participant in the purple-blue-lit room."
        ],
        "answer": "A",
        "qa_level": "long_term",
        "qa_type": "mcqa",
        "old_answer": "A"
    },
    {
        "qa_idx": 17,
        "qa_task": "character-understanding",
        "question": "What is the central participant wearing during the virtual meeting from 3606.0 seconds to 4107.0 seconds?",
        "options": [
            "A. A red Coca-Cola Classic t-shirt.",
            "B. A blue patterned shirt.",
            "C. A black suit.",
            "D. A white hoodie."
        ],
        "answer": "A",
        "qa_level": "long_term",
        "qa_type": "mcqa",
        "old_answer": "A"
    }
]