[
    {
        "qa_idx": 0,
        "qa_type": "qa",
        "qa_level": "frame",
        "qa_task": "object understanding",
        "question": "Is there a cooked egg yolk visible in the hamburger at 824.0 seconds into the video?",
        "answer": "Yes",
        "old_answer": "Yes"
    },
    {
        "qa_idx": 1,
        "qa_type": "qa",
        "qa_level": "frame",
        "qa_task": "character-understanding",
        "question": "Are there two women featured in the poster at 1252.0 seconds into the video?",
        "answer": "Yes",
        "old_answer": "Yes"
    },
    {
        "qa_idx": 2,
        "qa_task": "character-understanding",
        "question": "What is the person wearing in the video frame at 820.0 seconds?",
        "options": [
            "A. A hat and a colorful camouflage-patterned shirt.",
            "B. A suit and tie.",
            "C. A plain white t-shirt.",
            "D. A jacket and jeans."
        ],
        "answer": "A",
        "qa_level": "frame",
        "qa_type": "mcqa",
        "old_answer": "A"
    },
    {
        "qa_idx": 3,
        "qa_type": "qa",
        "qa_level": "within_event",
        "qa_task": "object understanding",
        "question": "Is there a Rubik's cube on the table in the video from 625.0 to 684.0 seconds?",
        "answer": "Yes",
        "old_answer": "Yes"
    },
    {
        "qa_idx": 4,
        "qa_task": "spatial-relationship",
        "question": "What is visible in the background behind the car at 819.0 seconds into the video?",
        "options": [
            "A. A building.",
            "B. Greenery such as hedges.",
            "C. A beach.",
            "D. A mountain."
        ],
        "answer": "B",
        "qa_level": "frame",
        "qa_type": "mcqa",
        "old_answer": "B"
    },
    {
        "qa_idx": 7,
        "qa_type": "qa",
        "qa_level": "cross_event",
        "qa_task": "character-understanding",
        "question": "Were the two men seated at a table and holding microphones during the talk show in both events from 1174.0 to 1233.0 and 1251.0 to 1310.0?",
        "answer": "Yes",
        "old_answer": "Yes"
    },
    {
        "qa_idx": 8,
        "qa_task": "scene-understanding",
        "question": "What is the setting of the event sequence from 1074.0 to 1085.0 seconds?",
        "options": [
            "A. A casual talk show environment with a black backdrop and potted plants.",
            "B. A busy highway interchange with numerous cars.",
            "C. A stylized graphic image of a person wearing sunglasses and a hat.",
            "D. An aerial perspective showcasing an urban highway interchange."
        ],
        "answer": "A",
        "qa_level": "within_event",
        "qa_type": "mcqa",
        "old_answer": "A"
    },
    {
        "qa_idx": 9,
        "qa_task": "camera-direction",
        "question": "During the event from 1320.0 to 1362.0 seconds, how does the camera transition from the festive scene to the TV talk show setting?",
        "options": [
            "A. The camera zooms out from the festive scene and then cuts to the TV talk show setting.",
            "B. The camera pans from the festive scene to the TV talk show setting.",
            "C. The camera cuts directly from the festive scene to the TV talk show setting.",
            "D. The camera moves through the park elements to the TV talk show setting."
        ],
        "answer": "C",
        "qa_level": "within_event",
        "qa_type": "mcqa",
        "old_answer": "C"
    },
    {
        "qa_idx": 10,
        "qa_task": "temporal-relationship",
        "question": "What happens after the scene featuring a hamburger displayed on a green plate with floral patterns in the event from 817.0 to 877.0 seconds?",
        "options": [
            "A. The scene shifts to a person inside a vehicle wearing a camouflage-patterned shirt and goggles.",
            "B. The event concludes with two men engaged in a discussion with a colorful backdrop.",
            "C. The scene transitions to another frame inside a vehicle with similar descriptions.",
            "D. The setup suggests a casual studio environment intended for a show or podcast."
        ],
        "answer": "B",
        "qa_level": "cross_event",
        "qa_type": "mcqa",
        "old_answer": "B"
    },
    {
        "qa_idx": 11,
        "qa_task": "temporal-relationship",
        "question": "What happens after the scene featuring a person in a camouflage-patterned shirt and goggles inside a vehicle?",
        "options": [
            "A. The scene shifts to a hamburger displayed on a green plate with floral patterns.",
            "B. The scene transitions to a nighttime cityscape with tall buildings.",
            "C. The scene shows two men seated at a table covered with a pink tablecloth.",
            "D. The scene features a dynamic, vibrant background with colorful, abstract graphics."
        ],
        "answer": "A",
        "qa_level": "long_term",
        "qa_type": "mcqa",
        "old_answer": "A"
    },
    {
        "qa_idx": 14,
        "qa_task": "speed",
        "question": "Which scene transition happens faster, from the talk show setup to the urban nightscape or from the urban nightscape to the cable-stayed bridge?",
        "options": [
            "A. From the talk show setup to the urban nightscape.",
            "B. From the urban nightscape to the cable-stayed bridge.",
            "C. Both transitions happen at the same speed.",
            "D. None of the above."
        ],
        "answer": "B",
        "qa_level": "long_term",
        "qa_type": "mcqa",
        "old_answer": "B"
    },
    {
        "qa_idx": 15,
        "qa_task": "attribute-change",
        "question": "How does the background change from the beginning to the end of the video between 3.0 and 1866.0 seconds?",
        "options": [
            "A. From a dark reddish background to a busy urban highway network.",
            "B. From a bright light source to a serene coastal scene.",
            "C. From a festive scene to a talk show setup.",
            "D. From a dark brick wall to a beach setting."
        ],
        "answer": "A",
        "qa_level": "long_term",
        "qa_type": "mcqa",
        "old_answer": "A"
    },
    {
        "qa_idx": 18,
        "qa_task": "time-order",
        "question": "In which order do the events occur in the video from 3.0 to 1866.0 seconds?",
        "options": [
            "A. The video begins with a bright light source against a dark reddish background, followed by a man in a black suit holding a microphone against a backdrop of brick-patterned walls, then a talk show setting titled 'El Show de La Mole', and finally an aerial view of a busy highway network filled with vehicles.",
            "B. The video begins with a man in a black suit holding a microphone against a backdrop of brick-patterned walls, followed by a bright light source against a dark reddish background, then a talk show setting titled 'El Show de La Mole', and finally an aerial view of a busy highway network filled with vehicles.",
            "C. The video begins with a talk show setting titled 'El Show de La Mole', followed by a bright light source against a dark reddish background, then a man in a black suit holding a microphone against a backdrop of brick-patterned walls, and finally an aerial view of a busy highway network filled with vehicles.",
            "D. The video begins with an aerial view of a busy highway network filled with vehicles, followed by a bright light source against a dark reddish background, then a man in a black suit holding a microphone against a backdrop of brick-patterned walls, and finally a talk show setting titled 'El Show de La Mole'."
        ],
        "answer": "A",
        "qa_level": "long_term",
        "qa_type": "mcqa",
        "old_answer": "A"
    }
]