[
    {
        "qa_idx": 0,
        "qa_type": "qa",
        "qa_level": "frame",
        "qa_task": "character-understanding",
        "question": "At 1532.0 seconds into the video, is one of the men shirtless?",
        "answer": "Yes",
        "old_answer": "Yes"
    },
    {
        "qa_idx": 1,
        "qa_task": "spatial-relationship",
        "question": "What is the right hand doing at 817.0 seconds into the video?",
        "options": [
            "A. Holding a pen.",
            "B. Flipping through sheets of paper.",
            "C. Writing on a document.",
            "D. Holding a phone."
        ],
        "answer": "B",
        "qa_level": "frame",
        "qa_type": "mcqa",
        "old_answer": "B"
    },
    {
        "qa_idx": 2,
        "qa_type": "qa",
        "qa_level": "frame",
        "qa_task": "object understanding",
        "question": "Is there a boat named 'FESADA family' visible in the frame at 1272.0 seconds?",
        "answer": "Yes",
        "old_answer": "Yes"
    },
    {
        "qa_idx": 3,
        "qa_type": "qa",
        "qa_level": "within_event",
        "qa_task": "object understanding",
        "question": "Is there a white boat floating close to several docked boats along the shoreline in the video from 2789.0 to 2846.0 seconds?",
        "answer": "Yes",
        "old_answer": "Yes"
    },
    {
        "qa_idx": 4,
        "qa_task": "descriptive-scene",
        "question": "Where does the scene at 2308.0 seconds into the video take place?",
        "options": [
            "A. In a park.",
            "B. In an indoor setting.",
            "C. In a garden.",
            "D. In a playground."
        ],
        "answer": "B",
        "qa_level": "frame",
        "qa_type": "mcqa",
        "old_answer": "B"
    },
    {
        "qa_idx": 5,
        "qa_type": "qa",
        "qa_level": "cross_event",
        "qa_task": "object understanding",
        "question": "Is there a blue boat in the video event from 2063.0 to 2123.0?",
        "answer": "Yes",
        "old_answer": "Yes"
    },
    {
        "qa_idx": 6,
        "qa_task": "character-understanding",
        "question": "What is the person in the video doing at 1968.0 seconds?",
        "options": [
            "A. The person is serving drinks.",
            "B. The person is carving a roast pig.",
            "C. The person is setting the table.",
            "D. The person is cleaning up."
        ],
        "answer": "B",
        "qa_level": "frame",
        "qa_type": "mcqa",
        "old_answer": "B"
    },
    {
        "qa_idx": 7,
        "qa_task": "spatial-relationship",
        "question": "What is the table covered with at 852.0 seconds into the video?",
        "options": [
            "A. A red tablecloth.",
            "B. A white tablecloth.",
            "C. A blue tablecloth.",
            "D. A green tablecloth."
        ],
        "answer": "B",
        "qa_level": "frame",
        "qa_type": "mcqa",
        "old_answer": "B"
    },
    {
        "qa_idx": 8,
        "qa_task": "descriptive-scene",
        "question": "Where does the scene at 1683.0 seconds into the video take place?",
        "options": [
            "A. In a tree-shaded outdoor area.",
            "B. In a busy city street.",
            "C. Inside a large building.",
            "D. On a beach."
        ],
        "answer": "A",
        "qa_level": "frame",
        "qa_type": "mcqa",
        "old_answer": "A"
    },
    {
        "qa_idx": 10,
        "qa_task": "descriptive-scene",
        "question": "What is the atmosphere of the event at 950.0 seconds into the video?",
        "options": [
            "A. Quiet and somber.",
            "B. Vibrant and cheerful.",
            "C. Tense and serious.",
            "D. Calm and peaceful."
        ],
        "answer": "B",
        "qa_level": "frame",
        "qa_type": "mcqa",
        "old_answer": "B"
    },
    {
        "qa_idx": 11,
        "qa_task": "spatial-relationship",
        "question": "What is the individual positioned in front of at 275.0 seconds into the video?",
        "options": [
            "A. A mirror.",
            "B. A display case with a gold decorative border.",
            "C. A bookshelf.",
            "D. A window."
        ],
        "answer": "B",
        "qa_level": "frame",
        "qa_type": "mcqa",
        "old_answer": "B"
    },
    {
        "qa_idx": 17,
        "qa_task": "attribute-change",
        "question": "How does the lighting change throughout the beach scene from 1261.0 to 1322.0 seconds?",
        "options": [
            "A. The lighting becomes brighter.",
            "B. The lighting remains dim.",
            "C. The lighting changes to a sunset glow.",
            "D. The lighting becomes completely dark."
        ],
        "answer": "B",
        "qa_level": "within_event",
        "qa_type": "mcqa",
        "old_answer": "B"
    },
    {
        "qa_idx": 19,
        "qa_task": "attribute-change",
        "question": "How does the atmosphere change from the beginning to the end of the event from 768.0 to 799.0 seconds?",
        "options": [
            "A. The atmosphere changes from casual to chaotic.",
            "B. The atmosphere changes from solemn to celebratory.",
            "C. The atmosphere changes from quiet to noisy.",
            "D. The atmosphere changes from informal to relaxed."
        ],
        "answer": "B",
        "qa_level": "within_event",
        "qa_type": "mcqa",
        "old_answer": "B"
    },
    {
        "qa_idx": 20,
        "qa_task": "scene-understanding",
        "question": "What is the setting of the event captured in the video segment from 701.0 to 762.0 seconds?",
        "options": [
            "A. A beach.",
            "B. A decorated church.",
            "C. A garden.",
            "D. A banquet hall."
        ],
        "answer": "B",
        "qa_level": "within_event",
        "qa_type": "mcqa",
        "old_answer": "B"
    },
    {
        "qa_idx": 21,
        "qa_task": "camera-direction",
        "question": "Does the camera move closer to the man in the bright green shirt or does it transition to a different scene from 593.0 to 616.0 seconds?",
        "options": [
            "A. The camera moves closer to the man in the bright green shirt.",
            "B. The camera transitions to a different scene.",
            "C. The camera moves away from the man in the bright green shirt.",
            "D. The camera stays focused on the man in the bright green shirt."
        ],
        "answer": "B",
        "qa_level": "within_event",
        "qa_type": "mcqa",
        "old_answer": "B"
    },
    {
        "qa_idx": 23,
        "qa_task": "speed",
        "question": "From 1672.0 to 1739.0 seconds, which is moving faster, the divers or the sea turtle?",
        "options": [
            "A. The divers.",
            "B. The sea turtle.",
            "C. Both are moving at the same speed.",
            "D. None of the above."
        ],
        "answer": "B",
        "qa_level": "within_event",
        "qa_type": "mcqa",
        "old_answer": "B"
    },
    {
        "qa_idx": 24,
        "qa_task": "camera-direction",
        "question": "During the event from 1041.0 to 1076.0 seconds, does the camera focus more on the decorated table or the bride and groom?",
        "options": [
            "A. The camera focuses more on the decorated table.",
            "B. The camera focuses more on the bride and groom.",
            "C. The camera equally focuses on both the decorated table and the bride and groom.",
            "D. The camera does not focus on either the decorated table or the bride and groom."
        ],
        "answer": "B",
        "qa_level": "within_event",
        "qa_type": "mcqa",
        "old_answer": "B"
    },
    {
        "qa_idx": 25,
        "qa_task": "temporal-relationship",
        "question": "What happens after the divers explore the underwater environment from 1672.0 to 1739.0 seconds?",
        "options": [
            "A. A sea turtle is seen gliding above coral formations.",
            "B. Multiple men are gathered around handling long metal pipes.",
            "C. Three pigs are being roasted over an open fire.",
            "D. The divers encounter a school of fish."
        ],
        "answer": "B",
        "qa_level": "cross_event",
        "qa_type": "mcqa",
        "old_answer": "B"
    },
    {
        "qa_idx": 26,
        "qa_task": "object-direction",
        "question": "In the events from 303.0 to 363.0 seconds and H to e seconds, what is the common direction of the boats' movement?",
        "options": [
            "A. Towards the horizon.",
            "B. Towards the shore.",
            "C. Parallel to the shore.",
            "D. In a circular motion."
        ],
        "answer": "A",
        "qa_level": "cross_event",
        "qa_type": "mcqa",
        "old_answer": "A"
    },
    {
        "qa_idx": 28,
        "qa_task": "object-direction",
        "question": "In the video events from 1261.0 to 1322.0 seconds and H to e seconds, what is the direction of the boats in relation to the shore?",
        "options": [
            "A. Boats are moving towards the shore.",
            "B. Boats are moving away from the shore.",
            "C. Boats are stationary near the shore.",
            "D. Boats are moving parallel to the shore."
        ],
        "answer": "C",
        "qa_level": "cross_event",
        "qa_type": "mcqa",
        "old_answer": "C"
    },
    {
        "qa_idx": 29,
        "qa_task": "spatial-relationship",
        "question": "In the video events from 303.0 to 363.0 seconds and H to e seconds, what is the spatial relationship between the thatched-roof structure and the concrete pier or walkway?",
        "options": [
            "A. The thatched-roof structure is positioned near the edge of the beach, while the concrete pier or walkway extends into the water.",
            "B. The thatched-roof structure is located at the end of the concrete pier or walkway.",
            "C. The thatched-roof structure is floating on the water, while the concrete pier or walkway is on the beach.",
            "D. The thatched-roof structure is positioned on a hill, while the concrete pier or walkway is on the beach."
        ],
        "answer": "A",
        "qa_level": "cross_event",
        "qa_type": "mcqa",
        "old_answer": "A"
    },
    {
        "qa_idx": 30,
        "qa_task": "object understanding",
        "question": "What distinctive feature is present on one of the boats in the serene beach scene from 1261.0 to 1322.0 seconds?",
        "options": [
            "A. A dolphin graphic on its hull.",
            "B. A bright red flag.",
            "C. A large anchor.",
            "D. A colorful sail."
        ],
        "answer": "A",
        "qa_level": "cross_event",
        "qa_type": "mcqa",
        "old_answer": "A"
    },
    {
        "qa_idx": 33,
        "qa_task": "temporal-relationship",
        "question": "What happened after the group of people were seen working together near a green-painted boat by the seaside?",
        "options": [
            "A. A lively wedding celebration featuring a decorated canopy, a bride in a white dress, a groom in formal attire, and numerous formally dressed guests.",
            "B. A person in a red shirt standing near a doorway in an indoor setting.",
            "C. Two individuals engaged in rowing a small boat on clear turquoise waters.",
            "D. A serene coastal scene featuring a lush green hillside in the background under a partly cloudy sky."
        ],
        "answer": "A",
        "qa_level": "long_term",
        "qa_type": "mcqa",
        "old_answer": "A"
    },
    {
        "qa_idx": 34,
        "qa_task": "spatial-relationship",
        "question": "Where is the lush, green, rocky outcrop located in relation to the boat in the beginning of the video?",
        "options": [
            "A. On the left side of the boat.",
            "B. On the right side of the boat.",
            "C. Directly in front of the boat.",
            "D. Directly behind the boat."
        ],
        "answer": "B",
        "qa_level": "long_term",
        "qa_type": "mcqa",
        "old_answer": "B"
    },
    {
        "qa_idx": 35,
        "qa_task": "causal",
        "question": "Why were the individuals seen working together near a green-painted boat by the seaside?",
        "options": [
            "A. They were preparing for a wedding celebration.",
            "B. They were engaging in some manual labor that suggests teamwork.",
            "C. They were organizing a religious ceremony.",
            "D. They were preparing for a fishing trip."
        ],
        "answer": "B",
        "qa_level": "long_term",
        "qa_type": "mcqa",
        "old_answer": "B"
    },
    {
        "qa_idx": 36,
        "qa_task": "counting",
        "question": "How many people are seen working together near a green-painted boat by the seaside?",
        "options": [
            "A. One.",
            "B. Two.",
            "C. Three.",
            "D. A group of people."
        ],
        "answer": "D",
        "qa_level": "long_term",
        "qa_type": "mcqa",
        "old_answer": "D"
    },
    {
        "qa_idx": 38,
        "qa_task": "speed",
        "question": "Which is faster, the boat or the canoe, in the scenes from 2.0 to 2846.0 seconds?",
        "options": [
            "A. The boat.",
            "B. The canoe.",
            "C. Both are at the same speed.",
            "D. None of the above."
        ],
        "answer": "A",
        "qa_level": "long_term",
        "qa_type": "mcqa",
        "old_answer": "A"
    },
    {
        "qa_idx": 39,
        "qa_task": "attribute-change",
        "question": "How does the color of the water change from the beginning to the end of the video from 2.0 to 2846.0 seconds?",
        "options": [
            "A. The water changes from turquoise to darker blue hues.",
            "B. The water changes from clear to murky.",
            "C. The water changes from green to brown.",
            "D. The water changes from blue to red."
        ],
        "answer": "A",
        "qa_level": "long_term",
        "qa_type": "mcqa",
        "old_answer": "A"
    },
    {
        "qa_idx": 40,
        "qa_task": "time-order",
        "question": "In which order do the events occur in the video from 2.0 to 2846.0 seconds?",
        "options": [
            "A. Individual on a boat in turquoise waters -> Man in a red and black top gazing over the ocean -> Group of people working near a green-painted boat -> Wedding celebration with a decorated canopy.",
            "B. Man in a red and black top gazing over the ocean -> Individual on a boat in turquoise waters -> Group of people working near a green-painted boat -> Wedding celebration with a decorated canopy.",
            "C. Group of people working near a green-painted boat -> Individual on a boat in turquoise waters -> Man in a red and black top gazing over the ocean -> Wedding celebration with a decorated canopy.",
            "D. Wedding celebration with a decorated canopy -> Individual on a boat in turquoise waters -> Man in a red and black top gazing over the ocean -> Group of people working near a green-painted boat."
        ],
        "answer": "A",
        "qa_level": "long_term",
        "qa_type": "mcqa",
        "old_answer": "A"
    },
    {
        "qa_idx": 41,
        "qa_task": "descriptive-scene",
        "question": "Where does the event featuring a wedding celebration with a decorated canopy, a bride in a white dress, a groom in formal attire, and numerous formally dressed guests take place?",
        "options": [
            "A. On a boat in turquoise waters.",
            "B. In an indoor setting with floral arrangements.",
            "C. By the seaside near a green-painted boat.",
            "D. At a lively wedding celebration with a decorated canopy."
        ],
        "answer": "D",
        "qa_level": "long_term",
        "qa_type": "mcqa",
        "old_answer": "D"
    }
]