[
    {
        "qa_idx": 0,
        "qa_task": "character-understanding",
        "question": "What human element is visible in the frame at 607.0 seconds into the video?",
        "options": [
            "A. A person walking.",
            "B. A vehicle's side mirror.",
            "C. A campsite.",
            "D. A bridge."
        ],
        "answer": "B",
        "qa_level": "frame",
        "qa_type": "mcqa",
        "old_answer": "B"
    },
    {
        "qa_idx": 1,
        "qa_type": "qa",
        "qa_level": "within_event",
        "qa_task": "action-understanding",
        "question": "During the event from 304.0 to 318.0 seconds, does the man in the green shirt and grey jacket hold an object while standing on the paved road?",
        "answer": "Yes",
        "old_answer": "Yes"
    },
    {
        "qa_idx": 2,
        "qa_task": "spatial-relationship",
        "question": "Where is the dark-colored bird located in the frame at 1934.0 seconds?",
        "options": [
            "A. Upper right section.",
            "B. Lower left section.",
            "C. Center.",
            "D. Upper left section."
        ],
        "answer": "B",
        "qa_level": "frame",
        "qa_type": "mcqa",
        "old_answer": "B"
    },
    {
        "qa_idx": 4,
        "qa_type": "qa",
        "qa_level": "cross_event",
        "qa_task": "speed",
        "question": "Did the vehicle in the second event (1162.0 to 1192.0) move at a faster pace compared to the vehicle in the first event (1094.0 to 1157.0)?",
        "answer": "No",
        "old_answer": "No"
    },
    {
        "qa_idx": 6,
        "qa_type": "qa",
        "qa_level": "cross_event",
        "qa_task": "speed",
        "question": "Is the car moving at a fast pace from 490.0 to 567.0 and 568.0 to 608.0?",
        "answer": "No",
        "old_answer": "No"
    },
    {
        "qa_idx": 12,
        "qa_task": "speed",
        "question": "Which mode of transportation was faster in the video from 231.0 to 3274.0 seconds?",
        "options": [
            "A. Motorcycles.",
            "B. Pickup truck.",
            "C. Car.",
            "D. Walking."
        ],
        "answer": "C",
        "qa_level": "long_term",
        "qa_type": "mcqa",
        "old_answer": "C"
    },
    {
        "qa_idx": 13,
        "qa_task": "attribute-change",
        "question": "How does the scene change from the beginning to the end of the video from 17.0 to 3274.0 seconds?",
        "options": [
            "A. The scene changes from a rural street scene to a bustling construction site.",
            "B. The scene changes from a rural street scene to a serene mountainous landscape.",
            "C. The scene changes from a rural street scene to an indoor setting.",
            "D. The scene changes from a rural street scene to a busy urban environment."
        ],
        "answer": "A",
        "qa_level": "long_term",
        "qa_type": "mcqa",
        "old_answer": "A"
    }
]