[
    {
        "qa_idx": 0,
        "qa_type": "qa",
        "qa_level": "frame",
        "qa_task": "object understanding",
        "question": "Is there a sign that reads 'Franco Escamilla' in the background of the video frame at 1741.0 seconds?",
        "answer": "Yes",
        "old_answer": "Yes"
    },
    {
        "qa_idx": 1,
        "qa_task": "descriptive-scene",
        "question": "What is the person wearing in the video frame at 4160.0 seconds?",
        "options": [
            "A. A white shirt.",
            "B. A black shirt.",
            "C. A red shirt.",
            "D. A green shirt."
        ],
        "answer": "B",
        "qa_level": "frame",
        "qa_type": "mcqa",
        "old_answer": "B"
    },
    {
        "qa_idx": 7,
        "qa_task": "camera-direction",
        "question": "During the video event from 3214.0 to 4105.0 seconds, does the camera move closer to the table or stay stationary?",
        "options": [
            "A. The camera moves closer to the table.",
            "B. The camera stays stationary.",
            "C. The camera moves away from the table.",
            "D. The camera moves around the table."
        ],
        "answer": "B",
        "qa_level": "within_event",
        "qa_type": "mcqa",
        "old_answer": "B"
    },
    {
        "qa_idx": 8,
        "qa_task": "attribute-change",
        "question": "How does the lighting and ambiance change between the two video events from 740.0 to 1241.0 seconds and H to e seconds?",
        "options": [
            "A. The lighting becomes dimmer and the ambiance more relaxed in the second event.",
            "B. The lighting remains the same but the ambiance becomes more formal in the second event.",
            "C. The lighting becomes brighter and the ambiance more energetic in the second event.",
            "D. The lighting and ambiance do not change between the two events."
        ],
        "answer": "A",
        "qa_level": "cross_event",
        "qa_type": "mcqa",
        "old_answer": "A"
    },
    {
        "qa_idx": 9,
        "qa_task": "time-order",
        "question": "What is the sequence of events in the two video descriptions from 1490.0 to 1550.0 seconds and H to e seconds?",
        "options": [
            "A. A group of men engage in a lively discussion around a table in a sound-treated room, followed by another event.",
            "B. An event occurs first, followed by a group of men engaging in a lively discussion around a table in a sound-treated room.",
            "C. Both events occur simultaneously.",
            "D. The sequence of events is not clear from the descriptions."
        ],
        "answer": "A",
        "qa_level": "cross_event",
        "qa_type": "mcqa",
        "old_answer": "A"
    },
    {
        "qa_idx": 13,
        "qa_task": "camera-direction",
        "question": "How does the camera movement change from the beginning to the end of the video from 49.0 to 9723.0 seconds?",
        "options": [
            "A. The camera remains static throughout the video.",
            "B. The camera moves closer to the subjects in the studio setting.",
            "C. The camera zooms out to show a broader view of the studio.",
            "D. The camera pans across different scenes and settings."
        ],
        "answer": "D",
        "qa_level": "long_term",
        "qa_type": "mcqa",
        "old_answer": "D"
    },
    {
        "qa_idx": 14,
        "qa_task": "speed",
        "question": "Which mode of transportation is depicted as moving the fastest in the video from 49.0 to 9723.0 seconds?",
        "options": [
            "A. The carriage drawn by two horses.",
            "B. The red vehicle on the road.",
            "C. The airplane in mid-flight.",
            "D. The animated parrot on a bed."
        ],
        "answer": "C",
        "qa_level": "long_term",
        "qa_type": "mcqa",
        "old_answer": "C"
    },
    {
        "qa_idx": 15,
        "qa_task": "attribute-change",
        "question": "How does the background change from the beginning to the end of the video from 49.0 seconds to 9723.0 seconds?",
        "options": [
            "A. The background changes from a dark, minimalist scene to a lively and colorful studio setting.",
            "B. The background remains dark and minimalist throughout the video.",
            "C. The background changes from a bright, colorful scene to a dark, minimalist setting.",
            "D. The background remains the same throughout the video."
        ],
        "answer": "A",
        "qa_level": "long_term",
        "qa_type": "mcqa",
        "old_answer": "A"
    },
    {
        "qa_idx": 18,
        "qa_task": "time-order",
        "question": "In which order do the events occur in the video from 49.0 seconds to 9723.0 seconds?",
        "options": [
            "A. The video opens with a copyright notice and disclaimer screen, followed by a dark, minimalist scene with a 3D geometric square or cube, then a stylized logo featuring a hat, glasses, and a mustache, and finally a dark background with a central circular emblem featuring the word 'FRANCO'.",
            "B. The video opens with a copyright notice and disclaimer screen, followed by a dark, minimalist scene with a 3D geometric square or cube, then a stylized logo featuring a hat, glasses, and a mustache, and finally a studio setting with seven men seated around a table.",
            "C. The video opens with a copyright notice and disclaimer screen, followed by a dark, minimalist scene with a 3D geometric square or cube, then a stylized logo featuring a hat, glasses, and a mustache, and finally an animated scene featuring a carriage drawn by two horses.",
            "D. The video opens with a copyright notice and disclaimer screen, followed by a dark, minimalist scene with a 3D geometric square or cube, then a stylized logo featuring a hat, glasses, and a mustache, and finally a lively panel discussion in an indoor studio setup."
        ],
        "answer": "A",
        "qa_level": "long_term",
        "qa_type": "mcqa",
        "old_answer": "A"
    }
]