[
    {
        "qa_idx": 0,
        "qa_type": "qa",
        "qa_level": "frame",
        "qa_task": "character-understanding",
        "question": "Is the central figure wearing traditional attire in the frame captured at 8434.0 seconds?",
        "answer": "Yes",
        "old_answer": "Yes"
    },
    {
        "qa_idx": 1,
        "qa_type": "qa",
        "qa_level": "within_event",
        "qa_task": "character-understanding",
        "question": "Were there individuals wearing glasses in the gathering from 5229.0 to 5331.0 seconds?",
        "answer": "Yes",
        "old_answer": "Yes"
    },
    {
        "qa_idx": 2,
        "qa_type": "qa",
        "qa_level": "within_event",
        "qa_task": "speed",
        "question": "Is the movement of the men dressed in yellow and red robes fast-paced during the gathering from 5468.0 to 5575.0 seconds?",
        "answer": "No",
        "old_answer": "No"
    },
    {
        "qa_idx": 7,
        "qa_task": "object-direction",
        "question": "In the event from 3190.0 to 3250.0 seconds, what is the general direction of the participants' focus or activity?",
        "options": [
            "A. Towards the front of the tented structure.",
            "B. Towards the back of the tented structure.",
            "C. Towards the left side of the tented structure.",
            "D. Towards the right side of the tented structure."
        ],
        "answer": "A",
        "qa_level": "cross_event",
        "qa_type": "mcqa",
        "old_answer": "A"
    },
    {
        "qa_idx": 9,
        "qa_task": "spatial-relationship",
        "question": "What is positioned to the left of the man in traditional red and orange clothing seated centrally against an ornate background?",
        "options": [
            "A. A white lamp.",
            "B. A microphone.",
            "C. A ceremonial object with paper currency.",
            "D. A stack of books."
        ],
        "answer": "A",
        "qa_level": "long_term",
        "qa_type": "mcqa",
        "old_answer": "A"
    },
    {
        "qa_idx": 13,
        "qa_task": "camera-direction",
        "question": "What is the camera movement in the video from 1.0 to 8823.0 seconds?",
        "options": [
            "A. The camera moves closer to the central figure.",
            "B. The camera pans across the gathering.",
            "C. The camera zooms out to capture the entire hall.",
            "D. The camera remains stationary."
        ],
        "answer": "B",
        "qa_level": "long_term",
        "qa_type": "mcqa",
        "old_answer": "B"
    },
    {
        "qa_idx": 14,
        "qa_task": "speed",
        "question": "How does the pace of the event change from the beginning to the end of the video sequence from 1.0 to 8823.0 seconds?",
        "options": [
            "A. The event starts slowly and becomes more dynamic.",
            "B. The event maintains a consistent pace throughout.",
            "C. The event starts dynamically and slows down towards the end.",
            "D. The event has no noticeable change in pace."
        ],
        "answer": "B",
        "qa_level": "long_term",
        "qa_type": "mcqa",
        "old_answer": "B"
    },
    {
        "qa_idx": 17,
        "qa_task": "object understanding",
        "question": "What objects are visible on the table next to the person seated in traditional robes?",
        "options": [
            "A. A white lamp and a book.",
            "B. A cup and a plant.",
            "C. A microphone and a ceremonial object.",
            "D. A camera and a notebook."
        ],
        "answer": "A",
        "qa_level": "long_term",
        "qa_type": "mcqa",
        "old_answer": "A"
    },
    {
        "qa_idx": 18,
        "qa_task": "time-order",
        "question": "In which order do the events occur in the video from 1.0 to 8823.0 seconds?",
        "options": [
            "A. The event sequence commences with a completely black scene, followed by a poster announcing the '18 Great Stages of the Path (Lam Rim) Commentaries', then a richly adorned setting featuring a man in traditional clothing, followed by a group of men in traditional robes, and finally a large organized gathering under a decorative tent.",
            "B. The event sequence commences with a large organized gathering under a decorative tent, followed by a group of men in traditional robes, then a richly adorned setting featuring a man in traditional clothing, followed by a poster announcing the '18 Great Stages of the Path (Lam Rim) Commentaries', and finally a completely black scene.",
            "C. The event sequence commences with a group of men in traditional robes, followed by a richly adorned setting featuring a man in traditional clothing, then a large organized gathering under a decorative tent, followed by a poster announcing the '18 Great Stages of the Path (Lam Rim) Commentaries', and finally a completely black scene.",
            "D. The event sequence commences with a richly adorned setting featuring a man in traditional clothing, followed by a group of men in traditional robes, then a large organized gathering under a decorative tent, followed by a poster announcing the '18 Great Stages of the Path (Lam Rim) Commentaries', and finally a completely black scene."
        ],
        "answer": "A",
        "qa_level": "long_term",
        "qa_type": "mcqa",
        "old_answer": "A"
    }
]