[
    {
        "qa_idx": 0,
        "qa_type": "qa",
        "qa_level": "frame",
        "qa_task": "character-understanding",
        "question": "Is the cartoon pig character wearing a dark blue cap with an anchor symbol at 1554.0 seconds into the video?",
        "answer": "Yes",
        "old_answer": "Yes"
    },
    {
        "qa_idx": 1,
        "qa_task": "object understanding",
        "question": "What are the predominant colors of the bird captured at 2554.0 seconds into the video?",
        "options": [
            "A. Blue, green, and white.",
            "B. Red, black, and yellow.",
            "C. Brown, white, and orange.",
            "D. Purple, pink, and gray."
        ],
        "answer": "B",
        "qa_level": "frame",
        "qa_type": "mcqa",
        "old_answer": "B"
    },
    {
        "qa_idx": 2,
        "qa_task": "object understanding",
        "question": "What is the anthropomorphic dog character holding at 143.0 seconds into the video?",
        "options": [
            "A. A small yellow trophy.",
            "B. A red flag.",
            "C. A blue ribbon.",
            "D. A green ball."
        ],
        "answer": "A",
        "qa_level": "frame",
        "qa_type": "mcqa",
        "old_answer": "A"
    },
    {
        "qa_idx": 3,
        "qa_type": "qa",
        "qa_level": "within_event",
        "qa_task": "speed",
        "question": "From 66.0 to 98.0 seconds, did the characters in the kitchen scene move quickly?",
        "answer": "No",
        "old_answer": "No"
    },
    {
        "qa_idx": 4,
        "qa_type": "qa",
        "qa_level": "cross_event",
        "qa_task": "speed",
        "question": "Did the characters in the kitchen scene from 2582.0 to 2640.0 appear to be moving faster than those in the kitchen scene from 2528.0 to 2581.0?",
        "answer": "No",
        "old_answer": "No"
    },
    {
        "qa_idx": 5,
        "qa_task": "character-understanding",
        "question": "What is the larger character on the blue boat doing in the video event from 1474.0 to 1519.0 seconds?",
        "options": [
            "A. Steering the boat.",
            "B. Fishing.",
            "C. Cooking.",
            "D. Sleeping."
        ],
        "answer": "A",
        "qa_level": "within_event",
        "qa_type": "mcqa",
        "old_answer": "A"
    },
    {
        "qa_idx": 6,
        "qa_task": "scene-understanding",
        "question": "What is the setting of the animated event from 2799.0 to 2822.0 seconds?",
        "options": [
            "A. A vibrant outdoor scene with a playful nautical theme.",
            "B. A dark and stormy night with a haunted house.",
            "C. A bustling city street with tall skyscrapers.",
            "D. A quiet countryside with a farmhouse."
        ],
        "answer": "A",
        "qa_level": "within_event",
        "qa_type": "mcqa",
        "old_answer": "A"
    },
    {
        "qa_idx": 7,
        "qa_task": "scene-understanding",
        "question": "What is the primary setting of the events described in both video descriptions from 106.0 to 173.0 seconds and H to e seconds?",
        "options": [
            "A. A park.",
            "B. A kitchen.",
            "C. A classroom.",
            "D. A playground."
        ],
        "answer": "B",
        "qa_level": "cross_event",
        "qa_type": "mcqa",
        "old_answer": "B"
    },
    {
        "qa_idx": 8,
        "qa_task": "object understanding",
        "question": "What is the appearance and function of the baskets held by the characters in the events from 1065.0 to 1137.0 seconds?",
        "options": [
            "A. The baskets are yellow and are used for collecting items.",
            "B. The baskets are blue and are used for carrying water.",
            "C. The baskets are red and are used for planting seeds.",
            "D. The baskets are green and are used for storing tools."
        ],
        "answer": "A",
        "qa_level": "cross_event",
        "qa_type": "mcqa",
        "old_answer": "A"
    },
    {
        "qa_idx": 9,
        "qa_task": "scene-understanding",
        "question": "What is the primary setting of the events described between 3001.0 to 3064.0 seconds and H to e seconds?",
        "options": [
            "A. A bustling city street.",
            "B. A colorful and vibrant library.",
            "C. A quiet countryside.",
            "D. A futuristic space station."
        ],
        "answer": "B",
        "qa_level": "cross_event",
        "qa_type": "mcqa",
        "old_answer": "B"
    },
    {
        "qa_idx": 11,
        "qa_task": "temporal-relationship",
        "question": "What activity were the pig characters engaged in before they were seen in the kitchen preparing food?",
        "options": [
            "A. Playing with toys in a children's room.",
            "B. Interacting in a family setting outdoors.",
            "C. Engaging in gardening activities.",
            "D. Riding bicycles uphill."
        ],
        "answer": "B",
        "qa_level": "long_term",
        "qa_type": "mcqa",
        "old_answer": "B"
    },
    {
        "qa_idx": 12,
        "qa_task": "spatial-relationship",
        "question": "Where is the blue car shown in the video?",
        "options": [
            "A. In front of the house.",
            "B. Inside the house.",
            "C. In the kitchen.",
            "D. On the grassy field."
        ],
        "answer": "A",
        "qa_level": "long_term",
        "qa_type": "mcqa",
        "old_answer": "A"
    },
    {
        "qa_idx": 13,
        "qa_task": "time-order",
        "question": "In which order do the events occur in the video from 4.0 to 3255.0 seconds?",
        "options": [
            "A. The family of pigs is seen interacting cheerfully outdoors, then they are in a kitchen preparing food, followed by a classroom scene with educational activities, and finally, a festive indoor scene with a celebratory meal.",
            "B. The family of pigs is seen in a classroom with educational activities, then they are outdoors interacting cheerfully, followed by a kitchen scene preparing food, and finally, a festive indoor scene with a celebratory meal.",
            "C. The family of pigs is seen in a kitchen preparing food, then they are outdoors interacting cheerfully, followed by a classroom scene with educational activities, and finally, a festive indoor scene with a celebratory meal.",
            "D. The family of pigs is seen in a festive indoor scene with a celebratory meal, then they are in a classroom with educational activities, followed by a kitchen scene preparing food, and finally, outdoors interacting cheerfully."
        ],
        "answer": "A",
        "qa_level": "long_term",
        "qa_type": "mcqa",
        "old_answer": "A"
    },
    {
        "qa_idx": 15,
        "qa_task": "camera-direction",
        "question": "What does the camera do when the blue car arrives at the house and the family interacts cheerfully in the outdoor environment from 4.0 to 3255.0 seconds?",
        "options": [
            "A. The camera zooms in on the family.",
            "B. The camera pans across the scene.",
            "C. The camera remains static.",
            "D. The camera zooms out to show the entire scene."
        ],
        "answer": "D",
        "qa_level": "long_term",
        "qa_type": "mcqa",
        "old_answer": "D"
    },
    {
        "qa_idx": 16,
        "qa_task": "speed",
        "question": "Which mode of transportation is depicted as moving faster in the video from 4.0 to 3255.0 seconds?",
        "options": [
            "A. The blue car.",
            "B. The bicycles.",
            "C. The red boat.",
            "D. The yellow bus."
        ],
        "answer": "A",
        "qa_level": "long_term",
        "qa_type": "mcqa",
        "old_answer": "A"
    },
    {
        "qa_idx": 17,
        "qa_task": "attribute-change",
        "question": "How does the setting change from the beginning to the end of the video event from 4.0 to 3255.0 seconds?",
        "options": [
            "A. From an outdoor scene to a festive indoor scene.",
            "B. From a kitchen scene to a nautical adventure.",
            "C. From a classroom setting to a garden scene.",
            "D. From a living room to a train station."
        ],
        "answer": "A",
        "qa_level": "long_term",
        "qa_type": "mcqa",
        "old_answer": "A"
    },
    {
        "qa_idx": 18,
        "qa_task": "object understanding",
        "question": "What objects are featured in the kitchen scene at 4.0 to 3255.0 seconds?",
        "options": [
            "A. A stove, oven, sink, and a window with green curtains.",
            "B. A red car, yellow house, and a blue helicopter.",
            "C. A yellow door, green grass, and a red roof.",
            "D. A purple carpet, bookshelf, and a chalkboard."
        ],
        "answer": "A",
        "qa_level": "long_term",
        "qa_type": "mcqa",
        "old_answer": "A"
    }
]