[
    {
        "qa_idx": 0,
        "qa_task": "descriptive-scene",
        "question": "Where does the scene at 543.0 seconds into the video take place?",
        "options": [
            "A. Indoors.",
            "B. In a forest.",
            "C. Outdoors under a clear blue sky.",
            "D. In a city street."
        ],
        "answer": "C",
        "qa_level": "frame",
        "qa_type": "mcqa",
        "old_answer": "C"
    },
    {
        "qa_idx": 1,
        "qa_type": "qa",
        "qa_level": "frame",
        "qa_task": "object understanding",
        "question": "Is there a clock showing the time as 10:10 in the office environment at 1401.0 seconds into the video?",
        "answer": "Yes",
        "old_answer": "Yes"
    },
    {
        "qa_idx": 4,
        "qa_task": "object understanding",
        "question": "What is the central figure in the scene wearing at 1454.0 seconds into the video?",
        "options": [
            "A. A pink dress.",
            "B. A turquoise outfit.",
            "C. A yellow shirt.",
            "D. A red jacket."
        ],
        "answer": "B",
        "qa_level": "frame",
        "qa_type": "mcqa",
        "old_answer": "B"
    },
    {
        "qa_idx": 5,
        "qa_type": "qa",
        "qa_level": "cross_event",
        "qa_task": "character-understanding",
        "question": "Were the anthropomorphic pigs engaged in family-oriented activities in both events from 1725.0 to 1782.0 and 1787.0 to 1845.0?",
        "answer": "Yes",
        "old_answer": "Yes"
    },
    {
        "qa_idx": 7,
        "qa_task": "camera-direction",
        "question": "How does the camera movement change between the office setting at 112.0 seconds and the outdoor setting at 172.0 seconds?",
        "options": [
            "A. The camera moves from a static position in the office to a dynamic movement outdoors.",
            "B. The camera remains static throughout both settings.",
            "C. The camera moves dynamically in the office and remains static outdoors.",
            "D. The camera moves from a dynamic movement in the office to a static position outdoors."
        ],
        "answer": "A",
        "qa_level": "cross_event",
        "qa_type": "mcqa",
        "old_answer": "A"
    },
    {
        "qa_idx": 8,
        "qa_task": "spatial-relationship",
        "question": "What is the spatial relationship between the kitchen and the outdoor scene in the events from 883.0 to 944.0 seconds?",
        "options": [
            "A. The kitchen is directly connected to the outdoor scene.",
            "B. The kitchen scene transitions to the outdoor scene.",
            "C. The outdoor scene is visible through the kitchen window.",
            "D. The kitchen and outdoor scenes are shown simultaneously."
        ],
        "answer": "B",
        "qa_level": "cross_event",
        "qa_type": "mcqa",
        "old_answer": "B"
    },
    {
        "qa_idx": 11,
        "qa_task": "time-order",
        "question": "In which order do the events occur in the video from 1.0 to 2195.0 seconds?",
        "options": [
            "A. Peppa Pig and family baking in the kitchen, office setting with characters working, outdoor birthday celebration, indoor family interaction, outdoor painting activity, indoor family watching TV, visit to the optician.",
            "B. Office setting with characters working, Peppa Pig and family baking in the kitchen, outdoor birthday celebration, indoor family interaction, outdoor painting activity, indoor family watching TV, visit to the optician.",
            "C. Outdoor birthday celebration, Peppa Pig and family baking in the kitchen, office setting with characters working, indoor family interaction, outdoor painting activity, indoor family watching TV, visit to the optician.",
            "D. Peppa Pig and family baking in the kitchen, outdoor birthday celebration, office setting with characters working, indoor family interaction, outdoor painting activity, indoor family watching TV, visit to the optician."
        ],
        "answer": "A",
        "qa_level": "long_term",
        "qa_type": "mcqa",
        "old_answer": "A"
    },
    {
        "qa_idx": 13,
        "qa_task": "speed",
        "question": "Which character is faster in the video from 1.0 to 2195.0 seconds, the pig character or the ducklings?",
        "options": [
            "A. The pig character.",
            "B. The ducklings.",
            "C. Both are at the same speed.",
            "D. None of the above."
        ],
        "answer": "A",
        "qa_level": "long_term",
        "qa_type": "mcqa",
        "old_answer": "A"
    },
    {
        "qa_idx": 14,
        "qa_task": "attribute-change",
        "question": "How does the setting change from the beginning to the end of the video from 1.0 to 2195.0 seconds?",
        "options": [
            "A. From a cheerful outdoor scene to a cozy indoor scene.",
            "B. From a domestic kitchen setting to an office environment.",
            "C. From a vibrant outdoor celebration to a family gathering indoors.",
            "D. From an educational classroom to a playful outdoor activity."
        ],
        "answer": "C",
        "qa_level": "long_term",
        "qa_type": "mcqa",
        "old_answer": "C"
    },
    {
        "qa_idx": 15,
        "qa_task": "object understanding",
        "question": "What objects are featured in the kitchen during the baking activity?",
        "options": [
            "A. A bowl with a brown mixture, a carton, and a pan.",
            "B. A computer, a telephone, and a filing cabinet.",
            "C. A bicycle, a basket, and flowers.",
            "D. A fishbowl, a television, and a remote control."
        ],
        "answer": "A",
        "qa_level": "long_term",
        "qa_type": "mcqa",
        "old_answer": "A"
    }
]