[
    {
        "qa_idx": 0,
        "qa_task": "character-understanding",
        "question": "What are the two pink, anthropomorphic characters doing at 1901.0 seconds into the video?",
        "options": [
            "A. They are playing with a ball.",
            "B. They are eating fruit.",
            "C. They are dancing.",
            "D. They are sleeping."
        ],
        "answer": "B",
        "qa_level": "frame",
        "qa_type": "mcqa",
        "old_answer": "B"
    },
    {
        "qa_idx": 1,
        "qa_type": "qa",
        "qa_level": "frame",
        "qa_task": "character-understanding",
        "question": "Is the teacher holding a trash can in the frame captured at 873.0 seconds?",
        "answer": "Yes",
        "old_answer": "Yes"
    },
    {
        "qa_idx": 3,
        "qa_type": "qa",
        "qa_level": "within_event",
        "qa_task": "camera-direction",
        "question": "Does the camera remain stationary while showing the bright yellow bus floating on the water from 1621.0 to 1686.0 seconds?",
        "answer": "No",
        "old_answer": "No"
    },
    {
        "qa_idx": 4,
        "qa_task": "spatial-relationship",
        "question": "What is central to the frame at 2128.0 seconds into the video?",
        "options": [
            "A. A purple wall with drawings.",
            "B. A yellow basket with toys.",
            "C. A character.",
            "D. A toy train."
        ],
        "answer": "B",
        "qa_level": "frame",
        "qa_type": "mcqa",
        "old_answer": "B"
    },
    {
        "qa_idx": 5,
        "qa_type": "qa",
        "qa_level": "cross_event",
        "qa_task": "camera-direction",
        "question": "In the event from 2159.0 to 2222.0, does the camera focus on the pink pig character wearing glasses and a green shirt by the window?",
        "answer": "Yes",
        "old_answer": "Yes"
    },
    {
        "qa_idx": 6,
        "qa_type": "qa",
        "qa_level": "cross_event",
        "qa_task": "character-understanding",
        "question": "In the event from 1434.0 to 1499.0, did the animated characters interact with picture cards?",
        "answer": "Yes",
        "old_answer": "Yes"
    },
    {
        "qa_idx": 7,
        "qa_task": "descriptive-scene",
        "question": "Where does the initial scene of the video event take place from 2286.0 to 2359.0 seconds?",
        "options": [
            "A. In a classroom.",
            "B. On a grassy hill.",
            "C. In a sports stadium.",
            "D. In a mountainous region."
        ],
        "answer": "B",
        "qa_level": "within_event",
        "qa_type": "mcqa",
        "old_answer": "B"
    },
    {
        "qa_idx": 8,
        "qa_type": "qa",
        "qa_level": "long_term",
        "qa_task": "object understanding",
        "question": "Is there a seesaw present in the outdoor scenes between 1.0 and 2749.0 seconds?",
        "answer": "Yes",
        "old_answer": "Yes"
    },
    {
        "qa_idx": 9,
        "qa_task": "speed",
        "question": "From 1334.0 to 1361.0 seconds, which character is moving faster, the pig in the pink dress or the pink creature in the yellow outfit?",
        "options": [
            "A. The pig in the pink dress.",
            "B. The pink creature in the yellow outfit.",
            "C. Both are moving at the same speed.",
            "D. None of the above."
        ],
        "answer": "B",
        "qa_level": "within_event",
        "qa_type": "mcqa",
        "old_answer": "B"
    },
    {
        "qa_idx": 10,
        "qa_task": "causal",
        "question": "Why did the scene transition from the outdoor setting next to the yellow house to the indoor kitchen scene in the video event from 2501.0 to 2614.0 seconds?",
        "options": [
            "A. The characters wanted to escape the heat of the sun.",
            "B. The characters needed to perform household chores.",
            "C. The characters were preparing for a meal.",
            "D. The characters were looking for a lost toy."
        ],
        "answer": "B",
        "qa_level": "cross_event",
        "qa_type": "mcqa",
        "old_answer": "B"
    },
    {
        "qa_idx": 13,
        "qa_task": "temporal-relationship",
        "question": "What activity were the characters engaged in before the scene featuring a rabbit holding a small shovel next to three colorful buckets?",
        "options": [
            "A. Playing on a seesaw.",
            "B. Interacting with a toy dinosaur.",
            "C. Engaging in playful interactions in a grassy area.",
            "D. Participating in a classroom activity."
        ],
        "answer": "C",
        "qa_level": "long_term",
        "qa_type": "mcqa",
        "old_answer": "C"
    },
    {
        "qa_idx": 14,
        "qa_task": "spatial-relationship",
        "question": "Where is the white rabbit positioned in the scene featuring a colorful playground roundabout with a red platform, blue railings, and a central yellow post?",
        "options": [
            "A. To the left of the red dinosaur-like creature.",
            "B. To the right of the red dinosaur-like creature.",
            "C. In front of the red dinosaur-like creature.",
            "D. Behind the red dinosaur-like creature."
        ],
        "answer": "B",
        "qa_level": "long_term",
        "qa_type": "mcqa",
        "old_answer": "B"
    },
    {
        "qa_idx": 17,
        "qa_task": "camera-direction",
        "question": "What does the camera do when the scene transitions from the indoor frame showing an orange box to the outdoor setting with a large pink character holding the same decorated box at 1.0 to 2749.0 seconds?",
        "options": [
            "A. The camera zooms in on the orange box.",
            "B. The camera pans to the left.",
            "C. The camera moves from indoors to outdoors.",
            "D. The camera tilts upwards."
        ],
        "answer": "C",
        "qa_level": "long_term",
        "qa_type": "mcqa",
        "old_answer": "C"
    },
    {
        "qa_idx": 18,
        "qa_task": "speed",
        "question": "Which character is moving faster in the playground scene at 1.0 to 2749.0 seconds?",
        "options": [
            "A. The rabbit.",
            "B. The pig.",
            "C. The zebra.",
            "D. The dog-like figure."
        ],
        "answer": "B",
        "qa_level": "long_term",
        "qa_type": "mcqa",
        "old_answer": "B"
    },
    {
        "qa_idx": 19,
        "qa_task": "attribute-change",
        "question": "How does the environment change from the beginning to the end of the video event from 1.0 to 2749.0 seconds?",
        "options": [
            "A. The environment changes from a light blue background with a pink animated character to a vibrant outdoor scene with a yellow house and a red roof.",
            "B. The environment changes from a dark indoor setting to a bright outdoor playground.",
            "C. The environment changes from a classroom setting to a beach setting.",
            "D. The environment changes from a rainy day to a sunny day."
        ],
        "answer": "A",
        "qa_level": "long_term",
        "qa_type": "mcqa",
        "old_answer": "A"
    },
    {
        "qa_idx": 20,
        "qa_task": "object understanding",
        "question": "What kind of toy is held by the white rabbit in a blue dress in the outdoor scene at 1.0 to 2749.0 seconds?",
        "options": [
            "A. A toy dinosaur.",
            "B. A toy car.",
            "C. A toy airplane.",
            "D. A toy boat."
        ],
        "answer": "A",
        "qa_level": "long_term",
        "qa_type": "mcqa",
        "old_answer": "A"
    }
]