[
    {
        "qa_idx": 1,
        "qa_type": "qa",
        "qa_level": "frame",
        "qa_task": "object understanding",
        "question": "Is there a drum-like container with various objects on it in the video frame at 766.0 seconds?",
        "answer": "Yes",
        "old_answer": "Yes"
    },
    {
        "qa_idx": 3,
        "qa_type": "qa",
        "qa_level": "within_event",
        "qa_task": "speed",
        "question": "Did the men on the wooden platform move quickly during their exploration from 1146.0 to 1206.0 seconds?",
        "answer": "No",
        "old_answer": "No"
    },
    {
        "qa_idx": 4,
        "qa_task": "character-understanding",
        "question": "What is the overall ambiance of the scene at 649.0 seconds into the video?",
        "options": [
            "A. Chaotic and busy.",
            "B. Peaceful and serene.",
            "C. Dark and ominous.",
            "D. Bright and lively."
        ],
        "answer": "B",
        "qa_level": "frame",
        "qa_type": "mcqa",
        "old_answer": "B"
    },
    {
        "qa_idx": 5,
        "qa_type": "qa",
        "qa_level": "cross_event",
        "qa_task": "action-understanding",
        "question": "In both events from 1294.0 to 1354.0 and 1413.0 to 1482.0, is there a man holding a device that appears to be a camera or flashlight?",
        "answer": "Yes",
        "old_answer": "Yes"
    },
    {
        "qa_idx": 6,
        "qa_type": "qa",
        "qa_level": "cross_event",
        "qa_task": "plot-understanding",
        "question": "Do the two video events from 2454.0 to 2629.0 and 2630.0 to 2630.0 share a similar setting or theme?",
        "answer": "No",
        "old_answer": "No"
    },
    {
        "qa_idx": 7,
        "qa_type": "qa",
        "qa_level": "long_term",
        "qa_task": "action-understanding",
        "question": "After the two men interacted near the grid-like structure of small containers, did they proceed to meticulously clean the area around the containers? (134.0 - 2630.0 seconds)",
        "answer": "No",
        "old_answer": "No"
    },
    {
        "qa_idx": 8,
        "qa_task": "camera-direction",
        "question": "How does the camera movement direction change from the beginning to the end of the event from 604.0 to 665.0 seconds?",
        "options": [
            "A. The camera moves from a close-up of the boat to a wide shot of the riverside village.",
            "B. The camera moves from a wide shot of the serene water scene to a close-up of the two men on the dock.",
            "C. The camera remains stationary throughout the event.",
            "D. The camera moves from a close-up of the two men on the dock to a wide shot of the serene water scene."
        ],
        "answer": "B",
        "qa_level": "cross_event",
        "qa_type": "mcqa",
        "old_answer": "B"
    },
    {
        "qa_idx": 10,
        "qa_task": "temporal-relationship",
        "question": "What happens after the two men are seen seated on the wooden structure with fishing equipment around them in the nighttime scene from 1551.0 to 1612.0 seconds?",
        "options": [
            "A. The two men start fishing.",
            "B. The scene transitions to a closer view of a man in a shirt with a logo, illuminated from the front.",
            "C. The men leave the boat and walk away.",
            "D. The scene changes to a daytime setting."
        ],
        "answer": "B",
        "qa_level": "cross_event",
        "qa_type": "mcqa",
        "old_answer": "B"
    },
    {
        "qa_idx": 11,
        "qa_task": "temporal-relationship",
        "question": "What were the two men doing before they were seen on a boat at night?",
        "options": [
            "A. They were interacting near a grid-like structure of small containers in an outdoor area.",
            "B. They were seen in a bustling market environment.",
            "C. They were engaged in a gardening activity.",
            "D. They were exploring a dense, leafy area."
        ],
        "answer": "A",
        "qa_level": "long_term",
        "qa_type": "mcqa",
        "old_answer": "A"
    },
    {
        "qa_idx": 13,
        "qa_task": "time-order",
        "question": "In what order do the events occur in the video from 134.0 to 2630.0 seconds?",
        "options": [
            "A. Two men interact near a grid-like structure of small containers in a fenced outdoor area, followed by a lively scene with a wire fence and green balloons, then a rural area with a small house and garden, and finally a bustling market scene.",
            "B. A bustling market scene, followed by a rural area with a small house and garden, then two men interacting near a grid-like structure of small containers in a fenced outdoor area, and finally a lively scene with a wire fence and green balloons.",
            "C. A rural area with a small house and garden, followed by a bustling market scene, then a lively scene with a wire fence and green balloons, and finally two men interacting near a grid-like structure of small containers in a fenced outdoor area.",
            "D. Two men interact near a grid-like structure of small containers in a fenced outdoor area, followed by a rural area with a small house and garden, then a bustling market scene, and finally a lively scene with a wire fence and green balloons."
        ],
        "answer": "A",
        "qa_level": "long_term",
        "qa_type": "mcqa",
        "old_answer": "A"
    },
    {
        "qa_idx": 15,
        "qa_task": "object-direction",
        "question": "In the video from 935.0 seconds to 2630.0 seconds, which direction does the boat move relative to the camera?",
        "options": [
            "A. Towards the camera.",
            "B. Away from the camera.",
            "C. From left to right.",
            "D. From right to left."
        ],
        "answer": "B",
        "qa_level": "long_term",
        "qa_type": "mcqa",
        "old_answer": "B"
    },
    {
        "qa_idx": 16,
        "qa_task": "speed",
        "question": "Which mode of transportation is faster in the video from 935.0 seconds to 2630.0 seconds?",
        "options": [
            "A. Motorbikes.",
            "B. Boats.",
            "C. Walking.",
            "D. Cars."
        ],
        "answer": "A",
        "qa_level": "long_term",
        "qa_type": "mcqa",
        "old_answer": "A"
    },
    {
        "qa_idx": 17,
        "qa_task": "attribute-change",
        "question": "How does the setting change from the beginning to the end of the video from 134.0 to 2630.0 seconds?",
        "options": [
            "A. From a rural garden to a bustling market.",
            "B. From a serene riverside to a nighttime boat scene.",
            "C. From an industrial outdoor area to a nighttime exploration.",
            "D. From a daytime market to a nighttime urban area."
        ],
        "answer": "C",
        "qa_level": "long_term",
        "qa_type": "mcqa",
        "old_answer": "C"
    },
    {
        "qa_idx": 19,
        "qa_task": "object understanding",
        "question": "What objects are visible in the outdoor area where two men are interacting near a grid-like structure of small containers?",
        "options": [
            "A. Draped shorts, red chairs, and various plants.",
            "B. A green weighing scale, a motorbike tire, and a bowl of chopped carrots.",
            "C. A hammock, a large metal container, and a lantern.",
            "D. A yellow broom, a flashlight, and incense sticks."
        ],
        "answer": "A",
        "qa_level": "long_term",
        "qa_type": "mcqa",
        "old_answer": "A"
    },
    {
        "qa_idx": 20,
        "qa_task": "time-order",
        "question": "In which order do the events occur in the video from 134.0 to 2630.0 seconds?",
        "options": [
            "A. Two men interact near a grid-like structure of small containers in a fenced outdoor area, followed by a lively scene with a wire fence and green balloons, then a garden with hanging pots and yellow metal barriers, and finally a bustling market with makeshift animal enclosures.",
            "B. A serene riverside scene transitions to a garden area with lush vegetation, followed by a bustling market with makeshift animal enclosures, and then a nighttime scene on a boat with two men engaged in conversation.",
            "C. Two men interact near a grid-like structure of small containers in a fenced outdoor area, followed by a bustling market with makeshift animal enclosures, then a serene riverside scene, and finally a nighttime scene on a boat with two men engaged in conversation.",
            "D. A bustling market with makeshift animal enclosures transitions to a serene riverside scene, followed by a garden area with lush vegetation, and then a nighttime scene on a boat with two men engaged in conversation."
        ],
        "answer": "C",
        "qa_level": "long_term",
        "qa_type": "mcqa",
        "old_answer": "C"
    }
]