[
    {
        "qa_idx": 0,
        "qa_type": "qa",
        "qa_level": "frame",
        "qa_task": "character-understanding",
        "question": "Is the teacher standing on the left side of the frame at 1291.0 seconds into the video?",
        "answer": "Yes",
        "old_answer": "Yes"
    },
    {
        "qa_idx": 1,
        "qa_task": "spatial-relationship",
        "question": "Where is the card displaying the number '432' located at 3231.0 seconds into the video?",
        "options": [
            "A. On the floor.",
            "B. On the table.",
            "C. On the sofa.",
            "D. On the wall."
        ],
        "answer": "C",
        "qa_level": "frame",
        "qa_type": "mcqa",
        "old_answer": "C"
    },
    {
        "qa_idx": 2,
        "qa_task": "character-understanding",
        "question": "What is the rabbit character doing in the video frame at 1648.0 seconds?",
        "options": [
            "A. The rabbit is playing hopscotch.",
            "B. The rabbit is playing basketball.",
            "C. The rabbit is sitting on the grass.",
            "D. The rabbit is climbing the basketball post."
        ],
        "answer": "A",
        "qa_level": "frame",
        "qa_type": "mcqa",
        "old_answer": "A"
    },
    {
        "qa_idx": 3,
        "qa_type": "qa",
        "qa_level": "within_event",
        "qa_task": "object understanding",
        "question": "Is there a wire mesh fence adorned with flowers surrounding the chicken coop in the video event from 3304.0 to 3362.0 seconds?",
        "answer": "Yes",
        "old_answer": "Yes"
    },
    {
        "qa_idx": 4,
        "qa_type": "qa",
        "qa_level": "cross_event",
        "qa_task": "character-understanding",
        "question": "In the event from 2070.0 to 2133.0, did the animated characters interact with educational materials?",
        "answer": "Yes",
        "old_answer": "Yes"
    },
    {
        "qa_idx": 5,
        "qa_task": "speed",
        "question": "From 570.0 to 610.0 seconds, which object is depicted as moving in the video event?",
        "options": [
            "A. The pirate character.",
            "B. The red boat on the blue river.",
            "C. The character reading a newspaper.",
            "D. The bird perched on the character's head."
        ],
        "answer": "B",
        "qa_level": "within_event",
        "qa_type": "mcqa",
        "old_answer": "B"
    },
    {
        "qa_idx": 6,
        "qa_type": "qa",
        "qa_level": "cross_event",
        "qa_task": "action-understanding",
        "question": "In the event from 3110.0 to 3177.0, do the characters participate in a musical performance or rehearsal on stage?",
        "answer": "Yes",
        "old_answer": "Yes"
    },
    {
        "qa_idx": 7,
        "qa_type": "qa",
        "qa_level": "long_term",
        "qa_task": "speed",
        "question": "Did the characters in the video move quickly during the outdoor scenes involving playful activities and interactions from 4.0 to 3640.0 seconds?",
        "answer": "No",
        "old_answer": "No"
    },
    {
        "qa_idx": 8,
        "qa_type": "qa",
        "qa_level": "long_term",
        "qa_task": "speed",
        "question": "Did the characters in the video move at a fast pace during the outdoor scenes from 493.0 seconds to 3640.0 seconds?",
        "answer": "No",
        "old_answer": "No"
    },
    {
        "qa_idx": 10,
        "qa_task": "attribute-change",
        "question": "How does the setting change from the beginning to the end of the event from 1393.0 seconds to 1459.0 seconds?",
        "options": [
            "A. The setting changes from an indoor gym-like environment to an outdoor celebration.",
            "B. The setting changes from an outdoor celebration to an indoor gym-like environment.",
            "C. The setting remains the same throughout the event.",
            "D. The setting changes from a dark, cloudy environment to a bright, sunny environment."
        ],
        "answer": "B",
        "qa_level": "cross_event",
        "qa_type": "mcqa",
        "old_answer": "B"
    },
    {
        "qa_idx": 11,
        "qa_task": "descriptive-scene",
        "question": "Where do the events in the video take place from the time of 1009.0 to 1085.0 seconds and H to e seconds?",
        "options": [
            "A. In a construction site and a playground.",
            "B. In a shopping mall and a park.",
            "C. In a school and a library.",
            "D. In a beach and a forest."
        ],
        "answer": "A",
        "qa_level": "cross_event",
        "qa_type": "mcqa",
        "old_answer": "A"
    },
    {
        "qa_idx": 12,
        "qa_task": "temporal-relationship",
        "question": "What happens after the characters are seen playing in a grassy field with a yellow and red teepee?",
        "options": [
            "A. The characters gather around a table adorned with colorful treats in a kitchen setting.",
            "B. The characters engage in a pirate-themed adventure on a boat.",
            "C. The characters are seen riding bicycles on a grassy hill.",
            "D. The characters interact in a classroom setting with educational tools."
        ],
        "answer": "A",
        "qa_level": "long_term",
        "qa_type": "mcqa",
        "old_answer": "A"
    },
    {
        "qa_idx": 13,
        "qa_task": "spatial-relationship",
        "question": "Where are the zebra and elephant characters seated in the living room scene?",
        "options": [
            "A. On the couch.",
            "B. On the floor.",
            "C. On the table.",
            "D. On the chair."
        ],
        "answer": "B",
        "qa_level": "long_term",
        "qa_type": "mcqa",
        "old_answer": "B"
    },
    {
        "qa_idx": 15,
        "qa_task": "object-direction",
        "question": "In the video event from 4.0 to 3640.0 seconds, which direction is the blue bus moving in the snowy environment?",
        "options": [
            "A. Upward.",
            "B. Downward.",
            "C. Leftward.",
            "D. Rightward."
        ],
        "answer": "B",
        "qa_level": "long_term",
        "qa_type": "mcqa",
        "old_answer": "B"
    },
    {
        "qa_idx": 16,
        "qa_task": "camera-direction",
        "question": "What is the camera doing when the scene transitions from the indoor kitchen setting to the outdoor garden setting between 493.0 seconds and 1516.0 seconds?",
        "options": [
            "A. The camera is zooming in on the characters.",
            "B. The camera is panning from left to right.",
            "C. The camera is moving from an indoor to an outdoor setting.",
            "D. The camera is rotating around the characters."
        ],
        "answer": "C",
        "qa_level": "long_term",
        "qa_type": "mcqa",
        "old_answer": "C"
    },
    {
        "qa_idx": 17,
        "qa_task": "speed",
        "question": "Which character was moving faster during the outdoor scenes, the character riding a bicycle or the character walking?",
        "options": [
            "A. The character riding a bicycle.",
            "B. The character walking.",
            "C. Both were moving at the same speed.",
            "D. None of the above."
        ],
        "answer": "A",
        "qa_level": "long_term",
        "qa_type": "mcqa",
        "old_answer": "A"
    },
    {
        "qa_idx": 18,
        "qa_task": "attribute-change",
        "question": "How does the setting change from the beginning to the end of the video from 4.0 to 3640.0 seconds?",
        "options": [
            "A. From a light blue background with a cartoon pig to a vibrant and festive kitchen scene.",
            "B. From a vibrant and festive kitchen scene to a serene outdoor garden setting.",
            "C. From a serene outdoor garden setting to a vibrant and festive kitchen scene.",
            "D. From a vibrant and festive kitchen scene to a light blue background with a cartoon pig."
        ],
        "answer": "B",
        "qa_level": "long_term",
        "qa_type": "mcqa",
        "old_answer": "B"
    },
    {
        "qa_idx": 19,
        "qa_task": "character-understanding",
        "question": "What is the main activity of the anthropomorphic characters in the kitchen or party setting from 493.0 to 1516.0 seconds?",
        "options": [
            "A. They are engaged in a birthday celebration.",
            "B. They are preparing for a camping trip.",
            "C. They are playing musical instruments.",
            "D. They are participating in a sports event."
        ],
        "answer": "A",
        "qa_level": "long_term",
        "qa_type": "mcqa",
        "old_answer": "A"
    },
    {
        "qa_idx": 20,
        "qa_task": "object understanding",
        "question": "What objects are featured on the table during the kitchen or party setting?",
        "options": [
            "A. Party hats, cupcakes, a red jelly dessert, cookies, and drinks.",
            "B. Books, pencils, a laptop, and a lamp.",
            "C. Tools, screws, a hammer, and a wrench.",
            "D. Paints, brushes, a canvas, and an easel."
        ],
        "answer": "A",
        "qa_level": "long_term",
        "qa_type": "mcqa",
        "old_answer": "A"
    }
]