[
    {
        "qa_idx": 0,
        "qa_type": "qa",
        "qa_level": "frame",
        "qa_task": "object understanding",
        "question": "Is there a tall, thin, purple mouse on the left side of the frame at 504.0 seconds?",
        "answer": "Yes",
        "old_answer": "Yes"
    },
    {
        "qa_idx": 2,
        "qa_type": "qa",
        "qa_level": "within_event",
        "qa_task": "action-understanding",
        "question": "During the festive scene from 64.0 to 79.0 seconds, do the animated characters start a snowball fight inside the living room?",
        "answer": "No",
        "old_answer": "No"
    },
    {
        "qa_idx": 3,
        "qa_task": "counting",
        "question": "How many rounds are indicated by the sign held by the character in the foreground at 2824.0 seconds into the video?",
        "options": [
            "A. 01.",
            "B. 02.",
            "C. 03.",
            "D. 04."
        ],
        "answer": "B",
        "qa_level": "frame",
        "qa_type": "mcqa",
        "old_answer": "B"
    },
    {
        "qa_idx": 4,
        "qa_type": "qa",
        "qa_level": "within_event",
        "qa_task": "object understanding",
        "question": "Is there a small red character with an expression of anger or determination in the video from 1003.0 to 1063.0 seconds?",
        "answer": "Yes",
        "old_answer": "Yes"
    },
    {
        "qa_idx": 5,
        "qa_task": "object understanding",
        "question": "What objects are present in the foreground of the animated scene at 1896.0 seconds into the video?",
        "options": [
            "A. A table with books and a lamp.",
            "B. A grill with hot coals emitting light smoke.",
            "C. A sofa with cushions and a coffee table.",
            "D. A desk with a computer and a chair."
        ],
        "answer": "B",
        "qa_level": "frame",
        "qa_type": "mcqa",
        "old_answer": "B"
    },
    {
        "qa_idx": 6,
        "qa_type": "qa",
        "qa_level": "cross_event",
        "qa_task": "action-understanding",
        "question": "In the event from 1568.0 to 1652.0, does the pink dog in the whimsical indoor environment with large, glove-like hands prepare a sandwich?",
        "answer": "No",
        "old_answer": "No"
    },
    {
        "qa_idx": 7,
        "qa_task": "character-understanding",
        "question": "Which character is seen holding a colorful spiral gadget in the animated indoor laboratory setting from 1288.0 to 1301.0 seconds?",
        "options": [
            "A. A large green character in a military uniform.",
            "B. A person-like character wearing a light blue lab coat.",
            "C. A red slender character.",
            "D. A wolf-like character in a lab coat."
        ],
        "answer": "B",
        "qa_level": "within_event",
        "qa_type": "mcqa",
        "old_answer": "B"
    },
    {
        "qa_idx": 8,
        "qa_task": "causal",
        "question": "Why is the green anthropomorphic character in the kitchen-like setting standing in front of a variety of items including a sandwich, salt shaker, mug, and banana peel on a countertop from 1752.0 to 1815.0 seconds?",
        "options": [
            "A. The character is preparing a meal.",
            "B. The character is cleaning up the kitchen.",
            "C. The character is looking for something specific.",
            "D. The character is interacting with other characters."
        ],
        "answer": "A",
        "qa_level": "cross_event",
        "qa_type": "mcqa",
        "old_answer": "A"
    },
    {
        "qa_idx": 9,
        "qa_task": "plot-understanding",
        "question": "What is the primary setting of the video events from 1307.0 to 1370.0 seconds and H to e seconds?",
        "options": [
            "A. A vibrant, animated laboratory with high-tech equipment and ongoing experiments.",
            "B. A quiet, rural countryside with natural scenery.",
            "C. A bustling city street with heavy traffic.",
            "D. A serene beach with waves and sand."
        ],
        "answer": "A",
        "qa_level": "cross_event",
        "qa_type": "mcqa",
        "old_answer": "A"
    },
    {
        "qa_idx": 10,
        "qa_task": "plot-understanding",
        "question": "What is the main theme of the video from 1.0 to 3072.0 seconds?",
        "options": [
            "A. A series of animated holiday and festive scenes.",
            "B. A documentary about wildlife.",
            "C. A cooking show.",
            "D. A sports competition."
        ],
        "answer": "A",
        "qa_level": "long_term",
        "qa_type": "mcqa",
        "old_answer": "A"
    },
    {
        "qa_idx": 11,
        "qa_task": "camera-direction",
        "question": "How does the camera move in the video from 1.0 to 3072.0 seconds?",
        "options": [
            "A. The camera moves closer to the characters.",
            "B. The camera moves away from the characters.",
            "C. The camera remains stationary.",
            "D. The camera moves around the characters."
        ],
        "answer": "A",
        "qa_level": "long_term",
        "qa_type": "mcqa",
        "old_answer": "A"
    },
    {
        "qa_idx": 12,
        "qa_task": "speed",
        "question": "Which character is shown moving faster in the video sequence from 1.0 to 3072.0 seconds?",
        "options": [
            "A. The green character with a military-style hat.",
            "B. The pink cartoon dog.",
            "C. The large gingerbread figure.",
            "D. The anthropomorphic mice."
        ],
        "answer": "A",
        "qa_level": "long_term",
        "qa_type": "mcqa",
        "old_answer": "A"
    },
    {
        "qa_idx": 13,
        "qa_task": "attribute-change",
        "question": "How does the environment change from the beginning to the end of the video from 1.0 to 3072.0 seconds?",
        "options": [
            "A. From a minimalistic backdrop to a festive holiday-themed environment.",
            "B. From a festive holiday-themed environment to a minimalistic backdrop.",
            "C. From an urban setting to a jungle environment.",
            "D. From a jungle environment to an urban setting."
        ],
        "answer": "A",
        "qa_level": "long_term",
        "qa_type": "mcqa",
        "old_answer": "A"
    },
    {
        "qa_idx": 14,
        "qa_task": "character-understanding",
        "question": "What is the main activity of the pink dog character in the video from 1.0 to 3072.0 seconds?",
        "options": [
            "A. The pink dog character is engaging in festive holiday activities.",
            "B. The pink dog character is cooking in the kitchen.",
            "C. The pink dog character is playing sports in a stadium.",
            "D. The pink dog character is exploring a treasure cave."
        ],
        "answer": "A",
        "qa_level": "long_term",
        "qa_type": "mcqa",
        "old_answer": "A"
    },
    {
        "qa_idx": 15,
        "qa_task": "object understanding",
        "question": "What objects are prominently featured in the festive indoor scenes from 29.0 seconds to 383.0 seconds?",
        "options": [
            "A. Decorated Christmas trees, colorful decorations, and wrapped presents.",
            "B. A large blue truck, colorful buildings, and a milk delivery van.",
            "C. A large rock, a campfire, and a piece of meat being roasted.",
            "D. A spaceship, a yellow celestial body, and a star-filled background."
        ],
        "answer": "A",
        "qa_level": "long_term",
        "qa_type": "mcqa",
        "old_answer": "A"
    }
]