[
    {
        "qa_idx": 0,
        "qa_type": "qa",
        "qa_level": "frame",
        "qa_task": "object understanding",
        "question": "Is there a chicken on the roof of the coop at 1123.0 seconds into the video?",
        "answer": "Yes",
        "old_answer": "Yes"
    },
    {
        "qa_idx": 2,
        "qa_type": "qa",
        "qa_level": "frame",
        "qa_task": "character-understanding",
        "question": "Is the character standing in a muddy puddle at 1318.0 seconds into the video?",
        "answer": "Yes",
        "old_answer": "Yes"
    },
    {
        "qa_idx": 3,
        "qa_task": "descriptive-scene",
        "question": "Where does the scene at 2027.0 seconds into the video take place?",
        "options": [
            "A. In a kitchen.",
            "B. In a living room.",
            "C. In a garden.",
            "D. In a dining room."
        ],
        "answer": "B",
        "qa_level": "frame",
        "qa_type": "mcqa",
        "old_answer": "B"
    },
    {
        "qa_idx": 4,
        "qa_type": "qa",
        "qa_level": "within_event",
        "qa_task": "object understanding",
        "question": "Is there a clock displaying 10:10 in the video event from 937.0 to 997.0 seconds?",
        "answer": "Yes",
        "old_answer": "Yes"
    },
    {
        "qa_idx": 5,
        "qa_task": "character-understanding",
        "question": "What is the expression of the anthropomorphic pig in the video frame at 2121.0 seconds?",
        "options": [
            "A. Sad.",
            "B. Angry.",
            "C. Smiling.",
            "D. Surprised."
        ],
        "answer": "C",
        "qa_level": "frame",
        "qa_type": "mcqa",
        "old_answer": "C"
    },
    {
        "qa_idx": 6,
        "qa_type": "qa",
        "qa_level": "within_event",
        "qa_task": "plot-understanding",
        "question": "Does the video event transition from an outdoor scene to an indoor setting between 1676.0 seconds and 1724.0 seconds?",
        "answer": "Yes",
        "old_answer": "Yes"
    },
    {
        "qa_idx": 7,
        "qa_task": "character-understanding",
        "question": "What is the hand in the video doing at 17.0 seconds?",
        "options": [
            "A. The hand is painting a picture.",
            "B. The hand is interacting with one of the toys.",
            "C. The hand is holding a glass.",
            "D. The hand is writing a letter."
        ],
        "answer": "B",
        "qa_level": "frame",
        "qa_type": "mcqa",
        "old_answer": "B"
    },
    {
        "qa_idx": 8,
        "qa_type": "qa",
        "qa_level": "cross_event",
        "qa_task": "action-understanding",
        "question": "In the scene from 760.0 to 821.0, do the pigs in the kitchen start a dance party after finishing their meal?",
        "answer": "No",
        "old_answer": "No"
    },
    {
        "qa_idx": 9,
        "qa_type": "qa",
        "qa_level": "long_term",
        "qa_task": "action-understanding",
        "question": "In the video from 3.0 to 2306.0 seconds, do the toys in the colorful playroom clean up the scattered items after playing?",
        "answer": "No",
        "old_answer": "No"
    },
    {
        "qa_idx": 10,
        "qa_type": "qa",
        "qa_level": "long_term",
        "qa_task": "action-understanding",
        "question": "In the video from 3.0 to 2306.0 seconds, do the toys ever get removed from the playroom?",
        "answer": "No",
        "old_answer": "No"
    },
    {
        "qa_idx": 11,
        "qa_task": "scene-understanding",
        "question": "How does the scene transition from the garden to the children's bedroom in the video events from 760.0 to 821.0 seconds?",
        "options": [
            "A. The scene transitions directly from the garden to the children's bedroom.",
            "B. The scene transitions from the garden to the kitchen before moving to the children's bedroom.",
            "C. The scene transitions from the garden to an outdoor play area before moving to the children's bedroom.",
            "D. The scene transitions from the garden to a living room before moving to the children's bedroom."
        ],
        "answer": "A",
        "qa_level": "cross_event",
        "qa_type": "mcqa",
        "old_answer": "A"
    },
    {
        "qa_idx": 13,
        "qa_task": "object understanding",
        "question": "What is the appearance and function of the building seen in both video events from 667.0 to 727.0 seconds and H to e seconds?",
        "options": [
            "A. A light yellow building with a visible window and an open door, used for domestic activities.",
            "B. A dark blue building with no windows, used for storage.",
            "C. A red building with multiple floors, used for commercial purposes.",
            "D. A green building with a large garden, used for agricultural activities."
        ],
        "answer": "A",
        "qa_level": "cross_event",
        "qa_type": "mcqa",
        "old_answer": "A"
    },
    {
        "qa_idx": 14,
        "qa_task": "camera-direction",
        "question": "How does the camera movement change from the indoor kitchen scene to the outdoor scene in the events from 436.0 to 506.0 seconds?",
        "options": [
            "A. The camera moves from a close-up of the table to a wide shot of the kitchen.",
            "B. The camera transitions from a static shot of the kitchen to a dynamic shot of the outdoor activities.",
            "C. The camera zooms in on the stove and then cuts to the outdoor scene.",
            "D. The camera remains static throughout both the indoor and outdoor scenes."
        ],
        "answer": "B",
        "qa_level": "cross_event",
        "qa_type": "mcqa",
        "old_answer": "B"
    },
    {
        "qa_idx": 15,
        "qa_task": "temporal-relationship",
        "question": "What happens after the scene with the pig character holding a magnifying glass near a green vehicle?",
        "options": [
            "A. The scene transitions to a family of animated characters in a brightly lit room with playful decor.",
            "B. The scene shifts to a brightly colored kitchen with lime green and light blue cabinets.",
            "C. The scene shows a pig character holding a red shirt in a laundry room.",
            "D. The scene transitions to an outdoor scene with a clear blue sky and green grass."
        ],
        "answer": "A",
        "qa_level": "long_term",
        "qa_type": "mcqa",
        "old_answer": "A"
    },
    {
        "qa_idx": 16,
        "qa_task": "spatial-relationship",
        "question": "What is prominently featured in the center of the brightly colored indoor setting at the beginning of the video?",
        "options": [
            "A. A blue table.",
            "B. A pink pig toy.",
            "C. A toy unicorn.",
            "D. A toy truck."
        ],
        "answer": "B",
        "qa_level": "long_term",
        "qa_type": "mcqa",
        "old_answer": "B"
    },
    {
        "qa_idx": 18,
        "qa_task": "plot-understanding",
        "question": "What is the main theme of the video from 3.0 to 2306.0 seconds?",
        "options": [
            "A. A child's playroom filled with toys and playful activities.",
            "B. A cooking show in a colorful kitchen.",
            "C. A family of pigs engaging in various household and outdoor activities.",
            "D. A sports event with animated characters."
        ],
        "answer": "C",
        "qa_level": "long_term",
        "qa_type": "mcqa",
        "old_answer": "C"
    },
    {
        "qa_idx": 19,
        "qa_task": "camera-direction",
        "question": "What does the camera do as the video progresses from 3.0 to 2306.0 seconds?",
        "options": [
            "A. The camera moves closer to the toys.",
            "B. The camera zooms out to show the entire room.",
            "C. The camera remains stationary.",
            "D. The camera pans around the room."
        ],
        "answer": "D",
        "qa_level": "long_term",
        "qa_type": "mcqa",
        "old_answer": "D"
    },
    {
        "qa_idx": 20,
        "qa_task": "speed",
        "question": "Which toy moved faster in the video from 3.0 to 2306.0 seconds?",
        "options": [
            "A. The pink pig toy.",
            "B. The toy unicorn on wheels.",
            "C. The toy truck on a shelf.",
            "D. The toy resembling a character with a pink head and round body."
        ],
        "answer": "B",
        "qa_level": "long_term",
        "qa_type": "mcqa",
        "old_answer": "B"
    },
    {
        "qa_idx": 21,
        "qa_task": "attribute-change",
        "question": "How does the background environment change from the beginning to the end of the video from 3.0 to 2306.0 seconds?",
        "options": [
            "A. The background changes from a colorful indoor playroom to a serene outdoor setting.",
            "B. The background changes from a kitchen to a children's bedroom.",
            "C. The background changes from a garden to a living room.",
            "D. The background remains the same throughout the video."
        ],
        "answer": "A",
        "qa_level": "long_term",
        "qa_type": "mcqa",
        "old_answer": "A"
    },
    {
        "qa_idx": 22,
        "qa_task": "object understanding",
        "question": "What kind of toy is prominently featured in the video?",
        "options": [
            "A. A pink pig toy.",
            "B. A toy car.",
            "C. A toy robot.",
            "D. A toy dinosaur."
        ],
        "answer": "A",
        "qa_level": "long_term",
        "qa_type": "mcqa",
        "old_answer": "A"
    },
    {
        "qa_idx": 23,
        "qa_task": "time-order",
        "question": "In which order do the events occur in the video from 3.0 to 2306.0 seconds?",
        "options": [
            "A. The video starts with a close-up of a pink pig toy in a colorful indoor setting, followed by scenes of toys scattered around a room, and ends with a family of anthropomorphic pigs engaging in various activities in a domestic and outdoor setting.",
            "B. The video starts with a family of anthropomorphic pigs engaging in various activities in a domestic and outdoor setting, followed by scenes of toys scattered around a room, and ends with a close-up of a pink pig toy in a colorful indoor setting.",
            "C. The video starts with scenes of toys scattered around a room, followed by a close-up of a pink pig toy in a colorful indoor setting, and ends with a family of anthropomorphic pigs engaging in various activities in a domestic and outdoor setting.",
            "D. The video starts with a family of anthropomorphic pigs engaging in various activities in a domestic and outdoor setting, followed by a close-up of a pink pig toy in a colorful indoor setting, and ends with scenes of toys scattered around a room."
        ],
        "answer": "A",
        "qa_level": "long_term",
        "qa_type": "mcqa",
        "old_answer": "A"
    }
]