[
    {
        "qa_idx": 0,
        "qa_type": "qa",
        "qa_level": "frame",
        "qa_task": "character-understanding",
        "question": "Does the animated character have a beard in the frame at 898.0 seconds?",
        "answer": "Yes",
        "old_answer": "Yes"
    },
    {
        "qa_idx": 1,
        "qa_task": "descriptive-scene",
        "question": "Where does the scene at 1408.0 seconds take place?",
        "options": [
            "A. In a kitchen.",
            "B. In a playroom or classroom.",
            "C. In a garden.",
            "D. In an office."
        ],
        "answer": "B",
        "qa_level": "frame",
        "qa_type": "mcqa",
        "old_answer": "B"
    },
    {
        "qa_idx": 2,
        "qa_type": "qa",
        "qa_level": "frame",
        "qa_task": "object understanding",
        "question": "Is there a small yellow flower visible in the background at 1343.0 seconds into the video?",
        "answer": "Yes",
        "old_answer": "Yes"
    },
    {
        "qa_idx": 3,
        "qa_task": "spatial-relationship",
        "question": "What is in the foreground of the scene at 2947.0 seconds into the video?",
        "options": [
            "A. A pink carriage with two characters wearing crowns and party hats.",
            "B. A large yellow castle with blue arched windows.",
            "C. A knight character riding a white horse with wheels.",
            "D. Two characters wearing yellow and blue outfits with pointy hats."
        ],
        "answer": "A",
        "qa_level": "frame",
        "qa_type": "mcqa",
        "old_answer": "A"
    },
    {
        "qa_idx": 4,
        "qa_type": "qa",
        "qa_level": "within_event",
        "qa_task": "action-understanding",
        "question": "Does the scene transition to an outdoor landscape with a clear blue sky and rolling green hills during the event from 2790.0 to 2845.0 seconds?",
        "answer": "Yes",
        "old_answer": "Yes"
    },
    {
        "qa_idx": 5,
        "qa_task": "object understanding",
        "question": "What educational materials are visible in the classroom at 85.0 seconds into the video?",
        "options": [
            "A. Number charts on the windows and an alphabet board on the wall.",
            "B. Science posters and a world map.",
            "C. Art supplies and musical instruments.",
            "D. Sports equipment and trophies."
        ],
        "answer": "A",
        "qa_level": "frame",
        "qa_type": "mcqa",
        "old_answer": "A"
    },
    {
        "qa_idx": 6,
        "qa_type": "qa",
        "qa_level": "within_event",
        "qa_task": "object understanding",
        "question": "Is there an orange bucket centrally positioned on the floor in the room at the beginning of the event from 1673.0 to 1748.0 seconds?",
        "answer": "Yes",
        "old_answer": "Yes"
    },
    {
        "qa_idx": 7,
        "qa_task": "character-understanding",
        "question": "What is the expression of the character on the left in the video frame at 736.0 seconds?",
        "options": [
            "A. Angry.",
            "B. Sad.",
            "C. Content.",
            "D. Scared."
        ],
        "answer": "C",
        "qa_level": "frame",
        "qa_type": "mcqa",
        "old_answer": "C"
    },
    {
        "qa_idx": 8,
        "qa_type": "qa",
        "qa_level": "cross_event",
        "qa_task": "object understanding",
        "question": "Is there a character holding an ice cream in the event from 1821.0 to 1888.0?",
        "answer": "Yes",
        "old_answer": "Yes"
    },
    {
        "qa_idx": 9,
        "qa_type": "qa",
        "qa_level": "cross_event",
        "qa_task": "plot-understanding",
        "question": "Do both events from 489.0 to 515.0 and 536.0 to 599.0 take place in an educational setting?",
        "answer": "Yes",
        "old_answer": "Yes"
    },
    {
        "qa_idx": 10,
        "qa_type": "qa",
        "qa_level": "long_term",
        "qa_task": "plot-understanding",
        "question": "Does the video depict a sequence where the characters transition from a classroom setting to a hospital scene and then to a bedtime routine? (Refer to descriptions from 3.0 to 363.0 seconds)",
        "answer": "Yes",
        "old_answer": "Yes"
    },
    {
        "qa_idx": 11,
        "qa_task": "attribute-change",
        "question": "How does the scene outside the window change from the beginning to the end of the video event from 800.0 to 860.0 seconds?",
        "options": [
            "A. The moon and stars disappear.",
            "B. The sky becomes darker.",
            "C. The moon and stars become brighter.",
            "D. The sky changes to a daytime scene."
        ],
        "answer": "C",
        "qa_level": "within_event",
        "qa_type": "mcqa",
        "old_answer": "C"
    },
    {
        "qa_idx": 13,
        "qa_task": "spatial-relationship",
        "question": "Where is the globe located in the classroom setting described from 3.0 to 3011.0 seconds?",
        "options": [
            "A. On a green table.",
            "B. On a tall bookshelf.",
            "C. On a desk.",
            "D. On the floor."
        ],
        "answer": "B",
        "qa_level": "long_term",
        "qa_type": "mcqa",
        "old_answer": "B"
    },
    {
        "qa_idx": 14,
        "qa_task": "causal",
        "question": "Why did the characters in the classroom express surprise and concern?",
        "options": [
            "A. Because they saw a medical scenario.",
            "B. Because they were playing with toys.",
            "C. Because they were reading books.",
            "D. Because they were singing songs."
        ],
        "answer": "A",
        "qa_level": "long_term",
        "qa_type": "mcqa",
        "old_answer": "A"
    },
    {
        "qa_idx": 15,
        "qa_task": "speed",
        "question": "Which vehicle is faster, the white ambulance or the yellow van, as depicted in the video from 3.0 to 3011.0 seconds?",
        "options": [
            "A. The white ambulance.",
            "B. The yellow van.",
            "C. Both are at the same speed.",
            "D. None of the above."
        ],
        "answer": "A",
        "qa_level": "long_term",
        "qa_type": "mcqa",
        "old_answer": "A"
    },
    {
        "qa_idx": 16,
        "qa_task": "character-understanding",
        "question": "What is the bear-like character with glasses doing in the classroom setting?",
        "options": [
            "A. Playing a musical instrument.",
            "B. Pointing at an upward trending graph.",
            "C. Engaging children with a guitar.",
            "D. Lying in a hospital bed."
        ],
        "answer": "C",
        "qa_level": "long_term",
        "qa_type": "mcqa",
        "old_answer": "C"
    },
    {
        "qa_idx": 17,
        "qa_task": "object understanding",
        "question": "What objects are featured in the classroom setting from 3.0 to 421.0 seconds?",
        "options": [
            "A. A blackboard with the alphabet, colorful educational materials, and musical instruments.",
            "B. A television, a fishbowl, and a purple sofa.",
            "C. A yellow van, a control panel, and a blue sky.",
            "D. A washing machine, a trash can, and a bulletin board."
        ],
        "answer": "A",
        "qa_level": "long_term",
        "qa_type": "mcqa",
        "old_answer": "A"
    }
]