[
    {
        "qa_idx": 0,
        "qa_type": "qa",
        "qa_level": "frame",
        "qa_task": "character-understanding",
        "question": "Is the person in the frame wearing an astronaut suit at 1639.0 seconds?",
        "answer": "Yes",
        "old_answer": "Yes"
    },
    {
        "qa_idx": 2,
        "qa_task": "spatial-relationship",
        "question": "Where is the man seated in the frame at 1604.0 seconds?",
        "options": [
            "A. In the back section of an aircraft cockpit.",
            "B. In the front section of an aircraft cockpit.",
            "C. In the passenger cabin.",
            "D. In the cargo hold."
        ],
        "answer": "B",
        "qa_level": "frame",
        "qa_type": "mcqa",
        "old_answer": "B"
    },
    {
        "qa_idx": 3,
        "qa_type": "qa",
        "qa_level": "long_term",
        "qa_task": "object understanding",
        "question": "Is there a commemorative plaque with the text 'WE CAME IN PEACE FOR ALL MANKIND' shown in the video between 205.0 and 3658.0 seconds?",
        "answer": "Yes",
        "old_answer": "Yes"
    },
    {
        "qa_idx": 5,
        "qa_type": "qa",
        "qa_level": "long_term",
        "qa_task": "object understanding",
        "question": "Is the American flag visible on the astronaut suits in the video sequence from 7.0 to 239.0 seconds?",
        "answer": "Yes",
        "old_answer": "Yes"
    },
    {
        "qa_idx": 7,
        "qa_task": "time-order",
        "question": "In which order do the events occur in the video from 6.0 to 3658.0 seconds?",
        "options": [
            "A. The emblem of the Apollo 11 mission is shown, followed by astronauts in NASA suits, a rocket launch, a view of the Moon, and a recovery operation in the ocean.",
            "B. The emblem of the Apollo 11 mission is shown, followed by a recovery operation in the ocean, a rocket launch, astronauts in NASA suits, and a view of the Moon.",
            "C. A rocket launch is shown, followed by the emblem of the Apollo 11 mission, astronauts in NASA suits, a view of the Moon, and a recovery operation in the ocean.",
            "D. A view of the Moon is shown, followed by the emblem of the Apollo 11 mission, astronauts in NASA suits, a rocket launch, and a recovery operation in the ocean."
        ],
        "answer": "A",
        "qa_level": "long_term",
        "qa_type": "mcqa",
        "old_answer": "A"
    },
    {
        "qa_idx": 9,
        "qa_task": "camera-direction",
        "question": "What is the camera doing as the rocket ascends into the sky surrounded by flames and plumes of smoke from 6.0 to 3658.0 seconds?",
        "options": [
            "A. The camera is moving closer to the rocket.",
            "B. The camera is moving away from the rocket.",
            "C. The camera is following the rocket's ascent.",
            "D. The camera is stationary."
        ],
        "answer": "C",
        "qa_level": "long_term",
        "qa_type": "mcqa",
        "old_answer": "C"
    },
    {
        "qa_idx": 10,
        "qa_task": "speed",
        "question": "Which is faster, the rocket or the spacecraft maneuvering close to the lunar surface?",
        "options": [
            "A. The rocket.",
            "B. The spacecraft.",
            "C. Both are at the same speed.",
            "D. None of the above."
        ],
        "answer": "A",
        "qa_level": "long_term",
        "qa_type": "mcqa",
        "old_answer": "A"
    },
    {
        "qa_idx": 11,
        "qa_task": "attribute-change",
        "question": "How does the scene transition from the beginning to the end of the video sequence from 6.0 to 3658.0 seconds?",
        "options": [
            "A. From a detailed view of the Apollo 11 emblem to a serene ocean scene.",
            "B. From a detailed view of the Apollo 11 emblem to a celebratory parade.",
            "C. From a detailed view of the Apollo 11 emblem to a rugged lunar landscape.",
            "D. From a detailed view of the Apollo 11 emblem to a spacecraft recovery operation."
        ],
        "answer": "C",
        "qa_level": "long_term",
        "qa_type": "mcqa",
        "old_answer": "C"
    }
]