[
    {
        "qa_idx": 0,
        "qa_task": "object understanding",
        "question": "What is the rabbit character standing on at 1755.0 seconds into the video?",
        "options": [
            "A. A sandy beach.",
            "B. A green hill.",
            "C. A rocky mountain.",
            "D. A wooden bridge."
        ],
        "answer": "B",
        "qa_level": "frame",
        "qa_type": "mcqa",
        "old_answer": "B"
    },
    {
        "qa_idx": 1,
        "qa_type": "qa",
        "qa_level": "frame",
        "qa_task": "character-understanding",
        "question": "Are the characters around the table engaged in a joyful gathering at 2466.0 seconds into the video?",
        "answer": "Yes",
        "old_answer": "Yes"
    },
    {
        "qa_idx": 2,
        "qa_type": "qa",
        "qa_level": "within_event",
        "qa_task": "speed",
        "question": "Did the animated pig characters move quickly during the playful activities from 1230.0 to 1296.0 seconds?",
        "answer": "No",
        "old_answer": "No"
    },
    {
        "qa_idx": 3,
        "qa_type": "qa",
        "qa_level": "within_event",
        "qa_task": "action-understanding",
        "question": "During the scene from 290.0 to 323.0 seconds, does the animated character in the blue police uniform arrest any of the animal characters?",
        "answer": "No",
        "old_answer": "No"
    },
    {
        "qa_idx": 4,
        "qa_task": "speed",
        "question": "From 1764.0 to 1823.0 seconds, which character is moving faster, the rabbit or the pig?",
        "options": [
            "A. The rabbit.",
            "B. The pig.",
            "C. Both are moving at the same speed.",
            "D. None of the above."
        ],
        "answer": "B",
        "qa_level": "within_event",
        "qa_type": "mcqa",
        "old_answer": "B"
    },
    {
        "qa_idx": 5,
        "qa_type": "qa",
        "qa_level": "cross_event",
        "qa_task": "speed",
        "question": "Did the activities of the anthropomorphic rabbits in the cozy domestic living room scene from 1892.0 to 1958.0 take place at a fast pace?",
        "answer": "No",
        "old_answer": "No"
    },
    {
        "qa_idx": 6,
        "qa_task": "attribute-change",
        "question": "How does the setting change from the beginning to the end of the event from 3030.0 seconds to 3094.0 seconds?",
        "options": [
            "A. The scene changes from an indoor setting to an outdoor setting.",
            "B. The scene changes from a picturesque outdoor scene to a journey through a lush, green, hilly landscape.",
            "C. The scene changes from a busy cityscape to a quiet countryside.",
            "D. The scene changes from a nighttime setting to a daytime setting."
        ],
        "answer": "B",
        "qa_level": "cross_event",
        "qa_type": "mcqa",
        "old_answer": "B"
    },
    {
        "qa_idx": 7,
        "qa_task": "object understanding",
        "question": "What is the appearance and function of the object seen on the left side of the frame in the event from 1030.0 to 1099.0 seconds?",
        "options": [
            "A. A boat smoothly sailing on the calm blue ocean.",
            "B. A sandcastle with a pirate flag.",
            "C. A large pink anthropomorphic animal lounging on the deck.",
            "D. A group of animated animals dressed in orange-colored tops."
        ],
        "answer": "A",
        "qa_level": "cross_event",
        "qa_type": "mcqa",
        "old_answer": "A"
    },
    {
        "qa_idx": 8,
        "qa_task": "time-order",
        "question": "What is the correct sequence of events from the time of 1376.0 seconds to 1436.0 seconds?",
        "options": [
            "A. The pigs are seated in a vehicle, then they are on a green field, and finally, they are involved in a construction-related activity.",
            "B. The pigs are on a green field, then they are seated in a vehicle, and finally, they are involved in a construction-related activity.",
            "C. The pigs are involved in a construction-related activity, then they are on a green field, and finally, they are seated in a vehicle.",
            "D. The pigs are seated in a vehicle, then they are involved in a construction-related activity, and finally, they are on a green field."
        ],
        "answer": "B",
        "qa_level": "cross_event",
        "qa_type": "mcqa",
        "old_answer": "B"
    },
    {
        "qa_idx": 9,
        "qa_task": "temporal-relationship",
        "question": "What were the animated pig characters doing before they were seen in a vehicle with seat belts?",
        "options": [
            "A. They were interacting with a pirate character on a sandy island.",
            "B. They were in a police station with other characters.",
            "C. They were in a bakery or café with other animal characters.",
            "D. They were in a classroom engaging in educational activities."
        ],
        "answer": "A",
        "qa_level": "long_term",
        "qa_type": "mcqa",
        "old_answer": "A"
    },
    {
        "qa_idx": 10,
        "qa_task": "spatial-relationship",
        "question": "Where is the green filing cabinet located in the office scene?",
        "options": [
            "A. Center-left.",
            "B. Center-right.",
            "C. Far-left.",
            "D. Far-right."
        ],
        "answer": "B",
        "qa_level": "long_term",
        "qa_type": "mcqa",
        "old_answer": "B"
    },
    {
        "qa_idx": 13,
        "qa_task": "camera-direction",
        "question": "What is the direction of the camera movement when the scene transitions from the animated family of pigs traveling in a red convertible car through a vibrant green landscape to the lively street with a brick police station?",
        "options": [
            "A. The camera moves closer to the animated family of pigs.",
            "B. The camera moves away from the animated family of pigs.",
            "C. The camera moves closer to the brick police station.",
            "D. The camera moves away from the brick police station."
        ],
        "answer": "C",
        "qa_level": "long_term",
        "qa_type": "mcqa",
        "old_answer": "C"
    },
    {
        "qa_idx": 14,
        "qa_task": "speed",
        "question": "Which vehicle is faster, the red convertible car or the small red train, as depicted in the video from 1.0 to 3854.0 seconds?",
        "options": [
            "A. The red convertible car.",
            "B. The small red train.",
            "C. Both are at the same speed.",
            "D. None of the above."
        ],
        "answer": "A",
        "qa_level": "long_term",
        "qa_type": "mcqa",
        "old_answer": "A"
    },
    {
        "qa_idx": 15,
        "qa_task": "attribute-change",
        "question": "How does the setting change from the beginning to the end of the video event from 1.0 to 3854.0 seconds?",
        "options": [
            "A. From an indoor treasure room to an outdoor construction site.",
            "B. From an indoor treasure room to a vibrant children's park.",
            "C. From a pirate-themed adventure to a classroom setting.",
            "D. From a serene countryside drive to a lively zoo visit."
        ],
        "answer": "B",
        "qa_level": "long_term",
        "qa_type": "mcqa",
        "old_answer": "B"
    },
    {
        "qa_idx": 16,
        "qa_task": "character-understanding",
        "question": "What is the main activity of the animated family of pigs in the video from 1.0 to 3854.0 seconds?",
        "options": [
            "A. Traveling in a red convertible car through a vibrant green landscape.",
            "B. Engaging in a treasure hunt on a small sandy island.",
            "C. Participating in a festive pirate-themed event.",
            "D. Interacting in a classroom setting."
        ],
        "answer": "A",
        "qa_level": "long_term",
        "qa_type": "mcqa",
        "old_answer": "A"
    },
    {
        "qa_idx": 17,
        "qa_task": "time-order",
        "question": "In which order do the events occur in the video from 1.0 to 3854.0 seconds?",
        "options": [
            "A. The animated character in a yellow and blue police uniform is shown in a room filled with treasures and gold items. The scene transitions to a family of pigs traveling in a red convertible car through a vibrant green landscape. The event concludes with characters engaging in playful activities in a children's park or garden.",
            "B. The animated character in a yellow and blue police uniform is shown in a room filled with treasures and gold items. The scene transitions to a family of pigs traveling in a red convertible car through a vibrant green landscape. The event concludes with characters engaging in playful activities in a children's park or garden. The animated character in a yellow and blue police uniform is shown in a room filled with treasures and gold items.",
            "C. The event starts with characters engaging in playful activities in a children's park or garden. The scene transitions to a family of pigs traveling in a red convertible car through a vibrant green landscape. The animated character in a yellow and blue police uniform is shown in a room filled with treasures and gold items. The event concludes with characters engaging in playful activities in a children's park or garden.",
            "D. The event starts with characters engaging in playful activities in a children's park or garden. The animated character in a yellow and blue police uniform is shown in a room filled with treasures and gold items. The scene transitions to a family of pigs traveling in a red convertible car through a vibrant green landscape. The event concludes with characters engaging in playful activities in a children's park or garden."
        ],
        "answer": "A",
        "qa_level": "long_term",
        "qa_type": "mcqa",
        "old_answer": "A"
    },
    {
        "qa_idx": 18,
        "qa_task": "descriptive-scene",
        "question": "Where do the animated characters gather for a communal activity around a wooden round table with food items like apples and sandwiches?",
        "options": [
            "A. In a classroom.",
            "B. In a jungle.",
            "C. In a communal eating area.",
            "D. In a living room."
        ],
        "answer": "C",
        "qa_level": "long_term",
        "qa_type": "mcqa",
        "old_answer": "C"
    }
]