[
    {
        "qa_idx": 0,
        "qa_type": "qa",
        "qa_level": "frame",
        "qa_task": "character-understanding",
        "question": "Is the character in the frame holding a purple feather at 1563.0 seconds?",
        "answer": "Yes",
        "old_answer": "Yes"
    },
    {
        "qa_idx": 1,
        "qa_task": "character-understanding",
        "question": "What is the character wearing in the video frame at 445.0 seconds?",
        "options": [
            "A. A blue suit, red polka-dot tie, and large glasses.",
            "B. A green shirt, black pants, and a hat.",
            "C. A white lab coat and safety goggles.",
            "D. A casual t-shirt and jeans."
        ],
        "answer": "A",
        "qa_level": "frame",
        "qa_type": "mcqa",
        "old_answer": "A"
    },
    {
        "qa_idx": 2,
        "qa_type": "qa",
        "qa_level": "frame",
        "qa_task": "character-understanding",
        "question": "Does the insect in the frame at 178.0 seconds have spiral patterns in its eyes?",
        "answer": "Yes",
        "old_answer": "Yes"
    },
    {
        "qa_idx": 3,
        "qa_type": "qa",
        "qa_level": "within_event",
        "qa_task": "character-understanding",
        "question": "Was there an animated character resembling an avocado in the video event from 1474.0 to 1486.0 seconds?",
        "answer": "Yes",
        "old_answer": "Yes"
    },
    {
        "qa_idx": 4,
        "qa_task": "descriptive-scene",
        "question": "Where does the scene at 1373.0 seconds into the video take place?",
        "options": [
            "A. Outdoors in a garden.",
            "B. Indoors with a remote control and a yellow object.",
            "C. In a forest.",
            "D. In a playground."
        ],
        "answer": "B",
        "qa_level": "frame",
        "qa_type": "mcqa",
        "old_answer": "B"
    },
    {
        "qa_idx": 5,
        "qa_task": "spatial-relationship",
        "question": "What is the purple vegetable holding in the kitchen scene at 337.0 seconds?",
        "options": [
            "A. A pot.",
            "B. A spatula.",
            "C. A knife.",
            "D. A spoon."
        ],
        "answer": "B",
        "qa_level": "frame",
        "qa_type": "mcqa",
        "old_answer": "B"
    },
    {
        "qa_idx": 6,
        "qa_type": "qa",
        "qa_level": "cross_event",
        "qa_task": "action-understanding",
        "question": "In the event from 1172.0 to 1235.0, does the anthropomorphic avocado character use a slingshot to interact with the whimsical insect chef in the kitchen?",
        "answer": "No",
        "old_answer": "No"
    },
    {
        "qa_idx": 7,
        "qa_task": "attribute-change",
        "question": "How does the setting change from the beginning to the end of the event from 1172.0 to 1235.0 seconds?",
        "options": [
            "A. From a desert-like backdrop to a lively kitchen scene.",
            "B. From a hazardous area to a desert-like backdrop.",
            "C. From a whimsical scene to a room with an orange wall.",
            "D. From a modern stovetop to a hazardous area."
        ],
        "answer": "A",
        "qa_level": "within_event",
        "qa_type": "mcqa",
        "old_answer": "A"
    },
    {
        "qa_idx": 8,
        "qa_task": "descriptive-scene",
        "question": "What is the primary setting of the video event from 105.0 to 177.0 seconds?",
        "options": [
            "A. A vibrant and dynamic indoor environment with a purple floor and yellow wall.",
            "B. A lively street setting in a suburban neighborhood.",
            "C. An arid landscape with cracked ground and sparse, twisted trees.",
            "D. A medieval-themed scene with a character dressed in red holding a crossbow."
        ],
        "answer": "C",
        "qa_level": "cross_event",
        "qa_type": "mcqa",
        "old_answer": "C"
    },
    {
        "qa_idx": 9,
        "qa_task": "character-understanding",
        "question": "What are the main actions of the characters in the office scene from 570.0 to 630.0 seconds?",
        "options": [
            "A. The purple-colored character is on the floor startled, holding a coffee cup labeled 'BOSS', while the green character is laughing in front of a malfunctioning coffee machine.",
            "B. The purple-colored character is fixing the coffee machine, while the green character is sitting at a desk working on a computer.",
            "C. Both characters are sitting quietly at their desks, working on their computers.",
            "D. The green character is on the floor startled, holding a coffee cup labeled 'BOSS', while the purple-colored character is laughing in front of a malfunctioning coffee machine."
        ],
        "answer": "A",
        "qa_level": "cross_event",
        "qa_type": "mcqa",
        "old_answer": "A"
    },
    {
        "qa_idx": 10,
        "qa_task": "temporal-relationship",
        "question": "What was the avocado character doing before it was seen standing in front of a large window holding a small potted cactus?",
        "options": [
            "A. The avocado character was sleeping in a comfortable bed.",
            "B. The avocado character was interacting with a black cat near the foot of the bed.",
            "C. The avocado character was sitting up in bed, touching its nose with an anxious expression.",
            "D. The avocado character was seen in a colorful, abstract background showing distress."
        ],
        "answer": "C",
        "qa_level": "long_term",
        "qa_type": "mcqa",
        "old_answer": "C"
    },
    {
        "qa_idx": 11,
        "qa_task": "spatial-relationship",
        "question": "Where is the black cat positioned in relation to the avocado character when it first appears?",
        "options": [
            "A. Near the foot of the bed.",
            "B. On the windowsill.",
            "C. On the light blue floor.",
            "D. On the couch."
        ],
        "answer": "A",
        "qa_level": "long_term",
        "qa_type": "mcqa",
        "old_answer": "A"
    },
    {
        "qa_idx": 14,
        "qa_task": "camera-direction",
        "question": "What is the camera movement direction from 3.0 seconds to 1805.0 seconds in the video?",
        "options": [
            "A. The camera moves closer to the avocado character.",
            "B. The camera moves away from the avocado character.",
            "C. The camera remains stationary.",
            "D. The camera moves around the avocado character."
        ],
        "answer": "A",
        "qa_level": "long_term",
        "qa_type": "mcqa",
        "old_answer": "A"
    },
    {
        "qa_idx": 15,
        "qa_task": "character-understanding",
        "question": "What is the avocado character doing when it is first shown in the video?",
        "options": [
            "A. Sleeping in a comfortable bed.",
            "B. Standing in front of a large window.",
            "C. Balancing on a tightrope.",
            "D. Engaging in a combat scenario."
        ],
        "answer": "A",
        "qa_level": "long_term",
        "qa_type": "mcqa",
        "old_answer": "A"
    },
    {
        "qa_idx": 16,
        "qa_task": "object understanding",
        "question": "What objects are featured in the indoor scene at the beginning of the video?",
        "options": [
            "A. A large window with soft green curtains, a flowerpot with a small cactus, and a bed with a blue blanket.",
            "B. A large window with red curtains, a flowerpot with a rose, and a bed with a green blanket.",
            "C. A large window with blue curtains, a flowerpot with a sunflower, and a bed with a red blanket.",
            "D. A large window with yellow curtains, a flowerpot with a fern, and a bed with a purple blanket."
        ],
        "answer": "A",
        "qa_level": "long_term",
        "qa_type": "mcqa",
        "old_answer": "A"
    },
    {
        "qa_idx": 17,
        "qa_task": "time-order",
        "question": "In which order do the events occur in the video from 3.0 to 1805.0 seconds?",
        "options": [
            "A. The avocado character is seen sleeping, then sitting up in bed, followed by interacting with a black cat, and finally standing in front of a large window.",
            "B. The avocado character is seen sitting up in bed, then sleeping, followed by standing in front of a large window, and finally interacting with a black cat.",
            "C. The avocado character is seen interacting with a black cat, then standing in front of a large window, followed by sleeping, and finally sitting up in bed.",
            "D. The avocado character is seen standing in front of a large window, then interacting with a black cat, followed by sitting up in bed, and finally sleeping."
        ],
        "answer": "A",
        "qa_level": "long_term",
        "qa_type": "mcqa",
        "old_answer": "A"
    },
    {
        "qa_idx": 18,
        "qa_task": "descriptive-scene",
        "question": "Where does the avocado character interact with the black cat amid scattered food pieces and a 'CAT' food bowl?",
        "options": [
            "A. In a tranquil room with a large window and soft green curtains.",
            "B. In a dimly lit room with bluish-green hues streaming in from a window.",
            "C. In a public space featuring vegetable-like characters in an urban setting.",
            "D. In a dark, dense forest illuminated by partial light."
        ],
        "answer": "B",
        "qa_level": "long_term",
        "qa_type": "mcqa",
        "old_answer": "B"
    }
]