[
    {
        "qa_idx": 0,
        "qa_type": "qa",
        "qa_level": "frame",
        "qa_task": "character-understanding",
        "question": "Are there multiple individuals involved in the activities shown in the polaroid-style photos at 1708.0 seconds?",
        "answer": "Yes",
        "old_answer": "Yes"
    },
    {
        "qa_idx": 1,
        "qa_task": "spatial-relationship",
        "question": "What is positioned between the two slices of toasted bread at 2816.0 seconds into the video?",
        "options": [
            "A. A piece of cheese.",
            "B. A breaded cutlet.",
            "C. A slice of tomato.",
            "D. A piece of lettuce."
        ],
        "answer": "B",
        "qa_level": "frame",
        "qa_type": "mcqa",
        "old_answer": "B"
    },
    {
        "qa_idx": 2,
        "qa_task": "object understanding",
        "question": "What are the individuals in the video frame at 615.0 seconds wearing over their casual clothing?",
        "options": [
            "A. Chef hats.",
            "B. Aprons.",
            "C. Gloves.",
            "D. Uniforms."
        ],
        "answer": "B",
        "qa_level": "frame",
        "qa_type": "mcqa",
        "old_answer": "B"
    },
    {
        "qa_idx": 4,
        "qa_type": "qa",
        "qa_level": "cross_event",
        "qa_task": "object understanding",
        "question": "Is a blue spatula present in both video events from 2063.0 to 2115.0 and 2120.0 to 2183.0?",
        "answer": "Yes",
        "old_answer": "Yes"
    },
    {
        "qa_idx": 7,
        "qa_task": "speed",
        "question": "Between 602.0 seconds and 664.0 seconds, which group of individuals is depicted as working more quickly with the dough?",
        "options": [
            "A. The group of five individuals at 604.0 seconds.",
            "B. The group of four individuals at 605.0 seconds.",
            "C. The group of two individuals at 611.0 seconds.",
            "D. The group of four individuals at 623.0 seconds."
        ],
        "answer": "B",
        "qa_level": "within_event",
        "qa_type": "mcqa",
        "old_answer": "B"
    },
    {
        "qa_idx": 10,
        "qa_task": "spatial-relationship",
        "question": "Where are the individuals positioned when they are engaged in conversation under the text overlay 'EATING YOUR FEED'?",
        "options": [
            "A. In front of a white-tiled wall.",
            "B. In front of a marble countertop.",
            "C. In a garden environment.",
            "D. In an office space."
        ],
        "answer": "A",
        "qa_level": "long_term",
        "qa_type": "mcqa",
        "old_answer": "A"
    },
    {
        "qa_idx": 11,
        "qa_task": "causal",
        "question": "Why are the individuals in the video using large wooden mallets and a wooden mortar?",
        "options": [
            "A. To prepare traditional Japanese mochi.",
            "B. To build a wooden structure.",
            "C. To perform a musical demonstration.",
            "D. To create a sculpture."
        ],
        "answer": "A",
        "qa_level": "long_term",
        "qa_type": "mcqa",
        "old_answer": "A"
    },
    {
        "qa_idx": 13,
        "qa_task": "speed",
        "question": "Which activity is performed faster in the video from 15.0 to 3056.0 seconds, the preparation of traditional mochi or the breading of food items?",
        "options": [
            "A. The preparation of traditional mochi.",
            "B. The breading of food items.",
            "C. Both activities are performed at the same speed.",
            "D. None of the above."
        ],
        "answer": "A",
        "qa_level": "long_term",
        "qa_type": "mcqa",
        "old_answer": "A"
    },
    {
        "qa_idx": 14,
        "qa_task": "attribute-change",
        "question": "How does the setting change from the beginning to the end of the video event from 15.0 to 3056.0 seconds?",
        "options": [
            "A. From a professional kitchen to a serene garden.",
            "B. From a modern kitchen to a traditional Japanese garden.",
            "C. From a professional kitchen to a modern kitchen.",
            "D. From a modern kitchen to an office space."
        ],
        "answer": "C",
        "qa_level": "long_term",
        "qa_type": "mcqa",
        "old_answer": "C"
    },
    {
        "qa_idx": 15,
        "qa_task": "character-understanding",
        "question": "What is the woman wearing in the kitchen setting at the beginning of the video event?",
        "options": [
            "A. A polka-dotted dress and striped apron.",
            "B. A black shirt and jeans.",
            "C. A blue striped shirt and black pants.",
            "D. A grey t-shirt and shorts."
        ],
        "answer": "A",
        "qa_level": "long_term",
        "qa_type": "mcqa",
        "old_answer": "A"
    },
    {
        "qa_idx": 16,
        "qa_task": "object understanding",
        "question": "What kind of container is used for traditional food preparation in the video?",
        "options": [
            "A. A large wooden container.",
            "B. A metal pot.",
            "C. A plastic bowl.",
            "D. A glass jar."
        ],
        "answer": "A",
        "qa_level": "long_term",
        "qa_type": "mcqa",
        "old_answer": "A"
    }
]