[
    {
        "qa_idx": 0,
        "qa_type": "qa",
        "qa_level": "frame",
        "qa_task": "object understanding",
        "question": "Is there a man with a tattooed arm adjusting his glasses in the left part of the split-screen view at 3567.0 seconds?",
        "answer": "Yes",
        "old_answer": "Yes"
    },
    {
        "qa_idx": 1,
        "qa_task": "object understanding",
        "question": "What objects are visible in the background of the man on the right at 3316.0 seconds into the video?",
        "options": [
            "A. A bookshelf and a painting.",
            "B. A guitar case and some musical equipment.",
            "C. A television and a sofa.",
            "D. A desk and a computer."
        ],
        "answer": "B",
        "qa_level": "frame",
        "qa_type": "mcqa",
        "old_answer": "B"
    },
    {
        "qa_idx": 2,
        "qa_type": "qa",
        "qa_level": "frame",
        "qa_task": "object understanding",
        "question": "Is there a guitar case visible in the background on the right side of the split-screen at 817.0 seconds into the video?",
        "answer": "Yes",
        "old_answer": "Yes"
    },
    {
        "qa_idx": 3,
        "qa_type": "qa",
        "qa_level": "within_event",
        "qa_task": "character-understanding",
        "question": "Were both men wearing headphones during the video call from 816.0 to 877.0 seconds?",
        "answer": "No",
        "old_answer": "No"
    },
    {
        "qa_idx": 5,
        "qa_type": "qa",
        "qa_level": "within_event",
        "qa_task": "action-understanding",
        "question": "Is the man on the left seen gesturing with his hand during the video segment from 3316.0 to 3368.0 seconds?",
        "answer": "Yes",
        "old_answer": "Yes"
    },
    {
        "qa_idx": 6,
        "qa_type": "qa",
        "qa_level": "cross_event",
        "qa_task": "speed",
        "question": "Did the speed of interaction between the two men in the virtual discussion change between the events from 1316.0 to 1380.0 and 1566.0 to 1626.0?",
        "answer": "No",
        "old_answer": "No"
    },
    {
        "qa_idx": 7,
        "qa_type": "qa",
        "qa_level": "cross_event",
        "qa_task": "action-understanding",
        "question": "In both video events from 2566.0 to 3067.0 and 3316.0 to 3368.0, is the man on the left seen wearing headphones and speaking into a microphone?",
        "answer": "Yes",
        "old_answer": "Yes"
    },
    {
        "qa_idx": 9,
        "qa_type": "qa",
        "qa_level": "long_term",
        "qa_task": "plot-understanding",
        "question": "Do the two men in the video appear to be engaged in a podcast or online show titled 'LOS AMOS DEL UNIVERSO' throughout the event from 316.0 to 4001.0 seconds?",
        "answer": "Yes",
        "old_answer": "Yes"
    },
    {
        "qa_idx": 10,
        "qa_task": "temporal-relationship",
        "question": "What is the setting of the man on the right side of the split-screen at the beginning of the event from 1566.0 to 1626.0 seconds?",
        "options": [
            "A. In front of a decorative dark background.",
            "B. In a room filled with musical equipment and personal items.",
            "C. In a kitchen setting with various objects on the counter.",
            "D. In a recreational or office space with musical instruments."
        ],
        "answer": "B",
        "qa_level": "within_event",
        "qa_type": "mcqa",
        "old_answer": "B"
    },
    {
        "qa_idx": 12,
        "qa_task": "speed",
        "question": "During the video segment from 3316.0 to 3368.0 seconds, which individual is gesturing more actively?",
        "options": [
            "A. The man on the left.",
            "B. The man on the right.",
            "C. Both are gesturing equally.",
            "D. Neither of them is gesturing."
        ],
        "answer": "A",
        "qa_level": "within_event",
        "qa_type": "mcqa",
        "old_answer": "A"
    },
    {
        "qa_idx": 17,
        "qa_task": "attribute-change",
        "question": "How does the setting of the two men's virtual meeting change from the beginning to the end of the event from 2316.0 seconds to 2376.0 seconds?",
        "options": [
            "A. The background of the man on the left changes from a home office to a kitchen.",
            "B. The background of the man on the right changes from a cozy room with musical instruments to a plain room.",
            "C. The promotional graphics and social media handles disappear by the end of the event.",
            "D. The lighting in both rooms becomes significantly darker by the end of the event."
        ],
        "answer": "C",
        "qa_level": "cross_event",
        "qa_type": "mcqa",
        "old_answer": "C"
    },
    {
        "qa_idx": 22,
        "qa_task": "plot-understanding",
        "question": "What is the main theme or title of the online discussion or broadcast featuring two men in a split-screen view from 316.0 to 4001.0 seconds?",
        "options": [
            "A. The Masters of the Universe.",
            "B. The Heroes of the Galaxy.",
            "C. The Legends of the Internet.",
            "D. The Champions of the World."
        ],
        "answer": "A",
        "qa_level": "long_term",
        "qa_type": "mcqa",
        "old_answer": "A"
    },
    {
        "qa_idx": 23,
        "qa_task": "object-direction",
        "question": "In which direction is the man on the left facing during the video call from 316.0 to 4001.0 seconds?",
        "options": [
            "A. Towards the camera.",
            "B. Away from the camera.",
            "C. To the left.",
            "D. To the right."
        ],
        "answer": "A",
        "qa_level": "long_term",
        "qa_type": "mcqa",
        "old_answer": "A"
    },
    {
        "qa_idx": 25,
        "qa_task": "speed",
        "question": "Which participant in the video call appears to be speaking faster during the discussion from 316.0 to 4001.0 seconds?",
        "options": [
            "A. The man on the left with the modern interior setting.",
            "B. The man on the right with the musical equipment background.",
            "C. Both are speaking at the same speed.",
            "D. Neither of them is speaking."
        ],
        "answer": "A",
        "qa_level": "long_term",
        "qa_type": "mcqa",
        "old_answer": "A"
    },
    {
        "qa_idx": 26,
        "qa_task": "attribute-change",
        "question": "How does the background of the man on the left change from the beginning to the end of the video (from 316.0 to 4001.0 seconds)?",
        "options": [
            "A. It changes from a kitchen setting to a living room setting.",
            "B. It changes from a modern interior setting to a kitchen setting.",
            "C. It changes from a cluttered room to a kitchen setting.",
            "D. It remains the same throughout the video."
        ],
        "answer": "B",
        "qa_level": "long_term",
        "qa_type": "mcqa",
        "old_answer": "B"
    }
]