[
    {
        "qa_idx": 0,
        "qa_type": "qa",
        "qa_level": "within_event",
        "qa_task": "object understanding",
        "question": "Is there a laptop with a distinctive logo in the video event from 3574.0 to 3582.0 seconds?",
        "answer": "Yes",
        "old_answer": "Yes"
    },
    {
        "qa_idx": 6,
        "qa_task": "attribute-change",
        "question": "How does the setting or atmosphere change between the two video events from 485.0 to 546.0 seconds and H to e seconds?",
        "options": [
            "A. The setting changes from an indoor studio to an outdoor location.",
            "B. The atmosphere changes from a relaxed, tech-themed discussion to a more formal presentation.",
            "C. The participants change their outfits from casual to formal attire.",
            "D. The lighting changes from bright to dim."
        ],
        "answer": "B",
        "qa_level": "cross_event",
        "qa_type": "mcqa",
        "old_answer": "B"
    },
    {
        "qa_idx": 7,
        "qa_task": "character-understanding",
        "question": "What are the main actions of the individuals in the video from 2625.0 to 3082.0 seconds?",
        "options": [
            "A. They are playing a video game.",
            "B. They are engaged in a discussion about technology topics.",
            "C. They are cooking a meal.",
            "D. They are exercising."
        ],
        "answer": "B",
        "qa_level": "cross_event",
        "qa_type": "mcqa",
        "old_answer": "B"
    },
    {
        "qa_idx": 8,
        "qa_task": "temporal-relationship",
        "question": "What happens after the pixelated character in the forest says, 'Maybe if I clench hard enough...'?",
        "options": [
            "A. The scene transitions to a minimalist scene with two pixelated characters.",
            "B. The character navigates a boat through a swamp.",
            "C. The character continues to navigate through the forest.",
            "D. The scene returns to the studio setting of 'The WAN Show'."
        ],
        "answer": "A",
        "qa_level": "long_term",
        "qa_type": "mcqa",
        "old_answer": "A"
    },
    {
        "qa_idx": 12,
        "qa_task": "camera-direction",
        "question": "How does the camera movement change from the studio setting to the pixelated scene in the video sequence from 177.0 to 4011.0 seconds?",
        "options": [
            "A. The camera zooms in on the individuals in the studio.",
            "B. The camera pans from the studio setting to the pixelated scene.",
            "C. The camera remains static in the studio and then cuts to the pixelated scene.",
            "D. The camera moves around the studio before transitioning to the pixelated scene."
        ],
        "answer": "C",
        "qa_level": "long_term",
        "qa_type": "mcqa",
        "old_answer": "C"
    },
    {
        "qa_idx": 13,
        "qa_task": "speed",
        "question": "Which segment of the video transitions the fastest from a casual studio setting to a pixelated scene?",
        "options": [
            "A. The segment from 1273.0 to 1322.0 seconds.",
            "B. The segment from 177.0 to 4011.0 seconds.",
            "C. The segment from 2345.0 to 2375.0 seconds.",
            "D. The segment from 1274.0 to 1317.0 seconds."
        ],
        "answer": "B",
        "qa_level": "long_term",
        "qa_type": "mcqa",
        "old_answer": "B"
    },
    {
        "qa_idx": 14,
        "qa_task": "attribute-change",
        "question": "How does the setting change from the beginning to the end of the video sequence from 177.0 to 4011.0 seconds?",
        "options": [
            "A. From a casual studio setting to a pixelated forest and then to a minimalist scene.",
            "B. From a pixelated forest to a casual studio setting and then to a minimalist scene.",
            "C. From a minimalist scene to a casual studio setting and then to a pixelated forest.",
            "D. From a casual studio setting to a minimalist scene and then to a pixelated forest."
        ],
        "answer": "A",
        "qa_level": "long_term",
        "qa_type": "mcqa",
        "old_answer": "A"
    },
    {
        "qa_idx": 17,
        "qa_task": "time-order",
        "question": "In which order do the events occur in the video from 177.0 to 4011.0 seconds?",
        "options": [
            "A. The WAN Show studio setting with three individuals -> Pixelated scene in a dense green forest -> Pixelated character navigating a boat through a swamp -> Pixelated character against a green forest background -> Two pixelated characters in a minimalistic scene.",
            "B. Pixelated scene in a dense green forest -> The WAN Show studio setting with three individuals -> Pixelated character navigating a boat through a swamp -> Two pixelated characters in a minimalistic scene -> Pixelated character against a green forest background.",
            "C. Pixelated character navigating a boat through a swamp -> The WAN Show studio setting with three individuals -> Pixelated scene in a dense green forest -> Pixelated character against a green forest background -> Two pixelated characters in a minimalistic scene.",
            "D. The WAN Show studio setting with three individuals -> Pixelated character navigating a boat through a swamp -> Pixelated scene in a dense green forest -> Two pixelated characters in a minimalistic scene -> Pixelated character against a green forest background."
        ],
        "answer": "A",
        "qa_level": "long_term",
        "qa_type": "mcqa",
        "old_answer": "A"
    }
]