[
    {
        "qa_idx": 0,
        "qa_type": "qa",
        "qa_level": "frame",
        "qa_task": "character-understanding",
        "question": "Are there two men in the inset window at 1320.0 seconds?",
        "answer": "Yes",
        "old_answer": "Yes"
    },
    {
        "qa_idx": 1,
        "qa_task": "character-understanding",
        "question": "What is the label of the character centrally located in the video frame at 4133.0 seconds?",
        "options": [
            "A. Warrior.",
            "B. Sorceress.",
            "C. Archer.",
            "D. Assassin."
        ],
        "answer": "B",
        "qa_level": "frame",
        "qa_type": "mcqa",
        "old_answer": "B"
    },
    {
        "qa_idx": 2,
        "qa_type": "qa",
        "qa_level": "within_event",
        "qa_task": "action-understanding",
        "question": "During the combat scene from 4963.0 to 5230.0 seconds, does the main character stop to have a conversation with a merchant?",
        "answer": "No",
        "old_answer": "No"
    },
    {
        "qa_idx": 3,
        "qa_type": "qa",
        "qa_level": "within_event",
        "qa_task": "object understanding",
        "question": "Is there a 'Sorceress' character shown in the character selection interface from 4133.0 to 4190.0 seconds?",
        "answer": "Yes",
        "old_answer": "Yes"
    },
    {
        "qa_idx": 5,
        "qa_type": "qa",
        "qa_level": "cross_event",
        "qa_task": "action-understanding",
        "question": "During the live broadcast from BlizzCon between 6414.0 to 6510.0, does the central character in the 'Loch Raeth Highlands' scene take a break to cook food over a campfire?",
        "answer": "No",
        "old_answer": "No"
    },
    {
        "qa_idx": 7,
        "qa_task": "character-understanding",
        "question": "What is the man on the left side of the campfire doing in the video from 6638.0 to 6756.0 seconds?",
        "options": [
            "A. He is standing and holding an illuminated object.",
            "B. He is crouching near the fire.",
            "C. He is sitting on a chest surrounded by scattered skulls and other items.",
            "D. He is casting a spell or holding a light source."
        ],
        "answer": "C",
        "qa_level": "within_event",
        "qa_type": "mcqa",
        "old_answer": "C"
    },
    {
        "qa_idx": 11,
        "qa_task": "temporal-relationship",
        "question": "What happens after the character navigates through the rocky and grassy terrain in the video game?",
        "options": [
            "A. The character engages in combat with monstrous creatures.",
            "B. The character stands on a circular platform surrounded by NPCs.",
            "C. The character collects items like 'Savage Highland Handwraps of Cruelty'.",
            "D. The character speaks with Chieftain Nora Corse in Corbach."
        ],
        "answer": "A",
        "qa_level": "long_term",
        "qa_type": "mcqa",
        "old_answer": "A"
    },
    {
        "qa_idx": 13,
        "qa_task": "speed",
        "question": "Which character or entity is faster in the video game scenes from 321.0 seconds to 6756.0 seconds?",
        "options": [
            "A. The player's character.",
            "B. The monstrous creatures.",
            "C. Both are at the same speed.",
            "D. None of the above."
        ],
        "answer": "A",
        "qa_level": "long_term",
        "qa_type": "mcqa",
        "old_answer": "A"
    },
    {
        "qa_idx": 16,
        "qa_task": "object understanding",
        "question": "What mystical object is the robed figure holding in the dark and eerie forest setting?",
        "options": [
            "A. A sword.",
            "B. A mystical object.",
            "C. A shield.",
            "D. A book."
        ],
        "answer": "B",
        "qa_level": "long_term",
        "qa_type": "mcqa",
        "old_answer": "B"
    },
    {
        "qa_idx": 17,
        "qa_task": "time-order",
        "question": "In which order do the events occur in the video from 179.0 to 6756.0 seconds?",
        "options": [
            "A. The video begins with a live broadcast from BlizzCon, showcasing a dark, atmospheric fantasy setting within a video game. The scene transitions to a video game within crypts, the player engages in an intense interaction in a dimly lit stone chamber packed with debris and barrels. The event concludes with a dramatic, atmospheric scene where a character stands amid a desolate landscape.",
            "B. The video begins with a live broadcast from BlizzCon, showcasing a dark, atmospheric fantasy setting within a video game. The event concludes with a dramatic, atmospheric scene where a character stands amid a desolate landscape. The scene transitions to a video game within crypts, the player engages in an intense interaction in a dimly lit stone chamber packed with debris and barrels.",
            "C. The event concludes with a dramatic, atmospheric scene where a character stands amid a desolate landscape. The video begins with a live broadcast from BlizzCon, showcasing a dark, atmospheric fantasy setting within a video game. The scene transitions to a video game within crypts, the player engages in an intense interaction in a dimly lit stone chamber packed with debris and barrels.",
            "D. The scene transitions to a video game within crypts, the player engages in an intense interaction in a dimly lit stone chamber packed with debris and barrels. The video begins with a live broadcast from BlizzCon, showcasing a dark, atmospheric fantasy setting within a video game. The event concludes with a dramatic, atmospheric scene where a character stands amid a desolate landscape."
        ],
        "answer": "A",
        "qa_level": "long_term",
        "qa_type": "mcqa",
        "old_answer": "A"
    },
    {
        "qa_idx": 18,
        "qa_task": "descriptive-scene",
        "question": "Where does the live broadcast from BlizzCon take place in the video event descriptions from 179.0 to 6756.0 seconds?",
        "options": [
            "A. In a dark and eerie forest setting.",
            "B. In a well-lit setting with two individuals participating in a live event.",
            "C. In a dark, dungeon-like crypt.",
            "D. In a rocky, grassy terrain."
        ],
        "answer": "B",
        "qa_level": "long_term",
        "qa_type": "mcqa",
        "old_answer": "B"
    }
]