[
    {
        "qa_idx": 0,
        "qa_type": "qa",
        "qa_level": "frame",
        "qa_task": "character-understanding",
        "question": "At 173.0 seconds into the video, is the first man squatting with one knee on the ground?",
        "answer": "Yes",
        "old_answer": "Yes"
    },
    {
        "qa_idx": 1,
        "qa_type": "qa",
        "qa_level": "frame",
        "qa_task": "character-understanding",
        "question": "At 1835.0 seconds into the video, was one of the men performing a squat exercise?",
        "answer": "Yes",
        "old_answer": "Yes"
    },
    {
        "qa_idx": 3,
        "qa_task": "spatial-relationship",
        "question": "Where is the man with the bandaged hand positioned in the gym environment at 751.0 seconds into the video?",
        "options": [
            "A. On the right.",
            "B. In the center.",
            "C. On the left.",
            "D. Near the windows."
        ],
        "answer": "C",
        "qa_level": "frame",
        "qa_type": "mcqa",
        "old_answer": "C"
    },
    {
        "qa_idx": 4,
        "qa_type": "qa",
        "qa_level": "within_event",
        "qa_task": "camera-direction",
        "question": "Does the camera follow the men as they move around the gym from 173.0 to 228.0 seconds?",
        "answer": "No",
        "old_answer": "No"
    },
    {
        "qa_idx": 6,
        "qa_type": "qa",
        "qa_level": "cross_event",
        "qa_task": "speed",
        "question": "Did the individuals in the gym setting from 1651.0 to 1721.0 seconds appear to be moving quickly during their interactions?",
        "answer": "No",
        "old_answer": "No"
    },
    {
        "qa_idx": 8,
        "qa_type": "qa",
        "qa_level": "cross_event",
        "qa_task": "character-understanding",
        "question": "Were the two men engaged in conversation or interaction in both events from 1733.0 to 1794.0 and 1834.0 to 1896.0?",
        "answer": "Yes",
        "old_answer": "Yes"
    },
    {
        "qa_idx": 10,
        "qa_task": "speed",
        "question": "Between 15.0 and 65.0 seconds, who is performing an exercise at a faster pace?",
        "options": [
            "A. The man seated on the left with dark athletic clothing.",
            "B. The man standing on the right with colorful athletic wear.",
            "C. The man performing a squatting exercise on green artificial turf.",
            "D. None of the above."
        ],
        "answer": "C",
        "qa_level": "within_event",
        "qa_type": "mcqa",
        "old_answer": "C"
    },
    {
        "qa_idx": 11,
        "qa_type": "qa",
        "qa_level": "long_term",
        "qa_task": "speed",
        "question": "Did the men in the gym perform their exercises at a fast pace between 15.0 and 2119.0 seconds?",
        "answer": "No",
        "old_answer": "No"
    },
    {
        "qa_idx": 12,
        "qa_task": "camera-direction",
        "question": "How does the camera movement in the gym scene (412.0 to 701.0 seconds) enhance the visibility of the workout area?",
        "options": [
            "A. The camera remains static, focusing only on the two men.",
            "B. The camera moves forward to capture the details of the exercise equipment and decorations.",
            "C. The camera pans around the gym to show different areas and equipment.",
            "D. The camera zooms in on the subtitles to emphasize the dialogue."
        ],
        "answer": "B",
        "qa_level": "cross_event",
        "qa_type": "mcqa",
        "old_answer": "B"
    },
    {
        "qa_idx": 13,
        "qa_task": "descriptive-scene",
        "question": "Where do the events from 1413.0 to 1474.0 seconds and H to e seconds take place?",
        "options": [
            "A. In a gym setting.",
            "B. In a park.",
            "C. In an office.",
            "D. In a restaurant."
        ],
        "answer": "A",
        "qa_level": "cross_event",
        "qa_type": "mcqa",
        "old_answer": "A"
    },
    {
        "qa_idx": 14,
        "qa_task": "causal",
        "question": "Why are the two men in the gym setting at 1651.0 seconds to 1721.0 seconds engaged in a conversation?",
        "options": [
            "A. They are discussing their fitness or training routines.",
            "B. They are planning a social event.",
            "C. They are talking about their work projects.",
            "D. They are discussing a recent sports game."
        ],
        "answer": "A",
        "qa_level": "cross_event",
        "qa_type": "mcqa",
        "old_answer": "A"
    },
    {
        "qa_idx": 15,
        "qa_task": "causal",
        "question": "Why are the two men in the gym setting engaged in a conversation near the fitness equipment from 1651.0 to 1721.0 seconds?",
        "options": [
            "A. They are discussing their workout routines and fitness plans.",
            "B. They are planning a social event.",
            "C. They are talking about their work projects.",
            "D. They are discussing a recent sports game."
        ],
        "answer": "A",
        "qa_level": "cross_event",
        "qa_type": "mcqa",
        "old_answer": "A"
    },
    {
        "qa_idx": 17,
        "qa_task": "causal",
        "question": "Why did the man in the green and blue uniform hold a handheld device to take the temperature of the other man wearing a dark jacket and a face mask at the rustic entrance adorned with plants and decorative elements?",
        "options": [
            "A. To check for fever as part of public health protocols.",
            "B. To measure his fitness level.",
            "C. To demonstrate the use of the device.",
            "D. To take a photo."
        ],
        "answer": "A",
        "qa_level": "long_term",
        "qa_type": "mcqa",
        "old_answer": "A"
    },
    {
        "qa_idx": 19,
        "qa_task": "camera-direction",
        "question": "How does the camera movement change from the gym environment to the outdoor interaction between two men from 15.0 to 2119.0 seconds?",
        "options": [
            "A. The camera moves from a close-up of gym equipment to a wide shot of the outdoor setting.",
            "B. The camera zooms in on the gym equipment and then cuts to a static shot of the outdoor interaction.",
            "C. The camera pans from the gym environment to the outdoor setting.",
            "D. The camera remains static in both the gym and outdoor settings."
        ],
        "answer": "A",
        "qa_level": "long_term",
        "qa_type": "mcqa",
        "old_answer": "A"
    },
    {
        "qa_idx": 20,
        "qa_task": "speed",
        "question": "Which individual is performing exercises at a faster pace in the gym environment between 15.0 and 2119.0 seconds?",
        "options": [
            "A. The man in dark athletic clothing with a bandage on his hand.",
            "B. The man in colorful athletic wear with notably muscular arms.",
            "C. Both are performing exercises at the same pace.",
            "D. Neither of them is performing exercises."
        ],
        "answer": "B",
        "qa_level": "long_term",
        "qa_type": "mcqa",
        "old_answer": "B"
    },
    {
        "qa_idx": 21,
        "qa_task": "attribute-change",
        "question": "How does the attire of the man on the right change throughout the video from 15.0 to 2119.0 seconds?",
        "options": [
            "A. He starts in colorful athletic wear and later wears a pink shirt and gray vest.",
            "B. He starts in a dark jacket and later wears a green and blue uniform.",
            "C. He starts in a sleeveless jacket and later wears a black jacket.",
            "D. He starts in a pink shirt and gray vest and later wears a dark jacket."
        ],
        "answer": "A",
        "qa_level": "long_term",
        "qa_type": "mcqa",
        "old_answer": "A"
    },
    {
        "qa_idx": 22,
        "qa_task": "character-understanding",
        "question": "What is the attire of the man on the right during the gym scenes from 15.0 to 2119.0 seconds?",
        "options": [
            "A. Dark athletic clothing with a bandage on his hand.",
            "B. Colorful athletic wear with notably muscular arms.",
            "C. Sleeveless jacket over a pink shirt and gray pants.",
            "D. Green and blue uniform with a handheld device."
        ],
        "answer": "C",
        "qa_level": "long_term",
        "qa_type": "mcqa",
        "old_answer": "C"
    },
    {
        "qa_idx": 24,
        "qa_task": "time-order",
        "question": "In which order do the events occur in the video from 15.0 to 2119.0 seconds?",
        "options": [
            "A. Two men in a gym discussing, then a man performing a squatting exercise, followed by an outdoor interaction with a temperature check, and finally a man gesturing in a Balinese-themed room.",
            "B. A man gesturing in a Balinese-themed room, followed by an outdoor interaction with a temperature check, then two men in a gym discussing, and finally a man performing a squatting exercise.",
            "C. An outdoor interaction with a temperature check, followed by two men in a gym discussing, then a man performing a squatting exercise, and finally a man gesturing in a Balinese-themed room.",
            "D. Two men in a gym discussing, followed by a man gesturing in a Balinese-themed room, then an outdoor interaction with a temperature check, and finally a man performing a squatting exercise."
        ],
        "answer": "A",
        "qa_level": "long_term",
        "qa_type": "mcqa",
        "old_answer": "A"
    }
]