[
    {
        "qa_idx": 0,
        "qa_type": "qa",
        "qa_level": "frame",
        "qa_task": "character-understanding",
        "question": "Were there minimal pedestrians present in the frame at 140.0 seconds?",
        "answer": "Yes",
        "old_answer": "Yes"
    },
    {
        "qa_idx": 1,
        "qa_task": "descriptive-scene",
        "question": "Where is the man walking in the video frame at 2768.0 seconds?",
        "options": [
            "A. Along a railroad track.",
            "B. In a city park.",
            "C. On a beach.",
            "D. In a forest."
        ],
        "answer": "A",
        "qa_level": "frame",
        "qa_type": "mcqa",
        "old_answer": "A"
    },
    {
        "qa_idx": 2,
        "qa_task": "object understanding",
        "question": "What is the woman in the foreground wearing in the scene captured at 7626.0 seconds into the video?",
        "options": [
            "A. A sari.",
            "B. A suit.",
            "C. A dress.",
            "D. A casual outfit."
        ],
        "answer": "A",
        "qa_level": "frame",
        "qa_type": "mcqa",
        "old_answer": "A"
    },
    {
        "qa_idx": 3,
        "qa_type": "qa",
        "qa_level": "within_event",
        "qa_task": "camera-direction",
        "question": "Does the camera remain stationary while capturing the bustling urban intersection from 591.0 to 599.0 seconds?",
        "answer": "No",
        "old_answer": "No"
    },
    {
        "qa_idx": 4,
        "qa_task": "character-understanding",
        "question": "What is the horse doing in the video frame at 6281.0 seconds?",
        "options": [
            "A. The horse is standing still.",
            "B. The horse is in motion across the grass.",
            "C. The horse is drinking water from the lake.",
            "D. The horse is lying down."
        ],
        "answer": "B",
        "qa_level": "frame",
        "qa_type": "mcqa",
        "old_answer": "B"
    },
    {
        "qa_idx": 5,
        "qa_type": "qa",
        "qa_level": "cross_event",
        "qa_task": "camera-direction",
        "question": "From the time of 7846.0 to 8053.0 and 8060.0 to 8121.0, does the camera remain stationary while capturing the indoor event?",
        "answer": "No",
        "old_answer": "No"
    },
    {
        "qa_idx": 6,
        "qa_type": "qa",
        "qa_level": "cross_event",
        "qa_task": "action-understanding",
        "question": "In the event from 7072.0 to 7139.0 seconds, does the scene transition from a formal gathering to a competitive chariot race?",
        "answer": "Yes",
        "old_answer": "Yes"
    },
    {
        "qa_idx": 7,
        "qa_task": "plot-understanding",
        "question": "What is the primary setting of the video event from 1935.0 to 2001.0 seconds?",
        "options": [
            "A. A busy restaurant.",
            "B. A cozy domestic environment.",
            "C. An outdoor picnic.",
            "D. A corporate office."
        ],
        "answer": "B",
        "qa_level": "within_event",
        "qa_type": "mcqa",
        "old_answer": "B"
    },
    {
        "qa_idx": 8,
        "qa_task": "attribute-change",
        "question": "How does the setting change from the beginning to the end of the events between 5377.0 seconds to 5447.0 seconds and H seconds to e seconds?",
        "options": [
            "A. The setting changes from an indoor scene to an outdoor scene.",
            "B. The setting changes from a lush, green environment to a high-altitude, snow-capped mountainous area.",
            "C. The setting remains the same throughout both events.",
            "D. The setting changes from a cityscape to a rural area."
        ],
        "answer": "B",
        "qa_level": "cross_event",
        "qa_type": "mcqa",
        "old_answer": "B"
    },
    {
        "qa_idx": 9,
        "qa_task": "plot-understanding",
        "question": "What is the main theme connecting the events in the two video descriptions from 7140.0 to 7209.0 seconds and H to e seconds?",
        "options": [
            "A. A formal award ceremony followed by a lively outdoor event.",
            "B. A series of individual interviews followed by a sports event.",
            "C. A communal gathering followed by a private meeting.",
            "D. A public protest followed by a formal dinner."
        ],
        "answer": "A",
        "qa_level": "cross_event",
        "qa_type": "mcqa",
        "old_answer": "A"
    },
    {
        "qa_idx": 10,
        "qa_task": "plot-understanding",
        "question": "What is the main theme of the video from 4.0 to 8304.0 seconds?",
        "options": [
            "A. A series of urban and rural scenes depicting daily life and interactions.",
            "B. A continuous sequence of dance performances in various settings.",
            "C. A narrative showcasing a mix of formal events, social gatherings, and dynamic interactions in different environments.",
            "D. A documentary about wildlife and nature."
        ],
        "answer": "C",
        "qa_level": "long_term",
        "qa_type": "mcqa",
        "old_answer": "C"
    },
    {
        "qa_idx": 11,
        "qa_task": "camera-direction",
        "question": "What is the direction of the camera movement from 4.0 seconds to 8304.0 seconds?",
        "options": [
            "A. The camera moves closer to the subjects.",
            "B. The camera moves away from the subjects.",
            "C. The camera remains stationary.",
            "D. The camera pans left and right."
        ],
        "answer": "A",
        "qa_level": "long_term",
        "qa_type": "mcqa",
        "old_answer": "A"
    },
    {
        "qa_idx": 12,
        "qa_task": "speed",
        "question": "Which mode of transportation is depicted as moving faster in the video from 4.0 to 8304.0 seconds?",
        "options": [
            "A. The red convertible car.",
            "B. The bus.",
            "C. The airplane.",
            "D. The horse-drawn chariot."
        ],
        "answer": "C",
        "qa_level": "long_term",
        "qa_type": "mcqa",
        "old_answer": "C"
    },
    {
        "qa_idx": 13,
        "qa_task": "attribute-change",
        "question": "How does the setting change from the beginning to the end of the video event from 4.0 to 8304.0 seconds?",
        "options": [
            "A. From a formal certification and tribute to a dynamic urban and social narrative.",
            "B. From a serene mountain landscape to a bustling urban street.",
            "C. From a tranquil rural railway track to a lively indoor celebration.",
            "D. From a cozy indoor setting to a vibrant outdoor festival."
        ],
        "answer": "A",
        "qa_level": "long_term",
        "qa_type": "mcqa",
        "old_answer": "A"
    },
    {
        "qa_idx": 14,
        "qa_task": "descriptive-scene",
        "question": "Where does the event featuring a man and a woman interacting closely near a red convertible car take place?",
        "options": [
            "A. In a bustling urban street.",
            "B. In a serene rural area.",
            "C. In a quiet suburban neighborhood.",
            "D. In a remote mountainous region."
        ],
        "answer": "A",
        "qa_level": "long_term",
        "qa_type": "mcqa",
        "old_answer": "A"
    }
]