[
    {
        "qa_idx": 0,
        "qa_type": "qa",
        "qa_level": "frame",
        "qa_task": "object understanding",
        "question": "Is the man on the left side of the frame wearing a white shirt with a rainbow-colored graphic design at 689.0 seconds?",
        "answer": "Yes",
        "old_answer": "Yes"
    },
    {
        "qa_idx": 1,
        "qa_task": "object understanding",
        "question": "What type of seating is featured in the room at 618.0 seconds into the video?",
        "options": [
            "A. A black chair and a blue couch.",
            "B. A red chair and a green couch.",
            "C. A white chair and a yellow couch.",
            "D. A brown chair and a purple couch."
        ],
        "answer": "A",
        "qa_level": "frame",
        "qa_type": "mcqa",
        "old_answer": "A"
    },
    {
        "qa_idx": 2,
        "qa_type": "qa",
        "qa_level": "within_event",
        "qa_task": "speed",
        "question": "From 104.0 to 165.0 seconds, are the individuals in the video moving quickly?",
        "answer": "No",
        "old_answer": "No"
    },
    {
        "qa_idx": 3,
        "qa_type": "qa",
        "qa_level": "within_event",
        "qa_task": "object understanding",
        "question": "Is there a potted plant placed atop a side table in the video event from 850.0 to 916.0 seconds?",
        "answer": "Yes",
        "old_answer": "Yes"
    },
    {
        "qa_idx": 4,
        "qa_task": "spatial-relationship",
        "question": "Where is the small houseplant located in the frame at 733.0 seconds?",
        "options": [
            "A. On the floor.",
            "B. On an armrest of the couch.",
            "C. On a table.",
            "D. On a shelf."
        ],
        "answer": "B",
        "qa_level": "frame",
        "qa_type": "mcqa",
        "old_answer": "B"
    },
    {
        "qa_idx": 5,
        "qa_type": "qa",
        "qa_level": "cross_event",
        "qa_task": "object understanding",
        "question": "Is there a blue couch present in both events from 575.0 to 615.0 and 617.0 to 718.0?",
        "answer": "Yes",
        "old_answer": "Yes"
    },
    {
        "qa_idx": 7,
        "qa_type": "qa",
        "qa_level": "cross_event",
        "qa_task": "speed",
        "question": "From the time of 1262.0 to 1329.0 and 1338.0 to 1397.0, did the individuals in the room move quickly between their activities?",
        "answer": "No",
        "old_answer": "No"
    },
    {
        "qa_idx": 8,
        "qa_task": "object-direction",
        "question": "In which direction does the natural light filter into the room in the video event from 1338.0 to 1397.0 seconds?",
        "options": [
            "A. From the left side.",
            "B. From the right side.",
            "C. From the front.",
            "D. From the back."
        ],
        "answer": "A",
        "qa_level": "within_event",
        "qa_type": "mcqa",
        "old_answer": "A"
    },
    {
        "qa_idx": 9,
        "qa_task": "attribute-change",
        "question": "How does the lighting in the room change from the beginning to the end of the event from 1338.0 to 1397.0 seconds?",
        "options": [
            "A. The room becomes darker.",
            "B. The room becomes brighter.",
            "C. The lighting remains consistent with natural light filtering in.",
            "D. The room is illuminated by artificial lights."
        ],
        "answer": "C",
        "qa_level": "within_event",
        "qa_type": "mcqa",
        "old_answer": "C"
    },
    {
        "qa_idx": 10,
        "qa_type": "qa",
        "qa_level": "long_term",
        "qa_task": "plot-understanding",
        "question": "Do the individuals in the video primarily engage in formal activities throughout the scenes from 1.0 to 1889.0 seconds?",
        "answer": "No",
        "old_answer": "No"
    },
    {
        "qa_idx": 11,
        "qa_task": "attribute-change",
        "question": "How does the seating arrangement of the men change from the initial frames to the subsequent frames between 998.0 seconds and 1059.0 seconds?",
        "options": [
            "A. The men move from the couch to the chairs.",
            "B. The men remain in the same positions throughout.",
            "C. Three men move to the blue couch while one man uses a smartphone and another uses a laptop.",
            "D. The men leave the room."
        ],
        "answer": "C",
        "qa_level": "within_event",
        "qa_type": "mcqa",
        "old_answer": "C"
    },
    {
        "qa_idx": 13,
        "qa_task": "causal",
        "question": "Why are the men in the video using electronic devices such as smartphones and laptops from 1.0 to 1889.0 seconds?",
        "options": [
            "A. They are playing games.",
            "B. They are engaging in casual interactions and discussions.",
            "C. They are working on a project.",
            "D. They are watching a movie."
        ],
        "answer": "B",
        "qa_level": "long_term",
        "qa_type": "mcqa",
        "old_answer": "B"
    },
    {
        "qa_idx": 16,
        "qa_task": "camera-direction",
        "question": "How does the camera movement change from 1.0 to 1889.0 seconds in the video?",
        "options": [
            "A. The camera remains static throughout the video.",
            "B. The camera moves closer to the individuals and captures detailed moments.",
            "C. The camera moves away from the individuals, capturing a wider view of the room.",
            "D. The camera continuously pans left and right without zooming in or out."
        ],
        "answer": "B",
        "qa_level": "long_term",
        "qa_type": "mcqa",
        "old_answer": "B"
    },
    {
        "qa_idx": 17,
        "qa_task": "speed",
        "question": "Which individual is faster in engaging with their electronic device in the video event from 1.0 to 1889.0 seconds?",
        "options": [
            "A. The individual on the blue couch.",
            "B. The individual on the black chair.",
            "C. Both individuals engage at the same speed.",
            "D. None of the above."
        ],
        "answer": "A",
        "qa_level": "long_term",
        "qa_type": "mcqa",
        "old_answer": "A"
    },
    {
        "qa_idx": 18,
        "qa_task": "attribute-change",
        "question": "How does the number of individuals in the room change from the beginning to the end of the video event from 1.0 to 1889.0 seconds?",
        "options": [
            "A. It starts with four individuals and remains the same throughout.",
            "B. It starts with two individuals and increases to four.",
            "C. It starts with three individuals and increases to four.",
            "D. It starts with four individuals and decreases to two."
        ],
        "answer": "C",
        "qa_level": "long_term",
        "qa_type": "mcqa",
        "old_answer": "C"
    },
    {
        "qa_idx": 20,
        "qa_task": "object understanding",
        "question": "What kind of plants are present in the room throughout the video from 1.0 to 1889.0 seconds?",
        "options": [
            "A. Cacti and succulents.",
            "B. Potted green plants.",
            "C. Flowering plants.",
            "D. Artificial plants."
        ],
        "answer": "B",
        "qa_level": "long_term",
        "qa_type": "mcqa",
        "old_answer": "B"
    },
    {
        "qa_idx": 21,
        "qa_task": "time-order",
        "question": "In which order do the events occur in the video from 1.0 to 1889.0 seconds?",
        "options": [
            "A. Four individuals are comfortably seated among decorative elements, then the scene includes different configurations of the men sitting or standing while interacting with digital devices, and finally, the scene evolves to showcase split frames contrasting close-ups and group shots of the men.",
            "B. The scene includes different configurations of the men sitting or standing while interacting with digital devices, then four individuals are comfortably seated among decorative elements, and finally, the scene evolves to showcase split frames contrasting close-ups and group shots of the men.",
            "C. The scene evolves to showcase split frames contrasting close-ups and group shots of the men, then four individuals are comfortably seated among decorative elements, and finally, the scene includes different configurations of the men sitting or standing while interacting with digital devices.",
            "D. Four individuals are comfortably seated among decorative elements, then the scene evolves to showcase split frames contrasting close-ups and group shots of the men, and finally, the scene includes different configurations of the men sitting or standing while interacting with digital devices."
        ],
        "answer": "A",
        "qa_level": "long_term",
        "qa_type": "mcqa",
        "old_answer": "A"
    }
]