[
    {
        "qa_idx": 0,
        "qa_task": "character-understanding",
        "question": "What are the primary objects featured in the scene at 1533.0 seconds into the video?",
        "options": [
            "A. Two bathtubs.",
            "B. Two beds.",
            "C. Two chairs.",
            "D. Two tables."
        ],
        "answer": "A",
        "qa_level": "frame",
        "qa_type": "mcqa",
        "old_answer": "A"
    },
    {
        "qa_idx": 1,
        "qa_type": "qa",
        "qa_level": "frame",
        "qa_task": "object understanding",
        "question": "Is there a small pink house in the center of the frame at 827.0 seconds into the video?",
        "answer": "Yes",
        "old_answer": "Yes"
    },
    {
        "qa_idx": 2,
        "qa_type": "qa",
        "qa_level": "within_event",
        "qa_task": "speed",
        "question": "Is there any indication of fast movement in the animated cityscape from 1198.0 to 1260.0 seconds?",
        "answer": "No",
        "old_answer": "No"
    },
    {
        "qa_idx": 3,
        "qa_type": "qa",
        "qa_level": "within_event",
        "qa_task": "plot-understanding",
        "question": "Does the event transition from an indoor to an outdoor scene by the end of the video from 1535.0 to 1604.0 seconds?",
        "answer": "Yes",
        "old_answer": "Yes"
    },
    {
        "qa_idx": 4,
        "qa_type": "qa",
        "qa_level": "cross_event",
        "qa_task": "action-understanding",
        "question": "In the event from 1289.0 to 1359.0, do the animated characters use the striped traffic cones to build a structure?",
        "answer": "No",
        "old_answer": "No"
    },
    {
        "qa_idx": 5,
        "qa_type": "qa",
        "qa_level": "long_term",
        "qa_task": "object understanding",
        "question": "Is there a pink building adorned with foliage in the urban streetscape between 8.0 and 1886.0 seconds?",
        "answer": "Yes",
        "old_answer": "Yes"
    },
    {
        "qa_idx": 7,
        "qa_task": "character-understanding",
        "question": "What is the main action of the animated anthropomorphic object in the indoor scene from 95.0 to 159.0 seconds?",
        "options": [
            "A. Reacting to the chaos with a distressed expression.",
            "B. Cleaning up the debris.",
            "C. Interacting with a small animated rodent.",
            "D. Operating the demolition crane."
        ],
        "answer": "A",
        "qa_level": "cross_event",
        "qa_type": "mcqa",
        "old_answer": "A"
    },
    {
        "qa_idx": 8,
        "qa_task": "scene-understanding",
        "question": "How do the settings of the two video events from 1763.0 to 1828.0 seconds and H to e seconds differ?",
        "options": [
            "A. The first event takes place in various outdoor and indoor environments, while the second event focuses on fine-grained action understanding.",
            "B. The first event is set entirely in an indoor environment, while the second event is set in an outdoor environment.",
            "C. Both events take place in the same industrial environment.",
            "D. The first event is set in a natural environment, while the second event is set in an urban environment."
        ],
        "answer": "A",
        "qa_level": "cross_event",
        "qa_type": "mcqa",
        "old_answer": "A"
    },
    {
        "qa_idx": 9,
        "qa_task": "character-understanding",
        "question": "What activities are the characters engaging in during the scene from 8.0 to 69.0 seconds?",
        "options": [
            "A. Riding a bicycle among playful and colorful elements.",
            "B. Engaging in various activities in a whimsical setting.",
            "C. Interacting in a cluttered indoor environment with expressive faces and animated reactions.",
            "D. All of the above."
        ],
        "answer": "D",
        "qa_level": "cross_event",
        "qa_type": "mcqa",
        "old_answer": "D"
    },
    {
        "qa_idx": 10,
        "qa_task": "temporal-relationship",
        "question": "What happens after the scene transitions to an urban streetscape with multi-story buildings closely positioned together?",
        "options": [
            "A. The scene shifts indoors, revealing a dimly lit room with teal walls and wooden floors.",
            "B. The scene shows a whimsical animated setting with cartoonish elements.",
            "C. The scene transitions to a construction site with a wrecking ball demolishing buildings.",
            "D. The scene features a cozy indoor dining scene with a kitchen table covered in a pink checkered tablecloth."
        ],
        "answer": "A",
        "qa_level": "long_term",
        "qa_type": "mcqa",
        "old_answer": "A"
    },
    {
        "qa_idx": 11,
        "qa_task": "spatial-relationship",
        "question": "What is prominently displayed in the background of the urban streetscape scene?",
        "options": [
            "A. A white picket fence adorned with sunflowers.",
            "B. A unique pink building adorned with foliage.",
            "C. A dimly lit room with teal walls and wooden floors.",
            "D. A whimsical setting with a character riding a bicycle."
        ],
        "answer": "B",
        "qa_level": "long_term",
        "qa_type": "mcqa",
        "old_answer": "B"
    },
    {
        "qa_idx": 13,
        "qa_task": "object-direction",
        "question": "In the video event from 8.0 to 1886.0 seconds, which direction does the wrecking ball move during the demolition scenes?",
        "options": [
            "A. Left to right.",
            "B. Right to left.",
            "C. Up and down.",
            "D. Circular motion."
        ],
        "answer": "A",
        "qa_level": "long_term",
        "qa_type": "mcqa",
        "old_answer": "A"
    },
    {
        "qa_idx": 14,
        "qa_task": "camera-direction",
        "question": "In the video event from 8.0 to 1886.0 seconds, what is the camera movement when the scene transitions from the whimsical animated setting to the urban streetscape?",
        "options": [
            "A. The camera zooms in on the whimsical elements.",
            "B. The camera pans to the right to reveal the urban streetscape.",
            "C. The camera moves closer to the animated characters.",
            "D. The camera tilts upwards to show the multi-story buildings."
        ],
        "answer": "B",
        "qa_level": "long_term",
        "qa_type": "mcqa",
        "old_answer": "B"
    },
    {
        "qa_idx": 15,
        "qa_task": "speed",
        "question": "Which object is moving faster in the video from 8.0 to 1886.0 seconds?",
        "options": [
            "A. The bicycle.",
            "B. The wrecking ball.",
            "C. The animated characters.",
            "D. The construction crane."
        ],
        "answer": "B",
        "qa_level": "long_term",
        "qa_type": "mcqa",
        "old_answer": "B"
    },
    {
        "qa_idx": 16,
        "qa_task": "attribute-change",
        "question": "How does the environment change from the beginning to the end of the video event from 8.0 to 1886.0 seconds?",
        "options": [
            "A. From a whimsical animated setting to a chaotic urban environment.",
            "B. From a serene natural landscape to a bustling cityscape.",
            "C. From a quiet indoor scene to a lively outdoor festival.",
            "D. From a dark, abandoned room to a brightly lit kitchen."
        ],
        "answer": "A",
        "qa_level": "long_term",
        "qa_type": "mcqa",
        "old_answer": "A"
    },
    {
        "qa_idx": 17,
        "qa_task": "object understanding",
        "question": "What objects are prominently featured in the whimsical animated setting at the beginning of the video?",
        "options": [
            "A. A bicycle, sunflowers, and whimsical buildings.",
            "B. A construction crane, wrecking ball, and debris.",
            "C. A teapot, fruits on a plate, and pumpkins.",
            "D. A lemon-themed refreshment cart, pitcher of lemonade, and cups."
        ],
        "answer": "A",
        "qa_level": "long_term",
        "qa_type": "mcqa",
        "old_answer": "A"
    }
]