[
    {
        "qa_idx": 0,
        "qa_type": "qa",
        "qa_level": "frame",
        "qa_task": "object understanding",
        "question": "Is the person on the bed wearing a red garment with black lace details in the frame at 1629.0 seconds?",
        "answer": "Yes",
        "old_answer": "Yes"
    },
    {
        "qa_idx": 1,
        "qa_task": "object understanding",
        "question": "What is the color of the parked car near the curb at 499.0 seconds into the video?",
        "options": [
            "A. Red.",
            "B. Blue.",
            "C. White.",
            "D. Black."
        ],
        "answer": "B",
        "qa_level": "frame",
        "qa_type": "mcqa",
        "old_answer": "B"
    },
    {
        "qa_idx": 2,
        "qa_type": "qa",
        "qa_level": "frame",
        "qa_task": "character-understanding",
        "question": "Is there a woman with long, blonde hair in the foreground at 1148 seconds into the video?",
        "answer": "Yes",
        "old_answer": "Yes"
    },
    {
        "qa_idx": 3,
        "qa_task": "character-understanding",
        "question": "What is the person doing with the fish at 1017.0 seconds into the video?",
        "options": [
            "A. The person is feeding the fish.",
            "B. The person is examining the fish's teeth.",
            "C. The person is releasing the fish into the water.",
            "D. The person is cleaning the fish."
        ],
        "answer": "B",
        "qa_level": "frame",
        "qa_type": "mcqa",
        "old_answer": "B"
    },
    {
        "qa_idx": 5,
        "qa_type": "qa",
        "qa_level": "within_event",
        "qa_task": "speed",
        "question": "From 1970.0 to 2033.0 seconds, did the man in the floral patterned shirt move quickly when engaging with the square and compass emblem?",
        "answer": "No",
        "old_answer": "No"
    },
    {
        "qa_idx": 6,
        "qa_task": "spatial-relationship",
        "question": "What is prominently in the center of the parking lot at the 195.0-second mark?",
        "options": [
            "A. A dark-colored car.",
            "B. A red car.",
            "C. A larger vehicle with mud on its wheel.",
            "D. Trees."
        ],
        "answer": "B",
        "qa_level": "frame",
        "qa_type": "mcqa",
        "old_answer": "B"
    },
    {
        "qa_idx": 7,
        "qa_type": "qa",
        "qa_level": "cross_event",
        "qa_task": "object understanding",
        "question": "In the video event from 670.0 to 731.0, is there a large flat-screen television displayed?",
        "answer": "Yes",
        "old_answer": "Yes"
    },
    {
        "qa_idx": 8,
        "qa_task": "scene-understanding",
        "question": "What is the setting of the video event from 157.0 to 261.0 seconds?",
        "options": [
            "A. A modern architectural setting with a white building and control tower.",
            "B. A rural countryside with open fields.",
            "C. A beachside resort with palm trees.",
            "D. A mountainous region with snow-capped peaks."
        ],
        "answer": "A",
        "qa_level": "within_event",
        "qa_type": "mcqa",
        "old_answer": "A"
    },
    {
        "qa_idx": 9,
        "qa_type": "qa",
        "qa_level": "cross_event",
        "qa_task": "character-understanding",
        "question": "Were there individuals gesturing energetically in both video events from 5.0 to 54.0 and 73.0 to 137.0?",
        "answer": "Yes",
        "old_answer": "Yes"
    },
    {
        "qa_idx": 10,
        "qa_task": "speed",
        "question": "Between 73.0 and 137.0 seconds, which individual is depicted moving away from the camera near a multi-level parking structure?",
        "options": [
            "A. A man in a light-colored floral shirt, red pants, a hat, and a backpack.",
            "B. A woman wearing a red dress under a black cardigan, holding a handbag.",
            "C. A woman with a red and gray backpack.",
            "D. A woman with a dark top and backpack."
        ],
        "answer": "C",
        "qa_level": "within_event",
        "qa_type": "mcqa",
        "old_answer": "C"
    },
    {
        "qa_idx": 13,
        "qa_task": "object-direction",
        "question": "In the video events from 449.0 to 509.0 seconds and H to e seconds, what is the general direction of the transition of scenes?",
        "options": [
            "A. From rural to urban.",
            "B. From urban to rural.",
            "C. From suburban to urban.",
            "D. From institutional to suburban."
        ],
        "answer": "B",
        "qa_level": "cross_event",
        "qa_type": "mcqa",
        "old_answer": "B"
    },
    {
        "qa_idx": 14,
        "qa_task": "descriptive-scene",
        "question": "Where do the events in the video from 1571.0 to 1636.0 seconds and H to e seconds primarily take place?",
        "options": [
            "A. In a wooded area and a park.",
            "B. In a desert and a beach.",
            "C. In a snowy mountain and a forest.",
            "D. In a city and a rural village."
        ],
        "answer": "A",
        "qa_level": "cross_event",
        "qa_type": "mcqa",
        "old_answer": "A"
    },
    {
        "qa_idx": 15,
        "qa_task": "temporal-relationship",
        "question": "What happens after the scene showing a man and a woman standing outdoors in front of the airport with features such as palm trees, greenery, parked cars, and well-maintained surroundings?",
        "options": [
            "A. The scene transitions to a modern architectural setting featuring a white building with geometric elements and an adjacent control tower.",
            "B. The scene shifts to a cultural scene featuring people in colorful traditional attire performing a dance outside a rustic building.",
            "C. The scene shows a man and a woman walking together, exhibiting varying activities like dancing or posing energetically amidst the airport’s lush greenery and distinct architecture.",
            "D. The scene transitions to a close-up of a single coin resting on a human hand."
        ],
        "answer": "D",
        "qa_level": "long_term",
        "qa_type": "mcqa",
        "old_answer": "D"
    },
    {
        "qa_idx": 16,
        "qa_task": "spatial-relationship",
        "question": "What is visible in the background when the man and woman are walking together at the airport?",
        "options": [
            "A. A large central black ink blot.",
            "B. A palm tree, an airplane mid-flight, and streetlights.",
            "C. A vintage car with a Paraguayan license plate.",
            "D. A well-manicured public space with grass and paved walkways."
        ],
        "answer": "B",
        "qa_level": "long_term",
        "qa_type": "mcqa",
        "old_answer": "B"
    },
    {
        "qa_idx": 17,
        "qa_task": "plot-understanding",
        "question": "What is the main focus of the video from 5.0 to 2410.0 seconds?",
        "options": [
            "A. A cultural celebration and urban exploration.",
            "B. A cooking tutorial and restaurant review.",
            "C. A sports event and training session.",
            "D. A wildlife documentary and nature exploration."
        ],
        "answer": "A",
        "qa_level": "long_term",
        "qa_type": "mcqa",
        "old_answer": "A"
    },
    {
        "qa_idx": 18,
        "qa_task": "plot-understanding",
        "question": "What is the main theme of the video from 5.0 to 2410.0 seconds?",
        "options": [
            "A. A cultural and historical exploration of Asunción, Paraguay.",
            "B. A documentary about wildlife in a national park.",
            "C. A tutorial on how to cook traditional Paraguayan dishes.",
            "D. A fictional story set in a futuristic city."
        ],
        "answer": "A",
        "qa_level": "long_term",
        "qa_type": "mcqa",
        "old_answer": "A"
    },
    {
        "qa_idx": 20,
        "qa_task": "character-understanding",
        "question": "What are the individuals wearing while walking together and engaging in various activities at the Silvio Pettirossi International Airport from 5.0 to 137.0 seconds?",
        "options": [
            "A. The man is wearing a light-colored floral shirt, red pants, a hat, and a backpack, while the woman is wearing a red dress under a black cardigan, holding a handbag.",
            "B. The man is wearing a black suit, and the woman is wearing a white dress.",
            "C. The man is wearing a blue shirt and jeans, and the woman is wearing a yellow dress.",
            "D. The man is wearing a green jacket, and the woman is wearing a blue skirt."
        ],
        "answer": "A",
        "qa_level": "long_term",
        "qa_type": "mcqa",
        "old_answer": "A"
    },
    {
        "qa_idx": 22,
        "qa_task": "time-order",
        "question": "In which order do the events occur in the video from 5.0 to 2410.0 seconds?",
        "options": [
            "A. The video begins with an abstract frame featuring a large central black ink blot, transitions to a vibrant and colorful poster, then shifts to an airport environment, and finally shows a man and a woman standing outdoors in front of the airport.",
            "B. The video begins with a vibrant and colorful poster, transitions to an abstract frame featuring a large central black ink blot, then shifts to an airport environment, and finally shows a man and a woman standing outdoors in front of the airport.",
            "C. The video begins with an airport environment, transitions to a vibrant and colorful poster, then shifts to an abstract frame featuring a large central black ink blot, and finally shows a man and a woman standing outdoors in front of the airport.",
            "D. The video begins with a man and a woman standing outdoors in front of the airport, transitions to a vibrant and colorful poster, then shifts to an abstract frame featuring a large central black ink blot, and finally shows an airport environment."
        ],
        "answer": "A",
        "qa_level": "long_term",
        "qa_type": "mcqa",
        "old_answer": "A"
    },
    {
        "qa_idx": 23,
        "qa_task": "descriptive-scene",
        "question": "Where does the cultural dance performance take place in the video from 5.0 to 2410.0 seconds?",
        "options": [
            "A. In a modern architectural setting.",
            "B. In a rustic environment with a building with brick walls and a tiled roof.",
            "C. In a well-appointed office or study.",
            "D. In a bustling urban street environment."
        ],
        "answer": "B",
        "qa_level": "long_term",
        "qa_type": "mcqa",
        "old_answer": "B"
    }
]