[
    {
        "qa_idx": 0,
        "qa_type": "qa",
        "qa_level": "frame",
        "qa_task": "object understanding",
        "question": "Are the individuals in the video frame at 650.0 seconds engaged in pottery painting activities?",
        "answer": "Yes",
        "old_answer": "Yes"
    },
    {
        "qa_idx": 2,
        "qa_type": "qa",
        "qa_level": "frame",
        "qa_task": "object understanding",
        "question": "Is there a stove in the kitchen scene at 1573.0 seconds into the video?",
        "answer": "Yes",
        "old_answer": "Yes"
    },
    {
        "qa_idx": 3,
        "qa_task": "character-understanding",
        "question": "What is the person doing in the kitchen at 1563.0 seconds into the video?",
        "options": [
            "A. Cleaning the countertop.",
            "B. Cooking near the stove.",
            "C. Using the microwave.",
            "D. Drinking water from the dispenser."
        ],
        "answer": "B",
        "qa_level": "frame",
        "qa_type": "mcqa",
        "old_answer": "B"
    },
    {
        "qa_idx": 4,
        "qa_type": "qa",
        "qa_level": "within_event",
        "qa_task": "object understanding",
        "question": "Is there a wooden roof in the scene from 1881.0 to 1910.0 seconds?",
        "answer": "Yes",
        "old_answer": "Yes"
    },
    {
        "qa_idx": 5,
        "qa_task": "spatial-relationship",
        "question": "What is located on the left side of the image at 1122.0 seconds into the video?",
        "options": [
            "A. Red-roofed buildings.",
            "B. A river.",
            "C. Hills partially covered with trees and vegetation.",
            "D. A large park."
        ],
        "answer": "C",
        "qa_level": "frame",
        "qa_type": "mcqa",
        "old_answer": "C"
    },
    {
        "qa_idx": 6,
        "qa_type": "qa",
        "qa_level": "cross_event",
        "qa_task": "action-understanding",
        "question": "In the first event from 262.0 to 335.0, does the scene transition from an outdoor urban setting to an indoor commercial environment?",
        "answer": "Yes",
        "old_answer": "Yes"
    },
    {
        "qa_idx": 7,
        "qa_task": "attribute-change",
        "question": "How does the setting change from the beginning to the end of the event from 1829.0 to 1852.0 seconds?",
        "options": [
            "A. The setting changes from a kitchen to an outdoor garden.",
            "B. The setting changes from a well-furnished kitchen to a casual dining area.",
            "C. The setting changes from a living room to a formal dining room.",
            "D. The setting remains the same throughout the event."
        ],
        "answer": "B",
        "qa_level": "within_event",
        "qa_type": "mcqa",
        "old_answer": "B"
    },
    {
        "qa_idx": 8,
        "qa_task": "temporal-relationship",
        "question": "What happens after the scene featuring a large brown bear within a mountainous backdrop and a person with a bag in a marketplace setting?",
        "options": [
            "A. A serene desert landscape with undulating sand dunes and an archaic structure.",
            "B. A dynamic urban environment with a bridge, cityscape, ferris wheel or paddle wheel, and a boat navigating a waterway.",
            "C. A close-up scene centered around food, where a person is holding a decorative plate with an assortment of foods.",
            "D. A vibrant street scene in an urban setting with a person wearing a colorful scarf."
        ],
        "answer": "B",
        "qa_level": "long_term",
        "qa_type": "mcqa",
        "old_answer": "B"
    },
    {
        "qa_idx": 10,
        "qa_task": "camera-direction",
        "question": "How does the camera movement change from 4.0 to 1966.0 seconds in the video?",
        "options": [
            "A. The camera remains static throughout the video.",
            "B. The camera moves closer to the objects and scenes, providing detailed views.",
            "C. The camera moves away from the objects and scenes, providing wider views.",
            "D. The camera pans left and right, providing a panoramic view."
        ],
        "answer": "B",
        "qa_level": "long_term",
        "qa_type": "mcqa",
        "old_answer": "B"
    },
    {
        "qa_idx": 11,
        "qa_task": "speed",
        "question": "Which mode of transportation is depicted as moving faster in the video from 4.0 to 1966.0 seconds?",
        "options": [
            "A. The boat navigating the waterway in the urban environment.",
            "B. The cattle walking down a narrow paved street.",
            "C. The person riding a horse in a golden field.",
            "D. The individuals walking along a dirt road in a semi-arid landscape."
        ],
        "answer": "A",
        "qa_level": "long_term",
        "qa_type": "mcqa",
        "old_answer": "A"
    },
    {
        "qa_idx": 12,
        "qa_task": "attribute-change",
        "question": "How does the setting change from the beginning to the end of the video segment from 4.0 to 1966.0 seconds?",
        "options": [
            "A. From a simplistic scene with a beige background to a bustling urban street.",
            "B. From a serene desert landscape to a vibrant forest canopy.",
            "C. From a rural landscape with fields and hills to a bustling urban street.",
            "D. From a serene sky with light clouds to a completely black screen."
        ],
        "answer": "D",
        "qa_level": "long_term",
        "qa_type": "mcqa",
        "old_answer": "D"
    },
    {
        "qa_idx": 13,
        "qa_task": "descriptive-scene",
        "question": "What kind of environment is depicted in the video from 4.0 to 1966.0 seconds?",
        "options": [
            "A. A bustling urban street with shops and pedestrians.",
            "B. A serene rural landscape with fields and livestock.",
            "C. A vibrant indoor market with various meat products.",
            "D. A historical and cultural journey through various landscapes and settings."
        ],
        "answer": "D",
        "qa_level": "long_term",
        "qa_type": "mcqa",
        "old_answer": "D"
    }
]