[
    {
        "qa_idx": 0,
        "qa_task": "object understanding",
        "question": "What color is the sedan car that occupies the center-right of the frame at 282.0 seconds into the video?",
        "options": [
            "A. Red.",
            "B. Blue.",
            "C. Silver.",
            "D. Black."
        ],
        "answer": "C",
        "qa_level": "frame",
        "qa_type": "mcqa",
        "old_answer": "C"
    },
    {
        "qa_idx": 1,
        "qa_type": "qa",
        "qa_level": "frame",
        "qa_task": "object understanding",
        "question": "Is the individual in the frame wearing a green shirt with horizontal white and pink stripes at 2295.0 seconds?",
        "answer": "Yes",
        "old_answer": "Yes"
    },
    {
        "qa_idx": 2,
        "qa_task": "object understanding",
        "question": "What is the man wearing in the frame captured at 1607.0 seconds into the video?",
        "options": [
            "A. A red jacket and blue jeans.",
            "B. A green and white striped shirt.",
            "C. A black coat and white pants.",
            "D. A yellow t-shirt and black shorts."
        ],
        "answer": "B",
        "qa_level": "frame",
        "qa_type": "mcqa",
        "old_answer": "B"
    },
    {
        "qa_idx": 3,
        "qa_type": "qa",
        "qa_level": "within_event",
        "qa_task": "action-understanding",
        "question": "During the event from 2416.0 to 2475.0 seconds, does the woman in detailed, ornate clothing perform a dance routine behind the bars?",
        "answer": "No",
        "old_answer": "No"
    },
    {
        "qa_idx": 4,
        "qa_task": "object understanding",
        "question": "What is the woman wearing in the frame captured at 1036.0 seconds into the video?",
        "options": [
            "A. A plain white dress.",
            "B. A colorful outfit.",
            "C. A black suit.",
            "D. A green uniform."
        ],
        "answer": "B",
        "qa_level": "frame",
        "qa_type": "mcqa",
        "old_answer": "B"
    },
    {
        "qa_idx": 5,
        "qa_type": "qa",
        "qa_level": "within_event",
        "qa_task": "object understanding",
        "question": "Is the man shown with crutches in the video event from 1597.0 to 1688.0 seconds?",
        "answer": "Yes",
        "old_answer": "Yes"
    },
    {
        "qa_idx": 6,
        "qa_task": "spatial-relationship",
        "question": "What is visible in the background at 171.0 seconds into the video?",
        "options": [
            "A. A window with curtains.",
            "B. Framed artwork or photographs.",
            "C. A bookshelf with books.",
            "D. A television screen."
        ],
        "answer": "B",
        "qa_level": "frame",
        "qa_type": "mcqa",
        "old_answer": "B"
    },
    {
        "qa_idx": 7,
        "qa_type": "qa",
        "qa_level": "cross_event",
        "qa_task": "action-understanding",
        "question": "In the first event from 1102.0 to 1164.0, does the man in the beige t-shirt and dark pants interact with a woman in a turquoise outfit in an outdoor setting?",
        "answer": "Yes",
        "old_answer": "Yes"
    },
    {
        "qa_idx": 8,
        "qa_task": "character-understanding",
        "question": "What is the man wearing around his neck in the video from 2201.0 to 2263.0 seconds?",
        "options": [
            "A. A necklace.",
            "B. A stethoscope.",
            "C. A tie.",
            "D. A scarf."
        ],
        "answer": "B",
        "qa_level": "within_event",
        "qa_type": "mcqa",
        "old_answer": "B"
    },
    {
        "qa_idx": 9,
        "qa_type": "qa",
        "qa_level": "cross_event",
        "qa_task": "camera-direction",
        "question": "Does the camera capture both indoor and outdoor scenes in the event sequence from 358.0 to 599.0 seconds?",
        "answer": "Yes",
        "old_answer": "Yes"
    },
    {
        "qa_idx": 10,
        "qa_type": "qa",
        "qa_level": "long_term",
        "qa_task": "object understanding",
        "question": "Is there a silver BMW sedan introduced in a nighttime setting between 5.0 and 2707.0 seconds?",
        "answer": "Yes",
        "old_answer": "Yes"
    },
    {
        "qa_idx": 11,
        "qa_task": "temporal-relationship",
        "question": "What was the child holding at the beginning of the scene from 1513.0 to 1575.0 seconds?",
        "options": [
            "A. A blue toy.",
            "B. A vibrant green toy.",
            "C. A red toy.",
            "D. A yellow toy."
        ],
        "answer": "B",
        "qa_level": "within_event",
        "qa_type": "mcqa",
        "old_answer": "B"
    },
    {
        "qa_idx": 12,
        "qa_task": "object understanding",
        "question": "What is the appearance and function of the object the child is holding in the scene from 1513.0 to 1575.0 seconds?",
        "options": [
            "A. A vibrant green toy, likely used for play and entertainment.",
            "B. A small blue book, likely used for reading.",
            "C. A red ball, likely used for sports activities.",
            "D. A yellow flower, likely used for decoration."
        ],
        "answer": "A",
        "qa_level": "cross_event",
        "qa_type": "mcqa",
        "old_answer": "A"
    },
    {
        "qa_idx": 14,
        "qa_task": "camera-direction",
        "question": "How does the camera movement change from the indoor scenes to the vehicle scenes between 5.0 seconds and 2707.0 seconds?",
        "options": [
            "A. The camera moves from a static position to a dynamic, moving position.",
            "B. The camera remains static throughout.",
            "C. The camera moves from a dynamic, moving position to a static position.",
            "D. The camera zooms in and out continuously."
        ],
        "answer": "A",
        "qa_level": "long_term",
        "qa_type": "mcqa",
        "old_answer": "A"
    }
]