[
    {
        "qa_idx": 0,
        "qa_task": "descriptive-scene",
        "question": "Where are the man and woman standing in the video frame at 1909.0 seconds?",
        "options": [
            "A. On a beach.",
            "B. On a boat.",
            "C. On a dock.",
            "D. On a bridge."
        ],
        "answer": "B",
        "qa_level": "frame",
        "qa_type": "mcqa",
        "old_answer": "B"
    },
    {
        "qa_idx": 1,
        "qa_type": "qa",
        "qa_level": "frame",
        "qa_task": "character-understanding",
        "question": "Is the man in the video frame at 1021.0 seconds wearing a casual grey t-shirt?",
        "answer": "Yes",
        "old_answer": "Yes"
    },
    {
        "qa_idx": 2,
        "qa_task": "descriptive-scene",
        "question": "Where is the man in the video frame at 2564.0 seconds?",
        "options": [
            "A. In a dimly lit indoor setting.",
            "B. In a brightly lit outdoor setting.",
            "C. In a crowded marketplace.",
            "D. In a dark alley."
        ],
        "answer": "A",
        "qa_level": "frame",
        "qa_type": "mcqa",
        "old_answer": "A"
    },
    {
        "qa_idx": 4,
        "qa_task": "spatial-relationship",
        "question": "Where is the woman positioned in relation to the man at 3025.0 seconds into the video?",
        "options": [
            "A. To the left of the man.",
            "B. To the right of the man.",
            "C. Behind the man.",
            "D. In front of the man."
        ],
        "answer": "B",
        "qa_level": "frame",
        "qa_type": "mcqa",
        "old_answer": "B"
    },
    {
        "qa_idx": 5,
        "qa_type": "qa",
        "qa_level": "within_event",
        "qa_task": "action-understanding",
        "question": "Does the video event include a scene where a man and woman are seated together in an airport terminal from 3947.0 seconds to 4017.0 seconds?",
        "answer": "Yes",
        "old_answer": "Yes"
    },
    {
        "qa_idx": 6,
        "qa_task": "object understanding",
        "question": "What items are visible on the wooden shelf behind the man and woman at 2656.0 seconds into the video?",
        "options": [
            "A. Books and magazines.",
            "B. Globes and a photo frame.",
            "C. Toys and games.",
            "D. Kitchen utensils."
        ],
        "answer": "B",
        "qa_level": "frame",
        "qa_type": "mcqa",
        "old_answer": "B"
    },
    {
        "qa_idx": 7,
        "qa_type": "qa",
        "qa_level": "cross_event",
        "qa_task": "character-understanding",
        "question": "In the event from 1028.0 to 1088.0, did a man and a woman appear together in an indoor setting?",
        "answer": "Yes",
        "old_answer": "Yes"
    },
    {
        "qa_idx": 8,
        "qa_task": "speed",
        "question": "From 608.0 to 609.0 seconds, which of the following best describes the movement of the vehicles in the scene?",
        "options": [
            "A. The white car is moving faster than the darker-colored vehicles.",
            "B. The darker-colored vehicles are moving faster than the white car.",
            "C. All vehicles are stationary.",
            "D. The white car is moving at the same speed as the darker-colored vehicles."
        ],
        "answer": "C",
        "qa_level": "within_event",
        "qa_type": "mcqa",
        "old_answer": "C"
    },
    {
        "qa_idx": 9,
        "qa_type": "qa",
        "qa_level": "long_term",
        "qa_task": "action-understanding",
        "question": "Did the woman with a flower in her hair and the man in a white t-shirt embrace each other in multiple outdoor settings throughout the video from 1.0 to 4318.0 seconds?",
        "answer": "Yes",
        "old_answer": "Yes"
    },
    {
        "qa_idx": 11,
        "qa_task": "descriptive-scene",
        "question": "Where do the events in the video primarily take place between 3489.0 seconds to 3564.0 seconds?",
        "options": [
            "A. A busy airport or transportation hub.",
            "B. A quiet library.",
            "C. A residential neighborhood.",
            "D. A corporate office."
        ],
        "answer": "A",
        "qa_level": "cross_event",
        "qa_type": "mcqa",
        "old_answer": "A"
    },
    {
        "qa_idx": 12,
        "qa_task": "temporal-relationship",
        "question": "What were the individuals doing before they were seen in a cozy domestic setting with wooden furniture and natural light?",
        "options": [
            "A. They were standing close together in an outdoor setting with a thatched roof and large wooden windows.",
            "B. They were organizing household items in a storage unit.",
            "C. They were interacting with a laptop in a cozy room.",
            "D. They were driving a car with modern black leather seats."
        ],
        "answer": "A",
        "qa_level": "long_term",
        "qa_type": "mcqa",
        "old_answer": "A"
    },
    {
        "qa_idx": 13,
        "qa_task": "spatial-relationship",
        "question": "Where are the individuals standing closely together with their arms around each other in the video from 1.0 to 4318.0 seconds?",
        "options": [
            "A. In front of a thatched-roof structure on a wooden deck.",
            "B. Inside a cozy living room with wooden furniture.",
            "C. Near a red helicopter on a sandy beach.",
            "D. In a cluttered indoor storage unit."
        ],
        "answer": "A",
        "qa_level": "long_term",
        "qa_type": "mcqa",
        "old_answer": "A"
    },
    {
        "qa_idx": 14,
        "qa_task": "causal",
        "question": "Why did the woman cover her face with her hands near the pool area?",
        "options": [
            "A. She was surprised.",
            "B. She was shielding her eyes from the sun.",
            "C. She was playing a game.",
            "D. She was taking a nap."
        ],
        "answer": "A",
        "qa_level": "long_term",
        "qa_type": "mcqa",
        "old_answer": "A"
    },
    {
        "qa_idx": 15,
        "qa_task": "descriptive-scene",
        "question": "Where do the man and woman embrace near a red helicopter marked 'VH-VRK'?",
        "options": [
            "A. At a sandy beach with an ocean backdrop.",
            "B. At an airport terminal.",
            "C. Inside a car with modern black leather seats.",
            "D. In a cozy and festive indoor setting with holiday decorations."
        ],
        "answer": "A",
        "qa_level": "long_term",
        "qa_type": "mcqa",
        "old_answer": "A"
    },
    {
        "qa_idx": 17,
        "qa_task": "camera-direction",
        "question": "How does the camera movement change from the beginning to the end of the video sequence from 1.0 to 4318.0 seconds?",
        "options": [
            "A. The camera moves from indoor to outdoor settings.",
            "B. The camera moves from outdoor to indoor settings.",
            "C. The camera remains static throughout the video.",
            "D. The camera moves from a close-up to a wide shot."
        ],
        "answer": "B",
        "qa_level": "long_term",
        "qa_type": "mcqa",
        "old_answer": "B"
    },
    {
        "qa_idx": 18,
        "qa_task": "speed",
        "question": "Which mode of transportation was faster in the video from 1.0 to 4318.0 seconds?",
        "options": [
            "A. The car.",
            "B. The helicopter.",
            "C. The airplane.",
            "D. The boat."
        ],
        "answer": "C",
        "qa_level": "long_term",
        "qa_type": "mcqa",
        "old_answer": "C"
    },
    {
        "qa_idx": 19,
        "qa_task": "attribute-change",
        "question": "How does the environment change from the beginning to the end of the video from 1.0 to 4318.0 seconds?",
        "options": [
            "A. From a cozy indoor setting to a tropical outdoor setting.",
            "B. From a tropical outdoor setting to a cozy indoor setting.",
            "C. From a beachside setting to a mountainous landscape.",
            "D. From a rural setting to an urban environment."
        ],
        "answer": "B",
        "qa_level": "long_term",
        "qa_type": "mcqa",
        "old_answer": "B"
    },
    {
        "qa_idx": 20,
        "qa_task": "character-understanding",
        "question": "What is the woman wearing in the scene where she is standing near the pool area in front of a vacation villa or resort?",
        "options": [
            "A. A patterned dress with a flower tucked behind her ear.",
            "B. A white shirt with sunglasses.",
            "C. A gray sweater and black top.",
            "D. A dark-colored vest over a maroon shirt."
        ],
        "answer": "A",
        "qa_level": "long_term",
        "qa_type": "mcqa",
        "old_answer": "A"
    },
    {
        "qa_idx": 21,
        "qa_task": "object understanding",
        "question": "What objects are featured on the wooden table in the cozy domestic setting?",
        "options": [
            "A. An orange external hard drive, a MacBook, and various miscellaneous items.",
            "B. A ceramic mug, a coffee cup with a message, and several objects inside a cozy room.",
            "C. A passport, a YouTube channel page, and individuals in personal settings.",
            "D. A laptop displaying a grid of smaller video preview windows, a white cable, and indistinct papers."
        ],
        "answer": "A",
        "qa_level": "long_term",
        "qa_type": "mcqa",
        "old_answer": "A"
    }
]