[
    {
        "qa_idx": 0,
        "qa_task": "object understanding",
        "question": "What is the man stepping into at 5272.0 seconds into the video?",
        "options": [
            "A. A swimming pool.",
            "B. A jacuzzi.",
            "C. A bathtub.",
            "D. A pond."
        ],
        "answer": "B",
        "qa_level": "frame",
        "qa_type": "mcqa",
        "old_answer": "B"
    },
    {
        "qa_idx": 1,
        "qa_type": "qa",
        "qa_level": "within_event",
        "qa_task": "object understanding",
        "question": "Are there any mugs present in the makeshift tent or shelter in the video event from 2113.0 to 2163.0 seconds?",
        "answer": "Yes",
        "old_answer": "Yes"
    },
    {
        "qa_idx": 2,
        "qa_type": "qa",
        "qa_level": "within_event",
        "qa_task": "speed",
        "question": "From 1793.0 to 1859.0 seconds, does the bear wade through the water quickly?",
        "answer": "No",
        "old_answer": "No"
    },
    {
        "qa_idx": 3,
        "qa_task": "character-understanding",
        "question": "What is prominently featured in the frame captured at 11.0 seconds into the video?",
        "options": [
            "A. A large bridge made of steel beams.",
            "B. A large tree in a forest.",
            "C. A group of people dancing.",
            "D. A mountain range."
        ],
        "answer": "A",
        "qa_level": "frame",
        "qa_type": "mcqa",
        "old_answer": "A"
    },
    {
        "qa_idx": 4,
        "qa_type": "qa",
        "qa_level": "cross_event",
        "qa_task": "camera-direction",
        "question": "In the event from 7450.0 to 7511.0, does the camera follow the individuals as they walk away from the camera near the temporary shelter or shack?",
        "answer": "Yes",
        "old_answer": "Yes"
    },
    {
        "qa_idx": 5,
        "qa_type": "qa",
        "qa_level": "cross_event",
        "qa_task": "plot-understanding",
        "question": "Do both video events from 3850.0 to 3933.0 and 3939.0 to 3995.0 involve collaborative outdoor activities in a forested environment?",
        "answer": "Yes",
        "old_answer": "Yes"
    },
    {
        "qa_idx": 6,
        "qa_type": "qa",
        "qa_level": "long_term",
        "qa_task": "camera-direction",
        "question": "Does the camera capture an aerial view of the coastal area and the surrounding environment at 484.0 seconds and 4264.0 seconds?",
        "answer": "Yes",
        "old_answer": "Yes"
    },
    {
        "qa_idx": 8,
        "qa_task": "counting",
        "question": "How many individuals are depicted in the scene near the river from the time of 4448.0 seconds to 4508.0 seconds?",
        "options": [
            "A. Two individuals.",
            "B. Four individuals.",
            "C. Six individuals.",
            "D. Multiple individuals."
        ],
        "answer": "D",
        "qa_level": "cross_event",
        "qa_type": "mcqa",
        "old_answer": "D"
    },
    {
        "qa_idx": 9,
        "qa_task": "spatial-relationship",
        "question": "What is the spatial relationship between the individuals and their environment in the first video event from 3050.0 to 3112.0 seconds?",
        "options": [
            "A. The individuals are seated on an open-top vehicle moving through a dense forest on a dirt path.",
            "B. The individuals are walking through a dense forest on a dirt path.",
            "C. The individuals are seated in a closed vehicle moving through a city.",
            "D. The individuals are standing still in an open field."
        ],
        "answer": "A",
        "qa_level": "cross_event",
        "qa_type": "mcqa",
        "old_answer": "A"
    },
    {
        "qa_idx": 10,
        "qa_task": "object understanding",
        "question": "What is the appearance and function of the personal flotation device worn by the person in the video event from 2422.0 to 2508.0 seconds?",
        "options": [
            "A. It is a bright orange device used to ensure safety during water-based activities.",
            "B. It is a dark green device used for camouflage in the forest.",
            "C. It is a blue device used for swimming in a pool.",
            "D. It is a red device used for hiking in the mountains."
        ],
        "answer": "A",
        "qa_level": "cross_event",
        "qa_type": "mcqa",
        "old_answer": "A"
    },
    {
        "qa_idx": 11,
        "qa_task": "time-order",
        "question": "What is the correct sequence of events from the two video descriptions from the time of 6718.0 to 6817.0 seconds and H to e seconds?",
        "options": [
            "A. Tranquil coastal landscape, fishing activity, industrial setting, sightseeing tour, diving activity.",
            "B. Industrial setting, tranquil coastal landscape, fishing activity, sightseeing tour, diving activity.",
            "C. Sightseeing tour, tranquil coastal landscape, fishing activity, industrial setting, diving activity.",
            "D. Fishing activity, tranquil coastal landscape, industrial setting, sightseeing tour, diving activity."
        ],
        "answer": "A",
        "qa_level": "cross_event",
        "qa_type": "mcqa",
        "old_answer": "A"
    },
    {
        "qa_idx": 12,
        "qa_task": "temporal-relationship",
        "question": "What happens after the scene with the polar bear walking on a multi-colored path and a person with binoculars?",
        "options": [
            "A. A bustling urban scene with a large bridge and tall skyscrapers.",
            "B. A serene coastal landscape with dense green foliage and clear blue water.",
            "C. A military tank navigating through a shallow water body amidst greenery.",
            "D. A person standing in a surreal landscape with a blurred tree and mountains in the background."
        ],
        "answer": "A",
        "qa_level": "long_term",
        "qa_type": "mcqa",
        "old_answer": "A"
    },
    {
        "qa_idx": 13,
        "qa_task": "spatial-relationship",
        "question": "Where is the large clock or compass face located in the urban scene with the bridge and skyscrapers?",
        "options": [
            "A. On the left edge of the frame.",
            "B. On the right edge of the frame.",
            "C. In the center of the frame.",
            "D. At the top of the frame."
        ],
        "answer": "B",
        "qa_level": "long_term",
        "qa_type": "mcqa",
        "old_answer": "B"
    },
    {
        "qa_idx": 15,
        "qa_task": "camera-direction",
        "question": "What does the camera do as the scene transitions from the person standing in a surreal landscape to the picturesque waterfront scene with a cluster of houses near snow-capped mountains?",
        "options": [
            "A. The camera zooms in on the person.",
            "B. The camera pans to the right.",
            "C. The camera moves closer to the waterfront scene.",
            "D. The camera zooms out to capture the entire landscape."
        ],
        "answer": "C",
        "qa_level": "long_term",
        "qa_type": "mcqa",
        "old_answer": "C"
    },
    {
        "qa_idx": 16,
        "qa_task": "speed",
        "question": "Which vehicle moved faster in the video, the military tank or the tracked military vehicle?",
        "options": [
            "A. The military tank.",
            "B. The tracked military vehicle.",
            "C. Both moved at the same speed.",
            "D. None of the above."
        ],
        "answer": "B",
        "qa_level": "long_term",
        "qa_type": "mcqa",
        "old_answer": "B"
    },
    {
        "qa_idx": 17,
        "qa_task": "attribute-change",
        "question": "How does the environment change from the beginning to the end of the video from 5.0 to 8176.0 seconds?",
        "options": [
            "A. From a predominantly beige, textured background to a completely black screen.",
            "B. From a bustling urban scene to a serene coastal landscape.",
            "C. From a lush green forest to a snowy mountainous terrain.",
            "D. From a sunny beach to a foggy mountain."
        ],
        "answer": "A",
        "qa_level": "long_term",
        "qa_type": "mcqa",
        "old_answer": "A"
    },
    {
        "qa_idx": 20,
        "qa_task": "time-order",
        "question": "In which order do the events occur in the video from 5.0 to 8176.0 seconds?",
        "options": [
            "A. A person standing in a surreal landscape with a blurred tree on the left and mountains in the background reflected in a calm body of water. -> A picturesque waterfront scene with a cluster of houses near snow-capped mountains under a cloudy sky. -> A polar bear walking on a multi-colored path. -> An urban scene with a large bridge extending over a body of water and tall skyscrapers in the background.",
            "B. A picturesque waterfront scene with a cluster of houses near snow-capped mountains under a cloudy sky. -> A person standing in a surreal landscape with a blurred tree on the left and mountains in the background reflected in a calm body of water. -> An urban scene with a large bridge extending over a body of water and tall skyscrapers in the background. -> A polar bear walking on a multi-colored path.",
            "C. A polar bear walking on a multi-colored path. -> A picturesque waterfront scene with a cluster of houses near snow-capped mountains under a cloudy sky. -> An urban scene with a large bridge extending over a body of water and tall skyscrapers in the background. -> A person standing in a surreal landscape with a blurred tree on the left and mountains in the background reflected in a calm body of water.",
            "D. An urban scene with a large bridge extending over a body of water and tall skyscrapers in the background. -> A polar bear walking on a multi-colored path. -> A picturesque waterfront scene with a cluster of houses near snow-capped mountains under a cloudy sky. -> A person standing in a surreal landscape with a blurred tree on the left and mountains in the background reflected in a calm body of water."
        ],
        "answer": "A",
        "qa_level": "long_term",
        "qa_type": "mcqa",
        "old_answer": "A"
    }
]