[
    {
        "qa_idx": 0,
        "qa_type": "qa",
        "qa_level": "frame",
        "qa_task": "object understanding",
        "question": "Is the person in the frame holding a star-shaped weapon at 260.0 seconds into the video?",
        "answer": "Yes",
        "old_answer": "Yes"
    },
    {
        "qa_idx": 1,
        "qa_task": "character-understanding",
        "question": "What is the subtitle of the title screen displayed at 3065.0 seconds into the video?",
        "options": [
            "A. POWER RANGERS.",
            "B. BEAST MORPHERS.",
            "C. LIGHTNING BOLT.",
            "D. TECHNOLOGICAL THEMES."
        ],
        "answer": "B",
        "qa_level": "frame",
        "qa_type": "mcqa",
        "old_answer": "B"
    },
    {
        "qa_idx": 2,
        "qa_task": "character-understanding",
        "question": "What is the man in the video frame at 3078.0 seconds wearing?",
        "options": [
            "A. Casual clothes.",
            "B. A formal suit.",
            "C. Sportswear.",
            "D. A costume."
        ],
        "answer": "B",
        "qa_level": "frame",
        "qa_type": "mcqa",
        "old_answer": "B"
    },
    {
        "qa_idx": 3,
        "qa_task": "object understanding",
        "question": "What is the individual in the foreground holding in their hand at 3162.0 seconds into the video?",
        "options": [
            "A. A small green-lit device.",
            "B. A large red book.",
            "C. A blue glowing orb.",
            "D. A silver sword."
        ],
        "answer": "A",
        "qa_level": "frame",
        "qa_type": "mcqa",
        "old_answer": "A"
    },
    {
        "qa_idx": 4,
        "qa_task": "attribute-change",
        "question": "How does the background change from the beginning to the end of the video event from 211.0 to 272.0 seconds?",
        "options": [
            "A. From a dynamic stage performance to an outdoor setting with a clear blue sky.",
            "B. From a dynamic stage performance to a dark, cloudy sky with a robot-like toy.",
            "C. From a dynamic stage performance to an indoor setting with a dramatic sky filled with red clouds.",
            "D. All of the above."
        ],
        "answer": "D",
        "qa_level": "within_event",
        "qa_type": "mcqa",
        "old_answer": "D"
    },
    {
        "qa_idx": 5,
        "qa_type": "qa",
        "qa_level": "cross_event",
        "qa_task": "action-understanding",
        "question": "In the first event from 273.0 to 333.0, do the five individuals on color-coded elevated platforms appear before the large colorful toy figure in a warrior costume?",
        "answer": "Yes",
        "old_answer": "Yes"
    },
    {
        "qa_idx": 6,
        "qa_task": "camera-direction",
        "question": "In the video event from 1404.0 to 1416.0 seconds, does the camera move closer to the individuals in colorful costumes or does it stay at a distance?",
        "options": [
            "A. The camera moves closer to the individuals.",
            "B. The camera stays at a distance.",
            "C. The camera moves away from the individuals.",
            "D. The camera circles around the individuals."
        ],
        "answer": "A",
        "qa_level": "within_event",
        "qa_type": "mcqa",
        "old_answer": "A"
    },
    {
        "qa_idx": 7,
        "qa_type": "qa",
        "qa_level": "long_term",
        "qa_task": "plot-understanding",
        "question": "Does the video depict a consistent theme of action and dynamic interactions across various settings from 11.0 seconds to 3590.0 seconds?",
        "answer": "Yes",
        "old_answer": "Yes"
    },
    {
        "qa_idx": 8,
        "qa_task": "spatial-relationship",
        "question": "Where are the individuals engaging in playful activities dressed in white shirts and jeans?",
        "options": [
            "A. In an indoor environment.",
            "B. In an outdoor park setting.",
            "C. In a high-tech environment.",
            "D. In a modern urban setting."
        ],
        "answer": "B",
        "qa_level": "long_term",
        "qa_type": "mcqa",
        "old_answer": "B"
    },
    {
        "qa_idx": 10,
        "qa_task": "camera-direction",
        "question": "How does the camera movement change from the indoor environment to the outdoor park setting between 10.0 and 3671.0 seconds?",
        "options": [
            "A. The camera zooms in on the indoor environment and then zooms out to show the outdoor park setting.",
            "B. The camera remains static in the indoor environment and then pans to the outdoor park setting.",
            "C. The camera transitions smoothly from the indoor environment to the outdoor park setting.",
            "D. The camera moves erratically from the indoor environment to the outdoor park setting."
        ],
        "answer": "C",
        "qa_level": "long_term",
        "qa_type": "mcqa",
        "old_answer": "C"
    },
    {
        "qa_idx": 11,
        "qa_task": "speed",
        "question": "Which is faster, the person in the red robotic costume or the person in the dark green attire, as seen in the video from 11.0 seconds to 3671.0 seconds?",
        "options": [
            "A. The person in the red robotic costume.",
            "B. The person in the dark green attire.",
            "C. Both are at the same speed.",
            "D. None of the above."
        ],
        "answer": "A",
        "qa_level": "long_term",
        "qa_type": "mcqa",
        "old_answer": "A"
    },
    {
        "qa_idx": 12,
        "qa_task": "attribute-change",
        "question": "How does the background change from the beginning to the end of the video event from 10.0 to 3671.0 seconds?",
        "options": [
            "A. From an indoor environment to an outdoor park setting.",
            "B. From a rural area to a futuristic city.",
            "C. From a beach to a mountain.",
            "D. From a desert to a forest."
        ],
        "answer": "A",
        "qa_level": "long_term",
        "qa_type": "mcqa",
        "old_answer": "A"
    },
    {
        "qa_idx": 13,
        "qa_task": "character-understanding",
        "question": "What are the individuals wearing while engaging in playful activities in the park from 11.0 seconds to 3671.0 seconds?",
        "options": [
            "A. White shirts and jeans.",
            "B. Red shirts and black pants.",
            "C. Blue shirts and khaki pants.",
            "D. Green shirts and shorts."
        ],
        "answer": "A",
        "qa_level": "long_term",
        "qa_type": "mcqa",
        "old_answer": "A"
    },
    {
        "qa_idx": 14,
        "qa_task": "object understanding",
        "question": "What kind of accessory is highlighted with vibrant, spark-like effects during casual interactions in the park?",
        "options": [
            "A. A wristwatch.",
            "B. A fashion accessory.",
            "C. A sun hat.",
            "D. A pair of sunglasses."
        ],
        "answer": "B",
        "qa_level": "long_term",
        "qa_type": "mcqa",
        "old_answer": "B"
    },
    {
        "qa_idx": 15,
        "qa_task": "time-order",
        "question": "In which order do the events occur in the video from 10.0 to 3671.0 seconds?",
        "options": [
            "A. The video begins with a person gesturing indoors, transitions to an outdoor park setting with people in white shirts and jeans, and then shows individuals interacting with wearable devices.",
            "B. The video starts with a person interacting with a futuristic display indoors, transitions to a high-tech environment with a person in a red robotic costume, and then shows a man in a white sun hat looking at a watch in an urban park.",
            "C. The video begins with a dynamic scene in an outdoor park with a glowing figure, transitions to individuals in armor engaging in combat, and then shows a person in red and gold armor amidst lush greenery.",
            "D. The video starts with a person navigating an industrial environment, transitions to a modern urban setting with individuals in elaborate costumes, and then shows a group of five individuals equipped with swords in stances ready for combat."
        ],
        "answer": "A",
        "qa_level": "long_term",
        "qa_type": "mcqa",
        "old_answer": "A"
    }
]