[
    {
        "qa_idx": 0,
        "qa_type": "qa",
        "qa_level": "frame",
        "qa_task": "object understanding",
        "question": "Is there a dinosaur figure on the bunk bed in the video frame at 1373.0 seconds?",
        "answer": "Yes",
        "old_answer": "Yes"
    },
    {
        "qa_idx": 1,
        "qa_task": "descriptive-scene",
        "question": "What is the main feature of the room at 259.0 seconds into the video?",
        "options": [
            "A. A green table with a large bowl.",
            "B. A large television.",
            "C. A bookshelf filled with books.",
            "D. A piano."
        ],
        "answer": "A",
        "qa_level": "frame",
        "qa_type": "mcqa",
        "old_answer": "A"
    },
    {
        "qa_idx": 2,
        "qa_type": "qa",
        "qa_level": "within_event",
        "qa_task": "action-understanding",
        "question": "Between 212.0 and 272.0 seconds, does the large pink character wearing round glasses and a teal outfit start painting a mural on the light purple background?",
        "answer": "No",
        "old_answer": "No"
    },
    {
        "qa_idx": 3,
        "qa_task": "object understanding",
        "question": "What kind of bedding is on the bed in the children's room at 263.0 seconds into the video?",
        "options": [
            "A. Blue bedding with star designs.",
            "B. Green bedding with animal designs.",
            "C. Red bedding with car designs.",
            "D. Yellow bedding with flower designs."
        ],
        "answer": "B",
        "qa_level": "frame",
        "qa_type": "mcqa",
        "old_answer": "B"
    },
    {
        "qa_idx": 4,
        "qa_task": "descriptive-scene",
        "question": "Where does the video event from 996.0 to 1053.0 seconds take place?",
        "options": [
            "A. In a sunlit, grassy outdoor setting.",
            "B. In a dark, indoor room.",
            "C. In a snowy mountain landscape.",
            "D. In a bustling city street."
        ],
        "answer": "A",
        "qa_level": "within_event",
        "qa_type": "mcqa",
        "old_answer": "A"
    },
    {
        "qa_idx": 5,
        "qa_type": "qa",
        "qa_level": "cross_event",
        "qa_task": "speed",
        "question": "From the time of 1471.0 to 1537.0, do the characters in the outdoor environment move at a fast pace?",
        "answer": "No",
        "old_answer": "No"
    },
    {
        "qa_idx": 6,
        "qa_task": "object understanding",
        "question": "What is the pig wearing who is holding a toy shovel in the video from 996.0 to 1053.0 seconds?",
        "options": [
            "A. A pink dress and wide-brimmed hat with a purple feather.",
            "B. Formal attire.",
            "C. A red dress.",
            "D. A blue shirt and green pants."
        ],
        "answer": "B",
        "qa_level": "within_event",
        "qa_type": "mcqa",
        "old_answer": "B"
    },
    {
        "qa_idx": 9,
        "qa_task": "time-order",
        "question": "What is the correct sequence of events in the children's room from 1797.0 to 1864.0 seconds?",
        "options": [
            "A. The scene starts with bedtime activities, transitions to abstract visuals, and returns to bedtime routines.",
            "B. The scene starts with abstract visuals, transitions to bedtime activities, and ends with bedtime routines.",
            "C. The scene starts with bedtime routines, transitions to bedtime activities, and ends with abstract visuals.",
            "D. The scene starts with bedtime activities, transitions to bedtime routines, and ends with abstract visuals."
        ],
        "answer": "A",
        "qa_level": "cross_event",
        "qa_type": "mcqa",
        "old_answer": "A"
    },
    {
        "qa_idx": 10,
        "qa_task": "spatial-relationship",
        "question": "Where is the bookshelf located in the indoor scenes featuring the animated pig characters?",
        "options": [
            "A. On the far-right side of the room.",
            "B. Next to the window.",
            "C. In the middle of the room.",
            "D. Near the door."
        ],
        "answer": "A",
        "qa_level": "long_term",
        "qa_type": "mcqa",
        "old_answer": "A"
    },
    {
        "qa_idx": 11,
        "qa_task": "causal",
        "question": "Why are the anthropomorphic animal characters gathered in the library setting at the beginning of the event?",
        "options": [
            "A. To engage in typical library activities and educational engagement.",
            "B. To prepare for a festive holiday celebration.",
            "C. To participate in a musical performance.",
            "D. To have a picnic and play with toys."
        ],
        "answer": "A",
        "qa_level": "long_term",
        "qa_type": "mcqa",
        "old_answer": "A"
    },
    {
        "qa_idx": 12,
        "qa_task": "descriptive-scene",
        "question": "Where do the characters gather for a social or educational event in the video?",
        "options": [
            "A. In a library.",
            "B. In a children's bedroom.",
            "C. In a forest.",
            "D. On a beach."
        ],
        "answer": "C",
        "qa_level": "long_term",
        "qa_type": "mcqa",
        "old_answer": "C"
    },
    {
        "qa_idx": 14,
        "qa_task": "attribute-change",
        "question": "How does the setting change from the beginning to the end of the video event from 1.0 to 2075.0 seconds?",
        "options": [
            "A. From an outdoor setting to a festive indoor stage setup.",
            "B. From a colorful animated setting to a cozy indoor scene.",
            "C. From a vibrant outdoor setting to a playful children's room.",
            "D. From a serene beach setting to a lively indoor musical activity."
        ],
        "answer": "D",
        "qa_level": "long_term",
        "qa_type": "mcqa",
        "old_answer": "D"
    },
    {
        "qa_idx": 16,
        "qa_task": "descriptive-scene",
        "question": "Where do the characters engage in playful interactions with toys and educational materials?",
        "options": [
            "A. In a vibrant outdoor setting with a blue sky and a large, snow-capped mountain.",
            "B. In a colorful indoor setting featuring classrooms with children and teachers.",
            "C. In a cozy children's bedroom with bunk beds and various toys.",
            "D. In a festive indoor stage setup with Christmas decorations."
        ],
        "answer": "B",
        "qa_level": "long_term",
        "qa_type": "mcqa",
        "old_answer": "B"
    }
]