[
    {
        "qa_idx": 0,
        "qa_task": "spatial-relationship",
        "question": "What is the color of the gear worn by the toy dog positioned at (658.7, 238.8, 807.6, 479.8) in the frame at 1644.0 seconds?",
        "options": [
            "A. Blue.",
            "B. Red and white.",
            "C. Green.",
            "D. Yellow."
        ],
        "answer": "B",
        "qa_level": "frame",
        "qa_type": "mcqa",
        "old_answer": "B"
    },
    {
        "qa_idx": 1,
        "qa_type": "qa",
        "qa_level": "frame",
        "qa_task": "object understanding",
        "question": "Is there a toy located towards the bottom left of the frame at 1185.0 seconds?",
        "answer": "Yes",
        "old_answer": "Yes"
    },
    {
        "qa_idx": 2,
        "qa_task": "spatial-relationship",
        "question": "What is hanging down from the top center of the stone door at 41.0 seconds into the video?",
        "options": [
            "A. A chain.",
            "B. A rope or vine.",
            "C. A curtain.",
            "D. A banner."
        ],
        "answer": "B",
        "qa_level": "frame",
        "qa_type": "mcqa",
        "old_answer": "B"
    },
    {
        "qa_idx": 3,
        "qa_task": "spatial-relationship",
        "question": "What is the position of the fluffy white clouds in the frame at 677.0 seconds?",
        "options": [
            "A. At the top.",
            "B. At the bottom.",
            "C. In the middle.",
            "D. On the left side."
        ],
        "answer": "B",
        "qa_level": "frame",
        "qa_type": "mcqa",
        "old_answer": "B"
    },
    {
        "qa_idx": 4,
        "qa_type": "qa",
        "qa_level": "within_event",
        "qa_task": "object understanding",
        "question": "Is there a mechanical toy with glowing yellow appendages digging a furrow in the field at the beginning of the video event from 1264.0 to 1326.0 seconds?",
        "answer": "Yes",
        "old_answer": "Yes"
    },
    {
        "qa_idx": 5,
        "qa_task": "object understanding",
        "question": "What is the focal point of the scene at 298.0 seconds into the video?",
        "options": [
            "A. A vibrant blue sky with scattered clouds.",
            "B. An airplane in flight against the clear sky.",
            "C. A flock of birds flying in the sky.",
            "D. A hot air balloon floating in the sky."
        ],
        "answer": "B",
        "qa_level": "frame",
        "qa_type": "mcqa",
        "old_answer": "B"
    },
    {
        "qa_idx": 6,
        "qa_type": "qa",
        "qa_level": "cross_event",
        "qa_task": "object understanding",
        "question": "Is there a glowing dog-like toy in a lush green field in the event from 873.0 to 936.0?",
        "answer": "Yes",
        "old_answer": "Yes"
    },
    {
        "qa_idx": 8,
        "qa_task": "scene-understanding",
        "question": "What is the setting of the video event from 682.0 to 747.0 seconds?",
        "options": [
            "A. A small town with colorful buildings and a hilly landscape.",
            "B. A dense forest with tall trees and a river.",
            "C. A desert with sand dunes and cacti.",
            "D. A beach with palm trees and ocean waves."
        ],
        "answer": "A",
        "qa_level": "within_event",
        "qa_type": "mcqa",
        "old_answer": "A"
    },
    {
        "qa_idx": 9,
        "qa_type": "qa",
        "qa_level": "long_term",
        "qa_task": "plot-understanding",
        "question": "Does the video depict a blend of high-tech and ancient architectural elements throughout the various scenes from 4.0 to 1827.0 seconds?",
        "answer": "Yes",
        "old_answer": "Yes"
    },
    {
        "qa_idx": 10,
        "qa_task": "counting",
        "question": "How many different settings or environments are depicted in the event from 1185.0 to 1259.0 seconds?",
        "options": [
            "A. Three.",
            "B. Five.",
            "C. Seven.",
            "D. Nine."
        ],
        "answer": "D",
        "qa_level": "cross_event",
        "qa_type": "mcqa",
        "old_answer": "D"
    },
    {
        "qa_idx": 11,
        "qa_task": "plot-understanding",
        "question": "What is the primary setting transition in the video event from 1185.0 to 1259.0 seconds?",
        "options": [
            "A. From a brightly lit interior to a nighttime setting with a red vehicle.",
            "B. From a desert landscape to a futuristic scene with a purple background.",
            "C. From a communal gathering with food to a cliff side with a swirling portal.",
            "D. From a grassy field with colorful balloons to a camping-like atmosphere."
        ],
        "answer": "A",
        "qa_level": "cross_event",
        "qa_type": "mcqa",
        "old_answer": "A"
    },
    {
        "qa_idx": 12,
        "qa_task": "spatial-relationship",
        "question": "In the video events from 253.0 to 314.0 seconds, where are the two canines located in relation to the futuristic vehicle or control room?",
        "options": [
            "A. Outside the vehicle, near a golden bird statue.",
            "B. Inside the vehicle, seated in pilot seats with advanced control panels.",
            "C. In an outdoor town scene with colorful buildings.",
            "D. Interacting with a black entity with shiny purple beads."
        ],
        "answer": "B",
        "qa_level": "cross_event",
        "qa_type": "mcqa",
        "old_answer": "B"
    },
    {
        "qa_idx": 13,
        "qa_task": "temporal-relationship",
        "question": "What happens after the scene with the futuristic vehicle or control room featuring advanced technological setup and colorful screens?",
        "options": [
            "A. The scene transitions to an outdoor scene capturing an ancient stone structure amidst a natural landscape.",
            "B. The scene transitions to a dense forest with large vine-covered trees.",
            "C. The scene transitions to a nighttime setting in a desert-like terrain with rocky formations and cacti.",
            "D. The scene transitions to a vibrant outdoor scene in a small town setting with colorful buildings and beach chairs."
        ],
        "answer": "A",
        "qa_level": "long_term",
        "qa_type": "mcqa",
        "old_answer": "A"
    },
    {
        "qa_idx": 14,
        "qa_task": "spatial-relationship",
        "question": "What is positioned prominently in the foreground to the right of the stone structure with an entrance to a subterranean area at 4.0 to 1827.0 seconds?",
        "options": [
            "A. A toy resembling an elephant.",
            "B. A toy resembling a bulldozer.",
            "C. A toy resembling a fire truck.",
            "D. A toy resembling a helicopter."
        ],
        "answer": "A",
        "qa_level": "long_term",
        "qa_type": "mcqa",
        "old_answer": "A"
    },
    {
        "qa_idx": 15,
        "qa_task": "causal",
        "question": "Why did the character in the red and white clothing interact with the animated dog wearing a red hat in the forest scene at 4.0 to 1827.0 seconds?",
        "options": [
            "A. To perform a rescue operation.",
            "B. To play a game.",
            "C. To explore the ancient stone structure.",
            "D. To navigate the dense forest."
        ],
        "answer": "A",
        "qa_level": "long_term",
        "qa_type": "mcqa",
        "old_answer": "A"
    },
    {
        "qa_idx": 18,
        "qa_task": "object-direction",
        "question": "In the video event from 4.0 to 1827.0 seconds, which direction does the red fire truck move relative to the yellow and blue train?",
        "options": [
            "A. From left to right.",
            "B. From right to left.",
            "C. Upwards.",
            "D. Downwards."
        ],
        "answer": "A",
        "qa_level": "long_term",
        "qa_type": "mcqa",
        "old_answer": "A"
    },
    {
        "qa_idx": 19,
        "qa_task": "camera-direction",
        "question": "In the video event from 4.0 to 1827.0 seconds, what does the camera do when the scene transitions from the futuristic vehicle or control room to the outdoor scene with the ancient stone structure?",
        "options": [
            "A. The camera zooms in on the ancient stone structure.",
            "B. The camera pans from the control room to the outdoor scene.",
            "C. The camera moves closer to the characters in the control room.",
            "D. The camera remains static while the scene changes."
        ],
        "answer": "B",
        "qa_level": "long_term",
        "qa_type": "mcqa",
        "old_answer": "B"
    },
    {
        "qa_idx": 20,
        "qa_task": "speed",
        "question": "Which vehicle is faster in the video event from 4.0 to 1827.0 seconds?",
        "options": [
            "A. The futuristic vehicle emitting a stream of energy.",
            "B. The toy bulldozer.",
            "C. The fire truck toy.",
            "D. The yellow construction vehicle."
        ],
        "answer": "A",
        "qa_level": "long_term",
        "qa_type": "mcqa",
        "old_answer": "A"
    },
    {
        "qa_idx": 21,
        "qa_task": "attribute-change",
        "question": "How does the environment change from the beginning to the end of the video event from 4.0 to 1827.0 seconds?",
        "options": [
            "A. The environment changes from a futuristic high-tech setting to a serene natural landscape.",
            "B. The environment changes from a natural landscape to a high-tech futuristic setting.",
            "C. The environment remains the same throughout the video.",
            "D. The environment changes from a serene natural landscape to a bustling urban area."
        ],
        "answer": "A",
        "qa_level": "long_term",
        "qa_type": "mcqa",
        "old_answer": "A"
    },
    {
        "qa_idx": 22,
        "qa_task": "character-understanding",
        "question": "What is the attire of the character holding a device that resembles either a remote control or a game console in the forest scene at 4.0 to 1827.0 seconds?",
        "options": [
            "A. White and red shirt with a distinctive emblem.",
            "B. Blue and red attire.",
            "C. Green ranger hat.",
            "D. Yellow construction hat and vest."
        ],
        "answer": "A",
        "qa_level": "long_term",
        "qa_type": "mcqa",
        "old_answer": "A"
    },
    {
        "qa_idx": 24,
        "qa_task": "descriptive-scene",
        "question": "Where do the animated characters and toys interact in the video from 4.0 to 1827.0 seconds?",
        "options": [
            "A. In a futuristic control room.",
            "B. In a lush green forest.",
            "C. In a vibrant outdoor town setting.",
            "D. In a high-tech vehicle."
        ],
        "answer": "C",
        "qa_level": "long_term",
        "qa_type": "mcqa",
        "old_answer": "C"
    }
]