[
    {
        "qa_idx": 0,
        "qa_task": "character-understanding",
        "question": "What is the woman on the left side of the frame wearing at 617.0 seconds into the video?",
        "options": [
            "A. A blue top and white garment.",
            "B. A pink headscarf and light-colored clothing.",
            "C. A dark headscarf and light-colored clothing.",
            "D. A white headscarf and dark-colored clothing."
        ],
        "answer": "B",
        "qa_level": "frame",
        "qa_type": "mcqa",
        "old_answer": "B"
    },
    {
        "qa_idx": 1,
        "qa_type": "qa",
        "qa_level": "frame",
        "qa_task": "character-understanding",
        "question": "Is the woman wearing clothing with a colorful, striped, and patterned design at 1316.0 seconds into the video?",
        "answer": "Yes",
        "old_answer": "Yes"
    },
    {
        "qa_idx": 2,
        "qa_task": "descriptive-scene",
        "question": "Where are the individuals in the video frame at 396.0 seconds?",
        "options": [
            "A. In a park.",
            "B. In an indoor setting.",
            "C. On a beach.",
            "D. In a car."
        ],
        "answer": "B",
        "qa_level": "frame",
        "qa_type": "mcqa",
        "old_answer": "B"
    },
    {
        "qa_idx": 3,
        "qa_type": "qa",
        "qa_level": "within_event",
        "qa_task": "camera-direction",
        "question": "Does the camera capture the interactions between people both indoors and outdoors from 2668.0 to 2712.0 seconds?",
        "answer": "Yes",
        "old_answer": "Yes"
    },
    {
        "qa_idx": 4,
        "qa_task": "character-understanding",
        "question": "What is the central man wearing at 700.0 seconds into the video?",
        "options": [
            "A. A brightly colored shirt.",
            "B. A black suit with a white dress shirt and a patterned tie.",
            "C. Casual clothes.",
            "D. A beige jacket."
        ],
        "answer": "B",
        "qa_level": "frame",
        "qa_type": "mcqa",
        "old_answer": "B"
    },
    {
        "qa_idx": 5,
        "qa_type": "qa",
        "qa_level": "within_event",
        "qa_task": "object understanding",
        "question": "Is there a blender with a pink liquid in the video from 1810.0 to 1874.0 seconds?",
        "answer": "Yes",
        "old_answer": "Yes"
    },
    {
        "qa_idx": 6,
        "qa_task": "object understanding",
        "question": "What is the person on the left side of the frame wearing at 920.0 seconds into the video?",
        "options": [
            "A. A blue headscarf.",
            "B. A pink headscarf.",
            "C. A white outer garment.",
            "D. A blue inner garment."
        ],
        "answer": "B",
        "qa_level": "frame",
        "qa_type": "mcqa",
        "old_answer": "B"
    },
    {
        "qa_idx": 8,
        "qa_task": "camera-direction",
        "question": "During the event from 2329.0 to 2402.0 seconds, how does the camera movement emphasize the detailed decorations and wooden furniture in the room?",
        "options": [
            "A. The camera remains stationary, focusing on one spot.",
            "B. The camera moves around the room, highlighting various decorative items and furniture.",
            "C. The camera zooms in on the characters' faces only.",
            "D. The camera pans quickly across the room without focusing on details."
        ],
        "answer": "B",
        "qa_level": "within_event",
        "qa_type": "mcqa",
        "old_answer": "B"
    },
    {
        "qa_idx": 9,
        "qa_type": "qa",
        "qa_level": "cross_event",
        "qa_task": "character-understanding",
        "question": "Were there women wearing pink headscarves in both events from 283.0 to 319.0 and 321.0 to 383.0?",
        "answer": "Yes",
        "old_answer": "Yes"
    },
    {
        "qa_idx": 10,
        "qa_task": "character-understanding",
        "question": "What are the women in the video doing from 3167.0 to 3224.0 seconds?",
        "options": [
            "A. The women are cooking in the kitchen.",
            "B. The women are engaged in a conversation in the living room.",
            "C. The women are dancing in a hall.",
            "D. The women are reading books in a library."
        ],
        "answer": "B",
        "qa_level": "within_event",
        "qa_type": "mcqa",
        "old_answer": "B"
    },
    {
        "qa_idx": 11,
        "qa_task": "scene-understanding",
        "question": "What elements contribute to the cozy and well-decorated indoor setting in the video event from 2076.0 to 2133.0 seconds?",
        "options": [
            "A. A table lamp, a vase with flowers, and framed pictures on the wall.",
            "B. A large television, a bookshelf, and a gaming console.",
            "C. A fireplace, a rocking chair, and a rug.",
            "D. A kitchen island, bar stools, and a refrigerator."
        ],
        "answer": "A",
        "qa_level": "within_event",
        "qa_type": "mcqa",
        "old_answer": "A"
    },
    {
        "qa_idx": 12,
        "qa_task": "scene-understanding",
        "question": "How do the settings transition between the two video events from 955.0 to 1016.0 seconds and H to e seconds?",
        "options": [
            "A. From an indoor setting with casual and formal interactions to a detailed analysis of fine-grained actions.",
            "B. From a park or garden environment to a professional or formal indoor context.",
            "C. From a courtyard in front of a grandiose building to a cultural or traditional indoor setting.",
            "D. From a solitary woman in motion to a group of men engaged in conversation."
        ],
        "answer": "A",
        "qa_level": "cross_event",
        "qa_type": "mcqa",
        "old_answer": "A"
    },
    {
        "qa_idx": 13,
        "qa_task": "temporal-relationship",
        "question": "What happens after the scene featuring a woman in a mustard-colored headscarf indoors?",
        "options": [
            "A. A man in casual clothing appears in an outdoor garden setting.",
            "B. A woman in a pink scarf and white clothing is positioned indoors against a beige wall backdrop.",
            "C. Two women in an indoor setting, one wearing a blue, white, and red patterned headscarf, and the other wearing a solid pink headscarf.",
            "D. A girl positioned centrally within a structure that opens to a tropical, garden-like environment."
        ],
        "answer": "A",
        "qa_level": "long_term",
        "qa_type": "mcqa",
        "old_answer": "A"
    },
    {
        "qa_idx": 14,
        "qa_task": "spatial-relationship",
        "question": "Where are the two women standing near a decorative sculpture and promotional posters?",
        "options": [
            "A. In a public or institutional setting indicated by 'Marketing Office' signage.",
            "B. In a garden.",
            "C. In a living room.",
            "D. In a kitchen."
        ],
        "answer": "A",
        "qa_level": "long_term",
        "qa_type": "mcqa",
        "old_answer": "A"
    },
    {
        "qa_idx": 16,
        "qa_task": "time-order",
        "question": "In which order do the events occur in the video from 7.0 to 3506.0 seconds?",
        "options": [
            "A. The event begins with a close-up scene of a liquid droplet impacting a surface, followed by a shiny, metallic-looking 'TD' logo, and then transitions to a woman in a mustard-colored headscarf indoors.",
            "B. The event begins with a woman in a pink scarf and white clothing, followed by various individuals in similar settings, and then transitions to a woman in vibrant, patterned clothing.",
            "C. The event begins with a scene of two women in an indoor setting, followed by a woman in a pink scarf and white clothing, and then transitions to a girl wearing a pink scarf and white clothing.",
            "D. The event begins with a woman in a white outfit and pink headscarf, followed by women in richly patterned scarves, and then transitions to a well-furnished room with modern and sophisticated décor."
        ],
        "answer": "A",
        "qa_level": "long_term",
        "qa_type": "mcqa",
        "old_answer": "A"
    },
    {
        "qa_idx": 18,
        "qa_task": "object-direction",
        "question": "In the video event from 7.0 to 3506.0 seconds, which direction does the man in darker clothing move relative to the girl in the garden-like setting?",
        "options": [
            "A. Towards the girl.",
            "B. Away from the girl.",
            "C. To the left of the girl.",
            "D. To the right of the girl."
        ],
        "answer": "A",
        "qa_level": "long_term",
        "qa_type": "mcqa",
        "old_answer": "A"
    },
    {
        "qa_idx": 19,
        "qa_task": "camera-direction",
        "question": "What is the camera doing when the scene transitions from the woman in a mustard-colored headscarf indoors to the man in casual clothing in an outdoor garden setting between 7.0 and 3506.0 seconds?",
        "options": [
            "A. The camera is zooming in on the woman.",
            "B. The camera is panning from the woman to the man.",
            "C. The camera is zooming out to show both the woman and the man.",
            "D. The camera is moving from an indoor to an outdoor setting."
        ],
        "answer": "D",
        "qa_level": "long_term",
        "qa_type": "mcqa",
        "old_answer": "D"
    },
    {
        "qa_idx": 20,
        "qa_task": "speed",
        "question": "Which individual is depicted moving faster in the video from 7.0 to 3506.0 seconds?",
        "options": [
            "A. The woman in a mustard-colored headscarf indoors.",
            "B. The man in casual clothing in an outdoor garden setting.",
            "C. The girl with a heart-patterned backpack in an indoor setting.",
            "D. The woman in a blue top and white jacket near a window."
        ],
        "answer": "B",
        "qa_level": "long_term",
        "qa_type": "mcqa",
        "old_answer": "B"
    },
    {
        "qa_idx": 21,
        "qa_task": "attribute-change",
        "question": "How does the setting change from the beginning to the end of the video event from 7.0 to 3506.0 seconds?",
        "options": [
            "A. From a serene indoor setting to a bustling public area.",
            "B. From an outdoor garden to a formal office environment.",
            "C. From a cozy living room to a modern kitchen.",
            "D. From a dark, serene setting to a professional aesthetic."
        ],
        "answer": "D",
        "qa_level": "long_term",
        "qa_type": "mcqa",
        "old_answer": "D"
    },
    {
        "qa_idx": 22,
        "qa_task": "descriptive-scene",
        "question": "Where does the event culminate with two women standing near a decorative sculpture and promotional posters?",
        "options": [
            "A. In a public or institutional setting indicated by 'Marketing Office' signage.",
            "B. In a cozy living room with leather sofas and a glass coffee table.",
            "C. In a modern kitchen with white cabinets and a mosaic backsplash.",
            "D. In a serene garden with lush greenery and pathways."
        ],
        "answer": "A",
        "qa_level": "long_term",
        "qa_type": "mcqa",
        "old_answer": "A"
    }
]