[
    {
        "qa_idx": 0,
        "qa_type": "qa",
        "qa_level": "frame",
        "qa_task": "character-understanding",
        "question": "Is there a person at the food stand labeled 'Bar do Canário' at 3615.0 seconds into the video?",
        "answer": "Yes",
        "old_answer": "Yes"
    },
    {
        "qa_idx": 1,
        "qa_task": "descriptive-scene",
        "question": "What is the central feature of the scene at 4417.0 seconds into the video?",
        "options": [
            "A. A swimming pool.",
            "B. A park.",
            "C. A market.",
            "D. A playground."
        ],
        "answer": "A",
        "qa_level": "frame",
        "qa_type": "mcqa",
        "old_answer": "A"
    },
    {
        "qa_idx": 2,
        "qa_type": "qa",
        "qa_level": "frame",
        "qa_task": "character-understanding",
        "question": "Is the woman pointing towards the right side of the image at 1573.0 seconds into the video?",
        "answer": "Yes",
        "old_answer": "Yes"
    },
    {
        "qa_idx": 3,
        "qa_task": "spatial-relationship",
        "question": "What is positioned centrally in the frame at 1845.0 seconds?",
        "options": [
            "A. A coiled garden hose.",
            "B. A woman in a red top and blue cardigan.",
            "C. A partially visible window shutter.",
            "D. A chair."
        ],
        "answer": "B",
        "qa_level": "frame",
        "qa_type": "mcqa",
        "old_answer": "B"
    },
    {
        "qa_idx": 4,
        "qa_type": "qa",
        "qa_level": "within_event",
        "qa_task": "character-understanding",
        "question": "Were there three women and a man engaging in casual conversation in the room from 3302.0 to 3365.0 seconds?",
        "answer": "Yes",
        "old_answer": "Yes"
    },
    {
        "qa_idx": 5,
        "qa_type": "qa",
        "qa_level": "within_event",
        "qa_task": "speed",
        "question": "Did the individuals in the video move quickly during their interactions from 891.0 to 937.0 seconds?",
        "answer": "No",
        "old_answer": "No"
    },
    {
        "qa_idx": 6,
        "qa_task": "spatial-relationship",
        "question": "What is the woman holding a guitar doing at 3442.0 seconds into the video?",
        "options": [
            "A. Playing the guitar.",
            "B. Gesturing with her hand.",
            "C. Drinking from a pink water bottle.",
            "D. Cooking in the kitchen."
        ],
        "answer": "B",
        "qa_level": "frame",
        "qa_type": "mcqa",
        "old_answer": "B"
    },
    {
        "qa_idx": 7,
        "qa_type": "qa",
        "qa_level": "cross_event",
        "qa_task": "character-understanding",
        "question": "Were there multiple individuals present in both events from 4549.0 to 4643.0 and 4644.0 to 4704.0?",
        "answer": "Yes",
        "old_answer": "Yes"
    },
    {
        "qa_idx": 8,
        "qa_type": "qa",
        "qa_level": "cross_event",
        "qa_task": "plot-understanding",
        "question": "Do both video events from 179.0 to 275.0 and 276.0 to 341.0 depict a lively and bustling domestic environment?",
        "answer": "Yes",
        "old_answer": "Yes"
    },
    {
        "qa_idx": 9,
        "qa_type": "qa",
        "qa_level": "long_term",
        "qa_task": "object understanding",
        "question": "Is there a refrigerator adorned with magnets in the indoor scenes from 179.0 seconds to 5260.0 seconds?",
        "answer": "Yes",
        "old_answer": "Yes"
    },
    {
        "qa_idx": 10,
        "qa_task": "object-direction",
        "question": "In the scene from 3806.0 to 3877.0 seconds, which direction is the woman in blue athletic wear moving relative to the kitchen-like space?",
        "options": [
            "A. Towards the refrigerator.",
            "B. Towards the living room.",
            "C. Towards the dining table.",
            "D. Towards the television."
        ],
        "answer": "B",
        "qa_level": "within_event",
        "qa_type": "mcqa",
        "old_answer": "B"
    },
    {
        "qa_idx": 11,
        "qa_task": "temporal-relationship",
        "question": "What happens after the woman dressed in a striped sweater and a pink top is seen holding a smartphone in the cozy living space from 4779.0 to 4839.0 seconds?",
        "options": [
            "A. The scene shifts to a colorful kitchen and living area with four women in a homely space.",
            "B. The woman starts interacting with various kitchen utensils and appliances.",
            "C. Another woman in a beige cardigan and a light pink top sits on a colorful sofa.",
            "D. The focus shifts to a woman engaging with a brown purse in a room filled with lively and colorful elements."
        ],
        "answer": "C",
        "qa_level": "cross_event",
        "qa_type": "mcqa",
        "old_answer": "C"
    },
    {
        "qa_idx": 12,
        "qa_task": "attribute-change",
        "question": "How does the setting change from the beginning to the end of the event from 2489.0 to 2558.0 seconds?",
        "options": [
            "A. The setting changes from a vibrant indoor setting with a decorative brick wall to a casual living space with a man and a woman engaging in conversation.",
            "B. The setting remains the same throughout the event.",
            "C. The setting changes from an outdoor garden to a busy street.",
            "D. The setting changes from a dark room to a brightly lit office."
        ],
        "answer": "A",
        "qa_level": "cross_event",
        "qa_type": "mcqa",
        "old_answer": "A"
    },
    {
        "qa_idx": 13,
        "qa_task": "spatial-relationship",
        "question": "Where is the 'Bar do Canário' located in relation to the swimming pool in the community area?",
        "options": [
            "A. To the left of the pool.",
            "B. To the right of the pool.",
            "C. In front of the pool.",
            "D. Behind the pool."
        ],
        "answer": "A",
        "qa_level": "long_term",
        "qa_type": "mcqa",
        "old_answer": "A"
    },
    {
        "qa_idx": 17,
        "qa_task": "camera-direction",
        "question": "What direction does the camera move in the scene from 1.0 to 5260.0 seconds?",
        "options": [
            "A. The camera moves closer to the pool area.",
            "B. The camera moves away from the pool area.",
            "C. The camera remains stationary.",
            "D. The camera moves around the pool area."
        ],
        "answer": "D",
        "qa_level": "long_term",
        "qa_type": "mcqa",
        "old_answer": "D"
    },
    {
        "qa_idx": 18,
        "qa_task": "speed",
        "question": "Which is faster, the woman walking near the pool or the person swimming in the pool from 1.0 to 5260.0 seconds?",
        "options": [
            "A. The woman walking near the pool.",
            "B. The person swimming in the pool.",
            "C. Both are at the same speed.",
            "D. None of the above."
        ],
        "answer": "B",
        "qa_level": "long_term",
        "qa_type": "mcqa",
        "old_answer": "B"
    },
    {
        "qa_idx": 19,
        "qa_task": "attribute-change",
        "question": "How does the setting change from the beginning to the end of the video event from 1.0 to 5260.0 seconds?",
        "options": [
            "A. The setting changes from a vibrant urban environment to a cozy indoor domestic scene.",
            "B. The setting changes from a cozy indoor domestic scene to a vibrant urban environment.",
            "C. The setting remains the same throughout the video.",
            "D. The setting changes from a vibrant urban environment to a bustling marketplace."
        ],
        "answer": "A",
        "qa_level": "long_term",
        "qa_type": "mcqa",
        "old_answer": "A"
    },
    {
        "qa_idx": 21,
        "qa_task": "time-order",
        "question": "In which order do the events occur in the video from 1.0 to 5260.0 seconds?",
        "options": [
            "A. A woman stands against a pink and grey wall holding a handbag, then a communal area with a pool and exercise equipment is revealed, followed by a vibrant urban environment with a pool and 'Edificio Lidar', and finally, a well-stocked bar 'Bar do Canário'.",
            "B. A communal area with a pool and exercise equipment is revealed, then a woman stands against a pink and grey wall holding a handbag, followed by a vibrant urban environment with a pool and 'Edificio Lidar', and finally, a well-stocked bar 'Bar do Canário'.",
            "C. A vibrant urban environment with a pool and 'Edificio Lidar' is revealed, then a communal area with a pool and exercise equipment, followed by a woman standing against a pink and grey wall holding a handbag, and finally, a well-stocked bar 'Bar do Canário'.",
            "D. A well-stocked bar 'Bar do Canário' is revealed, then a vibrant urban environment with a pool and 'Edificio Lidar', followed by a communal area with a pool and exercise equipment, and finally, a woman standing against a pink and grey wall holding a handbag."
        ],
        "answer": "A",
        "qa_level": "long_term",
        "qa_type": "mcqa",
        "old_answer": "A"
    }
]