[
    {
        "qa_idx": 0,
        "qa_type": "qa",
        "qa_level": "frame",
        "qa_task": "character-understanding",
        "question": "Are the anthropomorphic pigs smiling at 2515.0 seconds into the video?",
        "answer": "Yes",
        "old_answer": "Yes"
    },
    {
        "qa_idx": 1,
        "qa_task": "counting",
        "question": "How many lit candles are on the cake at 3676.0 seconds into the video?",
        "options": [
            "A.1.",
            "B.2.",
            "C.3.",
            "D.4."
        ],
        "answer": "C",
        "qa_level": "frame",
        "qa_type": "mcqa",
        "old_answer": "C"
    },
    {
        "qa_idx": 2,
        "qa_type": "qa",
        "qa_level": "frame",
        "qa_task": "object understanding",
        "question": "Is there a globe on a shelf in the classroom at 606.0 seconds into the video?",
        "answer": "Yes",
        "old_answer": "Yes"
    },
    {
        "qa_idx": 4,
        "qa_task": "counting",
        "question": "How many dark purple, berry-like fruits are visible on the green object at 1791.0 seconds into the video?",
        "options": [
            "A. 1.",
            "B. 2.",
            "C. 3.",
            "D. 4."
        ],
        "answer": "C",
        "qa_level": "frame",
        "qa_type": "mcqa",
        "old_answer": "C"
    },
    {
        "qa_idx": 5,
        "qa_task": "counting",
        "question": "How many animated characters are there in the frame at 127.0 seconds?",
        "options": [
            "A. 0.",
            "B. 1.",
            "C. 2.",
            "D. 3."
        ],
        "answer": "B",
        "qa_level": "frame",
        "qa_type": "mcqa",
        "old_answer": "B"
    },
    {
        "qa_idx": 6,
        "qa_type": "qa",
        "qa_level": "cross_event",
        "qa_task": "object understanding",
        "question": "In the event from 2312.0 to 2379.0, is there a toy box with an image of a chicken?",
        "answer": "Yes",
        "old_answer": "Yes"
    },
    {
        "qa_idx": 7,
        "qa_task": "spatial-relationship",
        "question": "What is surrounding the group of animated characters resembling pigs at 3697.0 seconds into the video?",
        "options": [
            "A. Colorful balloons.",
            "B. Green plants.",
            "C. Bookshelves.",
            "D. Musical instruments."
        ],
        "answer": "A",
        "qa_level": "frame",
        "qa_type": "mcqa",
        "old_answer": "A"
    },
    {
        "qa_idx": 8,
        "qa_task": "spatial-relationship",
        "question": "Where is the toy located that is near the center of the frame at 3480.0 seconds?",
        "options": [
            "A. Bottom left.",
            "B. Near the center.",
            "C. Top right.",
            "D. Top left."
        ],
        "answer": "B",
        "qa_level": "frame",
        "qa_type": "mcqa",
        "old_answer": "B"
    },
    {
        "qa_idx": 9,
        "qa_task": "descriptive-scene",
        "question": "Where are the characters in the video frame at 835.0 seconds?",
        "options": [
            "A. On a boat.",
            "B. In a building.",
            "C. In a park.",
            "D. On a beach."
        ],
        "answer": "A",
        "qa_level": "frame",
        "qa_type": "mcqa",
        "old_answer": "A"
    },
    {
        "qa_idx": 11,
        "qa_task": "descriptive-scene",
        "question": "Where are the two anthropomorphic characters standing in the video frame at 3929.0 seconds?",
        "options": [
            "A. On a platform or vehicle.",
            "B. In a house.",
            "C. In a garden.",
            "D. On a bridge."
        ],
        "answer": "A",
        "qa_level": "frame",
        "qa_type": "mcqa",
        "old_answer": "A"
    },
    {
        "qa_idx": 12,
        "qa_task": "object understanding",
        "question": "What is the prominent figure in the classroom scene doing at 656.0 seconds into the video?",
        "options": [
            "A. Writing on a chalkboard.",
            "B. Pointing to a brightly colored chart featuring various arrows and numbers.",
            "C. Reading a book.",
            "D. Playing a musical instrument."
        ],
        "answer": "B",
        "qa_level": "frame",
        "qa_type": "mcqa",
        "old_answer": "B"
    },
    {
        "qa_idx": 13,
        "qa_task": "descriptive-scene",
        "question": "What is the background color of the frame captured at 1563.0 seconds into the video?",
        "options": [
            "A. Light blue.",
            "B. Dark blue.",
            "C. Pink.",
            "D. Red."
        ],
        "answer": "A",
        "qa_level": "frame",
        "qa_type": "mcqa",
        "old_answer": "A"
    },
    {
        "qa_idx": 14,
        "qa_task": "speed",
        "question": "From 703.0 to 803.0 seconds, which object is in motion in the scene filled with various objects against a light blue background?",
        "options": [
            "A. A large red item.",
            "B. A yellow-capped marker.",
            "C. A pink band with a blue object.",
            "D. A pink bandage with a yellow flower."
        ],
        "answer": "B",
        "qa_level": "within_event",
        "qa_type": "mcqa",
        "old_answer": "B"
    },
    {
        "qa_idx": 15,
        "qa_task": "object-direction",
        "question": "In which direction does the large animated character resembling a white rabbit with a navy blue hat and anchor emblem dominate the scene in the gymnasium from 3315.0 to 3369.0 seconds?",
        "options": [
            "A. Left side.",
            "B. Right side.",
            "C. Center.",
            "D. Top."
        ],
        "answer": "B",
        "qa_level": "within_event",
        "qa_type": "mcqa",
        "old_answer": "B"
    },
    {
        "qa_idx": 16,
        "qa_task": "character-understanding",
        "question": "What are the two pink anthropomorphic pigs doing in the video from 1493.0 to 1558.0 seconds?",
        "options": [
            "A. They are cooking in a kitchen.",
            "B. They are seated in vehicle seats, dressed in colorful outfits.",
            "C. They are playing in a park.",
            "D. They are swimming in a pool."
        ],
        "answer": "B",
        "qa_level": "within_event",
        "qa_type": "mcqa",
        "old_answer": "B"
    },
    {
        "qa_idx": 17,
        "qa_task": "scene-understanding",
        "question": "What is the setting of the initial scene from 3622.0 to 3682.0 seconds of the video?",
        "options": [
            "A. A room with a purple chair and a pale green wall.",
            "B. A sunny outdoor scene with a green hill.",
            "C. A dark room with a single light source.",
            "D. A beach with a clear blue sky."
        ],
        "answer": "A",
        "qa_level": "within_event",
        "qa_type": "mcqa",
        "old_answer": "A"
    },
    {
        "qa_idx": 19,
        "qa_task": "object-direction",
        "question": "In which direction does the figure in a light pink dress and a white hat look at the bird perched on the red circular platform from 806.0 to 874.0 seconds?",
        "options": [
            "A. Upwards.",
            "B. Downwards.",
            "C. Left.",
            "D. Right."
        ],
        "answer": "A",
        "qa_level": "within_event",
        "qa_type": "mcqa",
        "old_answer": "A"
    },
    {
        "qa_idx": 20,
        "qa_task": "object-direction",
        "question": "Towards the end of the scene from 3192.0 to 3253.0 seconds, in which direction are the animated characters riding their bicycles?",
        "options": [
            "A. Up a grassy hill.",
            "B. Down a grassy hill.",
            "C. Around a tree.",
            "D. Across a flat field."
        ],
        "answer": "B",
        "qa_level": "within_event",
        "qa_type": "mcqa",
        "old_answer": "B"
    },
    {
        "qa_idx": 21,
        "qa_task": "object-direction",
        "question": "In the animated sequence from 102.0 to 127.0 seconds, which direction does the pink character move when holding a slice of pizza or pie?",
        "options": [
            "A. Left to right.",
            "B. Right to left.",
            "C. Up to down.",
            "D. Down to up."
        ],
        "answer": "A",
        "qa_level": "within_event",
        "qa_type": "mcqa",
        "old_answer": "A"
    },
    {
        "qa_idx": 22,
        "qa_task": "attribute-change",
        "question": "How does the setting change from the beginning to the end of the event from 3255.0 to 3311.0 seconds?",
        "options": [
            "A. The setting changes from a sunny outdoor scene to an indoor gymnasium.",
            "B. The setting changes from a dark, stormy night to a sunny day.",
            "C. The setting changes from a beach to a forest.",
            "D. The setting changes from a cityscape to a desert."
        ],
        "answer": "A",
        "qa_level": "within_event",
        "qa_type": "mcqa",
        "old_answer": "A"
    },
    {
        "qa_idx": 23,
        "qa_task": "speed",
        "question": "How does the speed of the pink bicycle in the outdoor environment compare to the speed of the anthropomorphic animals engaged in berry picking or gardening from 1839.0 to 1912.0 seconds?",
        "options": [
            "A. The pink bicycle moves faster than the anthropomorphic animals.",
            "B. The pink bicycle moves slower than the anthropomorphic animals.",
            "C. The pink bicycle and the anthropomorphic animals move at the same speed.",
            "D. The speed of the pink bicycle is not depicted in the scene."
        ],
        "answer": "A",
        "qa_level": "cross_event",
        "qa_type": "mcqa",
        "old_answer": "A"
    },
    {
        "qa_idx": 24,
        "qa_task": "attribute-change",
        "question": "How does the setting change from the beginning to the end of the video events between 3371.0 seconds to 3437.0 seconds and H seconds to e seconds?",
        "options": [
            "A. The setting changes from an indoor environment to a jungle and then to an outdoor basketball court.",
            "B. The setting remains the same throughout the video events.",
            "C. The setting changes from a jungle to an indoor environment and then to an outdoor basketball court.",
            "D. The setting changes from an outdoor basketball court to a jungle and then to an indoor environment."
        ],
        "answer": "A",
        "qa_level": "cross_event",
        "qa_type": "mcqa",
        "old_answer": "A"
    },
    {
        "qa_idx": 25,
        "qa_task": "attribute-change",
        "question": "How does the scene change from the beginning to the end of the video events between 4181.0 seconds to 4249.0 seconds?",
        "options": [
            "A. The scene changes from a vibrant classroom to a calm rural setting and then to an outdoor barbecue activity.",
            "B. The scene remains in a vibrant classroom throughout the video.",
            "C. The scene changes from a calm rural setting to a vibrant classroom and then to an outdoor barbecue activity.",
            "D. The scene changes from an outdoor barbecue activity to a vibrant classroom and then to a calm rural setting."
        ],
        "answer": "A",
        "qa_level": "cross_event",
        "qa_type": "mcqa",
        "old_answer": "A"
    },
    {
        "qa_idx": 26,
        "qa_task": "counting",
        "question": "How many pig characters are shown in the scene from 1090.0 seconds to 1159.0 seconds?",
        "options": [
            "A. Two.",
            "B. Four.",
            "C. Five.",
            "D. Six."
        ],
        "answer": "C",
        "qa_level": "cross_event",
        "qa_type": "mcqa",
        "old_answer": "C"
    },
    {
        "qa_idx": 27,
        "qa_task": "attribute-change",
        "question": "How does the setting change from the beginning to the end of the event from 2775.0 seconds to 2837.0 seconds?",
        "options": [
            "A. The setting changes from an outdoor scene with a blue sky to an indoor office environment.",
            "B. The setting changes from a dark room to a brightly lit outdoor scene.",
            "C. The setting remains the same throughout the event.",
            "D. The setting changes from a nighttime scene to a daytime scene."
        ],
        "answer": "A",
        "qa_level": "cross_event",
        "qa_type": "mcqa",
        "old_answer": "A"
    },
    {
        "qa_idx": 28,
        "qa_task": "time-order",
        "question": "What is the correct sequence of scenes in the video event from 224.0 to 284.0 seconds?",
        "options": [
            "A. Serene outdoor scene, hamster with tortoise, winter clothing characters, Peppa Pig, kitchen scene.",
            "B. Kitchen scene, Peppa Pig, winter clothing characters, hamster with tortoise, serene outdoor scene.",
            "C. Peppa Pig, serene outdoor scene, kitchen scene, hamster with tortoise, winter clothing characters.",
            "D. Winter clothing characters, serene outdoor scene, Peppa Pig, hamster with tortoise, kitchen scene."
        ],
        "answer": "A",
        "qa_level": "cross_event",
        "qa_type": "mcqa",
        "old_answer": "A"
    },
    {
        "qa_idx": 29,
        "qa_task": "temporal-relationship",
        "question": "What happens after the characters in firefighter uniforms are seen climbing a tree during a rescue operation?",
        "options": [
            "A. The scene shifts to a pottery shop filled with ceramics.",
            "B. The scene transitions to a helicopter flying in the sky.",
            "C. The scene shows characters interacting in a kitchen.",
            "D. The scene depicts a coordinated rescue scenario with characters descending from a helicopter on a ladder."
        ],
        "answer": "D",
        "qa_level": "long_term",
        "qa_type": "mcqa",
        "old_answer": "D"
    },
    {
        "qa_idx": 30,
        "qa_task": "spatial-relationship",
        "question": "Where is the purple jug with floral patterns located in the ceramics shop?",
        "options": [
            "A. On the shelves behind the counter.",
            "B. On the small blue table.",
            "C. Near the cash register.",
            "D. On the floor."
        ],
        "answer": "A",
        "qa_level": "long_term",
        "qa_type": "mcqa",
        "old_answer": "A"
    },
    {
        "qa_idx": 31,
        "qa_task": "causal",
        "question": "Why did the characters in firefighter uniforms climb the tree and use a helicopter?",
        "options": [
            "A. To rescue a character or demonstrate a rescue operation.",
            "B. To pick fruits from the tree.",
            "C. To decorate the tree for a festival.",
            "D. To build a treehouse."
        ],
        "answer": "A",
        "qa_level": "long_term",
        "qa_type": "mcqa",
        "old_answer": "A"
    },
    {
        "qa_idx": 32,
        "qa_task": "counting",
        "question": "How many characters are present in the pottery or ceramics shop scene from 3.0 to 4446.0 seconds?",
        "options": [
            "A. Two.",
            "B. Three.",
            "C. Four.",
            "D. Five."
        ],
        "answer": "B",
        "qa_level": "long_term",
        "qa_type": "mcqa",
        "old_answer": "B"
    },
    {
        "qa_idx": 34,
        "qa_task": "camera-direction",
        "question": "How does the camera move when the scene transitions from the outdoor gathering to the indoor ceramics shop between 3.0 and 4446.0 seconds?",
        "options": [
            "A. The camera zooms in on the characters.",
            "B. The camera pans from left to right.",
            "C. The camera moves forward into the shop.",
            "D. The camera tilts upwards."
        ],
        "answer": "C",
        "qa_level": "long_term",
        "qa_type": "mcqa",
        "old_answer": "C"
    },
    {
        "qa_idx": 35,
        "qa_task": "attribute-change",
        "question": "How does the setting change from the beginning to the end of the video event from 3.0 to 4446.0 seconds?",
        "options": [
            "A. From an outdoor gathering to a pottery shop.",
            "B. From a pottery shop to a rescue operation.",
            "C. From a rescue operation to a classroom.",
            "D. From a classroom to a dental office."
        ],
        "answer": "D",
        "qa_level": "long_term",
        "qa_type": "mcqa",
        "old_answer": "D"
    },
    {
        "qa_idx": 36,
        "qa_task": "character-understanding",
        "question": "What is the character Peppa Pig wearing in the video from 3.0 to 4446.0 seconds?",
        "options": [
            "A. A blue dress.",
            "B. A red dress.",
            "C. A yellow dress.",
            "D. A green dress."
        ],
        "answer": "B",
        "qa_level": "long_term",
        "qa_type": "mcqa",
        "old_answer": "B"
    },
    {
        "qa_idx": 38,
        "qa_task": "time-order",
        "question": "In which order do the events occur in the video from 3.0 to 4446.0 seconds?",
        "options": [
            "A. Peppa Pig title sequence, outdoor tea gathering, indoor ceramics shop, firefighter rescue operation, winter outdoor scene, helicopter flight, autumn outdoor scene, kitchen scene, grocery store, medical context, ice cream cart, classroom scene, birthday celebration, bathroom scene, outdoor play, nautical adventure, countryside scene, office setting, dental check-up.",
            "B. Peppa Pig title sequence, indoor ceramics shop, outdoor tea gathering, firefighter rescue operation, winter outdoor scene, helicopter flight, autumn outdoor scene, kitchen scene, grocery store, medical context, ice cream cart, classroom scene, birthday celebration, bathroom scene, outdoor play, nautical adventure, countryside scene, office setting, dental check-up.",
            "C. Peppa Pig title sequence, outdoor tea gathering, indoor ceramics shop, firefighter rescue operation, helicopter flight, winter outdoor scene, autumn outdoor scene, kitchen scene, grocery store, medical context, ice cream cart, classroom scene, birthday celebration, bathroom scene, outdoor play, nautical adventure, countryside scene, office setting, dental check-up.",
            "D. Peppa Pig title sequence, outdoor tea gathering, indoor ceramics shop, firefighter rescue operation, winter outdoor scene, helicopter flight, autumn outdoor scene, kitchen scene, grocery store, medical context, ice cream cart, classroom scene, birthday celebration, bathroom scene, outdoor play, nautical adventure, countryside scene, office setting, dental check-up."
        ],
        "answer": "D",
        "qa_level": "long_term",
        "qa_type": "mcqa",
        "old_answer": "D"
    }
]