[
    {
        "qa_idx": 0,
        "qa_type": "qa",
        "qa_level": "frame",
        "qa_task": "object understanding",
        "question": "Is there green foliage visible in the foreground at 1237.0 seconds into the video?",
        "answer": "Yes",
        "old_answer": "Yes"
    },
    {
        "qa_idx": 1,
        "qa_task": "descriptive-scene",
        "question": "Where does the activity take place at 416.0 seconds into the video?",
        "options": [
            "A. In a kitchen.",
            "B. On an outdoor pavement.",
            "C. In a living room.",
            "D. In a garden."
        ],
        "answer": "B",
        "qa_level": "frame",
        "qa_type": "mcqa",
        "old_answer": "B"
    },
    {
        "qa_idx": 2,
        "qa_type": "qa",
        "qa_level": "frame",
        "qa_task": "character-understanding",
        "question": "Is the person in the video frame at 685.0 seconds focusing intently on manipulating a black tubular object?",
        "answer": "Yes",
        "old_answer": "Yes"
    },
    {
        "qa_idx": 3,
        "qa_type": "qa",
        "qa_level": "within_event",
        "qa_task": "plot-understanding",
        "question": "Does the event take place in an outdoor setting from 1718.0 to 1778.0 seconds?",
        "answer": "No",
        "old_answer": "No"
    },
    {
        "qa_idx": 4,
        "qa_task": "object understanding",
        "question": "What kind of activity are the men engaged in at 411.0 seconds into the video?",
        "options": [
            "A. Playing a sport.",
            "B. Gardening or plant care.",
            "C. Painting a wall.",
            "D. Building a structure."
        ],
        "answer": "B",
        "qa_level": "frame",
        "qa_type": "mcqa",
        "old_answer": "B"
    },
    {
        "qa_idx": 6,
        "qa_type": "qa",
        "qa_level": "cross_event",
        "qa_task": "character-understanding",
        "question": "Were there men interacting with each other in both events from 940.0 to 1047.0 and 1053.0 to 1117.0?",
        "answer": "Yes",
        "old_answer": "Yes"
    },
    {
        "qa_idx": 8,
        "qa_task": "temporal-relationship",
        "question": "What was the man in black clothing doing at the beginning of the video event from 589.0 to 616.0 seconds?",
        "options": [
            "A. He was standing on a pathway, involved in gardening tasks.",
            "B. He was handling plant materials laid out on sheets of paper.",
            "C. He was crouching and handling plants scattered on newspapers.",
            "D. He was organizing plants in cardboard boxes."
        ],
        "answer": "A",
        "qa_level": "within_event",
        "qa_type": "mcqa",
        "old_answer": "A"
    },
    {
        "qa_idx": 11,
        "qa_task": "camera-direction",
        "question": "Does the camera move indoors or outdoors towards the end of the event from 1633.0 to 1704.0 seconds?",
        "options": [
            "A. The camera moves indoors.",
            "B. The camera moves outdoors.",
            "C. The camera stays in the same place.",
            "D. The camera moves to a different indoor location."
        ],
        "answer": "B",
        "qa_level": "within_event",
        "qa_type": "mcqa",
        "old_answer": "B"
    },
    {
        "qa_idx": 12,
        "qa_task": "causal",
        "question": "Why are the two men wearing black shirts with 'Scape Vengers' printed on them interacting with greenery in the indoor setting from 1288.0 to 1378.0 seconds?",
        "options": [
            "A. They are preparing for a photography or filming session.",
            "B. They are engaged in a nature-related activity, possibly aquascaping.",
            "C. They are setting up a terrarium for a presentation.",
            "D. They are arranging plants for a botanical exhibition."
        ],
        "answer": "B",
        "qa_level": "cross_event",
        "qa_type": "mcqa",
        "old_answer": "B"
    },
    {
        "qa_idx": 14,
        "qa_task": "spatial-relationship",
        "question": "What is the spatial relationship between the men and their surroundings in the two video events from 373.0 to 434.0 seconds and H to e seconds?",
        "options": [
            "A. In both events, the men are indoors, surrounded by furniture and household items.",
            "B. In both events, the men are outdoors, surrounded by plants, trees, and buildings, indicating a communal gardening or landscaping activity.",
            "C. In the first event, the men are outdoors, while in the second event, they are indoors.",
            "D. In the first event, the men are indoors, while in the second event, they are outdoors."
        ],
        "answer": "B",
        "qa_level": "cross_event",
        "qa_type": "mcqa",
        "old_answer": "B"
    },
    {
        "qa_idx": 15,
        "qa_task": "temporal-relationship",
        "question": "What were the individuals doing before they were seen handling a large snake in a spacious, possibly recreational area?",
        "options": [
            "A. They were engaged in gardening activities.",
            "B. They were interacting with birds perched on their body.",
            "C. They were arranging a complex vertical garden installation.",
            "D. They were inspecting a blue plastic container on the ground."
        ],
        "answer": "B",
        "qa_level": "long_term",
        "qa_type": "mcqa",
        "old_answer": "B"
    },
    {
        "qa_idx": 16,
        "qa_task": "spatial-relationship",
        "question": "Where is the man standing when he is interacting with a phone near large blue containers or mats?",
        "options": [
            "A. In a garden with lush greenery and a thatched roof building.",
            "B. In a well-maintained garden bordered by a small decorative fence.",
            "C. In a vibrant jungle-like environment with tropical foliage.",
            "D. In a spacious recreational area with multiple objects and individuals."
        ],
        "answer": "B",
        "qa_level": "long_term",
        "qa_type": "mcqa",
        "old_answer": "B"
    },
    {
        "qa_idx": 17,
        "qa_task": "causal",
        "question": "Why were the men wearing 'Scape Vengers' shirts handling plants and gardening materials in the outdoor setting from 10.0 to 1936.0 seconds?",
        "options": [
            "A. They were preparing for a community gardening event.",
            "B. They were setting up a market for plant sales.",
            "C. They were filming a gardening tutorial.",
            "D. They were organizing a plant exhibition."
        ],
        "answer": "A",
        "qa_level": "long_term",
        "qa_type": "mcqa",
        "old_answer": "A"
    },
    {
        "qa_idx": 20,
        "qa_task": "speed",
        "question": "Which activity is performed faster, the indoor decoration or the outdoor gardening?",
        "options": [
            "A. Indoor decoration.",
            "B. Outdoor gardening.",
            "C. Both are performed at the same speed.",
            "D. None of the above."
        ],
        "answer": "B",
        "qa_level": "long_term",
        "qa_type": "mcqa",
        "old_answer": "B"
    },
    {
        "qa_idx": 21,
        "qa_task": "attribute-change",
        "question": "How does the environment change from the beginning to the end of the video segment from 10.0 to 1936.0 seconds?",
        "options": [
            "A. The environment changes from an indoor scene with a wooden structure to an outdoor garden with lush greenery.",
            "B. The environment changes from a garden setting to an indoor scene with a wooden structure.",
            "C. The environment remains the same throughout the video segment.",
            "D. The environment changes from a beach setting to a mountain setting."
        ],
        "answer": "A",
        "qa_level": "long_term",
        "qa_type": "mcqa",
        "old_answer": "A"
    },
    {
        "qa_idx": 24,
        "qa_task": "time-order",
        "question": "In which order do the events occur in the video from 10.0 to 1936.0 seconds?",
        "options": [
            "A. Indoor scene with wooden structure and plants, man gardening, vertical garden installation, vibrant flowers and driftwood structures.",
            "B. Man in white attire in front of traditional building, garden setting with blue containers, man interacting with phone, vibrant jungle-like environment with wildlife.",
            "C. Man in black outfit with 'Scape Avengers' text, men on ladders with wooden architecture, detailed wooden carvings and vine-like structures.",
            "D. All of the above."
        ],
        "answer": "D",
        "qa_level": "long_term",
        "qa_type": "mcqa",
        "old_answer": "D"
    }
]