[
    {
        "qa_idx": 0,
        "qa_type": "qa",
        "qa_level": "frame",
        "qa_task": "character-understanding",
        "question": "Is a human hand holding a rope attached to the camel's halter at 1076.0 seconds into the video?",
        "answer": "Yes",
        "old_answer": "Yes"
    },
    {
        "qa_idx": 1,
        "qa_task": "object understanding",
        "question": "What animals are being held on leads by the individuals in the frame at 2425.0 seconds into the video?",
        "options": [
            "A. Horses.",
            "B. Llamas.",
            "C. Goats.",
            "D. Sheep."
        ],
        "answer": "B",
        "qa_level": "frame",
        "qa_type": "mcqa",
        "old_answer": "B"
    },
    {
        "qa_idx": 2,
        "qa_type": "qa",
        "qa_level": "frame",
        "qa_task": "object understanding",
        "question": "Is the woman in the video frame at 582.0 seconds inside an enclosure with wire-mesh cages?",
        "answer": "Yes",
        "old_answer": "Yes"
    },
    {
        "qa_idx": 3,
        "qa_type": "qa",
        "qa_level": "within_event",
        "qa_task": "plot-understanding",
        "question": "Does the video segment from 2505.0 to 2593.0 depict a medical procedure being performed on a dog?",
        "answer": "Yes",
        "old_answer": "Yes"
    },
    {
        "qa_idx": 4,
        "qa_type": "qa",
        "qa_level": "within_event",
        "qa_task": "object understanding",
        "question": "Is there a sign labeled 'PLEASE MIND YOUR HEAD' near the doorway in the indoor facility from 627.0 to 692.0 seconds?",
        "answer": "Yes",
        "old_answer": "Yes"
    },
    {
        "qa_idx": 6,
        "qa_type": "qa",
        "qa_level": "cross_event",
        "qa_task": "speed",
        "question": "From 1796.0 to 1856.0, were the activities involving the animals, such as handling and examining, performed at a fast pace?",
        "answer": "No",
        "old_answer": "No"
    },
    {
        "qa_idx": 7,
        "qa_task": "object understanding",
        "question": "What items are found inside the chinchilla's wire mesh cage in the video from 407.0 to 434.0 seconds?",
        "options": [
            "A. A food bowl, a water dispenser, and bedding material.",
            "B. A toy car, a mirror, and a blanket.",
            "C. A scratching post, a ball, and a hammock.",
            "D. A pillow, a clock, and a small plant."
        ],
        "answer": "A",
        "qa_level": "within_event",
        "qa_type": "mcqa",
        "old_answer": "A"
    },
    {
        "qa_idx": 8,
        "qa_type": "qa",
        "qa_level": "cross_event",
        "qa_task": "object understanding",
        "question": "Is there a small animal in a wire cage in the indoor setting from 2324.0 to 2389.0 seconds?",
        "answer": "Yes",
        "old_answer": "Yes"
    },
    {
        "qa_idx": 10,
        "qa_task": "attribute-change",
        "question": "How does the lighting change as the video transitions from outdoor to indoor scenes between 843.0 and 865.0 seconds?",
        "options": [
            "A. The lighting becomes darker.",
            "B. The lighting remains the same.",
            "C. The lighting changes from natural to artificial.",
            "D. The lighting becomes brighter."
        ],
        "answer": "C",
        "qa_level": "within_event",
        "qa_type": "mcqa",
        "old_answer": "C"
    },
    {
        "qa_idx": 13,
        "qa_task": "spatial-relationship",
        "question": "Where is the woman standing when she is engaged in conversation near a glass-block façade?",
        "options": [
            "A. In a park.",
            "B. In a veterinary clinic.",
            "C. Near a glass-block façade.",
            "D. In a rustic room."
        ],
        "answer": "C",
        "qa_level": "long_term",
        "qa_type": "mcqa",
        "old_answer": "C"
    },
    {
        "qa_idx": 15,
        "qa_task": "speed",
        "question": "Which animal was shown moving faster in the video between 21.0 seconds and 2691.0 seconds?",
        "options": [
            "A. The dog.",
            "B. The alpaca.",
            "C. The chicken.",
            "D. The goose."
        ],
        "answer": "A",
        "qa_level": "long_term",
        "qa_type": "mcqa",
        "old_answer": "A"
    },
    {
        "qa_idx": 16,
        "qa_task": "attribute-change",
        "question": "How does the setting change from the beginning to the end of the video event from 21.0 seconds to 2691.0 seconds?",
        "options": [
            "A. From a verdant rural landscape to a veterinary clinic.",
            "B. From a veterinary clinic to a bustling city street.",
            "C. From a bustling city street to a serene park.",
            "D. From a serene park to a verdant rural landscape."
        ],
        "answer": "A",
        "qa_level": "long_term",
        "qa_type": "mcqa",
        "old_answer": "A"
    },
    {
        "qa_idx": 17,
        "qa_task": "time-order",
        "question": "In which order do the events occur in the video from 21.0 seconds to 2691.0 seconds?",
        "options": [
            "A. Aerial view of a rural landscape, interior of a room with exposed brick walls, man standing outdoors, person kneeling on a grassy area, man walking two dogs, aerial shot of a residential area, overhead perspective of a serene residential scene.",
            "B. Man standing outdoors, aerial view of a rural landscape, person kneeling on a grassy area, interior of a room with exposed brick walls, man walking two dogs, aerial shot of a residential area, overhead perspective of a serene residential scene.",
            "C. Aerial view of a rural landscape, man standing outdoors, interior of a room with exposed brick walls, person kneeling on a grassy area, man walking two dogs, aerial shot of a residential area, overhead perspective of a serene residential scene.",
            "D. Aerial view of a rural landscape, interior of a room with exposed brick walls, person kneeling on a grassy area, man standing outdoors, man walking two dogs, aerial shot of a residential area, overhead perspective of a serene residential scene."
        ],
        "answer": "A",
        "qa_level": "long_term",
        "qa_type": "mcqa",
        "old_answer": "A"
    }
]