[
    {
        "qa_idx": 1,
        "qa_type": "qa",
        "qa_level": "frame",
        "qa_task": "object understanding",
        "question": "Is there a dog resting on a light blue circular bed in the frame captured at 3497.0 seconds?",
        "answer": "Yes",
        "old_answer": "Yes"
    },
    {
        "qa_idx": 2,
        "qa_type": "qa",
        "qa_level": "within_event",
        "qa_task": "plot-understanding",
        "question": "Does the dog interact with a person holding a sketchbook during the event from 665.0 to 789.0 seconds?",
        "answer": "Yes",
        "old_answer": "Yes"
    },
    {
        "qa_idx": 3,
        "qa_type": "qa",
        "qa_level": "within_event",
        "qa_task": "character-understanding",
        "question": "Was the dog held by a person at any point during the event sequence from 217.0 to 311.0 seconds?",
        "answer": "Yes",
        "old_answer": "Yes"
    },
    {
        "qa_idx": 4,
        "qa_task": "descriptive-scene",
        "question": "Where is the dog resting in the video frame at 3437.0 seconds?",
        "options": [
            "A. On a striped carpet floor.",
            "B. On a light blue cushioned pet bed.",
            "C. On a pink cushioned bed.",
            "D. On a white desk with drawers."
        ],
        "answer": "B",
        "qa_level": "frame",
        "qa_type": "mcqa",
        "old_answer": "B"
    },
    {
        "qa_idx": 5,
        "qa_type": "qa",
        "qa_level": "cross_event",
        "qa_task": "object understanding",
        "question": "Is there a blue dog bed present in both video events from 217.0 to 311.0 and 388.0 to 458.0?",
        "answer": "Yes",
        "old_answer": "Yes"
    },
    {
        "qa_idx": 6,
        "qa_type": "qa",
        "qa_level": "cross_event",
        "qa_task": "speed",
        "question": "Did the person in the first event (from 3711.0 to 3740.0) engage in drawing activities at a faster pace compared to the second event (from 3782.0 to 3932.0)?",
        "answer": "No",
        "old_answer": "No"
    },
    {
        "qa_idx": 7,
        "qa_task": "camera-direction",
        "question": "Does the camera move closer to the dog or does the dog move closer to the camera between 79.0 and 111.0 seconds?",
        "options": [
            "A. The camera moves closer to the dog.",
            "B. The dog moves closer to the camera.",
            "C. The camera moves away from the dog.",
            "D. The dog moves away from the camera."
        ],
        "answer": "A",
        "qa_level": "within_event",
        "qa_type": "mcqa",
        "old_answer": "A"
    },
    {
        "qa_idx": 9,
        "qa_task": "speed",
        "question": "How does the speed of activities in the indoor setting change from the beginning to the end of the event from 3071.0 to 3188.0 seconds?",
        "options": [
            "A. The speed of activities increases significantly.",
            "B. The speed of activities remains constant.",
            "C. The speed of activities decreases significantly.",
            "D. The speed of activities fluctuates."
        ],
        "answer": "B",
        "qa_level": "cross_event",
        "qa_type": "mcqa",
        "old_answer": "B"
    },
    {
        "qa_idx": 10,
        "qa_task": "time-order",
        "question": "What is the correct sequence of events in the video from 3071.0 to 3188.0 seconds?",
        "options": [
            "A. The dog rests on a light blue bed, followed by a partially visible hand maneuvering a note, and then the dog lying on a cushioned mat.",
            "B. A partially visible hand maneuvers a note, the dog rests on a light blue bed, and then the dog continues resting on the cushioned mat.",
            "C. The dog lies on a cushioned mat, followed by a partially visible hand maneuvering a note, and then the dog resting on a light blue bed.",
            "D. The dog rests on a light blue bed, followed by the dog lying on a cushioned mat, and then a partially visible hand maneuvering a note."
        ],
        "answer": "B",
        "qa_level": "cross_event",
        "qa_type": "mcqa",
        "old_answer": "B"
    },
    {
        "qa_idx": 13,
        "qa_task": "causal",
        "question": "Why is the dog positioned centrally on a striped rug in the cozy indoor setting from 39.0 to 5576.0 seconds?",
        "options": [
            "A. The dog is being petted and interacted with by a person.",
            "B. The dog is playing with a toy.",
            "C. The dog is eating food.",
            "D. The dog is sleeping."
        ],
        "answer": "A",
        "qa_level": "long_term",
        "qa_type": "mcqa",
        "old_answer": "A"
    },
    {
        "qa_idx": 16,
        "qa_task": "camera-direction",
        "question": "How does the camera movement change from 39.0 seconds to 5576.0 seconds in the video?",
        "options": [
            "A. The camera moves closer to the dog and then focuses on the person's hands sketching.",
            "B. The camera moves away from the dog and then focuses on the person's hands sketching.",
            "C. The camera remains static throughout the video.",
            "D. The camera moves around the room without focusing on any specific object."
        ],
        "answer": "A",
        "qa_level": "long_term",
        "qa_type": "mcqa",
        "old_answer": "A"
    },
    {
        "qa_idx": 17,
        "qa_task": "speed",
        "question": "How does the speed of the dog's movements change from the beginning to the end of the video sequence from 39.0 to 5576.0 seconds?",
        "options": [
            "A. The dog remains still throughout the video.",
            "B. The dog moves quickly at the beginning and slows down towards the end.",
            "C. The dog moves slowly at the beginning and speeds up towards the end.",
            "D. The dog moves at a consistent speed throughout the video."
        ],
        "answer": "A",
        "qa_level": "long_term",
        "qa_type": "mcqa",
        "old_answer": "A"
    },
    {
        "qa_idx": 18,
        "qa_task": "attribute-change",
        "question": "How does the dog's position change throughout the video from 39.0 seconds to 5576.0 seconds?",
        "options": [
            "A. The dog remains in the same position throughout the video.",
            "B. The dog moves from a striped rug to a light blue dog bed.",
            "C. The dog starts in a light blue dog bed and moves to a striped rug.",
            "D. The dog is only seen in a light blue dog bed."
        ],
        "answer": "B",
        "qa_level": "long_term",
        "qa_type": "mcqa",
        "old_answer": "B"
    },
    {
        "qa_idx": 21,
        "qa_task": "time-order",
        "question": "In which order do the events occur in the video from 39.0 to 5576.0 seconds?",
        "options": [
            "A. The dog is positioned centrally on a striped rug, the dog is gently held by a person, the dog interacts with a person holding a spiral-bound sketchbook, the dog lies comfortably in a round, blue dog bed, the person sketches in a spiral-bound notebook.",
            "B. The dog is positioned centrally on a striped rug, the person sketches in a spiral-bound notebook, the dog interacts with a person holding a spiral-bound sketchbook, the dog lies comfortably in a round, blue dog bed, the dog is gently held by a person.",
            "C. The person sketches in a spiral-bound notebook, the dog is positioned centrally on a striped rug, the dog is gently held by a person, the dog interacts with a person holding a spiral-bound sketchbook, the dog lies comfortably in a round, blue dog bed.",
            "D. The dog is positioned centrally on a striped rug, the dog lies comfortably in a round, blue dog bed, the dog interacts with a person holding a spiral-bound sketchbook, the person sketches in a spiral-bound notebook, the dog is gently held by a person."
        ],
        "answer": "A",
        "qa_level": "long_term",
        "qa_type": "mcqa",
        "old_answer": "A"
    }
]