[
    {
        "qa_idx": 0,
        "qa_type": "qa",
        "qa_level": "frame",
        "qa_task": "object understanding",
        "question": "Is there a white mug in the lower-left corner of the frame at 5265.0 seconds into the video?",
        "answer": "Yes",
        "old_answer": "Yes"
    },
    {
        "qa_idx": 1,
        "qa_task": "object understanding",
        "question": "What objects are prominently featured in the frame at 7918.0 seconds into the video?",
        "options": [
            "A. Two microphones.",
            "B. A computer and a keyboard.",
            "C. A camera and a tripod.",
            "D. A table and a chair."
        ],
        "answer": "A",
        "qa_level": "frame",
        "qa_type": "mcqa",
        "old_answer": "A"
    },
    {
        "qa_idx": 2,
        "qa_type": "qa",
        "qa_level": "within_event",
        "qa_task": "camera-direction",
        "question": "From 2472.0 to 2539.0 seconds, does the camera remain stationary while capturing the scene in the recording studio?",
        "answer": "Yes",
        "old_answer": "Yes"
    },
    {
        "qa_idx": 4,
        "qa_type": "qa",
        "qa_level": "cross_event",
        "qa_task": "object understanding",
        "question": "Is there a neon 'MPOD' sign present in both events from the time of 7488.0 to 7552.0 and 7566.0 to 7651.0?",
        "answer": "Yes",
        "old_answer": "Yes"
    },
    {
        "qa_idx": 6,
        "qa_type": "qa",
        "qa_level": "long_term",
        "qa_task": "object understanding",
        "question": "Is there a neon sign displaying 'MPOD' in the background of the podcast studio setup from 31.0 seconds to 8148.0 seconds?",
        "answer": "Yes",
        "old_answer": "Yes"
    },
    {
        "qa_idx": 7,
        "qa_type": "qa",
        "qa_level": "long_term",
        "qa_task": "action-understanding",
        "question": "In the video event from 30.0 to 8148.0 seconds, does the woman ever remove the microphones from their stands?",
        "answer": "No",
        "old_answer": "No"
    },
    {
        "qa_idx": 9,
        "qa_task": "object-direction",
        "question": "In the events from 7488.0 to 7552.0 seconds and H to e seconds, what is the direction of the movement of the microphones?",
        "options": [
            "A. The microphones move from left to right.",
            "B. The microphones move from right to left.",
            "C. The microphones remain stationary.",
            "D. The microphones move in a circular direction."
        ],
        "answer": "C",
        "qa_level": "cross_event",
        "qa_type": "mcqa",
        "old_answer": "C"
    },
    {
        "qa_idx": 12,
        "qa_task": "camera-direction",
        "question": "How does the camera movement change from the 30.0-second mark to the 8148.0-second mark in the video?",
        "options": [
            "A. The camera remains static throughout the video.",
            "B. The camera moves closer to the subjects and captures different angles of the recording setup.",
            "C. The camera zooms out to show the entire studio environment.",
            "D. The camera pans from left to right continuously."
        ],
        "answer": "B",
        "qa_level": "long_term",
        "qa_type": "mcqa",
        "old_answer": "B"
    },
    {
        "qa_idx": 13,
        "qa_task": "speed",
        "question": "Who is faster in engaging with the microphones, the man or the woman, between 30.0 and 8148.0 seconds?",
        "options": [
            "A. The man.",
            "B. The woman.",
            "C. Both are at the same speed.",
            "D. None of the above."
        ],
        "answer": "B",
        "qa_level": "long_term",
        "qa_type": "mcqa",
        "old_answer": "B"
    },
    {
        "qa_idx": 14,
        "qa_task": "attribute-change",
        "question": "How does the background change from the beginning to the end of the video event from 30.0 to 8148.0 seconds?",
        "options": [
            "A. The background changes from a textured wall with plant foliage to a dark brick wall with a neon sign.",
            "B. The background changes from a dark brick wall with a neon sign to a textured wall with plant foliage.",
            "C. The background remains the same throughout the video event.",
            "D. The background changes from a plain wall to a textured wall with plant foliage."
        ],
        "answer": "A",
        "qa_level": "long_term",
        "qa_type": "mcqa",
        "old_answer": "A"
    },
    {
        "qa_idx": 15,
        "qa_task": "character-understanding",
        "question": "What is the woman in the light-colored hoodie doing in the recording studio between 30.0 and 8148.0 seconds?",
        "options": [
            "A. She is singing.",
            "B. She is speaking into multiple microphones.",
            "C. She is playing a musical instrument.",
            "D. She is adjusting the lighting."
        ],
        "answer": "B",
        "qa_level": "long_term",
        "qa_type": "mcqa",
        "old_answer": "B"
    },
    {
        "qa_idx": 17,
        "qa_task": "time-order",
        "question": "In which order do the events occur in the video from 30.0 to 8148.0 seconds?",
        "options": [
            "A. A man in a hoodie is speaking into microphones, followed by two women seated at a round table with microphones, then a woman speaking into a microphone, and finally a neon sign reading '+IMPOD' with 'COM WHINDERSSON NUNES'.",
            "B. A woman speaking into a microphone, followed by a man in a hoodie speaking into microphones, then two women seated at a round table with microphones, and finally a neon sign reading '+IMPOD' with 'COM WHINDERSSON NUNES'.",
            "C. Two women seated at a round table with microphones, followed by a man in a hoodie speaking into microphones, then a woman speaking into a microphone, and finally a neon sign reading '+IMPOD' with 'COM WHINDERSSON NUNES'.",
            "D. A neon sign reading '+IMPOD' with 'COM WHINDERSSON NUNES', followed by a man in a hoodie speaking into microphones, then two women seated at a round table with microphones, and finally a woman speaking into a microphone."
        ],
        "answer": "A",
        "qa_level": "long_term",
        "qa_type": "mcqa",
        "old_answer": "A"
    }
]