[
    {
        "qa_idx": 1,
        "qa_type": "qa",
        "qa_level": "within_event",
        "qa_task": "camera-direction",
        "question": "Is the camera moving towards the pier extending over the calm water from 1004.0 to 1064.0 seconds?",
        "answer": "No",
        "old_answer": "No"
    },
    {
        "qa_idx": 3,
        "qa_type": "qa",
        "qa_level": "cross_event",
        "qa_task": "speed",
        "question": "Did the scene in the video event from 4004.0 to 4255.0 unfold at a fast pace?",
        "answer": "No",
        "old_answer": "No"
    },
    {
        "qa_idx": 5,
        "qa_type": "qa",
        "qa_level": "cross_event",
        "qa_task": "object understanding",
        "question": "Is there a pier extending into the water in both video events from 2504.0 to 3255.0 and 3504.0 to 3755.0?",
        "answer": "Yes",
        "old_answer": "Yes"
    },
    {
        "qa_idx": 6,
        "qa_type": "qa",
        "qa_level": "long_term",
        "qa_task": "action-understanding",
        "question": "Does the video show any action other than the display of promotional text and serene scenery from 504.0 to 5255.0 seconds?",
        "answer": "No",
        "old_answer": "No"
    },
    {
        "qa_idx": 8,
        "qa_task": "attribute-change",
        "question": "How does the lighting in the scene change from the beginning to the end of the video event from 2254.0 seconds to 2314.0 seconds?",
        "options": [
            "A. The lighting remains constant throughout the scene.",
            "B. The lighting changes from bright daylight to a darker night setting.",
            "C. The lighting changes from a twilight setting to complete darkness.",
            "D. The lighting changes from a twilight setting to a brighter daylight."
        ],
        "answer": "C",
        "qa_level": "cross_event",
        "qa_type": "mcqa",
        "old_answer": "C"
    },
    {
        "qa_idx": 12,
        "qa_task": "spatial-relationship",
        "question": "What is prominently displayed at the top portion of the frame in the serene scene featuring a pier extending into a calm body of water?",
        "options": [
            "A. Social media handles and a contact number.",
            "B. The 'Radio Squad' logo.",
            "C. The text 'Vale Fercha La Mañana'.",
            "D. The show's airing schedule."
        ],
        "answer": "C",
        "qa_level": "long_term",
        "qa_type": "mcqa",
        "old_answer": "C"
    },
    {
        "qa_idx": 17,
        "qa_task": "camera-direction",
        "question": "What direction does the camera move in the video event from 504.0 to 5255.0 seconds?",
        "options": [
            "A. The camera moves closer to the pier.",
            "B. The camera moves away from the pier.",
            "C. The camera remains stationary.",
            "D. The camera moves around the pier."
        ],
        "answer": "C",
        "qa_level": "long_term",
        "qa_type": "mcqa",
        "old_answer": "C"
    },
    {
        "qa_idx": 18,
        "qa_task": "speed",
        "question": "How does the sky change in the video from 504.0 seconds to 5255.0 seconds?",
        "options": [
            "A. The sky transitions from dark blues to warm yellows and oranges.",
            "B. The sky remains dark blue throughout.",
            "C. The sky transitions from warm yellows and oranges to dark blues.",
            "D. The sky remains warm yellow throughout."
        ],
        "answer": "A",
        "qa_level": "long_term",
        "qa_type": "mcqa",
        "old_answer": "A"
    }
]