[
    {
        "qa_idx": 0,
        "qa_type": "qa",
        "qa_level": "frame",
        "qa_task": "object understanding",
        "question": "Is there a candelabra on the dining table in the frame captured at 109.0 seconds?",
        "answer": "Yes",
        "old_answer": "Yes"
    },
    {
        "qa_idx": 1,
        "qa_task": "descriptive-scene",
        "question": "Where does the scene at 251.0 seconds into the video take place?",
        "options": [
            "A. In a classroom.",
            "B. In a kitchen.",
            "C. Outdoors with green foliage or trees.",
            "D. In a living room."
        ],
        "answer": "C",
        "qa_level": "frame",
        "qa_type": "mcqa",
        "old_answer": "C"
    },
    {
        "qa_idx": 2,
        "qa_type": "qa",
        "qa_level": "frame",
        "qa_task": "character-understanding",
        "question": "Are the animated animal characters standing on green grass at 1789.0 seconds into the video?",
        "answer": "Yes",
        "old_answer": "Yes"
    },
    {
        "qa_idx": 3,
        "qa_task": "descriptive-scene",
        "question": "Where does the scene at 1824.0 seconds take place?",
        "options": [
            "A. In a kitchen.",
            "B. In an office.",
            "C. In an outdoor environment.",
            "D. In a classroom."
        ],
        "answer": "C",
        "qa_level": "frame",
        "qa_type": "mcqa",
        "old_answer": "C"
    },
    {
        "qa_idx": 4,
        "qa_type": "qa",
        "qa_level": "within_event",
        "qa_task": "speed",
        "question": "Did the pigs interact with the toys at a fast pace between 768.0 and 828.0 seconds?",
        "answer": "No",
        "old_answer": "No"
    },
    {
        "qa_idx": 5,
        "qa_task": "object understanding",
        "question": "What is the shape of the slide seen in the frame at 208.0 seconds into the video?",
        "options": [
            "A. A dragon.",
            "B. A dinosaur.",
            "C. A spaceship.",
            "D. A castle."
        ],
        "answer": "B",
        "qa_level": "frame",
        "qa_type": "mcqa",
        "old_answer": "B"
    },
    {
        "qa_idx": 6,
        "qa_type": "qa",
        "qa_level": "within_event",
        "qa_task": "action-understanding",
        "question": "Is the purple dinosaur standing on a grassy hill in the video event from 1548.0 to 1552.0 seconds?",
        "answer": "Yes",
        "old_answer": "Yes"
    },
    {
        "qa_idx": 7,
        "qa_task": "object understanding",
        "question": "What are the characters wearing in the frame at 1782 seconds into the video?",
        "options": [
            "A. Two characters in matching pink outfits, one with a black eye mask, and one character in a purple outfit.",
            "B. Two characters in blue outfits, one with a red hat, and one character in a green outfit.",
            "C. Two characters in yellow outfits, one with a white scarf, and one character in a black outfit.",
            "D. Two characters in red outfits, one with a green mask, and one character in a blue outfit."
        ],
        "answer": "A",
        "qa_level": "frame",
        "qa_type": "mcqa",
        "old_answer": "A"
    },
    {
        "qa_idx": 8,
        "qa_type": "qa",
        "qa_level": "cross_event",
        "qa_task": "character-understanding",
        "question": "In both events from 302.0 to 355.0 and 369.0 to 429.0, do the scenes include animated pig characters?",
        "answer": "Yes",
        "old_answer": "Yes"
    },
    {
        "qa_idx": 9,
        "qa_type": "qa",
        "qa_level": "cross_event",
        "qa_task": "speed",
        "question": "Did the interactions between the pig characters in the first event (768.0 to 828.0) occur at a slower pace compared to the second event (829.0 to 880.0)?",
        "answer": "Yes",
        "old_answer": "Yes"
    },
    {
        "qa_idx": 10,
        "qa_task": "descriptive-scene",
        "question": "Where do the events in the video take place from 940.0 to 1009.0 seconds?",
        "options": [
            "A. A cozy and colorful children's bedroom transitioning to a warmly decorated indoor room and then to a brightly colored room with purple furniture.",
            "B. A playground with various outdoor activities and a picnic area.",
            "C. A school classroom with desks and a blackboard.",
            "D. A busy city street with cars and pedestrians."
        ],
        "answer": "A",
        "qa_level": "cross_event",
        "qa_type": "mcqa",
        "old_answer": "A"
    },
    {
        "qa_idx": 11,
        "qa_task": "camera-direction",
        "question": "Between the time of 505.0 seconds to 610.0 seconds and H seconds to e seconds, how does the camera movement contribute to the depiction of the children's bedroom?",
        "options": [
            "A. The camera remains static, focusing on the bunk beds and toys.",
            "B. The camera moves forward to show the details of the children's drawings and toys.",
            "C. The camera pans around the room to capture the entire ambiance and decorations.",
            "D. The camera zooms in on the clock to emphasize the time past 8 o'clock."
        ],
        "answer": "B",
        "qa_level": "cross_event",
        "qa_type": "mcqa",
        "old_answer": "B"
    },
    {
        "qa_idx": 12,
        "qa_task": "time-order",
        "question": "In which order do the events occur in the video from 3.0 to 1860.0 seconds?",
        "options": [
            "A. The video begins with a black screen, transitions to a children's bedroom, then to a grand hall, and back to the children's bedroom.",
            "B. The video starts with a black screen, transitions to a children's bedroom, then to a grand hall, and finally to a dining room.",
            "C. The video starts with a black screen, transitions to a children's bedroom, then to a grand hall, and finally to an outdoor setting.",
            "D. The video starts with a black screen, transitions to a children's bedroom, then to a grand hall, and finally to a cozy indoor setting."
        ],
        "answer": "A",
        "qa_level": "long_term",
        "qa_type": "mcqa",
        "old_answer": "A"
    },
    {
        "qa_idx": 14,
        "qa_task": "attribute-change",
        "question": "How does the setting change from the beginning to the end of the video from 3.0 to 1860.0 seconds?",
        "options": [
            "A. From a children's bedroom to a vibrant forest.",
            "B. From a vibrant forest to a children's bedroom.",
            "C. From a children's bedroom to a grocery store.",
            "D. From a grocery store to a children's bedroom."
        ],
        "answer": "A",
        "qa_level": "long_term",
        "qa_type": "mcqa",
        "old_answer": "A"
    },
    {
        "qa_idx": 15,
        "qa_task": "object understanding",
        "question": "What toys are seen in the children's bedroom throughout the video from 3.0 to 1860.0 seconds?",
        "options": [
            "A. A toy dinosaur, a teddy bear, a toy train, and building blocks.",
            "B. A toy car, a toy airplane, a toy robot, and a toy boat.",
            "C. A toy horse, a toy drum, a toy trumpet, and a toy piano.",
            "D. A toy cat, a toy dog, a toy rabbit, and a toy elephant."
        ],
        "answer": "A",
        "qa_level": "long_term",
        "qa_type": "mcqa",
        "old_answer": "A"
    },
    {
        "qa_idx": 16,
        "qa_task": "descriptive-scene",
        "question": "What is the primary setting of the video from 3.0 to 1860.0 seconds?",
        "options": [
            "A. A children's bedroom with toys and bunk beds.",
            "B. A forest with whimsical characters.",
            "C. A grocery store with colorful shelves.",
            "D. A cozy kitchen with a steaming cup of coffee."
        ],
        "answer": "A",
        "qa_level": "long_term",
        "qa_type": "mcqa",
        "old_answer": "A"
    }
]