[
    {
        "qa_idx": 0,
        "qa_task": "spatial-relationship",
        "question": "What is placed on the table in front of the man on the right at 1231 seconds into the video?",
        "options": [
            "A. A laptop.",
            "B. A drink.",
            "C. A book.",
            "D. A microphone."
        ],
        "answer": "B",
        "qa_level": "frame",
        "qa_type": "mcqa",
        "old_answer": "B"
    },
    {
        "qa_idx": 1,
        "qa_type": "qa",
        "qa_level": "frame",
        "qa_task": "object understanding",
        "question": "Is there a water bottle on the table in the video frame at 892.0 seconds?",
        "answer": "Yes",
        "old_answer": "Yes"
    },
    {
        "qa_idx": 3,
        "qa_type": "qa",
        "qa_level": "within_event",
        "qa_task": "object understanding",
        "question": "Is there a water bottle on the table in the studio from 695.0 to 762.0 seconds?",
        "answer": "Yes",
        "old_answer": "Yes"
    },
    {
        "qa_idx": 4,
        "qa_type": "qa",
        "qa_level": "within_event",
        "qa_task": "object understanding",
        "question": "Is there a mounted television screen in the background of the video from 1219.0 to 1285.0 seconds?",
        "answer": "Yes",
        "old_answer": "Yes"
    },
    {
        "qa_idx": 6,
        "qa_type": "qa",
        "qa_level": "cross_event",
        "qa_task": "object understanding",
        "question": "Is there a hat visible in the lower foreground of the video from 1734.0 to 1795.0?",
        "answer": "Yes",
        "old_answer": "Yes"
    },
    {
        "qa_idx": 8,
        "qa_type": "qa",
        "qa_level": "cross_event",
        "qa_task": "object understanding",
        "question": "Is there a fedora hat present in both video events from 1486.0 to 1604.0 and 1605.0 to 1727.0?",
        "answer": "Yes",
        "old_answer": "Yes"
    },
    {
        "qa_idx": 11,
        "qa_task": "attribute-change",
        "question": "How does the atmosphere in the studio change from the beginning to the end of the event from 1012.0 seconds to 1089.0 seconds?",
        "options": [
            "A. The atmosphere becomes more tense and formal.",
            "B. The atmosphere remains consistently lively and casual.",
            "C. The atmosphere shifts from casual to highly professional.",
            "D. The atmosphere becomes quieter and more subdued."
        ],
        "answer": "B",
        "qa_level": "cross_event",
        "qa_type": "mcqa",
        "old_answer": "B"
    },
    {
        "qa_idx": 13,
        "qa_task": "attribute-change",
        "question": "How does the environment change from the beginning to the end of the video events between 2026.0 seconds to 2139.0 seconds and H seconds to e seconds?",
        "options": [
            "A. The environment changes from a quiet rural setting to a bustling urban area.",
            "B. The environment changes from an indoor setting to an outdoor urban setting.",
            "C. The environment remains consistently an outdoor urban setting with evolving social interactions.",
            "D. The environment changes from a nighttime scene to a broad daylight scene."
        ],
        "answer": "C",
        "qa_level": "cross_event",
        "qa_type": "mcqa",
        "old_answer": "C"
    },
    {
        "qa_idx": 14,
        "qa_task": "spatial-relationship",
        "question": "Where is the person wearing a fedora typically positioned in the radio studio?",
        "options": [
            "A. On the left side of the frame.",
            "B. On the right side of the frame.",
            "C. In the center of the frame.",
            "D. Behind the computer monitors."
        ],
        "answer": "B",
        "qa_level": "long_term",
        "qa_type": "mcqa",
        "old_answer": "B"
    },
    {
        "qa_idx": 18,
        "qa_task": "object-direction",
        "question": "In which direction does the person wearing a fedora lean towards during the discussion in the radio studio setting from 5.0 to 2250.0 seconds?",
        "options": [
            "A. Towards the left.",
            "B. Towards the right.",
            "C. Towards the center.",
            "D. Towards the back."
        ],
        "answer": "C",
        "qa_level": "long_term",
        "qa_type": "mcqa",
        "old_answer": "C"
    },
    {
        "qa_idx": 19,
        "qa_task": "camera-direction",
        "question": "How does the camera move throughout the video event from 5.0 to 2250.0 seconds in the professional radio studio setting?",
        "options": [
            "A. The camera remains stationary.",
            "B. The camera moves closer to the participants.",
            "C. The camera moves around the participants.",
            "D. The camera zooms out to show the entire studio."
        ],
        "answer": "C",
        "qa_level": "long_term",
        "qa_type": "mcqa",
        "old_answer": "C"
    },
    {
        "qa_idx": 20,
        "qa_task": "speed",
        "question": "Which individual is more actively engaged in the conversation during the broadcast session from 763.0 to 2250.0 seconds?",
        "options": [
            "A. The person wearing a fedora.",
            "B. The person in a black Nike hoodie.",
            "C. The person in a black t-shirt with an American flag design.",
            "D. The person behind the computer monitors."
        ],
        "answer": "A",
        "qa_level": "long_term",
        "qa_type": "mcqa",
        "old_answer": "A"
    },
    {
        "qa_idx": 21,
        "qa_task": "attribute-change",
        "question": "How does the studio environment change from the beginning to the end of the video event from 5.0 to 2250.0 seconds?",
        "options": [
            "A. The studio becomes more cluttered with personal items and equipment.",
            "B. The studio becomes less cluttered and more organized.",
            "C. The studio changes its branding and logos.",
            "D. The studio changes its lighting and color scheme."
        ],
        "answer": "A",
        "qa_level": "long_term",
        "qa_type": "mcqa",
        "old_answer": "A"
    }
]