[
    {
        "qa_idx": 0,
        "qa_type": "qa",
        "qa_level": "frame",
        "qa_task": "character-understanding",
        "question": "Is there a black silhouette of a hand-like shape in the foreground at 573.0 seconds?",
        "answer": "Yes",
        "old_answer": "Yes"
    },
    {
        "qa_idx": 2,
        "qa_task": "object understanding",
        "question": "What is the cartoonish figure wearing at 361.0 seconds into the video?",
        "options": [
            "A. A red outfit with a heart emblem.",
            "B. A green outfit with a circle emblem.",
            "C. A blue outfit with a star emblem.",
            "D. A yellow outfit with a triangle emblem."
        ],
        "answer": "C",
        "qa_level": "frame",
        "qa_type": "mcqa",
        "old_answer": "C"
    },
    {
        "qa_idx": 3,
        "qa_type": "qa",
        "qa_level": "within_event",
        "qa_task": "object understanding",
        "question": "Is there a green crayon-shaped object near the animated carrot figure at the beginning of the event from 486.0 to 546.0 seconds?",
        "answer": "Yes",
        "old_answer": "Yes"
    },
    {
        "qa_idx": 5,
        "qa_type": "qa",
        "qa_level": "cross_event",
        "qa_task": "action-understanding",
        "question": "In the scenes from 853.0 to 915.0 and 958.0 to 1010.0, do the stick-figure characters engage in a game of chess?",
        "answer": "No",
        "old_answer": "No"
    },
    {
        "qa_idx": 6,
        "qa_task": "camera-direction",
        "question": "How does the camera movement emphasize the interaction between the blue stick-figure character and the smartphone from 1646.0 to 1706.0 seconds?",
        "options": [
            "A. The camera zooms in on the blue stick-figure character to highlight the engagement with the smartphone.",
            "B. The camera pans left to right to show the entire scene of the blue stick-figure character walking.",
            "C. The camera remains static, focusing on the background of wrinkled notebook paper.",
            "D. The camera moves backward to show the entire setting of the blue stick-figure character and the smartphone."
        ],
        "answer": "A",
        "qa_level": "cross_event",
        "qa_type": "mcqa",
        "old_answer": "A"
    },
    {
        "qa_idx": 7,
        "qa_task": "character-understanding",
        "question": "What are the main actions and expressions of the characters in the video events from 486.0 to 546.0 seconds?",
        "options": [
            "A. The carrot figure is lying on its side with eyes crossed out, and later appears with eyes closed and tongue out. The broccoli character is partially covered by a pink pillow and blanket with a disgruntled expression, and later appears alarmed under a suspended knife.",
            "B. The carrot figure is standing upright with a happy expression, and the broccoli character is dancing joyfully.",
            "C. The carrot figure is running around energetically, and the broccoli character is smiling and waving.",
            "D. The carrot figure is sitting quietly, and the broccoli character is reading a book."
        ],
        "answer": "A",
        "qa_level": "cross_event",
        "qa_type": "mcqa",
        "old_answer": "A"
    },
    {
        "qa_idx": 12,
        "qa_task": "camera-direction",
        "question": "How does the camera move in the video event from 3.0 to 1785.0 seconds?",
        "options": [
            "A. The camera remains static throughout the video.",
            "B. The camera zooms in and out on the characters and scenes.",
            "C. The camera pans left and right to follow the characters.",
            "D. The camera rotates around the characters."
        ],
        "answer": "B",
        "qa_level": "long_term",
        "qa_type": "mcqa",
        "old_answer": "B"
    },
    {
        "qa_idx": 13,
        "qa_task": "speed",
        "question": "Which character's vehicle is depicted as moving faster in the video from 3.0 to 1785.0 seconds?",
        "options": [
            "A. The character in the blue and white airplane.",
            "B. The character in the red airplane.",
            "C. The character in the orange airplane.",
            "D. The character in the futuristic blue and white vehicle."
        ],
        "answer": "D",
        "qa_level": "long_term",
        "qa_type": "mcqa",
        "old_answer": "D"
    },
    {
        "qa_idx": 14,
        "qa_task": "attribute-change",
        "question": "How does the background change throughout the video from 3.0 to 1785.0 seconds?",
        "options": [
            "A. The background changes from a crumpled lined paper to a plain white background.",
            "B. The background remains consistently as crumpled lined paper with various animated scenes.",
            "C. The background changes from a crumpled lined paper to a digital screen.",
            "D. The background changes from a crumpled lined paper to a colorful gradient."
        ],
        "answer": "B",
        "qa_level": "long_term",
        "qa_type": "mcqa",
        "old_answer": "B"
    }
]