[
    {
        "qa_idx": 0,
        "qa_type": "qa",
        "qa_level": "frame",
        "qa_task": "character-understanding",
        "question": "Is the man standing in front of a door at 1509.0 seconds into the video?",
        "answer": "Yes",
        "old_answer": "Yes"
    },
    {
        "qa_idx": 1,
        "qa_type": "qa",
        "qa_level": "within_event",
        "qa_task": "object understanding",
        "question": "Is there a pink object visible in the background during the close-up view of the traditional footwear from 968.0 to 1002.0 seconds?",
        "answer": "Yes",
        "old_answer": "Yes"
    },
    {
        "qa_idx": 2,
        "qa_type": "qa",
        "qa_level": "cross_event",
        "qa_task": "camera-direction",
        "question": "From the time of 572.0 to 632.0, does the camera focus on detailed close-up views of feet, hands, and clothing elements in a domestic setting?",
        "answer": "Yes",
        "old_answer": "Yes"
    },
    {
        "qa_idx": 3,
        "qa_type": "qa",
        "qa_level": "cross_event",
        "qa_task": "character-understanding",
        "question": "In both events from 445.0 to 507.0 and 511.0 to 571.0, was there a man wearing a light-colored sweater?",
        "answer": "Yes",
        "old_answer": "Yes"
    },
    {
        "qa_idx": 5,
        "qa_type": "qa",
        "qa_level": "long_term",
        "qa_task": "object understanding",
        "question": "Is there a Givenchy shopping bag visible in the retail environment scene between 5.0 and 2943.0 seconds?",
        "answer": "Yes",
        "old_answer": "Yes"
    },
    {
        "qa_idx": 6,
        "qa_task": "object-direction",
        "question": "In the video event from 2874.0 to 2932.0 seconds, which direction is the pink umbrella lying on the ground relative to the tree surrounded by handwritten notices and signs?",
        "options": [
            "A. In front of the tree.",
            "B. Behind the tree.",
            "C. To the left of the tree.",
            "D. To the right of the tree."
        ],
        "answer": "A",
        "qa_level": "within_event",
        "qa_type": "mcqa",
        "old_answer": "A"
    },
    {
        "qa_idx": 8,
        "qa_task": "camera-direction",
        "question": "How does the camera movement change from the beginning to the end of the event from 355.0 to 417.0 seconds?",
        "options": [
            "A. The camera starts by focusing on personal interactions and then moves to showcase detailed craftsmanship of shoes.",
            "B. The camera starts by focusing on a shoe store and then moves to capture personal interactions.",
            "C. The camera remains stationary throughout the event.",
            "D. The camera starts by focusing on the detailed craftsmanship of shoes and then moves to personal interactions."
        ],
        "answer": "A",
        "qa_level": "cross_event",
        "qa_type": "mcqa",
        "old_answer": "A"
    },
    {
        "qa_idx": 9,
        "qa_task": "temporal-relationship",
        "question": "What happens after the scene of a woman in a sun hat and backpack at an outdoor cultural or historical site?",
        "options": [
            "A. The scene transitions to a simple branding image featuring the '1+1' logo.",
            "B. The scene transitions to a bustling, vibrant retail environment.",
            "C. The scene transitions to a serene beach shot with a person reflecting the sky in a mirror.",
            "D. The scene transitions to a woman in red attire walking along a leaf-strewn path."
        ],
        "answer": "A",
        "qa_level": "long_term",
        "qa_type": "mcqa",
        "old_answer": "A"
    },
    {
        "qa_idx": 11,
        "qa_task": "plot-understanding",
        "question": "What is the main focus of the video from 5.0 to 2943.0 seconds?",
        "options": [
            "A. A cultural and historical exploration with a focus on traditional attire and footwear.",
            "B. A medical procedure and hospital environment.",
            "C. A bustling urban street and retail shopping experience.",
            "D. A serene beach and nature exploration."
        ],
        "answer": "A",
        "qa_level": "long_term",
        "qa_type": "mcqa",
        "old_answer": "A"
    },
    {
        "qa_idx": 12,
        "qa_task": "camera-direction",
        "question": "In the video segment from 5.0 to 2943.0 seconds, what direction does the camera move when capturing the scene of the woman in a red attire walking along a leaf-strewn path?",
        "options": [
            "A. The camera moves forward, creating a tunnel effect with leafless trees.",
            "B. The camera moves backward, showing the entire path.",
            "C. The camera moves sideways, capturing the side view of the path.",
            "D. The camera remains stationary, focusing on the woman."
        ],
        "answer": "A",
        "qa_level": "long_term",
        "qa_type": "mcqa",
        "old_answer": "A"
    },
    {
        "qa_idx": 13,
        "qa_task": "speed",
        "question": "Which is faster, the woman in red attire walking along a leaf-strewn path or the bustling retail environment with various objects on display?",
        "options": [
            "A. The woman in red attire walking along a leaf-strewn path.",
            "B. The bustling retail environment with various objects on display.",
            "C. Both are at the same speed.",
            "D. None of the above."
        ],
        "answer": "B",
        "qa_level": "long_term",
        "qa_type": "mcqa",
        "old_answer": "B"
    },
    {
        "qa_idx": 14,
        "qa_task": "attribute-change",
        "question": "How does the focus of the video change from the beginning to the end?",
        "options": [
            "A. From a cultural site to a bustling retail environment.",
            "B. From a serene beach to a historical indoor setting.",
            "C. From a bustling retail environment to a serene garden.",
            "D. From a historical indoor setting to a bustling retail environment."
        ],
        "answer": "A",
        "qa_level": "long_term",
        "qa_type": "mcqa",
        "old_answer": "A"
    },
    {
        "qa_idx": 15,
        "qa_task": "character-understanding",
        "question": "What is the woman wearing in the scene at the outdoor cultural or historical site at the beginning of the event?",
        "options": [
            "A. A sun hat and backpack.",
            "B. A red dress.",
            "C. A blue jacket.",
            "D. A floral-patterned coat."
        ],
        "answer": "A",
        "qa_level": "long_term",
        "qa_type": "mcqa",
        "old_answer": "A"
    },
    {
        "qa_idx": 16,
        "qa_task": "object understanding",
        "question": "What kind of footwear is prominently displayed in the retail store scenes from 266.0 to 883.0 seconds?",
        "options": [
            "A. Sneakers.",
            "B. High-heeled shoes.",
            "C. Sandals.",
            "D. Boots."
        ],
        "answer": "B",
        "qa_level": "long_term",
        "qa_type": "mcqa",
        "old_answer": "B"
    },
    {
        "qa_idx": 17,
        "qa_task": "time-order",
        "question": "In which order do the events occur in the video from 5.0 to 2943.0 seconds?",
        "options": [
            "A. The event begins with a scene at an outdoor cultural or historical site, transitions to a serene beach, and then to a woman in red attire walking along a leaf-strewn path.",
            "B. The event starts inside a bustling footwear store, transitions to a scene of a person cleaning their foot, and then to a bustling shoe store.",
            "C. The event starts with a man in a blue jacket holding a boxed item, transitions to a woman holding intricately embroidered shoes, and then to a shoe store.",
            "D. The event begins with a close-up image of a limb-like structure, transitions to a man gesticulating, and then to a woman in a floral-patterned top."
        ],
        "answer": "A",
        "qa_level": "long_term",
        "qa_type": "mcqa",
        "old_answer": "A"
    }
]