[
    {
        "qa_idx": 1,
        "qa_type": "qa",
        "qa_level": "frame",
        "qa_task": "character-understanding",
        "question": "Were both the man and the woman holding microphones at 1554.0 seconds into the video?",
        "answer": "Yes",
        "old_answer": "Yes"
    },
    {
        "qa_idx": 2,
        "qa_task": "character-understanding",
        "question": "What is the man in the video doing at 2951.0 seconds?",
        "options": [
            "A. The man is dancing.",
            "B. The man is singing.",
            "C. The man is holding a microphone and likely speaking or being interviewed.",
            "D. The man is playing an instrument."
        ],
        "answer": "C",
        "qa_level": "frame",
        "qa_type": "mcqa",
        "old_answer": "C"
    },
    {
        "qa_idx": 3,
        "qa_type": "qa",
        "qa_level": "within_event",
        "qa_task": "character-understanding",
        "question": "Was the woman holding a microphone branded with the Multishow logo at the beginning of the event from 197.0 to 269.0 seconds?",
        "answer": "Yes",
        "old_answer": "Yes"
    },
    {
        "qa_idx": 4,
        "qa_task": "object understanding",
        "question": "What is the woman in the foreground wearing at 4366.0 seconds into the video?",
        "options": [
            "A. A shiny top, black shorts, and patterned tights.",
            "B. A red dress and white shoes.",
            "C. A blue shirt and jeans.",
            "D. A green jacket and black pants."
        ],
        "answer": "A",
        "qa_level": "frame",
        "qa_type": "mcqa",
        "old_answer": "A"
    },
    {
        "qa_idx": 6,
        "qa_type": "qa",
        "qa_level": "cross_event",
        "qa_task": "speed",
        "question": "From 372.0 to 396.0, is the woman presenting at a fast pace compared to the activities in the studio from 397.0 to 703.0?",
        "answer": "No",
        "old_answer": "No"
    },
    {
        "qa_idx": 7,
        "qa_type": "qa",
        "qa_level": "cross_event",
        "qa_task": "speed",
        "question": "From 2050.0 to 2110.0, are the interactions and movements of people in the broadcast setting happening at a fast pace?",
        "answer": "No",
        "old_answer": "No"
    },
    {
        "qa_idx": 9,
        "qa_type": "qa",
        "qa_level": "long_term",
        "qa_task": "action-understanding",
        "question": "Did the woman with long purple hair and tattoos perform a live musical performance on stage during the Rock in Rio event between 197.0 and 4366.0 seconds?",
        "answer": "No",
        "old_answer": "No"
    },
    {
        "qa_idx": 10,
        "qa_task": "time-order",
        "question": "What is the sequence of events in the video from 2319.0 to 2399.0 seconds?",
        "options": [
            "A. The participants are seated, holding microphones, and engaged in a discussion, followed by a transition showing the audience and the studio decor.",
            "B. The participants are standing and performing on stage, followed by a transition to a seated discussion.",
            "C. The participants are seated, holding microphones, and engaged in a discussion, followed by a transition showing a musical performance.",
            "D. The participants are seated, holding microphones, and engaged in a discussion, followed by a transition showing an empty studio."
        ],
        "answer": "A",
        "qa_level": "cross_event",
        "qa_type": "mcqa",
        "old_answer": "A"
    },
    {
        "qa_idx": 11,
        "qa_task": "attribute-change",
        "question": "How does the background attribute change between the two video events from the time of 4245.0 to 4316.0 seconds and H to e seconds?",
        "options": [
            "A. The background changes from a dynamic red with abstract spherical shapes to a static blue with geometric patterns.",
            "B. The background remains consistently dynamic and red with abstract spherical shapes throughout both events.",
            "C. The background changes from a dynamic red with abstract spherical shapes to a plain white background.",
            "D. The background changes from a dynamic red with abstract spherical shapes to a green forest scene."
        ],
        "answer": "B",
        "qa_level": "cross_event",
        "qa_type": "mcqa",
        "old_answer": "B"
    },
    {
        "qa_idx": 14,
        "qa_task": "camera-direction",
        "question": "How does the camera movement change from 197.0 seconds to 4366.0 seconds in the video?",
        "options": [
            "A. The camera remains static throughout the video.",
            "B. The camera moves closer to the subjects and then zooms out to capture the entire scene.",
            "C. The camera continuously pans left and right to capture different angles of the event.",
            "D. The camera moves from an outdoor setting to an indoor studio and back to an outdoor setting."
        ],
        "answer": "D",
        "qa_level": "long_term",
        "qa_type": "mcqa",
        "old_answer": "D"
    },
    {
        "qa_idx": 15,
        "qa_task": "speed",
        "question": "Which is faster, the transition from the woman holding a microphone branded with the Multishow logo to the scene featuring two people on a stage, or the transition from the individual dressed in a shiny, metallic silver top to the woman in shiny clothing holding a microphone?",
        "options": [
            "A. The transition from the woman holding a microphone branded with the Multishow logo to the scene featuring two people on a stage.",
            "B. The transition from the individual dressed in a shiny, metallic silver top to the woman in shiny clothing holding a microphone.",
            "C. Both transitions are at the same speed.",
            "D. None of the above."
        ],
        "answer": "A",
        "qa_level": "long_term",
        "qa_type": "mcqa",
        "old_answer": "A"
    },
    {
        "qa_idx": 16,
        "qa_task": "attribute-change",
        "question": "How did the background lighting change from 197.0 seconds to 4366.0 seconds in the video?",
        "options": [
            "A. The background lighting remained the same throughout.",
            "B. The background lighting changed from bright, multi-colored lights to subdued colors and blurred lights.",
            "C. The background lighting changed from subdued colors and blurred lights to bright, multi-colored lights.",
            "D. The background lighting changed from bright, multi-colored lights to complete darkness."
        ],
        "answer": "B",
        "qa_level": "long_term",
        "qa_type": "mcqa",
        "old_answer": "B"
    }
]