[
    {
        "qa_idx": 0,
        "qa_type": "qa",
        "qa_level": "frame",
        "qa_task": "object understanding",
        "question": "Is there any audio equipment on the table in the frame at 4992.0 seconds?",
        "answer": "Yes",
        "old_answer": "Yes"
    },
    {
        "qa_idx": 1,
        "qa_task": "object understanding",
        "question": "What items are cluttered on the central table at 3083.0 seconds into the video?",
        "options": [
            "A. A microphone, a laptop, a water bottle, and other paraphernalia.",
            "B. A book, a pen, a coffee mug, and a phone.",
            "C. A camera, a notebook, a glass, and a remote control.",
            "D. A tablet, a speaker, a cup, and a charger."
        ],
        "answer": "A",
        "qa_level": "frame",
        "qa_type": "mcqa",
        "old_answer": "A"
    },
    {
        "qa_idx": 2,
        "qa_task": "object understanding",
        "question": "What is the individual on the left wearing in the kitchen scene at 7717.0 seconds into the video?",
        "options": [
            "A. A white chef’s coat with a logo and some text.",
            "B. Black attire with a red cap and necklaces.",
            "C. A blue apron and a hat.",
            "D. A green shirt and a black hat."
        ],
        "answer": "B",
        "qa_level": "frame",
        "qa_type": "mcqa",
        "old_answer": "B"
    },
    {
        "qa_idx": 3,
        "qa_type": "qa",
        "qa_level": "within_event",
        "qa_task": "camera-direction",
        "question": "Does the camera remain stationary while capturing the lively gathering around the rectangular table from 8901.0 to 8905.0 seconds?",
        "answer": "Yes",
        "old_answer": "Yes"
    },
    {
        "qa_idx": 4,
        "qa_task": "descriptive-scene",
        "question": "Where does the scene at 8476.0 seconds take place?",
        "options": [
            "A. In a kitchen.",
            "B. In a studio or recording room.",
            "C. In a living room.",
            "D. In a classroom."
        ],
        "answer": "B",
        "qa_level": "frame",
        "qa_type": "mcqa",
        "old_answer": "B"
    },
    {
        "qa_idx": 5,
        "qa_type": "qa",
        "qa_level": "within_event",
        "qa_task": "object understanding",
        "question": "Are there microphones present on the table in the video event from 1332.0 to 1372.0 seconds?",
        "answer": "Yes",
        "old_answer": "Yes"
    },
    {
        "qa_idx": 6,
        "qa_type": "qa",
        "qa_level": "cross_event",
        "qa_task": "character-understanding",
        "question": "Were the participants in both events dressed in casual attire from the time of 3491.0 to 5352.0 and 5603.0 to 6663.0?",
        "answer": "Yes",
        "old_answer": "Yes"
    },
    {
        "qa_idx": 7,
        "qa_task": "camera-direction",
        "question": "During the event from 2582.0 to 2641.0 seconds, does the camera focus on the decorations in the background or the people seated around the table?",
        "options": [
            "A. The camera focuses on the decorations in the background.",
            "B. The camera focuses on the people seated around the table.",
            "C. The camera alternates between the decorations and the people.",
            "D. The camera focuses on the table only."
        ],
        "answer": "B",
        "qa_level": "within_event",
        "qa_type": "mcqa",
        "old_answer": "B"
    },
    {
        "qa_idx": 8,
        "qa_type": "qa",
        "qa_level": "cross_event",
        "qa_task": "character-understanding",
        "question": "Were the individuals in both events seated around a table with microphones from the time of 2332.0 to 2433.0 and 2582.0 to 2641.0?",
        "answer": "Yes",
        "old_answer": "Yes"
    },
    {
        "qa_idx": 9,
        "qa_task": "speed",
        "question": "During the podcast from 5603.0 to 6663.0 seconds, which individual speaks the fastest?",
        "options": [
            "A. The person on the left.",
            "B. The person in the middle.",
            "C. The person on the right.",
            "D. All individuals speak at the same speed."
        ],
        "answer": "B",
        "qa_level": "within_event",
        "qa_type": "mcqa",
        "old_answer": "B"
    },
    {
        "qa_idx": 10,
        "qa_type": "qa",
        "qa_level": "long_term",
        "qa_task": "character-understanding",
        "question": "Are the participants in the video engaged in a discussion or conversation throughout the various scenes from 364.0 to 8905.0 seconds?",
        "answer": "Yes",
        "old_answer": "Yes"
    },
    {
        "qa_idx": 12,
        "qa_type": "qa",
        "qa_level": "long_term",
        "qa_task": "plot-understanding",
        "question": "Does the video depict a recording session for a show called 'La Mesa Reñoña' featuring Franco Escamilla and La Diablo Squad from 364.0 to 8905.0 seconds?",
        "answer": "Yes",
        "old_answer": "Yes"
    },
    {
        "qa_idx": 14,
        "qa_task": "temporal-relationship",
        "question": "What happens after the animated scene featuring a vehicle on a road cutting through a green landscape under a clear blue sky?",
        "options": [
            "A. The scene transitions to a prominently displayed poster featuring a hat with red horns and bold white text 'La Mesa Reñoña'.",
            "B. The participants start playing musical instruments.",
            "C. The scene shifts to a kitchen setting with two individuals engaged in a cooking activity.",
            "D. The participants leave the recording studio."
        ],
        "answer": "A",
        "qa_level": "long_term",
        "qa_type": "mcqa",
        "old_answer": "A"
    },
    {
        "qa_idx": 18,
        "qa_task": "camera-direction",
        "question": "What direction does the camera move in the video from 364.0 to 8905.0 seconds?",
        "options": [
            "A. The camera moves closer to the participants.",
            "B. The camera moves away from the participants.",
            "C. The camera remains stationary.",
            "D. The camera moves around the participants."
        ],
        "answer": "C",
        "qa_level": "long_term",
        "qa_type": "mcqa",
        "old_answer": "C"
    },
    {
        "qa_idx": 19,
        "qa_task": "speed",
        "question": "Which event happens faster in the video from 364.0 to 8905.0 seconds?",
        "options": [
            "A. The animated scene featuring a vehicle on a road cutting through a green landscape.",
            "B. The transition to a prominently displayed poster featuring a hat with red horns.",
            "C. The lively discussion or podcast session with six men seated around a table.",
            "D. The scene where one of the men starts playing a guitar while others actively participate in the conversation."
        ],
        "answer": "A",
        "qa_level": "long_term",
        "qa_type": "mcqa",
        "old_answer": "A"
    },
    {
        "qa_idx": 20,
        "qa_task": "attribute-change",
        "question": "How does the setting of the recording studio change throughout the video from 364.0 to 8905.0 seconds?",
        "options": [
            "A. The setting remains the same with no changes.",
            "B. The setting changes from a casual discussion to a lively and dynamic recording session with musical elements.",
            "C. The setting changes from a cooking activity to a podcast discussion.",
            "D. The setting changes from an outdoor scene to an indoor studio."
        ],
        "answer": "B",
        "qa_level": "long_term",
        "qa_type": "mcqa",
        "old_answer": "B"
    },
    {
        "qa_idx": 23,
        "qa_task": "descriptive-scene",
        "question": "Where does the event featuring Franco Escamilla and La Diablo Squad take place from 364.0 to 8905.0 seconds?",
        "options": [
            "A. In a recording studio.",
            "B. In a kitchen.",
            "C. In a living room.",
            "D. In a park."
        ],
        "answer": "A",
        "qa_level": "long_term",
        "qa_type": "mcqa",
        "old_answer": "A"
    }
]