[
    {
        "qa_idx": 1,
        "qa_task": "character-understanding",
        "question": "What is displayed in the top right corner of the frame at 9.0 seconds into the video?",
        "options": [
            "A. A clock.",
            "B. A logo.",
            "C. A picture of a person.",
            "D. A star."
        ],
        "answer": "B",
        "qa_level": "frame",
        "qa_type": "mcqa",
        "old_answer": "B"
    },
    {
        "qa_idx": 2,
        "qa_type": "qa",
        "qa_level": "within_event",
        "qa_task": "object understanding",
        "question": "Is the man seated on a red chair in the video event from 205.0 to 277.0 seconds?",
        "answer": "Yes",
        "old_answer": "Yes"
    },
    {
        "qa_idx": 3,
        "qa_type": "qa",
        "qa_level": "within_event",
        "qa_task": "speed",
        "question": "Is there any indication that the man is moving quickly during the interview from 521.0 to 753.0 seconds?",
        "answer": "No",
        "old_answer": "No"
    },
    {
        "qa_idx": 4,
        "qa_task": "character-understanding",
        "question": "What is the man wearing in the video frame at 380.0 seconds?",
        "options": [
            "A. A blue shirt.",
            "B. A green shirt.",
            "C. An orange shirt.",
            "D. A red shirt."
        ],
        "answer": "C",
        "qa_level": "frame",
        "qa_type": "mcqa",
        "old_answer": "C"
    },
    {
        "qa_idx": 6,
        "qa_type": "qa",
        "qa_level": "long_term",
        "qa_task": "action-understanding",
        "question": "During the interview, did the man in the orange shirt stand up and walk around the studio between 9.0 and 1936.0 seconds?",
        "answer": "No",
        "old_answer": "No"
    },
    {
        "qa_idx": 8,
        "qa_type": "qa",
        "qa_level": "long_term",
        "qa_task": "action-understanding",
        "question": "Does the man in the orange shirt perform a dance routine during the interview at any point between 9.0 and 1936.0 seconds?",
        "answer": "No",
        "old_answer": "No"
    },
    {
        "qa_idx": 9,
        "qa_task": "time-order",
        "question": "What is the correct sequence of the man's shirt color changes in the video events from 278.0 to 356.0 seconds and H to e seconds?",
        "options": [
            "A. The man first wears an orange shirt and then a dark t-shirt.",
            "B. The man first wears a dark t-shirt and then an orange shirt.",
            "C. The man wears a dark t-shirt throughout both events.",
            "D. The man wears an orange shirt throughout both events."
        ],
        "answer": "B",
        "qa_level": "cross_event",
        "qa_type": "mcqa",
        "old_answer": "B"
    },
    {
        "qa_idx": 11,
        "qa_task": "time-order",
        "question": "What is the correct sequence of events in the video from 521.0 to 753.0 seconds?",
        "options": [
            "A. The man is seen in a black T-shirt with a colorful design, then in an orange shirt with a microphone attached to his collar.",
            "B. The man is initially seen in an orange shirt with a microphone attached to his collar, then in a black T-shirt with a colorful design.",
            "C. The man is seen in a black T-shirt with a colorful design throughout the entire sequence.",
            "D. The man is seen in an orange shirt with a microphone attached to his collar throughout the entire sequence."
        ],
        "answer": "B",
        "qa_level": "cross_event",
        "qa_type": "mcqa",
        "old_answer": "B"
    },
    {
        "qa_idx": 12,
        "qa_task": "temporal-relationship",
        "question": "What happens after the man in the black shirt with a colorful circular design is seen seated against a dark background?",
        "options": [
            "A. The man in the orange shirt with a microphone attached to his shirt appears.",
            "B. The scene transitions to a promotional graphic for a show titled 'OPEN TALK WITH ANJI'.",
            "C. The man in the black shirt with a colorful circular design continues to be seated.",
            "D. The scene ends."
        ],
        "answer": "A",
        "qa_level": "long_term",
        "qa_type": "mcqa",
        "old_answer": "A"
    },
    {
        "qa_idx": 14,
        "qa_task": "temporal-relationship",
        "question": "What happens after the man in the black shirt with a colorful circular design is shown seated against a dark background?",
        "options": [
            "A. The man in the orange shirt with a microphone attached to it is shown seated against a dark background.",
            "B. The scene transitions to a promotional graphic for a show titled 'OPEN TALK WITH ANJI'.",
            "C. The man in the black shirt with a colorful circular design is shown again.",
            "D. The event ends with the same central framing and setting."
        ],
        "answer": "A",
        "qa_level": "long_term",
        "qa_type": "mcqa",
        "old_answer": "A"
    },
    {
        "qa_idx": 15,
        "qa_task": "plot-understanding",
        "question": "What is the main focus of the video event from 9.0 to 1936.0 seconds?",
        "options": [
            "A. A festive celebration with star-shaped elements.",
            "B. An interview or discussion featuring a man in different shirts.",
            "C. A promotional graphic for a show titled 'OPEN TALK WITH ANJI'.",
            "D. A man performing various activities in a studio."
        ],
        "answer": "B",
        "qa_level": "long_term",
        "qa_type": "mcqa",
        "old_answer": "B"
    },
    {
        "qa_idx": 16,
        "qa_task": "camera-direction",
        "question": "How does the camera movement change from the beginning to the end of the video event from 9.0 to 1936.0 seconds?",
        "options": [
            "A. The camera zooms in on the man in the orange shirt.",
            "B. The camera pans from left to right.",
            "C. The camera remains stationary, focusing on the man in different shirts.",
            "D. The camera moves closer to the 'TeluguOne' logo."
        ],
        "answer": "C",
        "qa_level": "long_term",
        "qa_type": "mcqa",
        "old_answer": "C"
    },
    {
        "qa_idx": 17,
        "qa_task": "speed",
        "question": "How does the man's attire change throughout the video from 9.0 to 1936.0 seconds?",
        "options": [
            "A. The man remains in the same attire throughout the video.",
            "B. The man changes from a black shirt to an orange shirt and back to a black shirt.",
            "C. The man changes from an orange shirt to a black shirt and back to an orange shirt.",
            "D. The man changes from a white shirt to a blue shirt and back to a white shirt."
        ],
        "answer": "B",
        "qa_level": "long_term",
        "qa_type": "mcqa",
        "old_answer": "B"
    },
    {
        "qa_idx": 18,
        "qa_task": "attribute-change",
        "question": "How does the attire of the man change throughout the video from 9.0 to 1936.0 seconds?",
        "options": [
            "A. The man changes from a black shirt with a colorful circular design to an orange shirt.",
            "B. The man changes from a white shirt to a black shirt with a colorful circular design.",
            "C. The man changes from a blue shirt to a red shirt.",
            "D. The man changes from a green shirt to a yellow shirt."
        ],
        "answer": "A",
        "qa_level": "long_term",
        "qa_type": "mcqa",
        "old_answer": "A"
    },
    {
        "qa_idx": 21,
        "qa_task": "descriptive-scene",
        "question": "What is the setting of the video event from 9.0 to 1936.0 seconds?",
        "options": [
            "A. A brightly decorated scene with star-shaped elements and a multicolored background.",
            "B. A formal interview or discussion setting with a dark background and a man in an orange shirt.",
            "C. A casual outdoor setting with natural lighting and greenery.",
            "D. A festive event with multiple people and a lively atmosphere."
        ],
        "answer": "B",
        "qa_level": "long_term",
        "qa_type": "mcqa",
        "old_answer": "B"
    }
]