[
    {
        "qa_idx": 0,
        "qa_type": "qa",
        "qa_level": "frame",
        "qa_task": "object understanding",
        "question": "Are there benches on both sides of the path at 1122.0 seconds into the video?",
        "answer": "Yes",
        "old_answer": "Yes"
    },
    {
        "qa_idx": 1,
        "qa_task": "object understanding",
        "question": "What type of bridge is seen in the video frame at 2049.0 seconds?",
        "options": [
            "A. A wooden bridge.",
            "B. A metal bridge.",
            "C. A stone bridge.",
            "D. A suspension bridge."
        ],
        "answer": "B",
        "qa_level": "frame",
        "qa_type": "mcqa",
        "old_answer": "B"
    },
    {
        "qa_idx": 2,
        "qa_type": "qa",
        "qa_level": "frame",
        "qa_task": "character-understanding",
        "question": "Is there a sculpture displaying an intertwined human-like form in the frame at 1306.0 seconds?",
        "answer": "Yes",
        "old_answer": "Yes"
    },
    {
        "qa_idx": 3,
        "qa_type": "qa",
        "qa_level": "within_event",
        "qa_task": "speed",
        "question": "From 2213.0 to 2271.0 seconds, is the artist working on the mural at a fast pace?",
        "answer": "No",
        "old_answer": "No"
    },
    {
        "qa_idx": 4,
        "qa_type": "qa",
        "qa_level": "within_event",
        "qa_task": "camera-direction",
        "question": "Does the camera remain stationary while capturing the human face in the foreground and the person wearing glasses in the background from 390.0 to 494.0 seconds?",
        "answer": "Yes",
        "old_answer": "Yes"
    },
    {
        "qa_idx": 5,
        "qa_task": "object understanding",
        "question": "What is the dominant feature of the street scene at the 1532.0 second mark of the video?",
        "options": [
            "A. A large, brick building with multiple windows and architectural detailing.",
            "B. A modern glass skyscraper.",
            "C. A large park with a fountain.",
            "D. A shopping mall with neon signs."
        ],
        "answer": "A",
        "qa_level": "frame",
        "qa_type": "mcqa",
        "old_answer": "A"
    },
    {
        "qa_idx": 6,
        "qa_type": "qa",
        "qa_level": "cross_event",
        "qa_task": "action-understanding",
        "question": "In the event from 283.0 to 351.0, do the visitors in the museum corridor engage in a painting competition?",
        "answer": "No",
        "old_answer": "No"
    },
    {
        "qa_idx": 7,
        "qa_task": "attribute-change",
        "question": "How does the setting change from the beginning to the end of the sequence from 961.0 to 1022.0 seconds?",
        "options": [
            "A. From a serene tree-lined avenue to a close-up view of a painting.",
            "B. From an art gallery to a serene tree-lined avenue with a tall monument.",
            "C. From a domestic setting with an arched window to a dimly lit interior with two women.",
            "D. From a tall, ornate tower to a close-up view of a painting."
        ],
        "answer": "B",
        "qa_level": "within_event",
        "qa_type": "mcqa",
        "old_answer": "B"
    },
    {
        "qa_idx": 9,
        "qa_type": "qa",
        "qa_level": "long_term",
        "qa_task": "plot-understanding",
        "question": "Does the video depict a transition from serene natural scenes to bustling urban environments and back to serene settings from 15.0 to 2425.0 seconds?",
        "answer": "Yes",
        "old_answer": "Yes"
    },
    {
        "qa_idx": 11,
        "qa_task": "plot-understanding",
        "question": "How does the setting of the exhibition space contribute to the overall atmosphere in the scene from 800.0 to 861.0 seconds?",
        "options": [
            "A. The high, arched windows and robust architectural columns create a sense of grandeur and openness.",
            "B. The dim lighting and narrow corridors create a sense of mystery and confinement.",
            "C. The outdoor setting with natural elements creates a sense of tranquility and peace.",
            "D. The cluttered and chaotic arrangement of sculptures creates a sense of disorder and confusion."
        ],
        "answer": "A",
        "qa_level": "cross_event",
        "qa_type": "mcqa",
        "old_answer": "A"
    },
    {
        "qa_idx": 14,
        "qa_task": "object-direction",
        "question": "In the video sequence from 15.0 to 2425.0 seconds, which direction do the boats or kayaks move?",
        "options": [
            "A. Towards the horizon.",
            "B. Towards the shore.",
            "C. From left to right.",
            "D. From right to left."
        ],
        "answer": "A",
        "qa_level": "long_term",
        "qa_type": "mcqa",
        "old_answer": "A"
    },
    {
        "qa_idx": 15,
        "qa_task": "camera-direction",
        "question": "How does the camera movement change from 15.0 to 2425.0 seconds in the video?",
        "options": [
            "A. The camera moves from a serene natural scene to a bustling urban environment.",
            "B. The camera remains static throughout the video.",
            "C. The camera moves from an indoor setting to an outdoor setting.",
            "D. The camera moves from a bustling urban environment to a serene natural scene."
        ],
        "answer": "A",
        "qa_level": "long_term",
        "qa_type": "mcqa",
        "old_answer": "A"
    },
    {
        "qa_idx": 16,
        "qa_task": "speed",
        "question": "Which is faster, the boats or the vehicles on the bridge from 215.0 to 2425.0 seconds?",
        "options": [
            "A. The boats.",
            "B. The vehicles on the bridge.",
            "C. Both are at the same speed.",
            "D. None of the above."
        ],
        "answer": "B",
        "qa_level": "long_term",
        "qa_type": "mcqa",
        "old_answer": "B"
    },
    {
        "qa_idx": 17,
        "qa_task": "attribute-change",
        "question": "How does the sky change from the beginning to the end of the video sequence from 15.0 to 2425.0 seconds?",
        "options": [
            "A. The sky remains clear throughout.",
            "B. The sky transitions from scattered clouds with soft hues to a clear blue sky.",
            "C. The sky changes from a turbulent sky with dramatic colors to a clear blue sky.",
            "D. The sky remains overcast throughout."
        ],
        "answer": "B",
        "qa_level": "long_term",
        "qa_type": "mcqa",
        "old_answer": "B"
    },
    {
        "qa_idx": 18,
        "qa_task": "time-order",
        "question": "In which order do the events occur in the video from 15.0 to 2425.0 seconds?",
        "options": [
            "A. Tranquil natural scene with boats, abstract paintings, urban waterfront, bustling street market, museum gallery, serene park.",
            "B. Abstract paintings, tranquil natural scene with boats, bustling street market, urban waterfront, museum gallery, serene park.",
            "C. Tranquil natural scene with boats, urban waterfront, abstract paintings, bustling street market, museum gallery, serene park.",
            "D. Urban waterfront, tranquil natural scene with boats, abstract paintings, bustling street market, museum gallery, serene park."
        ],
        "answer": "A",
        "qa_level": "long_term",
        "qa_type": "mcqa",
        "old_answer": "A"
    }
]