[
    {
        "qa_idx": 0,
        "qa_type": "qa",
        "qa_level": "frame",
        "qa_task": "character-understanding",
        "question": "Is the young girl wearing a red outfit and hat at 2487.0 seconds into the video?",
        "answer": "Yes",
        "old_answer": "Yes"
    },
    {
        "qa_idx": 1,
        "qa_type": "qa",
        "qa_level": "within_event",
        "qa_task": "action-understanding",
        "question": "During the scene from 2819.0 to 2889.0 seconds, does the bear start painting a picture on a canvas?",
        "answer": "No",
        "old_answer": "No"
    },
    {
        "qa_idx": 4,
        "qa_task": "scene-understanding",
        "question": "What is the main difference in the setting between the beginning and the end of the event from 599.0 to 660.0 seconds?",
        "options": [
            "A. The beginning is set in a cozy, wood-furnished room, while the end is set in an outdoor garden with lush vegetation.",
            "B. The beginning is set in a rundown car, while the end is set in a cozy, wood-furnished room.",
            "C. The beginning is set in an outdoor garden, while the end is set in a rundown car.",
            "D. The beginning is set in a cozy, wood-furnished room, while the end is set in a historical museum."
        ],
        "answer": "A",
        "qa_level": "cross_event",
        "qa_type": "mcqa",
        "old_answer": "A"
    },
    {
        "qa_idx": 5,
        "qa_task": "spatial-relationship",
        "question": "In the video events from 2121.0 to 2209.0 seconds and H to e seconds, where is the pig wearing a blue sun hat located?",
        "options": [
            "A. Indoors near a structure.",
            "B. Outdoors amidst greenery.",
            "C. Near a swimming pool.",
            "D. In a garden with bright skies."
        ],
        "answer": "B",
        "qa_level": "cross_event",
        "qa_type": "mcqa",
        "old_answer": "B"
    },
    {
        "qa_idx": 6,
        "qa_task": "temporal-relationship",
        "question": "What did the bear do after waking up from sleep?",
        "options": [
            "A. The bear started juggling multiple objects.",
            "B. The bear prepared for a fishing trip.",
            "C. The bear interacted with a child-like figure.",
            "D. The bear went back to sleep."
        ],
        "answer": "B",
        "qa_level": "long_term",
        "qa_type": "mcqa",
        "old_answer": "B"
    },
    {
        "qa_idx": 7,
        "qa_task": "spatial-relationship",
        "question": "What is positioned next to the nightstand in the cozy indoor setting where the bear is lying in bed?",
        "options": [
            "A. A fishing rod and a bucket.",
            "B. A lamp and a book.",
            "C. A teddy bear and a toy.",
            "D. A clock and a picture frame."
        ],
        "answer": "A",
        "qa_level": "long_term",
        "qa_type": "mcqa",
        "old_answer": "A"
    },
    {
        "qa_idx": 8,
        "qa_task": "causal",
        "question": "Why did the bear wake up and prepare for a fishing trip?",
        "options": [
            "A. The bear wanted to go on an adventure.",
            "B. The bear was hungry and wanted to catch fish.",
            "C. The bear was following a daily routine.",
            "D. The bear was influenced by the child-like figure."
        ],
        "answer": "B",
        "qa_level": "long_term",
        "qa_type": "mcqa",
        "old_answer": "B"
    },
    {
        "qa_idx": 9,
        "qa_task": "plot-understanding",
        "question": "What is the main activity that the bear and the child-like figure engage in throughout the video from 4.0 to 3784.0 seconds?",
        "options": [
            "A. Cooking various meals.",
            "B. Preparing for and going on a fishing trip.",
            "C. Decorating a house for a party.",
            "D. Building a treehouse."
        ],
        "answer": "B",
        "qa_level": "long_term",
        "qa_type": "mcqa",
        "old_answer": "B"
    },
    {
        "qa_idx": 10,
        "qa_task": "attribute-change",
        "question": "How does the setting change from the beginning to the end of the video from 4.0 to 3784.0 seconds?",
        "options": [
            "A. From a cozy indoor setting to a vibrant outdoor scene.",
            "B. From a vibrant outdoor scene to a cozy indoor setting.",
            "C. From a festive indoor setting to a serene forest environment.",
            "D. From a serene forest environment to a festive indoor setting."
        ],
        "answer": "A",
        "qa_level": "long_term",
        "qa_type": "mcqa",
        "old_answer": "A"
    },
    {
        "qa_idx": 11,
        "qa_task": "character-understanding",
        "question": "What is the bear doing while balancing a plate on a stick attached to its nose?",
        "options": [
            "A. The bear is sleeping.",
            "B. The bear is juggling multiple objects.",
            "C. The bear is fishing.",
            "D. The bear is cooking."
        ],
        "answer": "B",
        "qa_level": "long_term",
        "qa_type": "mcqa",
        "old_answer": "B"
    },
    {
        "qa_idx": 12,
        "qa_task": "object understanding",
        "question": "What objects are featured on the nightstand next to the bear's bed in the cozy indoor setting?",
        "options": [
            "A. A classic alarm clock, a table lamp, and a fishing rod.",
            "B. A book, a cup, and a lamp.",
            "C. A vase, a clock, and a picture frame.",
            "D. A phone, a lamp, and a remote control."
        ],
        "answer": "A",
        "qa_level": "long_term",
        "qa_type": "mcqa",
        "old_answer": "A"
    },
    {
        "qa_idx": 13,
        "qa_task": "time-order",
        "question": "In which order do the events occur in the video from 4.0 to 3784.0 seconds?",
        "options": [
            "A. The bear juggles objects while balancing a plate on its nose, then lies in bed, and later prepares for a fishing trip.",
            "B. The bear lies in bed, then juggles objects while balancing a plate on its nose, and later prepares for a fishing trip.",
            "C. The bear prepares for a fishing trip, then juggles objects while balancing a plate on its nose, and later lies in bed.",
            "D. The bear lies in bed, then prepares for a fishing trip, and later juggles objects while balancing a plate on its nose."
        ],
        "answer": "A",
        "qa_level": "long_term",
        "qa_type": "mcqa",
        "old_answer": "A"
    },
    {
        "qa_idx": 14,
        "qa_task": "descriptive-scene",
        "question": "Where do the bear and the child-like figure interact in the video from 4.0 to 3784.0 seconds?",
        "options": [
            "A. In a cozy indoor setting with rustic decor.",
            "B. In a bustling city environment.",
            "C. In a futuristic space station.",
            "D. In a desert landscape."
        ],
        "answer": "A",
        "qa_level": "long_term",
        "qa_type": "mcqa",
        "old_answer": "A"
    }
]