[
    {
        "qa_idx": 3,
        "qa_type": "qa",
        "qa_level": "cross_event",
        "qa_task": "speed",
        "question": "Did the events from 1815.0 to 1875.0 and 1931.0 to 1996.0 unfold at a fast pace?",
        "answer": "No",
        "old_answer": "No"
    },
    {
        "qa_idx": 5,
        "qa_type": "qa",
        "qa_level": "long_term",
        "qa_task": "character-understanding",
        "question": "Are the individuals in the video consistently dressed in formal attire throughout the various scenes from 26.0 to 3830.0 seconds?",
        "answer": "Yes",
        "old_answer": "Yes"
    },
    {
        "qa_idx": 7,
        "qa_task": "causal",
        "question": "Why are the individuals in the press conference or official briefing discussing space exploration or related scientific topics from 813.0 to 980.0 seconds?",
        "options": [
            "A. They are announcing a new space mission.",
            "B. They are discussing international trade agreements.",
            "C. They are addressing a sports event.",
            "D. They are planning a music concert."
        ],
        "answer": "A",
        "qa_level": "cross_event",
        "qa_type": "mcqa",
        "old_answer": "A"
    },
    {
        "qa_idx": 8,
        "qa_task": "object understanding",
        "question": "What is the appearance and function of the backdrop in the first video event from 2531.0 to 2599.0 seconds?",
        "options": [
            "A. The backdrop features abstract patterns and text, suggesting a professional context such as a news broadcast or interview.",
            "B. The backdrop includes a world map design and a display screen with logos of major space agencies like NASA, Roscosmos, JAXA, and ESA.",
            "C. The backdrop is a plain white wall with no specific design.",
            "D. The backdrop features a colorful landscape painting."
        ],
        "answer": "A",
        "qa_level": "cross_event",
        "qa_type": "mcqa",
        "old_answer": "A"
    },
    {
        "qa_idx": 12,
        "qa_task": "camera-direction",
        "question": "How does the camera movement change from the press conference setting to the space environment and then to the underwater scene between 26.0 and 3830.0 seconds?",
        "options": [
            "A. The camera zooms in on the individuals at the press conference, then moves to a wide shot of the space environment, and finally transitions to a close-up of the underwater machinery.",
            "B. The camera remains static at the press conference, then zooms in on the astronaut in space, and finally moves to a wide shot of the underwater scene.",
            "C. The camera pans across the press conference, then zooms in on the astronaut in space, and finally transitions to a close-up of the underwater machinery.",
            "D. The camera zooms out from the press conference, then moves to a wide shot of the space environment, and finally transitions to a close-up of the underwater machinery."
        ],
        "answer": "A",
        "qa_level": "long_term",
        "qa_type": "mcqa",
        "old_answer": "A"
    },
    {
        "qa_idx": 13,
        "qa_task": "speed",
        "question": "Which environment is depicted as having faster movements, the space environment or the underwater environment, between 26.0 and 3830.0 seconds?",
        "options": [
            "A. Space environment.",
            "B. Underwater environment.",
            "C. Both environments have the same speed.",
            "D. Neither environment shows any movement."
        ],
        "answer": "B",
        "qa_level": "long_term",
        "qa_type": "mcqa",
        "old_answer": "B"
    },
    {
        "qa_idx": 14,
        "qa_task": "attribute-change",
        "question": "How does the background change during the press conference or formal announcement from 26.0 to 3830.0 seconds?",
        "options": [
            "A. The background changes from a simple blue backdrop to a complex design with world maps and space agency logos.",
            "B. The background changes from a plain white backdrop to a colorful abstract design.",
            "C. The background remains the same throughout the event.",
            "D. The background changes from a dark setting to a bright outdoor scene."
        ],
        "answer": "A",
        "qa_level": "long_term",
        "qa_type": "mcqa",
        "old_answer": "A"
    }
]