[
    {
        "qa_idx": 1,
        "qa_task": "character-understanding",
        "question": "What is the mole doing at 663.0 seconds into the video?",
        "options": [
            "A. The mole is sleeping.",
            "B. The mole is eating.",
            "C. The mole is digging.",
            "D. The mole is running."
        ],
        "answer": "C",
        "qa_level": "frame",
        "qa_type": "mcqa",
        "old_answer": "C"
    },
    {
        "qa_idx": 2,
        "qa_task": "descriptive-scene",
        "question": "What is the main focus of the scene at 2274.0 seconds into the video?",
        "options": [
            "A. A large, sturdy tree.",
            "B. A flowing river.",
            "C. A mountain range.",
            "D. A bustling city street."
        ],
        "answer": "A",
        "qa_level": "frame",
        "qa_type": "mcqa",
        "old_answer": "A"
    },
    {
        "qa_idx": 3,
        "qa_task": "spatial-relationship",
        "question": "What is visible to the right of the large, rounded, orange surface at 485.0 seconds into the video?",
        "options": [
            "A. A body of water.",
            "B. A building.",
            "C. Green foliage.",
            "D. A road."
        ],
        "answer": "C",
        "qa_level": "frame",
        "qa_type": "mcqa",
        "old_answer": "C"
    },
    {
        "qa_idx": 4,
        "qa_type": "qa",
        "qa_level": "cross_event",
        "qa_task": "speed",
        "question": "Did the events from 132.0 to 170.0 and 176.0 to 196.0 unfold at a fast pace?",
        "answer": "No",
        "old_answer": "No"
    },
    {
        "qa_idx": 5,
        "qa_type": "qa",
        "qa_level": "cross_event",
        "qa_task": "speed",
        "question": "Did the interactions among the animated characters in the vibrant jungle setting from 420.0 to 485.0 seconds occur at a fast pace?",
        "answer": "No",
        "old_answer": "No"
    },
    {
        "qa_idx": 6,
        "qa_task": "camera-direction",
        "question": "Does the camera move closer to the panda or does the panda move towards the camera from 2031.0 to 2094.0 seconds?",
        "options": [
            "A. The camera moves closer to the panda.",
            "B. The panda moves towards the camera.",
            "C. The camera moves away from the panda.",
            "D. The panda moves away from the camera."
        ],
        "answer": "A",
        "qa_level": "within_event",
        "qa_type": "mcqa",
        "old_answer": "A"
    },
    {
        "qa_idx": 7,
        "qa_type": "qa",
        "qa_level": "long_term",
        "qa_task": "character-understanding",
        "question": "Do the animated characters include a panda and a penguin interacting in various scenes from 1.0 to 2952.0 seconds?",
        "answer": "Yes",
        "old_answer": "Yes"
    },
    {
        "qa_idx": 8,
        "qa_task": "speed",
        "question": "During the event from 2668.0 to 2729.0 seconds, which character is depicted moving faster in the lush green environment, the panda or the penguin?",
        "options": [
            "A. The panda.",
            "B. The penguin.",
            "C. Both are at the same speed.",
            "D. None of the above."
        ],
        "answer": "B",
        "qa_level": "within_event",
        "qa_type": "mcqa",
        "old_answer": "B"
    },
    {
        "qa_idx": 9,
        "qa_task": "object-direction",
        "question": "In the video events from 1067.0 to 1129.0 seconds and H to e seconds, what direction does the rabbit character move in the forest scene and what direction does the panda character move in the final scene?",
        "options": [
            "A. Rabbit moves left to right, Panda moves right to left.",
            "B. Rabbit moves right to left, Panda moves left to right.",
            "C. Rabbit moves up to down, Panda moves down to up.",
            "D. Rabbit moves down to up, Panda moves up to down."
        ],
        "answer": "A",
        "qa_level": "cross_event",
        "qa_type": "mcqa",
        "old_answer": "A"
    },
    {
        "qa_idx": 10,
        "qa_task": "spatial-relationship",
        "question": "In the scenes from 933.0 to 993.0 seconds, where is the panda character positioned in relation to the large tree?",
        "options": [
            "A. On top of the tree.",
            "B. Leaning against the tree's base.",
            "C. In front of the tree.",
            "D. Behind the tree."
        ],
        "answer": "B",
        "qa_level": "cross_event",
        "qa_type": "mcqa",
        "old_answer": "B"
    },
    {
        "qa_idx": 12,
        "qa_task": "causal",
        "question": "Why do the animated characters, such as the panda and the bird, express shock and curiosity in the indoor and outdoor settings featuring lush green bamboo and a whimsical, animated world?",
        "options": [
            "A. Because of the dramatic nighttime storm with heavy rain and lightning.",
            "B. Because of the serene nighttime forest scene with a glowing tree.",
            "C. Because of the playful elements incorporating stylized clouds and a circular emblem.",
            "D. Because of the vibrant blue sky and scattered fluffy white clouds."
        ],
        "answer": "A",
        "qa_level": "long_term",
        "qa_type": "mcqa",
        "old_answer": "A"
    },
    {
        "qa_idx": 14,
        "qa_task": "object-direction",
        "question": "In which direction do the bubbles float in the beginning of the event?",
        "options": [
            "A. Downward.",
            "B. Upward.",
            "C. Sideways.",
            "D. Diagonally."
        ],
        "answer": "B",
        "qa_level": "long_term",
        "qa_type": "mcqa",
        "old_answer": "B"
    },
    {
        "qa_idx": 15,
        "qa_task": "attribute-change",
        "question": "How does the environment change from the beginning to the end of the video event from 1.0 to 2952.0 seconds?",
        "options": [
            "A. The environment changes from a serene scene with translucent bubbles to a vibrant and whimsical animated forest.",
            "B. The environment changes from a dense, misty forest to a serene nighttime forest scene.",
            "C. The environment changes from a vibrant blue sky with scattered clouds to a serene underwater scene.",
            "D. The environment changes from a vibrant natural environment to a cozy, nature-themed interior."
        ],
        "answer": "A",
        "qa_level": "long_term",
        "qa_type": "mcqa",
        "old_answer": "A"
    },
    {
        "qa_idx": 17,
        "qa_task": "object understanding",
        "question": "What objects are featured in the whimsical and colorful scene with a textured surface resembling a painted wall?",
        "options": [
            "A. A red-and-white spotted mushroom, a green comb, and various alphabet letters.",
            "B. A blue car, a yellow ball, and a red kite.",
            "C. A black hat, a white glove, and a silver spoon.",
            "D. A brown chair, a green table, and a blue lamp."
        ],
        "answer": "A",
        "qa_level": "long_term",
        "qa_type": "mcqa",
        "old_answer": "A"
    }
]