[
    {
        "qa_idx": 0,
        "qa_type": "qa",
        "qa_level": "frame",
        "qa_task": "character-understanding",
        "question": "Is one of the characters in the video frame at 754.0 seconds wearing blue armor?",
        "answer": "Yes",
        "old_answer": "Yes"
    },
    {
        "qa_idx": 1,
        "qa_task": "descriptive-scene",
        "question": "Where are the individuals positioned in the video frame at 246.0 seconds?",
        "options": [
            "A. Inside a large building.",
            "B. Outside a large, industrial-looking building.",
            "C. In a forest.",
            "D. On a beach."
        ],
        "answer": "B",
        "qa_level": "frame",
        "qa_type": "mcqa",
        "old_answer": "B"
    },
    {
        "qa_idx": 2,
        "qa_type": "qa",
        "qa_level": "frame",
        "qa_task": "object understanding",
        "question": "Is there a mechanized figure standing on a dirt path at 492.0 seconds into the video?",
        "answer": "Yes",
        "old_answer": "Yes"
    },
    {
        "qa_idx": 3,
        "qa_task": "object understanding",
        "question": "What kind of clothing is the person wearing at 148.0 seconds into the video?",
        "options": [
            "A. Simple, casual clothing.",
            "B. Vibrant and intricately designed clothing.",
            "C. Formal business attire.",
            "D. Sportswear."
        ],
        "answer": "B",
        "qa_level": "frame",
        "qa_type": "mcqa",
        "old_answer": "B"
    },
    {
        "qa_idx": 4,
        "qa_task": "spatial-relationship",
        "question": "What is illuminating the central portion of the scene at the 42.0-second mark?",
        "options": [
            "A. A single hanging lamp.",
            "B. A flashlight.",
            "C. A bonfire.",
            "D. A spotlight."
        ],
        "answer": "A",
        "qa_level": "frame",
        "qa_type": "mcqa",
        "old_answer": "A"
    },
    {
        "qa_idx": 5,
        "qa_task": "character-understanding",
        "question": "What is visible in the video frame at 1755.0 seconds?",
        "options": [
            "A. A person standing.",
            "B. A completely black screen.",
            "C. A landscape view.",
            "D. A group of people."
        ],
        "answer": "B",
        "qa_level": "frame",
        "qa_type": "mcqa",
        "old_answer": "B"
    },
    {
        "qa_idx": 7,
        "qa_type": "qa",
        "qa_level": "long_term",
        "qa_task": "speed",
        "question": "Did the armored figures move slowly during the confrontation in the industrial environment from 2.0 to 1814.0 seconds?",
        "answer": "No",
        "old_answer": "No"
    },
    {
        "qa_idx": 8,
        "qa_task": "causal",
        "question": "What could be the reason for the presence of a grotesque creature with glowing eyes causing dust and smoke in an urban setting in the video event from 853.0 to 916.0 seconds?",
        "options": [
            "A. The appearance of large toy-like robots in an urban skyline.",
            "B. The interaction between a person and a toy in a futuristic, robotic-themed background.",
            "C. The orchestrated display of individuals wearing colorful uniforms standing on platforms.",
            "D. The detailed close-up of a bright and colorful toy."
        ],
        "answer": "A",
        "qa_level": "cross_event",
        "qa_type": "mcqa",
        "old_answer": "A"
    },
    {
        "qa_idx": 9,
        "qa_task": "object understanding",
        "question": "What is the appearance and function of the devices held by the five individuals in the montage at the beginning of the event from 428.0 to 488.0 seconds?",
        "options": [
            "A. The devices are glowing and seem to signify unity and importance.",
            "B. The devices are dull and seem to be used for communication.",
            "C. The devices are small and used for decoration.",
            "D. The devices are large and used for transportation."
        ],
        "answer": "A",
        "qa_level": "cross_event",
        "qa_type": "mcqa",
        "old_answer": "A"
    },
    {
        "qa_idx": 10,
        "qa_task": "object understanding",
        "question": "What are the attributes of the toy figure that appears in the first video event from 1732.0 to 1799.0 seconds?",
        "options": [
            "A. The toy figure is dressed in a red, black, and gold costume and appears against a backdrop of a building or platform and power lines.",
            "B. The toy figure is dressed in a green and metal-toned armor with a glowing red eye.",
            "C. The toy figure is dressed in a colorful uniform and helmet.",
            "D. The toy figure is dressed in a brightly colored, intricate outfit against a background of warm colors."
        ],
        "answer": "A",
        "qa_level": "cross_event",
        "qa_type": "mcqa",
        "old_answer": "A"
    },
    {
        "qa_idx": 11,
        "qa_task": "spatial-relationship",
        "question": "Where is the person in elaborate attire standing in the industrial or warehouse environment?",
        "options": [
            "A. On a circular platform.",
            "B. Near a table with an open briefcase.",
            "C. Next to a large tree.",
            "D. On a stage with the 'Galaxy Warriors' logo."
        ],
        "answer": "B",
        "qa_level": "long_term",
        "qa_type": "mcqa",
        "old_answer": "B"
    },
    {
        "qa_idx": 13,
        "qa_task": "counting",
        "question": "How many individuals are depicted in colorful costumes or armor in the industrial or warehouse environment from 2.0 to 1814.0 seconds?",
        "options": [
            "A. Numerous.",
            "B. Five.",
            "C. Six.",
            "D. Seven."
        ],
        "answer": "A",
        "qa_level": "long_term",
        "qa_type": "mcqa",
        "old_answer": "A"
    },
    {
        "qa_idx": 15,
        "qa_task": "speed",
        "question": "Which is faster, the kite or the futuristic car with a robotic figure inside, as depicted in the video from 2.0 to 1814.0 seconds?",
        "options": [
            "A. The kite.",
            "B. The futuristic car with a robotic figure inside.",
            "C. Both are at the same speed.",
            "D. None of the above."
        ],
        "answer": "B",
        "qa_level": "long_term",
        "qa_type": "mcqa",
        "old_answer": "B"
    },
    {
        "qa_idx": 16,
        "qa_task": "attribute-change",
        "question": "How does the sky change from the beginning to the end of the video sequence from 2.0 to 1814.0 seconds?",
        "options": [
            "A. The sky changes from a vividly lit artistic sunset to a partly cloudy sky.",
            "B. The sky changes from a clear blue sky to a pink and purple cracked sky.",
            "C. The sky changes from an overcast sky to a clear blue sky.",
            "D. The sky changes from a clear blue sky to a cloudy sky with a faint hexagonal grid."
        ],
        "answer": "B",
        "qa_level": "long_term",
        "qa_type": "mcqa",
        "old_answer": "B"
    },
    {
        "qa_idx": 17,
        "qa_task": "character-understanding",
        "question": "What is the central figure in elaborate attire doing in the industrial or warehouse environment from 2.0 to 1814.0 seconds?",
        "options": [
            "A. Standing out against the backdrop with detailed armor or distinctive outfit features.",
            "B. Lying on the ground surrounded by green energy effects.",
            "C. Sitting near a table with an open briefcase.",
            "D. Engaged in a physical altercation with a fallen character."
        ],
        "answer": "A",
        "qa_level": "long_term",
        "qa_type": "mcqa",
        "old_answer": "A"
    },
    {
        "qa_idx": 18,
        "qa_task": "object understanding",
        "question": "What objects are featured in the industrial or warehouse environment at the beginning of the video sequence?",
        "options": [
            "A. A table with an open briefcase, chairs, and a person seated near these objects.",
            "B. A large, futuristic spaceship and a vibrant performance stage.",
            "C. A picnic table and a chain-link fence.",
            "D. A classroom with green tables and a bulletin board."
        ],
        "answer": "A",
        "qa_level": "long_term",
        "qa_type": "mcqa",
        "old_answer": "A"
    },
    {
        "qa_idx": 19,
        "qa_task": "time-order",
        "question": "In which order do the events occur in the video from 2.0 to 1814.0 seconds?",
        "options": [
            "A. The video sequence begins in an industrial or warehouse environment with individuals in colorful costumes or armor, followed by a scene in a large, industrial-style building with open doors leading to an outdoor area, and then transitions to a person in an intricate costume with headgear and detailed armor amidst a fiery sky.",
            "B. The video sequence begins with a person in a dynamic action pose outdoors under an overcast sky, followed by a scene in a large, industrial-style building with open doors leading to an outdoor area, and then transitions to a person in an intricate costume with headgear and detailed armor amidst a fiery sky.",
            "C. The video sequence begins with a person in a dynamic action pose outdoors under an overcast sky, followed by a scene in a large, industrial-style building with open doors leading to an outdoor area, and then transitions to an industrial or warehouse environment with individuals in colorful costumes or armor.",
            "D. The video sequence begins in an industrial or warehouse environment with individuals in colorful costumes or armor, followed by a person in a dynamic action pose outdoors under an overcast sky, and then transitions to a person in an intricate costume with headgear and detailed armor amidst a fiery sky."
        ],
        "answer": "A",
        "qa_level": "long_term",
        "qa_type": "mcqa",
        "old_answer": "A"
    }
]