[
    {
        "qa_idx": 0,
        "qa_task": "object understanding",
        "question": "What is the liquid contained in the transparent glass at 8441.0 seconds into the video?",
        "options": [
            "A. Water.",
            "B. Milk.",
            "C. Juice.",
            "D. Soda."
        ],
        "answer": "C",
        "qa_level": "frame",
        "qa_type": "mcqa",
        "old_answer": "C"
    },
    {
        "qa_idx": 1,
        "qa_type": "qa",
        "qa_level": "frame",
        "qa_task": "object understanding",
        "question": "Is there a woman dressed in a blue sari in the video frame at 9500.0 seconds?",
        "answer": "Yes",
        "old_answer": "Yes"
    },
    {
        "qa_idx": 3,
        "qa_type": "qa",
        "qa_level": "within_event",
        "qa_task": "character-understanding",
        "question": "Was one of the men holding a guitar at the beginning of the event from 3183.0 to 3247.0 seconds?",
        "answer": "Yes",
        "old_answer": "Yes"
    },
    {
        "qa_idx": 4,
        "qa_type": "qa",
        "qa_level": "within_event",
        "qa_task": "character-understanding",
        "question": "Was there a man in a police uniform in the room between 5258.0 and 5317.0 seconds?",
        "answer": "Yes",
        "old_answer": "Yes"
    },
    {
        "qa_idx": 5,
        "qa_type": "qa",
        "qa_level": "cross_event",
        "qa_task": "speed",
        "question": "Did the events from 9821.0 to 9876.0 and 9892.0 to 9958.0 unfold at a fast pace?",
        "answer": "No",
        "old_answer": "No"
    },
    {
        "qa_idx": 6,
        "qa_type": "qa",
        "qa_level": "long_term",
        "qa_task": "object understanding",
        "question": "Is there a red car shown in the video between 2.0 and 10053.0 seconds?",
        "answer": "Yes",
        "old_answer": "Yes"
    },
    {
        "qa_idx": 7,
        "qa_task": "attribute-change",
        "question": "How does the lighting change from the beginning to the middle of the video event from 7559.0 to 7613.0 seconds?",
        "options": [
            "A. The lighting remains dim throughout.",
            "B. The lighting changes from dim to natural light.",
            "C. The lighting changes from natural light to dim.",
            "D. The lighting becomes darker and then brighter."
        ],
        "answer": "B",
        "qa_level": "within_event",
        "qa_type": "mcqa",
        "old_answer": "B"
    },
    {
        "qa_idx": 8,
        "qa_task": "character-understanding",
        "question": "What action does a man perform towards a woman in a pink outfit during the event from 6454.0 to 6517.0 seconds?",
        "options": [
            "A. He shakes her hand.",
            "B. He places his arm around her shoulder.",
            "C. He gives her a gift.",
            "D. He ignores her."
        ],
        "answer": "B",
        "qa_level": "within_event",
        "qa_type": "mcqa",
        "old_answer": "B"
    },
    {
        "qa_idx": 11,
        "qa_task": "temporal-relationship",
        "question": "What happens after the scene featuring a man and a woman standing side by side in a dark background?",
        "options": [
            "A. A group of people arranged for a formal photograph in front of grand foliage.",
            "B. A close-up of a man highlights the dimly lit, possibly vintage aesthetic.",
            "C. A man dressed in formal attire with a necklace outdoors.",
            "D. A sepia-toned photograph featuring a man and a woman standing beside a balustrade."
        ],
        "answer": "A",
        "qa_level": "long_term",
        "qa_type": "mcqa",
        "old_answer": "A"
    },
    {
        "qa_idx": 12,
        "qa_task": "spatial-relationship",
        "question": "Where is the group of people gathered around an individual lying on the ground?",
        "options": [
            "A. In a garden.",
            "B. At a construction site.",
            "C. In a living room.",
            "D. In a classroom."
        ],
        "answer": "B",
        "qa_level": "long_term",
        "qa_type": "mcqa",
        "old_answer": "B"
    },
    {
        "qa_idx": 13,
        "qa_task": "plot-understanding",
        "question": "What is the main theme of the video from 2.0 to 10053.0 seconds?",
        "options": [
            "A. A series of formal and ceremonial events.",
            "B. A documentary about wildlife.",
            "C. A cooking show.",
            "D. A sports competition."
        ],
        "answer": "A",
        "qa_level": "long_term",
        "qa_type": "mcqa",
        "old_answer": "A"
    },
    {
        "qa_idx": 15,
        "qa_task": "attribute-change",
        "question": "How does the setting change from the beginning to the end of the video from 2.0 to 10053.0 seconds?",
        "options": [
            "A. From a formal indoor setting to a vibrant outdoor celebration.",
            "B. From a serene beach to a bustling market.",
            "C. From a dark industrial environment to a bright office space.",
            "D. From a quiet library to a noisy construction site."
        ],
        "answer": "A",
        "qa_level": "long_term",
        "qa_type": "mcqa",
        "old_answer": "A"
    },
    {
        "qa_idx": 16,
        "qa_task": "time-order",
        "question": "What is the sequence of events from the certification document to the dramatic emblem featuring the word 'KING'?",
        "options": [
            "A. Certification document, no-smoking announcement, deity scene, dynamic frames, dramatic emblem.",
            "B. No-smoking announcement, certification document, deity scene, dynamic frames, dramatic emblem.",
            "C. Certification document, deity scene, no-smoking announcement, dynamic frames, dramatic emblem.",
            "D. Certification document, dynamic frames, no-smoking announcement, deity scene, dramatic emblem."
        ],
        "answer": "A",
        "qa_level": "long_term",
        "qa_type": "mcqa",
        "old_answer": "A"
    }
]