[
    {
        "qa_idx": 0,
        "qa_type": "qa",
        "qa_level": "frame",
        "qa_task": "character-understanding",
        "question": "Are there both men and a woman participating in the video conference at 7548.0 seconds?",
        "answer": "Yes",
        "old_answer": "Yes"
    },
    {
        "qa_idx": 1,
        "qa_task": "character-understanding",
        "question": "What is the man in the video doing with his hand at 3005.0 seconds?",
        "options": [
            "A. Waving his hand.",
            "B. Pointing upwards with his index finger.",
            "C. Clapping his hands.",
            "D. Holding a book."
        ],
        "answer": "B",
        "qa_level": "frame",
        "qa_type": "mcqa",
        "old_answer": "B"
    },
    {
        "qa_idx": 3,
        "qa_type": "qa",
        "qa_level": "within_event",
        "qa_task": "plot-understanding",
        "question": "Does the video event from 219.0 to 221.0 seconds depict a virtual meeting with multiple participants?",
        "answer": "Yes",
        "old_answer": "Yes"
    },
    {
        "qa_idx": 4,
        "qa_task": "object understanding",
        "question": "What is the animated green pepper character holding in its right hand at 173.0 seconds into the video?",
        "options": [
            "A. A guitar.",
            "B. A microphone.",
            "C. A book.",
            "D. A drumstick."
        ],
        "answer": "B",
        "qa_level": "frame",
        "qa_type": "mcqa",
        "old_answer": "B"
    },
    {
        "qa_idx": 5,
        "qa_task": "character-understanding",
        "question": "What is prominently displayed in the video frame at 52.0 seconds?",
        "options": [
            "A. A person.",
            "B. A poster.",
            "C. A landscape.",
            "D. A building."
        ],
        "answer": "B",
        "qa_level": "frame",
        "qa_type": "mcqa",
        "old_answer": "B"
    },
    {
        "qa_idx": 6,
        "qa_type": "qa",
        "qa_level": "cross_event",
        "qa_task": "camera-direction",
        "question": "In the events from 5575.0 to 5666.0 and 5673.0 to 5731.0, does the camera remain focused on the man wearing a fedora and glasses?",
        "answer": "Yes",
        "old_answer": "Yes"
    },
    {
        "qa_idx": 7,
        "qa_task": "causal",
        "question": "Why do the participants have different backgrounds in the video call from 2226.0 to 2816.0 seconds?",
        "options": [
            "A. They are connecting from different locations.",
            "B. They are using virtual backgrounds.",
            "C. They are in the same room but using different cameras.",
            "D. They are using a green screen."
        ],
        "answer": "A",
        "qa_level": "within_event",
        "qa_type": "mcqa",
        "old_answer": "A"
    },
    {
        "qa_idx": 8,
        "qa_task": "camera-direction",
        "question": "How does the camera direction change from the beginning to the end of the virtual meeting event between 2981.0 seconds and 3060.0 seconds?",
        "options": [
            "A. The camera zooms in on a single participant.",
            "B. The camera pans across different participants.",
            "C. The camera remains static, showing a grid of participants.",
            "D. The camera moves to show the backgrounds of each participant."
        ],
        "answer": "C",
        "qa_level": "cross_event",
        "qa_type": "mcqa",
        "old_answer": "C"
    },
    {
        "qa_idx": 9,
        "qa_task": "temporal-relationship",
        "question": "What happens after the screen sharing notification appears in the virtual meeting from 5980.0 to 6665.0 seconds?",
        "options": [
            "A. The number of participants increases to eight.",
            "B. The participants start a new discussion topic.",
            "C. The meeting ends abruptly.",
            "D. The participants continue their discussions with screen sharing enabled."
        ],
        "answer": "D",
        "qa_level": "cross_event",
        "qa_type": "mcqa",
        "old_answer": "D"
    },
    {
        "qa_idx": 10,
        "qa_task": "spatial-relationship",
        "question": "In the virtual meeting scenes from 1406.0 seconds to 9862.0 seconds, what common feature is visible in the background of some participants?",
        "options": [
            "A. Musical instruments.",
            "B. Kitchen appliances.",
            "C. Outdoor scenery.",
            "D. Sports equipment."
        ],
        "answer": "A",
        "qa_level": "long_term",
        "qa_type": "mcqa",
        "old_answer": "A"
    },
    {
        "qa_idx": 12,
        "qa_task": "time-order",
        "question": "In which order do the events occur in the video from 45.0 to 10178.0 seconds?",
        "options": [
            "A. The video initially displays a copyright notice and disclaimer, followed by a scene with a tripod and camera, then transitions to a minimalistic black screen with 'PRANCO' text, and later shows a brightly colored poster with 'Franco Escamilla'.",
            "B. The video initially displays a brightly colored poster with 'Franco Escamilla', followed by a scene with a tripod and camera, then transitions to a minimalistic black screen with 'PRANCO' text, and later shows a copyright notice and disclaimer.",
            "C. The video initially displays a scene with a tripod and camera, followed by a minimalistic black screen with 'PRANCO' text, then transitions to a brightly colored poster with 'Franco Escamilla', and later shows a copyright notice and disclaimer.",
            "D. The video initially displays a minimalistic black screen with 'PRANCO' text, followed by a brightly colored poster with 'Franco Escamilla', then transitions to a scene with a tripod and camera, and later shows a copyright notice and disclaimer."
        ],
        "answer": "A",
        "qa_level": "long_term",
        "qa_type": "mcqa",
        "old_answer": "A"
    },
    {
        "qa_idx": 14,
        "qa_task": "attribute-change",
        "question": "How does the background setting change from the beginning to the end of the video sequence between 45.0 and 10178.0 seconds?",
        "options": [
            "A. From a dark background with a logo to a virtual meeting with multiple participants.",
            "B. From a clinical setting to a nighttime urban scene.",
            "C. From a serene outdoor scene to a vibrant stage scene.",
            "D. From a professional studio setup to a casual home environment."
        ],
        "answer": "A",
        "qa_level": "long_term",
        "qa_type": "mcqa",
        "old_answer": "A"
    },
    {
        "qa_idx": 15,
        "qa_task": "character-understanding",
        "question": "What is the person wearing while holding a microphone and engaging with an unseen audience against a uniform red background?",
        "options": [
            "A. Blue clothing and a blue face mask.",
            "B. Black shirt and gray pants.",
            "C. Black jacket and a hat.",
            "D. Purple t-shirt and blue jeans."
        ],
        "answer": "A",
        "qa_level": "long_term",
        "qa_type": "mcqa",
        "old_answer": "A"
    }
]