[
    {
        "qa_idx": 0,
        "qa_task": "spatial-relationship",
        "question": "What is the arrangement of the traffic signs in the frame at 337.0 seconds?",
        "options": [
            "A. Randomly scattered.",
            "B. Organized in a structured manner.",
            "C. Placed in a single line.",
            "D. Clustered in one corner."
        ],
        "answer": "B",
        "qa_level": "frame",
        "qa_type": "mcqa",
        "old_answer": "B"
    },
    {
        "qa_idx": 1,
        "qa_type": "qa",
        "qa_level": "within_event",
        "qa_task": "action-understanding",
        "question": "At the beginning of the event from 2216.0 to 2263.0 seconds, is the person on the left side of the beach scene on all fours atop a green surfboard?",
        "answer": "Yes",
        "old_answer": "Yes"
    },
    {
        "qa_idx": 2,
        "qa_task": "character-understanding",
        "question": "What is the child wearing in the video frame at 1856.0 seconds?",
        "options": [
            "A. A blue shirt and shorts.",
            "B. Striped attire.",
            "C. A colorful wetsuit.",
            "D. A red chair."
        ],
        "answer": "C",
        "qa_level": "frame",
        "qa_type": "mcqa",
        "old_answer": "C"
    },
    {
        "qa_idx": 3,
        "qa_type": "qa",
        "qa_level": "within_event",
        "qa_task": "action-understanding",
        "question": "Does the video show a woman leaning forward onto the seat in front of her at any point between 247.0 and 266.0 seconds?",
        "answer": "Yes",
        "old_answer": "Yes"
    },
    {
        "qa_idx": 5,
        "qa_type": "qa",
        "qa_level": "cross_event",
        "qa_task": "action-understanding",
        "question": "In the event from 59.0 to 118.0, does the woman in the floral outfit drive the classic white convertible car through the countryside as depicted in the event from 129.0 to 173.0?",
        "answer": "No",
        "old_answer": "No"
    },
    {
        "qa_idx": 6,
        "qa_type": "qa",
        "qa_level": "cross_event",
        "qa_task": "action-understanding",
        "question": "During the scene from 996.0 to 1057.0, do people engage in a lively dance performance in the outdoor lounging area?",
        "answer": "No",
        "old_answer": "No"
    },
    {
        "qa_idx": 7,
        "qa_task": "spatial-relationship",
        "question": "What is the spatial relationship between the person and the door in the scene from 2324.0 to 2394.0 seconds?",
        "options": [
            "A. The person is standing far away from the door.",
            "B. The person is standing near the door.",
            "C. The person is standing behind the door.",
            "D. The person is standing on top of the door."
        ],
        "answer": "B",
        "qa_level": "cross_event",
        "qa_type": "mcqa",
        "old_answer": "B"
    },
    {
        "qa_idx": 8,
        "qa_task": "scene-understanding",
        "question": "What is the primary setting of the events described in the video from 578.0 to 638.0 seconds?",
        "options": [
            "A. A bustling outdoor scene in front of a historic or tourist site.",
            "B. A quiet indoor setting with minimal activity.",
            "C. A busy urban street with heavy traffic.",
            "D. A serene forest with wildlife."
        ],
        "answer": "A",
        "qa_level": "cross_event",
        "qa_type": "mcqa",
        "old_answer": "A"
    },
    {
        "qa_idx": 9,
        "qa_task": "time-order",
        "question": "What is the correct sequence of events from the two video descriptions from the time of 664.0 to 832.0 seconds and H to e seconds?",
        "options": [
            "A. The video starts with a serene beach scene, transitions to a coastal dining setup, and ends with a seafood feast.",
            "B. The video starts with a seafood feast, transitions to a coastal dining setup, and ends with a serene beach scene.",
            "C. The video starts with a coastal dining setup, transitions to a serene beach scene, and ends with a seafood feast.",
            "D. The video starts with a serene beach scene, transitions to a seafood feast, and ends with a coastal dining setup."
        ],
        "answer": "A",
        "qa_level": "cross_event",
        "qa_type": "mcqa",
        "old_answer": "A"
    },
    {
        "qa_idx": 10,
        "qa_task": "object-direction",
        "question": "In the events from 2081.0 to 2160.0 seconds and H to e seconds, what direction are the surfboards being carried?",
        "options": [
            "A. From the ocean towards the beach.",
            "B. From the beach towards the ocean.",
            "C. Parallel to the coastline.",
            "D. In random directions."
        ],
        "answer": "B",
        "qa_level": "cross_event",
        "qa_type": "mcqa",
        "old_answer": "B"
    },
    {
        "qa_idx": 11,
        "qa_task": "causal",
        "question": "Why did the woman in the pink jacket point at the other woman’s hand at Rossio station in Lisbon?",
        "options": [
            "A. To show her a coin.",
            "B. To ask for directions.",
            "C. To give her a ticket.",
            "D. To show her a tattoo."
        ],
        "answer": "A",
        "qa_level": "long_term",
        "qa_type": "mcqa",
        "old_answer": "A"
    },
    {
        "qa_idx": 12,
        "qa_task": "plot-understanding",
        "question": "What is the main theme of the video from 14.0 to 2753.0 seconds?",
        "options": [
            "A. A historical and cultural exploration of Portugal.",
            "B. A culinary journey through various restaurants.",
            "C. A sports event featuring different athletic activities.",
            "D. A wildlife documentary showcasing different animal species."
        ],
        "answer": "A",
        "qa_level": "long_term",
        "qa_type": "mcqa",
        "old_answer": "A"
    },
    {
        "qa_idx": 13,
        "qa_task": "speed",
        "question": "Which mode of transportation is depicted as moving faster in the video events from 14.0 to 2753.0 seconds?",
        "options": [
            "A. The train at Rossio station.",
            "B. The white convertible car.",
            "C. The yellow tram in Sintra.",
            "D. The surfers on the beach."
        ],
        "answer": "B",
        "qa_level": "long_term",
        "qa_type": "mcqa",
        "old_answer": "B"
    },
    {
        "qa_idx": 14,
        "qa_task": "attribute-change",
        "question": "How does the scene change from the beginning to the end of the video event from 14.0 to 2753.0 seconds?",
        "options": [
            "A. From a serene train station to a bustling beach scene.",
            "B. From a historical architectural structure to a modern urban environment.",
            "C. From a tranquil coastal landscape to a lively public transportation vehicle.",
            "D. From a serene beach scene to a historical site with architectural significance."
        ],
        "answer": "A",
        "qa_level": "long_term",
        "qa_type": "mcqa",
        "old_answer": "A"
    },
    {
        "qa_idx": 15,
        "qa_task": "time-order",
        "question": "In which order do the events occur in the video from 14.0 to 2753.0 seconds?",
        "options": [
            "A. The scene starts at Rossio station in Lisbon, followed by a bustling train station, then a large, brightly-lit covered space, and ends with two women in vibrant outfits interacting near the train.",
            "B. The event starts with an aerial view of a picturesque town in Portugal, transitions to a coastal environment, then a large, ornate building, and ends with a motion blurred scene.",
            "C. The video event begins with a classic car prominently displayed, continues with various outdoor scenes featuring a woman standing in a parking lot, and ends with a shot of the classic white convertible driving through picturesque rural areas.",
            "D. The event opens with a serene coastal landscape, transitions into a tranquil rural settlement, then a lively urban street, and ends with a bustling train station at Rossio Station in Lisbon."
        ],
        "answer": "D",
        "qa_level": "long_term",
        "qa_type": "mcqa",
        "old_answer": "D"
    }
]