[
    {
        "qa_idx": 0,
        "qa_type": "qa",
        "qa_level": "frame",
        "qa_task": "character-understanding",
        "question": "At 741.0 seconds into the video, is the man in the foreground facing away from the camera?",
        "answer": "Yes",
        "old_answer": "Yes"
    },
    {
        "qa_idx": 1,
        "qa_task": "character-understanding",
        "question": "What is the woman in the video doing at 1431.0 seconds?",
        "options": [
            "A. Cooking food.",
            "B. Organizing or packing clothing.",
            "C. Reading a book.",
            "D. Watching television."
        ],
        "answer": "B",
        "qa_level": "frame",
        "qa_type": "mcqa",
        "old_answer": "B"
    },
    {
        "qa_idx": 2,
        "qa_type": "qa",
        "qa_level": "frame",
        "qa_task": "object understanding",
        "question": "Is there a pine branch partially obscuring the man in the frame at 1547.0 seconds?",
        "answer": "Yes",
        "old_answer": "Yes"
    },
    {
        "qa_idx": 3,
        "qa_task": "character-understanding",
        "question": "What are the individuals doing at the dining table in the video frame at 1011.0 seconds?",
        "options": [
            "A. Reading books.",
            "B. Playing cards.",
            "C. Eating.",
            "D. Working on laptops."
        ],
        "answer": "C",
        "qa_level": "frame",
        "qa_type": "mcqa",
        "old_answer": "C"
    },
    {
        "qa_idx": 4,
        "qa_type": "qa",
        "qa_level": "within_event",
        "qa_task": "camera-direction",
        "question": "From 1451.0 to 1518.0 seconds, does the camera remain stationary while capturing the woman seated on the bus?",
        "answer": "No",
        "old_answer": "No"
    },
    {
        "qa_idx": 5,
        "qa_task": "object understanding",
        "question": "What items are the two women holding while seated on the bench at 1101.0 seconds into the video?",
        "options": [
            "A. Books.",
            "B. Bags or purses.",
            "C. Drinks.",
            "D. Flowers."
        ],
        "answer": "B",
        "qa_level": "frame",
        "qa_type": "mcqa",
        "old_answer": "B"
    },
    {
        "qa_idx": 6,
        "qa_type": "qa",
        "qa_level": "within_event",
        "qa_task": "action-understanding",
        "question": "Does the scene transition from the living room to a nursery or play area by the end of the event from 183.0 to 223.0 seconds?",
        "answer": "Yes",
        "old_answer": "Yes"
    },
    {
        "qa_idx": 7,
        "qa_task": "descriptive-scene",
        "question": "Where does the scene at 1399.0 seconds take place?",
        "options": [
            "A. In a quiet, dimly lit corridor.",
            "B. In a bustling market.",
            "C. In a crowded office.",
            "D. In a noisy street."
        ],
        "answer": "A",
        "qa_level": "frame",
        "qa_type": "mcqa",
        "old_answer": "A"
    },
    {
        "qa_idx": 8,
        "qa_type": "qa",
        "qa_level": "cross_event",
        "qa_task": "plot-understanding",
        "question": "Do both video events from 812.0 to 871.0 and 892.0 to 951.0 feature outdoor scenes with a family?",
        "answer": "No",
        "old_answer": "No"
    },
    {
        "qa_idx": 10,
        "qa_type": "qa",
        "qa_level": "cross_event",
        "qa_task": "speed",
        "question": "Did the people in the park move quickly during the event from 2010.0 to 2072.0 seconds?",
        "answer": "No",
        "old_answer": "No"
    },
    {
        "qa_idx": 11,
        "qa_type": "qa",
        "qa_level": "long_term",
        "qa_task": "character-understanding",
        "question": "Are there scenes depicting children interacting with adults in a domestic setting between 16.0 seconds and 169.0 seconds?",
        "answer": "Yes",
        "old_answer": "Yes"
    },
    {
        "qa_idx": 12,
        "qa_task": "scene-understanding",
        "question": "What is the setting of the scene from 1629.0 to 1689.0 seconds?",
        "options": [
            "A. A casual outdoor environment.",
            "B. An organized office or study environment.",
            "C. A busy marketplace.",
            "D. A sports arena."
        ],
        "answer": "B",
        "qa_level": "cross_event",
        "qa_type": "mcqa",
        "old_answer": "B"
    },
    {
        "qa_idx": 15,
        "qa_task": "attribute-change",
        "question": "How does the environment change from 6.0 seconds to 2162.0 seconds in the video?",
        "options": [
            "A. The environment changes from an urban setting with concrete stairs to a bustling metropolitan area with skyscrapers.",
            "B. The environment changes from a serene park to a busy indoor office setting.",
            "C. The environment changes from a rural landscape to a quiet suburban neighborhood.",
            "D. The environment changes from a beach scene to a mountain landscape."
        ],
        "answer": "A",
        "qa_level": "long_term",
        "qa_type": "mcqa",
        "old_answer": "A"
    }
]