[
    {
        "qa_idx": 0,
        "qa_task": "descriptive-scene",
        "question": "Where is the audience seated in the video frame at 1765.0 seconds?",
        "options": [
            "A. In rows of red chairs.",
            "B. On the floor.",
            "C. On benches.",
            "D. On sofas."
        ],
        "answer": "A",
        "qa_level": "frame",
        "qa_type": "mcqa",
        "old_answer": "A"
    },
    {
        "qa_idx": 4,
        "qa_type": "qa",
        "qa_level": "cross_event",
        "qa_task": "plot-understanding",
        "question": "Do both events from 249.0 to 308.0 and 921.0 to 1009.0 involve a promotional scene featuring a woman holding a surfboard against a green background?",
        "answer": "Yes",
        "old_answer": "Yes"
    },
    {
        "qa_idx": 6,
        "qa_type": "qa",
        "qa_level": "cross_event",
        "qa_task": "action-understanding",
        "question": "In both video events from 2220.0 to 2285.0 and 2325.0 to 2385.0, is the man holding a microphone consistently dressed in casual clothing?",
        "answer": "Yes",
        "old_answer": "Yes"
    },
    {
        "qa_idx": 7,
        "qa_type": "qa",
        "qa_level": "long_term",
        "qa_task": "object understanding",
        "question": "Is there a surfboard visible in the background during the promotional scene featuring a woman holding a surfboard against a bright green background from 249.0 to 3222.0 seconds?",
        "answer": "Yes",
        "old_answer": "Yes"
    },
    {
        "qa_idx": 9,
        "qa_type": "qa",
        "qa_level": "long_term",
        "qa_task": "action-understanding",
        "question": "During the event from 249.0 to 3222.0 seconds, did the woman holding the surfboard perform a surfing demonstration?",
        "answer": "No",
        "old_answer": "No"
    },
    {
        "qa_idx": 11,
        "qa_task": "character-understanding",
        "question": "What is the main activity of the woman in the video event from 921.0 to 1009.0 seconds?",
        "options": [
            "A. Holding a surfboard against a vibrant green background.",
            "B. Giving a presentation on stage.",
            "C. Seated in the audience.",
            "D. Clapping and conversing with others."
        ],
        "answer": "A",
        "qa_level": "cross_event",
        "qa_type": "mcqa",
        "old_answer": "A"
    },
    {
        "qa_idx": 12,
        "qa_task": "causal",
        "question": "Why is the atmosphere at the Quiksilver New Star Camp described as vibrant and engaging during the event from 2419.0 to 2504.0 seconds?",
        "options": [
            "A. Because the event features a series of interviews and discussions with multiple individuals participating.",
            "B. Because the event is held outdoors with a focus on surfing activities.",
            "C. Because the event is primarily focused on formal business presentations.",
            "D. Because the event is centered around a quiet and serene environment."
        ],
        "answer": "A",
        "qa_level": "cross_event",
        "qa_type": "mcqa",
        "old_answer": "A"
    },
    {
        "qa_idx": 13,
        "qa_task": "causal",
        "question": "Why is there a large crowd gathered in a vibrant venue with decorations and banners of 'Quiksilver New Star Camp' from 921.0 to 1009.0 seconds?",
        "options": [
            "A. They are attending a surfing competition.",
            "B. They are attending a keynote or panel discussion related to surfing.",
            "C. They are watching a movie premiere.",
            "D. They are participating in a sports event."
        ],
        "answer": "B",
        "qa_level": "cross_event",
        "qa_type": "mcqa",
        "old_answer": "B"
    },
    {
        "qa_idx": 17,
        "qa_task": "camera-direction",
        "question": "In the video event from 249.0 to 3222.0 seconds, what is the camera movement when the scene transitions from the promotional scene with the woman holding a surfboard to the indoor event with a large crowd?",
        "options": [
            "A. The camera zooms in on the woman holding the surfboard.",
            "B. The camera pans from the woman holding the surfboard to the indoor event.",
            "C. The camera cuts directly from the promotional scene to the indoor event.",
            "D. The camera moves closer to the stage in the indoor event."
        ],
        "answer": "C",
        "qa_level": "long_term",
        "qa_type": "mcqa",
        "old_answer": "C"
    },
    {
        "qa_idx": 18,
        "qa_task": "speed",
        "question": "Which device displayed a higher internet speed test result during the event from 249.0 to 3222.0 seconds?",
        "options": [
            "A. The device showing 264.6.",
            "B. The device showing 257.2.",
            "C. Both devices showed the same speed.",
            "D. None of the above."
        ],
        "answer": "A",
        "qa_level": "long_term",
        "qa_type": "mcqa",
        "old_answer": "A"
    },
    {
        "qa_idx": 19,
        "qa_task": "attribute-change",
        "question": "How does the background change from the beginning to the end of the event from 249.0 to 3222.0 seconds?",
        "options": [
            "A. From a bright green background to a futuristic urban scene.",
            "B. From a yellow background to a dark background.",
            "C. From a blue background to a red background.",
            "D. From a plain background to a beach scene."
        ],
        "answer": "A",
        "qa_level": "long_term",
        "qa_type": "mcqa",
        "old_answer": "A"
    },
    {
        "qa_idx": 22,
        "qa_task": "descriptive-scene",
        "question": "Where does the event featuring the 'Quiksilver New Star Camp' take place from 249.0 to 3222.0 seconds?",
        "options": [
            "A. In an outdoor park.",
            "B. In an indoor venue.",
            "C. On a beach.",
            "D. In a stadium."
        ],
        "answer": "B",
        "qa_level": "long_term",
        "qa_type": "mcqa",
        "old_answer": "B"
    }
]