[
    {
        "qa_idx": 0,
        "qa_task": "descriptive-scene",
        "question": "Where does the scene in the video frame at 3633.0 seconds take place?",
        "options": [
            "A. In a park or playground.",
            "B. In a classroom.",
            "C. In a shopping mall.",
            "D. In a living room."
        ],
        "answer": "A",
        "qa_level": "frame",
        "qa_type": "mcqa",
        "old_answer": "A"
    },
    {
        "qa_idx": 1,
        "qa_type": "qa",
        "qa_level": "frame",
        "qa_task": "object understanding",
        "question": "Are the characters holding books with a fish illustration on the cover at 2148.0 seconds into the video?",
        "answer": "Yes",
        "old_answer": "Yes"
    },
    {
        "qa_idx": 3,
        "qa_type": "qa",
        "qa_level": "cross_event",
        "qa_task": "character-understanding",
        "question": "Did the adult pig hold a book in both the kitchen and the outdoor scenes from 1993.0 to 2111.0?",
        "answer": "Yes",
        "old_answer": "Yes"
    },
    {
        "qa_idx": 4,
        "qa_task": "camera-direction",
        "question": "Does the camera move from the outdoor setting to the indoor setting or from the indoor setting to the outdoor setting in the video event from 1317.0 to 1378.0 seconds?",
        "options": [
            "A. The camera moves from the outdoor setting to the indoor setting.",
            "B. The camera moves from the indoor setting to the outdoor setting.",
            "C. The camera stays in the outdoor setting.",
            "D. The camera stays in the indoor setting."
        ],
        "answer": "A",
        "qa_level": "within_event",
        "qa_type": "mcqa",
        "old_answer": "A"
    },
    {
        "qa_idx": 5,
        "qa_type": "qa",
        "qa_level": "cross_event",
        "qa_task": "character-understanding",
        "question": "Were the anthropomorphic pigs involved in outdoor activities in both events from 3152.0 to 3210.0 and 3222.0 to 3285.0?",
        "answer": "Yes",
        "old_answer": "Yes"
    },
    {
        "qa_idx": 6,
        "qa_task": "plot-understanding",
        "question": "What activity are the anthropomorphic pigs engaged in during the video event from 3348.0 to 3375.0 seconds?",
        "options": [
            "A. Playing a game.",
            "B. Having a picnic.",
            "C. Building a house.",
            "D. Going on a hike."
        ],
        "answer": "B",
        "qa_level": "within_event",
        "qa_type": "mcqa",
        "old_answer": "B"
    },
    {
        "qa_idx": 7,
        "qa_task": "character-understanding",
        "question": "What is the main activity the students are involved in during the classroom scene from 3523.0 to 3537.0 seconds?",
        "options": [
            "A. Playing with toys.",
            "B. Drawing activities.",
            "C. Reading books.",
            "D. Singing songs."
        ],
        "answer": "B",
        "qa_level": "within_event",
        "qa_type": "mcqa",
        "old_answer": "B"
    },
    {
        "qa_idx": 9,
        "qa_task": "speed",
        "question": "Between the time of 1655.0 to 1715.0 seconds and H to e seconds, which scene transition suggests a change in the speed of the narrative?",
        "options": [
            "A. From the outdoor scene with the fox blowing a whistle to the indoor cozy nighttime bedroom scene.",
            "B. From the cozy nighttime bedroom scene to the nurse character in medical attire.",
            "C. From the cartoon airplane scene to the nighttime bedroom with anthropomorphic characters.",
            "D. From the outdoor play scene with characters swinging from a tree to the children's bedroom decorated with stars and rockets."
        ],
        "answer": "D",
        "qa_level": "cross_event",
        "qa_type": "mcqa",
        "old_answer": "D"
    },
    {
        "qa_idx": 10,
        "qa_task": "temporal-relationship",
        "question": "What activity were the anthropomorphic animal characters engaged in before they moved outdoors under a clear blue sky?",
        "options": [
            "A. Playing table tennis and using gym apparatuses.",
            "B. Engaging in meal activities in a brightly colored classroom.",
            "C. Participating in a festive celebration with party hats.",
            "D. Engaging in a family picnic with a checkered blanket."
        ],
        "answer": "B",
        "qa_level": "long_term",
        "qa_type": "mcqa",
        "old_answer": "B"
    },
    {
        "qa_idx": 11,
        "qa_task": "spatial-relationship",
        "question": "Where is the white rabbit holding a plate with a slice of bread located in the classroom scene?",
        "options": [
            "A. Near the blackboard.",
            "B. On top of a pendant light.",
            "C. By the window.",
            "D. At the teacher's desk."
        ],
        "answer": "B",
        "qa_level": "long_term",
        "qa_type": "mcqa",
        "old_answer": "B"
    },
    {
        "qa_idx": 13,
        "qa_task": "camera-direction",
        "question": "How does the camera movement change from the indoor classroom scene at 14.0 seconds to the outdoor scene at 3654.0 seconds?",
        "options": [
            "A. The camera zooms in on the characters.",
            "B. The camera pans from the indoor classroom to the outdoor scene.",
            "C. The camera remains static throughout.",
            "D. The camera moves closer to the characters."
        ],
        "answer": "B",
        "qa_level": "long_term",
        "qa_type": "mcqa",
        "old_answer": "B"
    },
    {
        "qa_idx": 14,
        "qa_task": "speed",
        "question": "Which character is faster in the video, the rabbit or the pig?",
        "options": [
            "A. The rabbit.",
            "B. The pig.",
            "C. Both are at the same speed.",
            "D. None of the above."
        ],
        "answer": "A",
        "qa_level": "long_term",
        "qa_type": "mcqa",
        "old_answer": "A"
    },
    {
        "qa_idx": 15,
        "qa_task": "attribute-change",
        "question": "How does the setting change from the beginning to the end of the video from 14.0 to 3654.0 seconds?",
        "options": [
            "A. From a classroom to an outdoor picnic.",
            "B. From a kitchen to a fairground.",
            "C. From a classroom to a television studio.",
            "D. From a kitchen to a science laboratory."
        ],
        "answer": "A",
        "qa_level": "long_term",
        "qa_type": "mcqa",
        "old_answer": "A"
    },
    {
        "qa_idx": 17,
        "qa_task": "descriptive-scene",
        "question": "Where do the animated characters engage in meal activities and physical activities?",
        "options": [
            "A. In a classroom and a gym.",
            "B. In a kitchen and a playground.",
            "C. In a living room and a park.",
            "D. In a dining room and a garden."
        ],
        "answer": "A",
        "qa_level": "long_term",
        "qa_type": "mcqa",
        "old_answer": "A"
    }
]