[
    {
        "qa_idx": 0,
        "qa_type": "qa",
        "qa_level": "frame",
        "qa_task": "character-understanding",
        "question": "Is the character in the video frame at 393.0 seconds dressed in a green shirt?",
        "answer": "Yes",
        "old_answer": "Yes"
    },
    {
        "qa_idx": 1,
        "qa_task": "descriptive-scene",
        "question": "Where is the pink anthropomorphic character lying at the 189.0-second mark in the video?",
        "options": [
            "A. On a chair.",
            "B. On the floor.",
            "C. In a purple bed.",
            "D. On a sofa."
        ],
        "answer": "C",
        "qa_level": "frame",
        "qa_type": "mcqa",
        "old_answer": "C"
    },
    {
        "qa_idx": 2,
        "qa_task": "plot-understanding",
        "question": "What is the main theme of the video event from 1302.0 to 1370.0 seconds?",
        "options": [
            "A. A daytime adventure.",
            "B. A bedtime fantasy.",
            "C. A school day routine.",
            "D. A cooking show."
        ],
        "answer": "B",
        "qa_level": "within_event",
        "qa_type": "mcqa",
        "old_answer": "B"
    },
    {
        "qa_idx": 3,
        "qa_task": "camera-direction",
        "question": "During the event sequence from 1710.0 to 1773.0 seconds, how does the camera movement emphasize the interaction between the toy sailboat and the pink character resembling a pig?",
        "options": [
            "A. The camera zooms out to show the entire family.",
            "B. The camera pans to the left to reveal the toy sailboat.",
            "C. The camera focuses on the pink character standing on the grassy fields.",
            "D. The camera moves upward to show the clear blue sky."
        ],
        "answer": "C",
        "qa_level": "within_event",
        "qa_type": "mcqa",
        "old_answer": "C"
    },
    {
        "qa_idx": 4,
        "qa_task": "speed",
        "question": "Between the time of 2132.0 seconds to 2192.0 seconds and H seconds to e seconds, which character's actions are depicted with a greater sense of speed?",
        "options": [
            "A. The adult in an orange dress.",
            "B. The smaller character in a red outfit.",
            "C. The toy wearing rainbow-colored glasses.",
            "D. The animated pink character."
        ],
        "answer": "D",
        "qa_level": "cross_event",
        "qa_type": "mcqa",
        "old_answer": "D"
    },
    {
        "qa_idx": 5,
        "qa_task": "speed",
        "question": "How does the speed of the pig pushing the bright purple stroller compare to the speed of the family of pig characters driving the red convertible car from 739.0 to 846.0 seconds?",
        "options": [
            "A. The pig pushing the stroller moves faster than the family driving the car.",
            "B. The pig pushing the stroller moves slower than the family driving the car.",
            "C. The pig pushing the stroller and the family driving the car move at the same speed.",
            "D. The speed of the pig pushing the stroller is not mentioned."
        ],
        "answer": "B",
        "qa_level": "cross_event",
        "qa_type": "mcqa",
        "old_answer": "B"
    },
    {
        "qa_idx": 8,
        "qa_task": "speed",
        "question": "Which character is faster in the video from 3.0 to 2740.0 seconds, the yellow convertible car or the white vehicle resembling an ambulance?",
        "options": [
            "A. The yellow convertible car.",
            "B. The white vehicle resembling an ambulance.",
            "C. Both are at the same speed.",
            "D. None of the above."
        ],
        "answer": "A",
        "qa_level": "long_term",
        "qa_type": "mcqa",
        "old_answer": "A"
    },
    {
        "qa_idx": 9,
        "qa_task": "attribute-change",
        "question": "How does the background change from the beginning to the end of the video from 3.0 to 2740.0 seconds?",
        "options": [
            "A. From a light blue background to a rainy outdoor setting.",
            "B. From a light blue background to a bright sunny outdoor setting.",
            "C. From a light blue background to a cozy indoor setting.",
            "D. From a light blue background to a nighttime scene."
        ],
        "answer": "B",
        "qa_level": "long_term",
        "qa_type": "mcqa",
        "old_answer": "B"
    },
    {
        "qa_idx": 10,
        "qa_task": "object understanding",
        "question": "What kind of toy is the pink pig character holding while lying in bed under a green blanket in the bedroom?",
        "options": [
            "A. A green toy dinosaur.",
            "B. A yellow teddy bear.",
            "C. A colorful ball.",
            "D. A toy car."
        ],
        "answer": "A",
        "qa_level": "long_term",
        "qa_type": "mcqa",
        "old_answer": "A"
    },
    {
        "qa_idx": 11,
        "qa_task": "descriptive-scene",
        "question": "Where do the characters interact with a red rotary telephone?",
        "options": [
            "A. In a cozy room with bright colors and a floral picture.",
            "B. In a kitchen with green curtains and a clock.",
            "C. In a child's bedroom with purple walls and drawings.",
            "D. In a classroom with educational elements."
        ],
        "answer": "A",
        "qa_level": "long_term",
        "qa_type": "mcqa",
        "old_answer": "A"
    }
]