[
    {
        "qa_idx": 1,
        "qa_type": "qa",
        "qa_level": "frame",
        "qa_task": "object understanding",
        "question": "Is the man dressed in a Santa Claus costume seated behind a laptop at 1947.0 seconds into the video?",
        "answer": "Yes",
        "old_answer": "Yes"
    },
    {
        "qa_idx": 4,
        "qa_type": "qa",
        "qa_level": "cross_event",
        "qa_task": "speed",
        "question": "From 218.0 to 277.0 and 315.0 to 543.0, is the person in the holiday-themed clothing moving quickly during the online broadcast or interaction?",
        "answer": "No",
        "old_answer": "No"
    },
    {
        "qa_idx": 5,
        "qa_task": "attribute-change",
        "question": "How does the scene transition from the beginning to the end of the event from 5080.0 to 5140.0 seconds?",
        "options": [
            "A. The scene changes from a fitness-themed setup to a holiday-themed setup.",
            "B. The scene changes from a holiday-themed setup to a fitness-themed setup.",
            "C. The scene remains the same throughout the event.",
            "D. The scene changes from a holiday-themed setup with a browser window to a holiday-themed setup with a live chat feed."
        ],
        "answer": "D",
        "qa_level": "within_event",
        "qa_type": "mcqa",
        "old_answer": "D"
    },
    {
        "qa_idx": 6,
        "qa_type": "qa",
        "qa_level": "long_term",
        "qa_task": "character-understanding",
        "question": "Throughout the video from 218.0 to 6887.0 seconds, is the person consistently dressed in holiday-themed clothing?",
        "answer": "Yes",
        "old_answer": "Yes"
    },
    {
        "qa_idx": 11,
        "qa_task": "spatial-relationship",
        "question": "Where is the Christmas tree positioned relative to the person dressed in holiday-themed clothing in the video events from 218.0 to 6887.0 seconds?",
        "options": [
            "A. To the left of the person.",
            "B. To the right of the person.",
            "C. In front of the person.",
            "D. Behind the person."
        ],
        "answer": "B",
        "qa_level": "long_term",
        "qa_type": "mcqa",
        "old_answer": "B"
    },
    {
        "qa_idx": 14,
        "qa_task": "camera-direction",
        "question": "In the video event from 218.0 to 6887.0 seconds, what direction does the camera move to capture the festive holiday scene featuring a person dressed in holiday-themed clothing?",
        "options": [
            "A. The camera moves closer to the person.",
            "B. The camera moves away from the person.",
            "C. The camera moves to the left side of the person.",
            "D. The camera moves to the right side of the person."
        ],
        "answer": "A",
        "qa_level": "long_term",
        "qa_type": "mcqa",
        "old_answer": "A"
    },
    {
        "qa_idx": 15,
        "qa_task": "speed",
        "question": "How does the speed of the interaction change from the beginning to the end of the video event from 218.0 to 6887.0 seconds?",
        "options": [
            "A. The interaction remains at the same speed throughout.",
            "B. The interaction starts slow and becomes faster.",
            "C. The interaction starts fast and becomes slower.",
            "D. The interaction speed fluctuates throughout."
        ],
        "answer": "A",
        "qa_level": "long_term",
        "qa_type": "mcqa",
        "old_answer": "A"
    },
    {
        "qa_idx": 16,
        "qa_task": "attribute-change",
        "question": "How does the scene change in terms of the number of people present and the decorations from the beginning to the end of the video event from 218.0 to 6887.0 seconds?",
        "options": [
            "A. The scene starts with one person and minimal decorations, and ends with multiple people and more festive decorations.",
            "B. The scene starts with multiple people and festive decorations, and ends with one person and minimal decorations.",
            "C. The scene starts with one person and festive decorations, and ends with one person and no decorations.",
            "D. The scene starts with multiple people and no decorations, and ends with one person and festive decorations."
        ],
        "answer": "A",
        "qa_level": "long_term",
        "qa_type": "mcqa",
        "old_answer": "A"
    },
    {
        "qa_idx": 19,
        "qa_task": "time-order",
        "question": "In which order do the events occur in the video from 218.0 to 6887.0 seconds?",
        "options": [
            "A. The person is engaged in an activity behind a table adorned with Christmas decorations. A small, decorated Christmas tree is placed to the right.",
            "B. The man dressed in a red costume is seated behind a desk decorated with Christmas decorations, including a Christmas tree on his right and red tinsel on the desk.",
            "C. The scene captures a festive holiday atmosphere featuring a person dressed in holiday-themed clothing, prominently a red sweater with white trim, positioned centrally behind a table adorned with Christmas decorations.",
            "D. The event kicks off with a festive scene against a green backdrop featuring a person in red and white holiday attire sitting at a desk adorned with various items including a laptop, tinsel, and several boxed products."
        ],
        "answer": "A",
        "qa_level": "long_term",
        "qa_type": "mcqa",
        "old_answer": "A"
    }
]