[
    {
        "qa_idx": 0,
        "qa_type": "qa",
        "qa_level": "frame",
        "qa_task": "character-understanding",
        "question": "Is the person in the video performing a basketball slam dunk at 122.0 seconds?",
        "answer": "Yes",
        "old_answer": "Yes"
    },
    {
        "qa_idx": 1,
        "qa_type": "qa",
        "qa_level": "frame",
        "qa_task": "object understanding",
        "question": "Is there a sign affixed to the door at 1101.0 seconds into the video?",
        "answer": "Yes",
        "old_answer": "Yes"
    },
    {
        "qa_idx": 2,
        "qa_task": "object understanding",
        "question": "What is the focal point of the image at 243.0 seconds into the video?",
        "options": [
            "A. The basketball court floor.",
            "B. The basketball passing through the orange hoop.",
            "C. The ceiling of the indoor gymnasium.",
            "D. The players on the court."
        ],
        "answer": "B",
        "qa_level": "frame",
        "qa_type": "mcqa",
        "old_answer": "B"
    },
    {
        "qa_idx": 3,
        "qa_task": "descriptive-scene",
        "question": "What is the background like in the video frame at 328.0 seconds?",
        "options": [
            "A. A wall with a vertical blue stripe.",
            "B. A busy street.",
            "C. A garden with flowers.",
            "D. A crowded office."
        ],
        "answer": "A",
        "qa_level": "frame",
        "qa_type": "mcqa",
        "old_answer": "A"
    },
    {
        "qa_idx": 4,
        "qa_type": "qa",
        "qa_level": "within_event",
        "qa_task": "action-understanding",
        "question": "Between 911.0 and 925.0 seconds, does the person in the kitchen start a fire on the stove?",
        "answer": "No",
        "old_answer": "No"
    },
    {
        "qa_idx": 5,
        "qa_task": "object understanding",
        "question": "What is the man seated on at 1933.0 seconds into the video?",
        "options": [
            "A. A wooden chair.",
            "B. A beige couch.",
            "C. A metal stool.",
            "D. A plastic bench."
        ],
        "answer": "B",
        "qa_level": "frame",
        "qa_type": "mcqa",
        "old_answer": "B"
    },
    {
        "qa_idx": 6,
        "qa_task": "scene-understanding",
        "question": "What is the setting of the event from 1991.0 to 2020.0 seconds?",
        "options": [
            "A. A busy outdoor market.",
            "B. A casual indoor setting.",
            "C. A brightly lit office.",
            "D. A dark alleyway."
        ],
        "answer": "B",
        "qa_level": "within_event",
        "qa_type": "mcqa",
        "old_answer": "B"
    },
    {
        "qa_idx": 7,
        "qa_task": "character-understanding",
        "question": "What is the man on the left wearing at the beginning of the event from 861.0 to 890.0 seconds?",
        "options": [
            "A. A blue jacket over a red polo shirt.",
            "B. A red and white striped shirt under a dark jacket.",
            "C. A dark jacket over a blue shirt.",
            "D. A red jacket over a blue polo shirt."
        ],
        "answer": "A",
        "qa_level": "within_event",
        "qa_type": "mcqa",
        "old_answer": "A"
    },
    {
        "qa_idx": 8,
        "qa_task": "plot-understanding",
        "question": "What is the primary setting of the video event from 1813.0 to 1873.0 seconds?",
        "options": [
            "A. An outdoor park.",
            "B. A casual diner.",
            "C. A busy street.",
            "D. A classroom."
        ],
        "answer": "B",
        "qa_level": "within_event",
        "qa_type": "mcqa",
        "old_answer": "B"
    },
    {
        "qa_idx": 9,
        "qa_task": "scene-understanding",
        "question": "What is the setting of the events described in both video descriptions from 1650.0 to 1710.0 seconds and H to e seconds?",
        "options": [
            "A. A casual outdoor gathering.",
            "B. A formal indoor event.",
            "C. A sports event.",
            "D. A family dinner."
        ],
        "answer": "B",
        "qa_level": "cross_event",
        "qa_type": "mcqa",
        "old_answer": "B"
    },
    {
        "qa_idx": 10,
        "qa_task": "temporal-relationship",
        "question": "What happens after the scene with the man performing a basketball slam dunk under a clear sky?",
        "options": [
            "A. An outdoor graduation ceremony with individuals in red gowns and orange trimming.",
            "B. A man seated beside a window in a moving vehicle, leaning his head against the window while wearing earphones.",
            "C. A lively indoor gymnasium scene with individuals engaged in a synchronized activity.",
            "D. A man in a white shirt and a colorful tie standing in an indoor environment with a blue vertical border on the wall."
        ],
        "answer": "A",
        "qa_level": "long_term",
        "qa_type": "mcqa",
        "old_answer": "A"
    },
    {
        "qa_idx": 11,
        "qa_task": "spatial-relationship",
        "question": "Where is the man standing when he is partially visible from the shoulders upward, wearing a white shirt and a colorful tie with a yellow cloth draped around his neck?",
        "options": [
            "A. In a gymnasium.",
            "B. In a locker room.",
            "C. In an indoor environment with a blue vertical border on the wall.",
            "D. In a classroom."
        ],
        "answer": "C",
        "qa_level": "long_term",
        "qa_type": "mcqa",
        "old_answer": "C"
    },
    {
        "qa_idx": 13,
        "qa_task": "camera-direction",
        "question": "What does the camera do when the scene transitions from the indoor gymnasium with individuals engaged in a synchronized activity to the man partially visible from the shoulders upward in an indoor environment with a blue vertical border on the wall (from 3.0 to 2699.0 seconds)?",
        "options": [
            "A. The camera zooms in on the man.",
            "B. The camera pans to the left.",
            "C. The camera moves closer to the man.",
            "D. The camera remains stationary."
        ],
        "answer": "C",
        "qa_level": "long_term",
        "qa_type": "mcqa",
        "old_answer": "C"
    },
    {
        "qa_idx": 14,
        "qa_task": "speed",
        "question": "Which is faster, the vehicle in the transit scene or the individuals walking in the graduation ceremony?",
        "options": [
            "A. The vehicle in the transit scene.",
            "B. The individuals walking in the graduation ceremony.",
            "C. Both are at the same speed.",
            "D. None of the above."
        ],
        "answer": "A",
        "qa_level": "long_term",
        "qa_type": "mcqa",
        "old_answer": "A"
    },
    {
        "qa_idx": 15,
        "qa_task": "attribute-change",
        "question": "How does the background color change throughout the video from 3.0 to 2699.0 seconds?",
        "options": [
            "A. The background color remains the same.",
            "B. The background color changes from orange to black.",
            "C. The background color changes from black to orange.",
            "D. The background color changes from orange to various colors and then to black."
        ],
        "answer": "D",
        "qa_level": "long_term",
        "qa_type": "mcqa",
        "old_answer": "D"
    },
    {
        "qa_idx": 16,
        "qa_task": "character-understanding",
        "question": "What is the man wearing while standing in an indoor environment with a blue vertical border on the wall?",
        "options": [
            "A. A white shirt and a colorful tie with a yellow cloth draped around his neck.",
            "B. A black suit and a red tie.",
            "C. A blue jacket with a logo.",
            "D. A red hoodie and jeans."
        ],
        "answer": "A",
        "qa_level": "long_term",
        "qa_type": "mcqa",
        "old_answer": "A"
    },
    {
        "qa_idx": 17,
        "qa_task": "time-order",
        "question": "In which order do the events occur in the video from 3.0 to 2699.0 seconds?",
        "options": [
            "A. The video begins with an orange background featuring a white text logo, transitions to a digital platform interface, and then shows an indoor scene with a lit candle.",
            "B. The video starts with a man in a white shirt and colorful tie, transitions to an outdoor graduation ceremony, and then shows a man in a locker room setting.",
            "C. The video begins with a simple and clean scene of an orange background with a gradient effect, transitions to a digital platform interface, and then shows an indoor scene with a lit candle.",
            "D. The video starts with a man in a white shirt and colorful tie, transitions to an outdoor graduation ceremony, and then shows a man in a locker room setting."
        ],
        "answer": "C",
        "qa_level": "long_term",
        "qa_type": "mcqa",
        "old_answer": "C"
    }
]