[
    {
        "qa_idx": 1,
        "qa_type": "qa",
        "qa_level": "frame",
        "qa_task": "character-understanding",
        "question": "Is the person wearing safety gear in the frame captured at 1446.0 seconds?",
        "answer": "Yes",
        "old_answer": "Yes"
    },
    {
        "qa_idx": 3,
        "qa_type": "qa",
        "qa_level": "cross_event",
        "qa_task": "camera-direction",
        "question": "Does the camera move from an indoor or sheltered worksite to an outdoor environment adjacent to a building between the time of 311.0 to 372.0?",
        "answer": "Yes",
        "old_answer": "Yes"
    },
    {
        "qa_idx": 6,
        "qa_task": "camera-direction",
        "question": "How does the camera movement in the video from 1236.0 to 1299.0 seconds compare to the camera movement in the video from H to e seconds?",
        "options": [
            "A. The camera in the first video moves forward to capture detailed construction activities, while the second video shows a static camera.",
            "B. The camera in the first video remains static, while the second video moves forward to capture detailed construction activities.",
            "C. Both videos feature static cameras with no movement.",
            "D. Both videos feature cameras moving forward to capture detailed construction activities."
        ],
        "answer": "A",
        "qa_level": "cross_event",
        "qa_type": "mcqa",
        "old_answer": "A"
    },
    {
        "qa_idx": 7,
        "qa_task": "descriptive-scene",
        "question": "Where does the scene from 1593.0 to 1659.0 seconds primarily take place?",
        "options": [
            "A. A residential area.",
            "B. An indoor construction site.",
            "C. A commercial office.",
            "D. A recreational park."
        ],
        "answer": "B",
        "qa_level": "cross_event",
        "qa_type": "mcqa",
        "old_answer": "B"
    },
    {
        "qa_idx": 8,
        "qa_task": "spatial-relationship",
        "question": "Where is the picnic table located in the serene outdoor rural scene?",
        "options": [
            "A. Along a dirt path.",
            "B. Under a tree.",
            "C. In the foreground.",
            "D. Next to a thatched-roof hut."
        ],
        "answer": "C",
        "qa_level": "long_term",
        "qa_type": "mcqa",
        "old_answer": "C"
    },
    {
        "qa_idx": 10,
        "qa_task": "time-order",
        "question": "In which order do the events occur in the video from 1.0 to 2668.0 seconds?",
        "options": [
            "A. Serene outdoor rural scene, militaristic rural scene, mountainous landscape, close-up of a person's face, active construction scenes, indoor warehouse-like facility, outdoor construction site, modern architectural settings.",
            "B. Militaristic rural scene, serene outdoor rural scene, mountainous landscape, close-up of a person's face, active construction scenes, indoor warehouse-like facility, outdoor construction site, modern architectural settings.",
            "C. Serene outdoor rural scene, mountainous landscape, militaristic rural scene, close-up of a person's face, active construction scenes, indoor warehouse-like facility, outdoor construction site, modern architectural settings.",
            "D. Serene outdoor rural scene, militaristic rural scene, close-up of a person's face, mountainous landscape, active construction scenes, indoor warehouse-like facility, outdoor construction site, modern architectural settings."
        ],
        "answer": "A",
        "qa_level": "long_term",
        "qa_type": "mcqa",
        "old_answer": "A"
    },
    {
        "qa_idx": 12,
        "qa_task": "camera-direction",
        "question": "How does the camera movement change from the beginning to the end of the video sequence from 1.0 to 2668.0 seconds?",
        "options": [
            "A. The camera moves from outdoor rural scenes to indoor construction sites.",
            "B. The camera moves from indoor construction sites to outdoor rural scenes.",
            "C. The camera remains stationary throughout the video.",
            "D. The camera moves from indoor construction sites to indoor industrial settings."
        ],
        "answer": "A",
        "qa_level": "long_term",
        "qa_type": "mcqa",
        "old_answer": "A"
    },
    {
        "qa_idx": 13,
        "qa_task": "speed",
        "question": "Which is faster, the crane lifting cylindrical objects or the workers handling metal beams?",
        "options": [
            "A. The crane lifting cylindrical objects.",
            "B. The workers handling metal beams.",
            "C. Both are at the same speed.",
            "D. None of the above."
        ],
        "answer": "A",
        "qa_level": "long_term",
        "qa_type": "mcqa",
        "old_answer": "A"
    },
    {
        "qa_idx": 14,
        "qa_task": "attribute-change",
        "question": "How does the setting change from the beginning to the end of the video sequence from 1.0 to 2668.0 seconds?",
        "options": [
            "A. From a serene outdoor rural scene to a modern architectural setting.",
            "B. From an indoor industrial setting to a serene outdoor rural scene.",
            "C. From a construction site to a cozy wooden cabin.",
            "D. From a mountainous landscape to an indoor industrial setting."
        ],
        "answer": "A",
        "qa_level": "long_term",
        "qa_type": "mcqa",
        "old_answer": "A"
    },
    {
        "qa_idx": 16,
        "qa_task": "object understanding",
        "question": "What objects are featured in the cozy wooden cabin's kitchen area as described from 1.0 to 2668.0 seconds?",
        "options": [
            "A. A white refrigerator, a black microwave, and wooden shelves with white cups, mugs, and bowls.",
            "B. A red refrigerator, a blue microwave, and metal shelves with glass cups, mugs, and plates.",
            "C. A green refrigerator, a white microwave, and plastic shelves with colorful cups, mugs, and bowls.",
            "D. A black refrigerator, a silver microwave, and wooden shelves with metal cups, mugs, and plates."
        ],
        "answer": "A",
        "qa_level": "long_term",
        "qa_type": "mcqa",
        "old_answer": "A"
    },
    {
        "qa_idx": 17,
        "qa_task": "descriptive-scene",
        "question": "What kind of environment is depicted in the video from 1.0 to 2668.0 seconds?",
        "options": [
            "A. A serene outdoor rural scene with thatched-roof huts and a picnic table.",
            "B. A militaristic rural scene with camouflage-covered structures and vehicles.",
            "C. A mountainous landscape with an eco-friendly building and Korean text.",
            "D. All of the above."
        ],
        "answer": "D",
        "qa_level": "long_term",
        "qa_type": "mcqa",
        "old_answer": "D"
    }
]