[
    {
        "qa_idx": 0,
        "qa_type": "qa",
        "qa_level": "frame",
        "qa_task": "object understanding",
        "question": "Are there red Coca-Cola cups in front of the men in the frame at 3045.0 seconds?",
        "answer": "Yes",
        "old_answer": "Yes"
    },
    {
        "qa_idx": 1,
        "qa_type": "qa",
        "qa_level": "frame",
        "qa_task": "character-understanding",
        "question": "Is there a person standing near the countertop in the video frame at 3498.0 seconds?",
        "answer": "Yes",
        "old_answer": "Yes"
    },
    {
        "qa_idx": 2,
        "qa_type": "qa",
        "qa_level": "within_event",
        "qa_task": "speed",
        "question": "Did the transition between different scenes in the video from 2.0 to 61.0 seconds happen quickly?",
        "answer": "No",
        "old_answer": "No"
    },
    {
        "qa_idx": 3,
        "qa_task": "character-understanding",
        "question": "What is the man holding in his right hand at 3505.0 seconds into the video?",
        "options": [
            "A. A book.",
            "B. A remote control.",
            "C. A phone.",
            "D. A cup."
        ],
        "answer": "B",
        "qa_level": "frame",
        "qa_type": "mcqa",
        "old_answer": "B"
    },
    {
        "qa_idx": 5,
        "qa_task": "spatial-relationship",
        "question": "In the video events from 235.0 to 310.0 seconds and H to e seconds, where is the woman seen drinking from a yellow cup located in relation to the man interacting with newspapers and food?",
        "options": [
            "A. The woman is seated at a desk area next to a computer monitor, while the man is at the kitchen counter.",
            "B. The woman is seated at a table within the kitchen or dining area, while the man is interacting with newspapers and food on the same table.",
            "C. The woman is in the living room on a beige couch, while the man is in the kitchen.",
            "D. The woman is standing near the kitchen counter, while the man is seated at the table."
        ],
        "answer": "B",
        "qa_level": "cross_event",
        "qa_type": "mcqa",
        "old_answer": "B"
    },
    {
        "qa_idx": 6,
        "qa_task": "speed",
        "question": "Between the time of 4136.0 seconds to 4209.0 seconds and H seconds to e seconds, which event shows a car moving at a higher speed?",
        "options": [
            "A. The car in the suburban residential area during early evening or late dusk.",
            "B. The car in the outdoor residential neighborhood at night with illuminated rear lights.",
            "C. The car in the dimly lit vehicle with two figures inside.",
            "D. The car in the indoor social gathering with several individuals."
        ],
        "answer": "B",
        "qa_level": "cross_event",
        "qa_type": "mcqa",
        "old_answer": "B"
    },
    {
        "qa_idx": 8,
        "qa_task": "speed",
        "question": "Between the two video events from 1642.0 to 1705.0 seconds and H to e seconds, which event likely involves a higher relative speed of activities?",
        "options": [
            "A. Event from 1642.0 to 1705.0 seconds.",
            "B. Event from H to e seconds.",
            "C. Both events involve the same speed of activities.",
            "D. None of the events involve any speed of activities."
        ],
        "answer": "B",
        "qa_level": "cross_event",
        "qa_type": "mcqa",
        "old_answer": "B"
    },
    {
        "qa_idx": 9,
        "qa_task": "temporal-relationship",
        "question": "What happens after the scene showing a person resting in a bedroom with a lamp providing subtle lighting?",
        "options": [
            "A. The scene transitions to a cozy kitchen area with red walls and wooden cabinets.",
            "B. The scene transitions to a promotional image emphasizing the support of Team GoogleHead for an educational initiative.",
            "C. The scene transitions to a well-lit, cluttered desk space.",
            "D. The scene transitions to a man and a woman seated on a beige couch, engaging in relaxed activities."
        ],
        "answer": "A",
        "qa_level": "long_term",
        "qa_type": "mcqa",
        "old_answer": "A"
    },
    {
        "qa_idx": 10,
        "qa_task": "spatial-relationship",
        "question": "What is to the right of the couch in the cozy, domestic living area?",
        "options": [
            "A. A small table with a decorative lamp.",
            "B. A bookshelf filled with books.",
            "C. A kitchen counter with various items.",
            "D. A window with partially drawn curtains."
        ],
        "answer": "A",
        "qa_level": "long_term",
        "qa_type": "mcqa",
        "old_answer": "A"
    },
    {
        "qa_idx": 12,
        "qa_task": "camera-direction",
        "question": "What does the camera focus on after showing the promotional image emphasizing the support of Team GoogleHead for an educational initiative?",
        "options": [
            "A. A dimly lit room focusing on abstract wall art resembling clock faces.",
            "B. A well-lit, cluttered desk space.",
            "C. A bedroom with a person resting.",
            "D. A cluttered tech-oriented workspace."
        ],
        "answer": "A",
        "qa_level": "long_term",
        "qa_type": "mcqa",
        "old_answer": "A"
    },
    {
        "qa_idx": 14,
        "qa_task": "attribute-change",
        "question": "How does the lighting in the bedroom change from the beginning to the end of the video between 2.0 and 4639.0 seconds?",
        "options": [
            "A. The lighting remains the same throughout.",
            "B. The lighting changes from dim to bright.",
            "C. The lighting changes from bright to dim.",
            "D. The lighting changes from natural to artificial."
        ],
        "answer": "C",
        "qa_level": "long_term",
        "qa_type": "mcqa",
        "old_answer": "C"
    },
    {
        "qa_idx": 15,
        "qa_task": "descriptive-scene",
        "question": "Where does the scene with a man in a red shirt seated at a cluttered desk take place?",
        "options": [
            "A. In a cozy kitchen area.",
            "B. In a warmly lit room.",
            "C. In a dimly lit bedroom.",
            "D. In a professional office setting."
        ],
        "answer": "B",
        "qa_level": "long_term",
        "qa_type": "mcqa",
        "old_answer": "B"
    }
]