[
    {
        "qa_idx": 0,
        "qa_type": "qa",
        "qa_level": "frame",
        "qa_task": "object understanding",
        "question": "Is there a green object tangled around one of the cart's wheels at 803.0 seconds into the video?",
        "answer": "Yes",
        "old_answer": "Yes"
    },
    {
        "qa_idx": 1,
        "qa_type": "qa",
        "qa_level": "frame",
        "qa_task": "object understanding",
        "question": "Are the animated characters standing on an inflatable life ring at 2709.0 seconds into the video?",
        "answer": "Yes",
        "old_answer": "Yes"
    },
    {
        "qa_idx": 2,
        "qa_task": "descriptive-scene",
        "question": "What is the overall environment of the scene at 2110.0 seconds into the video?",
        "options": [
            "A. A bustling city street.",
            "B. A serene marine setting with a whale and a boat.",
            "C. A dense forest with tall trees.",
            "D. A snowy mountain landscape."
        ],
        "answer": "B",
        "qa_level": "frame",
        "qa_type": "mcqa",
        "old_answer": "B"
    },
    {
        "qa_idx": 3,
        "qa_type": "qa",
        "qa_level": "within_event",
        "qa_task": "plot-understanding",
        "question": "Does the video event feature a transition from a serene scene to a dramatic and tense situation between 1861.0 and 1928.0 seconds?",
        "answer": "Yes",
        "old_answer": "Yes"
    },
    {
        "qa_idx": 4,
        "qa_type": "qa",
        "qa_level": "within_event",
        "qa_task": "speed",
        "question": "Is the roller skating action depicted in the video event from 752.0 to 818.0 seconds performed at a slow pace?",
        "answer": "No",
        "old_answer": "No"
    },
    {
        "qa_idx": 5,
        "qa_task": "object understanding",
        "question": "What is the green creature and the floppy pink animal doing at 946.0 seconds into the video?",
        "options": [
            "A. They are standing and holding a large thermometer.",
            "B. They are collapsed on a sandy surface.",
            "C. They are flying in the clear blue sky.",
            "D. They are playing with a red animal."
        ],
        "answer": "B",
        "qa_level": "frame",
        "qa_type": "mcqa",
        "old_answer": "B"
    },
    {
        "qa_idx": 6,
        "qa_type": "qa",
        "qa_level": "cross_event",
        "qa_task": "action-understanding",
        "question": "In the event from 387.0 to 476.0, does the large, dark-spotted, anthropomorphic dog character display a serious expression while standing with its hands on its hips at any point?",
        "answer": "Yes",
        "old_answer": "Yes"
    },
    {
        "qa_idx": 7,
        "qa_task": "camera-direction",
        "question": "Does the camera move closer to the three anthropomorphic mice or does it stay at a fixed distance from them at the beginning of the scene from 1476.0 to 1538.0 seconds?",
        "options": [
            "A. The camera moves closer to the mice.",
            "B. The camera stays at a fixed distance from the mice.",
            "C. The camera moves away from the mice.",
            "D. The camera circles around the mice."
        ],
        "answer": "B",
        "qa_level": "within_event",
        "qa_type": "mcqa",
        "old_answer": "B"
    },
    {
        "qa_idx": 8,
        "qa_type": "qa",
        "qa_level": "long_term",
        "qa_task": "object understanding",
        "question": "Is there a red billboard with white text reading 'MARATHON RACE' in the stadium scene from 2.0 to 2765.0 seconds?",
        "answer": "Yes",
        "old_answer": "Yes"
    },
    {
        "qa_idx": 10,
        "qa_task": "camera-direction",
        "question": "How does the camera movement change from the beginning to the end of the event from 2502.0 to 2564.0 seconds?",
        "options": [
            "A. The camera starts with a wide shot of the outdoor environment and then moves to close-up scenes of carpentry activities.",
            "B. The camera remains static throughout the event, focusing only on the Coffee House.",
            "C. The camera starts with close-up scenes of carpentry activities and then moves to a wide shot of the outdoor environment.",
            "D. The camera continuously zooms in and out without focusing on any specific activities."
        ],
        "answer": "A",
        "qa_level": "cross_event",
        "qa_type": "mcqa",
        "old_answer": "A"
    },
    {
        "qa_idx": 12,
        "qa_task": "temporal-relationship",
        "question": "What were the three animated mice doing before they were seen standing on a racing track?",
        "options": [
            "A. They were eating cheese on a tree branch.",
            "B. They were preparing for a race in athletic poses.",
            "C. They were involved in a tug-of-war competition.",
            "D. They were interacting with a red toy car."
        ],
        "answer": "D",
        "qa_level": "long_term",
        "qa_type": "mcqa",
        "old_answer": "D"
    },
    {
        "qa_idx": 13,
        "qa_task": "spatial-relationship",
        "question": "Where are the three animated mice standing and engaged in an activity involving a red toy car?",
        "options": [
            "A. On a wooden floor with a blue sky background.",
            "B. On a race track in a stadium.",
            "C. On a dirt field in a sports arena.",
            "D. On a platform structure with a spring."
        ],
        "answer": "B",
        "qa_level": "long_term",
        "qa_type": "mcqa",
        "old_answer": "B"
    },
    {
        "qa_idx": 14,
        "qa_task": "plot-understanding",
        "question": "What is the main event taking place in the video from 2.0 to 2765.0 seconds?",
        "options": [
            "A. A marathon race featuring anthropomorphic animal characters.",
            "B. A basketball game in an indoor court.",
            "C. A fishing expedition on a serene lake.",
            "D. A cooking competition in a kitchen."
        ],
        "answer": "A",
        "qa_level": "long_term",
        "qa_type": "mcqa",
        "old_answer": "A"
    },
    {
        "qa_idx": 16,
        "qa_task": "camera-direction",
        "question": "How does the camera move in the video sequence from 2.0 to 2765.0 seconds?",
        "options": [
            "A. The camera moves closer to the animated characters.",
            "B. The camera moves away from the animated characters.",
            "C. The camera remains stationary.",
            "D. The camera moves around the animated characters."
        ],
        "answer": "A",
        "qa_level": "long_term",
        "qa_type": "mcqa",
        "old_answer": "A"
    },
    {
        "qa_idx": 17,
        "qa_task": "speed",
        "question": "Which character is moving the fastest during the race in the animated marathon event from 2.0 to 2765.0 seconds?",
        "options": [
            "A. The green bear-like character.",
            "B. The pink dog-like character.",
            "C. The anthropomorphic animal character leaving vibrant streaks under its feet.",
            "D. The pig holding a colorful lollipop."
        ],
        "answer": "C",
        "qa_level": "long_term",
        "qa_type": "mcqa",
        "old_answer": "C"
    },
    {
        "qa_idx": 18,
        "qa_task": "attribute-change",
        "question": "How does the setting change from the beginning to the end of the video sequence from 2.0 to 2765.0 seconds?",
        "options": [
            "A. From a lively sports stadium to a serene outdoor setting.",
            "B. From a serene outdoor setting to a lively sports stadium.",
            "C. From an underwater scene to a desert environment.",
            "D. From a desert environment to an underwater scene."
        ],
        "answer": "A",
        "qa_level": "long_term",
        "qa_type": "mcqa",
        "old_answer": "A"
    },
    {
        "qa_idx": 19,
        "qa_task": "character-understanding",
        "question": "What are the three animated mice doing in the final part of the event from 2.0 to 2765.0 seconds?",
        "options": [
            "A. Preparing for a race.",
            "B. Eating cheese on a tree branch.",
            "C. Engaging in a tug-of-war competition.",
            "D. Playing basketball."
        ],
        "answer": "B",
        "qa_level": "long_term",
        "qa_type": "mcqa",
        "old_answer": "B"
    },
    {
        "qa_idx": 20,
        "qa_task": "time-order",
        "question": "In which order do the events occur in the video from 2.0 to 2765.0 seconds?",
        "options": [
            "A. The scene begins with a marathon race set in a lively sports stadium, followed by three animated animals on a wooden floor, then a sports or competition arena with three anthropomorphic mouse-like characters, and finally an energetic outdoor race among various anthropomorphic animal characters.",
            "B. The scene begins with three animated animals on a wooden floor, followed by a marathon race set in a lively sports stadium, then a sports or competition arena with three anthropomorphic mouse-like characters, and finally an energetic outdoor race among various anthropomorphic animal characters.",
            "C. The scene begins with a sports or competition arena with three anthropomorphic mouse-like characters, followed by three animated animals on a wooden floor, then a marathon race set in a lively sports stadium, and finally an energetic outdoor race among various anthropomorphic animal characters.",
            "D. The scene begins with an energetic outdoor race among various anthropomorphic animal characters, followed by a marathon race set in a lively sports stadium, then three animated animals on a wooden floor, and finally a sports or competition arena with three anthropomorphic mouse-like characters."
        ],
        "answer": "A",
        "qa_level": "long_term",
        "qa_type": "mcqa",
        "old_answer": "A"
    }
]