[
    {
        "qa_idx": 0,
        "qa_task": "descriptive-scene",
        "question": "Where does the scene at 7265.0 seconds into the video take place?",
        "options": [
            "A. In a house.",
            "B. In a forest.",
            "C. In a green field.",
            "D. In a city."
        ],
        "answer": "C",
        "qa_level": "frame",
        "qa_type": "mcqa",
        "old_answer": "C"
    },
    {
        "qa_idx": 1,
        "qa_type": "qa",
        "qa_level": "frame",
        "qa_task": "character-understanding",
        "question": "At 1834.0 seconds into the video, is the adult pig character holding an ice cream cone?",
        "answer": "Yes",
        "old_answer": "Yes"
    },
    {
        "qa_idx": 3,
        "qa_type": "qa",
        "qa_level": "within_event",
        "qa_task": "camera-direction",
        "question": "Does the camera remain stationary while capturing the animated characters and scenes from 891.0 to 951.0 seconds?",
        "answer": "No",
        "old_answer": "No"
    },
    {
        "qa_idx": 4,
        "qa_task": "character-understanding",
        "question": "What is the general mood of the characters in the video frame at 4652.0 seconds?",
        "options": [
            "A. Sad and gloomy.",
            "B. Angry and frustrated.",
            "C. Joyous and serene.",
            "D. Scared and anxious."
        ],
        "answer": "C",
        "qa_level": "frame",
        "qa_type": "mcqa",
        "old_answer": "C"
    },
    {
        "qa_idx": 5,
        "qa_type": "qa",
        "qa_level": "cross_event",
        "qa_task": "character-understanding",
        "question": "In both events from 6998.0 to 7051.0 and 7115.0 to 7208.0, did the animated family of pigs travel in a car?",
        "answer": "Yes",
        "old_answer": "Yes"
    },
    {
        "qa_idx": 6,
        "qa_task": "camera-direction",
        "question": "During the event sequence from 724.0 to 774.0 seconds, does the camera focus on individual characters or the entire group of characters?",
        "options": [
            "A. The camera focuses on individual characters.",
            "B. The camera focuses on the entire group of characters.",
            "C. The camera does not focus on any characters.",
            "D. The camera focuses on the background scenery."
        ],
        "answer": "A",
        "qa_level": "within_event",
        "qa_type": "mcqa",
        "old_answer": "A"
    },
    {
        "qa_idx": 7,
        "qa_task": "camera-direction",
        "question": "How does the camera movement enhance the storytelling in the video event from 2576.0 to 2638.0 seconds?",
        "options": [
            "A. The camera remains static, focusing on the pigs' interactions.",
            "B. The camera moves forward to show the details of the map and the pigs' expressions.",
            "C. The camera pans left and right to capture the entire scene.",
            "D. The camera zooms out to show the entire landscape."
        ],
        "answer": "B",
        "qa_level": "cross_event",
        "qa_type": "mcqa",
        "old_answer": "B"
    },
    {
        "qa_idx": 9,
        "qa_task": "spatial-relationship",
        "question": "In the classroom scene from 3047.0 to 3118.0 seconds, where is the rabbit-like character with a blue hat and white beard positioned in relation to the educational elements?",
        "options": [
            "A. The rabbit-like character is standing next to the number chart showing the numbers 7 and 8.",
            "B. The rabbit-like character is sitting in front of the polka-dotted curtains.",
            "C. The rabbit-like character is positioned behind the Newton's cradle.",
            "D. The rabbit-like character is standing in front of the blackboard with 'ABC' and '12345'."
        ],
        "answer": "A",
        "qa_level": "cross_event",
        "qa_type": "mcqa",
        "old_answer": "A"
    },
    {
        "qa_idx": 10,
        "qa_task": "temporal-relationship",
        "question": "What were the pig characters doing before they gathered around the campfire at night?",
        "options": [
            "A. They were setting up a yellow tent on a grassy field.",
            "B. They were shopping in a grocery store.",
            "C. They were playing in a mud puddle.",
            "D. They were riding bicycles."
        ],
        "answer": "A",
        "qa_level": "long_term",
        "qa_type": "mcqa",
        "old_answer": "A"
    },
    {
        "qa_idx": 11,
        "qa_task": "spatial-relationship",
        "question": "What is positioned near the yellow tent in the grassy field under the clear blue sky?",
        "options": [
            "A. A red car.",
            "B. A tree with green foliage.",
            "C. A blue house.",
            "D. A playground."
        ],
        "answer": "B",
        "qa_level": "long_term",
        "qa_type": "mcqa",
        "old_answer": "B"
    },
    {
        "qa_idx": 13,
        "qa_task": "speed",
        "question": "Which character is faster in the video from 1.0 to 7385.0 seconds, the animated pig or the rabbit?",
        "options": [
            "A. The animated pig.",
            "B. The rabbit.",
            "C. Both are at the same speed.",
            "D. None of the above."
        ],
        "answer": "B",
        "qa_level": "long_term",
        "qa_type": "mcqa",
        "old_answer": "B"
    },
    {
        "qa_idx": 14,
        "qa_task": "attribute-change",
        "question": "How does the weather change from the beginning to the end of the video event descriptions from 1.0 to 7385.0 seconds?",
        "options": [
            "A. It starts sunny and becomes stormy.",
            "B. It starts stormy and becomes sunny.",
            "C. It remains sunny throughout.",
            "D. It remains stormy throughout."
        ],
        "answer": "A",
        "qa_level": "long_term",
        "qa_type": "mcqa",
        "old_answer": "A"
    },
    {
        "qa_idx": 16,
        "qa_task": "object understanding",
        "question": "What object is prominently featured on the table in the scene with the animated elephant?",
        "options": [
            "A. A green rotary telephone.",
            "B. A blue vase.",
            "C. A red book.",
            "D. A yellow lamp."
        ],
        "answer": "A",
        "qa_level": "long_term",
        "qa_type": "mcqa",
        "old_answer": "A"
    },
    {
        "qa_idx": 17,
        "qa_task": "time-order",
        "question": "In which order do the events occur in the video from 1.0 to 7385.0 seconds?",
        "options": [
            "A. The video starts with Peppa Pig's title screen, transitions to various animated scenes including family interactions, outdoor activities, and ends with a camping scene under a starry night sky.",
            "B. The video starts with a camping scene under a starry night sky, transitions to various animated scenes including family interactions, outdoor activities, and ends with Peppa Pig's title screen.",
            "C. The video starts with various animated scenes including family interactions, outdoor activities, transitions to Peppa Pig's title screen, and ends with a camping scene under a starry night sky.",
            "D. The video starts with various animated scenes including family interactions, outdoor activities, transitions to a camping scene under a starry night sky, and ends with Peppa Pig's title screen."
        ],
        "answer": "A",
        "qa_level": "long_term",
        "qa_type": "mcqa",
        "old_answer": "A"
    }
]