[
    {
        "qa_idx": 0,
        "qa_type": "qa",
        "qa_level": "frame",
        "qa_task": "object understanding",
        "question": "Is there a door on the right side of the corridor at 1855.0 seconds into the video?",
        "answer": "Yes",
        "old_answer": "Yes"
    },
    {
        "qa_idx": 1,
        "qa_task": "spatial-relationship",
        "question": "What is behind the girl standing in the room at 1758.0 seconds?",
        "options": [
            "A. A window and a desk.",
            "B. A wooden cabinet and a shelf with stuffed animals.",
            "C. A bed and a nightstand.",
            "D. A door and a mirror."
        ],
        "answer": "B",
        "qa_level": "frame",
        "qa_type": "mcqa",
        "old_answer": "B"
    },
    {
        "qa_idx": 2,
        "qa_task": "descriptive-scene",
        "question": "Where does the scene at 1784.0 seconds into the video take place?",
        "options": [
            "A. Outdoors.",
            "B. In a brightly lit room.",
            "C. In a dimly lit indoor setting.",
            "D. In a natural habitat."
        ],
        "answer": "C",
        "qa_level": "frame",
        "qa_type": "mcqa",
        "old_answer": "C"
    },
    {
        "qa_idx": 3,
        "qa_type": "qa",
        "qa_level": "within_event",
        "qa_task": "object understanding",
        "question": "Is there a Christmas tree in the background of the video event from 3322.0 to 3357.0 seconds?",
        "answer": "Yes",
        "old_answer": "Yes"
    },
    {
        "qa_idx": 4,
        "qa_task": "descriptive-scene",
        "question": "Where is the audience located in the video frame at 1867.0 seconds?",
        "options": [
            "A. At an outdoor park.",
            "B. At a large indoor event or concert.",
            "C. In a small meeting room.",
            "D. In a classroom."
        ],
        "answer": "B",
        "qa_level": "frame",
        "qa_type": "mcqa",
        "old_answer": "B"
    },
    {
        "qa_idx": 5,
        "qa_type": "qa",
        "qa_level": "cross_event",
        "qa_task": "object understanding",
        "question": "Is there a sign reading 'LA MESA RENONA' in both events from 1882.0 to 1985.0 and 1993.0 to 2008.0?",
        "answer": "Yes",
        "old_answer": "Yes"
    },
    {
        "qa_idx": 6,
        "qa_task": "counting",
        "question": "How many individuals are seated in the semi-circle formation from 264.0 to 265.0 seconds?",
        "options": [
            "A.3.",
            "B.4.",
            "C.5.",
            "D.6."
        ],
        "answer": "C",
        "qa_level": "within_event",
        "qa_type": "mcqa",
        "old_answer": "C"
    },
    {
        "qa_idx": 7,
        "qa_type": "qa",
        "qa_level": "long_term",
        "qa_task": "character-understanding",
        "question": "Were there five individuals engaged in a discussion in a festive indoor setting between 2.0 and 3755.0 seconds?",
        "answer": "Yes",
        "old_answer": "Yes"
    },
    {
        "qa_idx": 8,
        "qa_task": "object understanding",
        "question": "What is the appearance and function of the chair the woman is seated on in the dimly lit room from 1779.0 to 1872.0 seconds?",
        "options": [
            "A. A blue chair with a star pattern, used for relaxation.",
            "B. A pink-accented chair forming a heart shape, used for seating.",
            "C. A black leather chair with armrests, used for office work.",
            "D. A wooden chair with a cushion, used for dining."
        ],
        "answer": "B",
        "qa_level": "cross_event",
        "qa_type": "mcqa",
        "old_answer": "B"
    },
    {
        "qa_idx": 9,
        "qa_task": "attribute-change",
        "question": "How does the atmosphere change from the beginning to the end of the event from 1882.0 seconds to 1985.0 seconds?",
        "options": [
            "A. The atmosphere changes from a lively performance to a quiet and empty space.",
            "B. The atmosphere remains consistently lively and engaging throughout the event.",
            "C. The atmosphere changes from a lively performance to a more subdued and relaxed setting.",
            "D. The atmosphere changes from a quiet and empty space to a lively performance."
        ],
        "answer": "B",
        "qa_level": "cross_event",
        "qa_type": "mcqa",
        "old_answer": "B"
    },
    {
        "qa_idx": 10,
        "qa_task": "temporal-relationship",
        "question": "What happens after the scene with the legal copyright notice attributed to Franco Javier López Escamilla?",
        "options": [
            "A. A group of five individuals seated in a semi-circle formation engaged in a discussion.",
            "B. A lively performance by Franco Escamilla.",
            "C. A person engaging with a guitar in a cluttered personal or home studio environment.",
            "D. A scene featuring multiple individuals seated comfortably around a small glass table in a casual, conversational setting."
        ],
        "answer": "A",
        "qa_level": "long_term",
        "qa_type": "mcqa",
        "old_answer": "A"
    },
    {
        "qa_idx": 11,
        "qa_task": "spatial-relationship",
        "question": "Where is the Christmas tree located in the room during the discussion?",
        "options": [
            "A. On the left side of the room.",
            "B. In the center of the room.",
            "C. On the right side of the room.",
            "D. Behind the participants."
        ],
        "answer": "A",
        "qa_level": "long_term",
        "qa_type": "mcqa",
        "old_answer": "A"
    },
    {
        "qa_idx": 15,
        "qa_task": "camera-direction",
        "question": "What direction does the camera move in the scene featuring the group of individuals seated in a semi-circle formation from 2.0 to 3755.0 seconds?",
        "options": [
            "A. The camera moves closer to the group.",
            "B. The camera moves away from the group.",
            "C. The camera pans left to right.",
            "D. The camera remains stationary."
        ],
        "answer": "A",
        "qa_level": "long_term",
        "qa_type": "mcqa",
        "old_answer": "A"
    },
    {
        "qa_idx": 17,
        "qa_task": "character-understanding",
        "question": "What are the participants holding during the discussion in the cozy, modern setting decorated festively for the holiday season from 2.0 to 3755.0 seconds?",
        "options": [
            "A. Books.",
            "B. Microphones.",
            "C. Cups.",
            "D. Tablets."
        ],
        "answer": "B",
        "qa_level": "long_term",
        "qa_type": "mcqa",
        "old_answer": "B"
    },
    {
        "qa_idx": 18,
        "qa_task": "object understanding",
        "question": "What items are placed on the central table in the cozy, modern setting decorated festively for the holiday season?",
        "options": [
            "A. Cups and a plate of pastries.",
            "B. Books and magazines.",
            "C. Toys and games.",
            "D. Clothing and accessories."
        ],
        "answer": "A",
        "qa_level": "long_term",
        "qa_type": "mcqa",
        "old_answer": "A"
    },
    {
        "qa_idx": 19,
        "qa_task": "time-order",
        "question": "In which order do the events occur in the video from 2.0 to 3755.0 seconds?",
        "options": [
            "A. The event begins with a legal copyright notice attributed to Franco Javier López Escamilla, followed by a group of five individuals seated in a semi-circle formation discussing with microphones, and then a lively performance by Franco Escamilla.",
            "B. The event begins with a group of five individuals seated in a semi-circle formation discussing with microphones, followed by a legal copyright notice attributed to Franco Javier López Escamilla, and then a lively performance by Franco Escamilla.",
            "C. The event begins with a lively performance by Franco Escamilla, followed by a legal copyright notice attributed to Franco Javier López Escamilla, and then a group of five individuals seated in a semi-circle formation discussing with microphones.",
            "D. The event begins with a legal copyright notice attributed to Franco Javier López Escamilla, followed by a lively performance by Franco Escamilla, and then a group of five individuals seated in a semi-circle formation discussing with microphones."
        ],
        "answer": "A",
        "qa_level": "long_term",
        "qa_type": "mcqa",
        "old_answer": "A"
    }
]