[
    {
        "qa_idx": 0,
        "qa_type": "qa",
        "qa_level": "frame",
        "qa_task": "character-understanding",
        "question": "Are the individuals lying down on inclined medical examination tables or machines at 179.0 seconds into the video?",
        "answer": "Yes",
        "old_answer": "Yes"
    },
    {
        "qa_idx": 1,
        "qa_type": "qa",
        "qa_level": "frame",
        "qa_task": "character-understanding",
        "question": "Is there a person dressed in a metallic, futuristic suit in the room at 523.0 seconds into the video?",
        "answer": "Yes",
        "old_answer": "Yes"
    },
    {
        "qa_idx": 2,
        "qa_type": "qa",
        "qa_level": "within_event",
        "qa_task": "character-understanding",
        "question": "Were the individuals in the video dressed in superhero-like costumes from 2986.0 to 3059.0 seconds?",
        "answer": "Yes",
        "old_answer": "Yes"
    },
    {
        "qa_idx": 3,
        "qa_task": "character-understanding",
        "question": "What is the girl in the center wearing at 2243.0 seconds into the video?",
        "options": [
            "A. A red shirt and white undershirt.",
            "B. A blue bag.",
            "C. A white protective suit with blue gloves.",
            "D. A green jacket."
        ],
        "answer": "C",
        "qa_level": "frame",
        "qa_type": "mcqa",
        "old_answer": "C"
    },
    {
        "qa_idx": 4,
        "qa_type": "qa",
        "qa_level": "within_event",
        "qa_task": "speed",
        "question": "From 2519.0 to 2619.0 seconds, are the individuals in the outdoor stadium or arena moving at a slow pace?",
        "answer": "No",
        "old_answer": "No"
    },
    {
        "qa_idx": 5,
        "qa_task": "descriptive-scene",
        "question": "Where does the scene at 2806.0 seconds into the video take place?",
        "options": [
            "A. In a high-tech environment.",
            "B. In a garden.",
            "C. In a classroom.",
            "D. In a living room."
        ],
        "answer": "A",
        "qa_level": "frame",
        "qa_type": "mcqa",
        "old_answer": "A"
    },
    {
        "qa_idx": 6,
        "qa_type": "qa",
        "qa_level": "cross_event",
        "qa_task": "action-understanding",
        "question": "In the events from 2814.0 to 2885.0 and 2886.0 to 2985.0, do the characters in colorful suits and helmets engage in teamwork and mission-oriented activities?",
        "answer": "Yes",
        "old_answer": "Yes"
    },
    {
        "qa_idx": 7,
        "qa_task": "attribute-change",
        "question": "How does the focus of the scene change from the beginning to the end of the event sequence from 3482.0 to 3535.0 seconds?",
        "options": [
            "A. The focus shifts from a formal indoor setting to a casual outdoor setting.",
            "B. The focus shifts from a serene natural setting to a formal gathering.",
            "C. The focus shifts from a casual outdoor setting to a formal indoor setting.",
            "D. The focus remains on a single individual throughout the sequence."
        ],
        "answer": "B",
        "qa_level": "within_event",
        "qa_type": "mcqa",
        "old_answer": "B"
    },
    {
        "qa_idx": 9,
        "qa_task": "spatial-relationship",
        "question": "Where are the individuals in colorful suits engaged in action near a building with large windows?",
        "options": [
            "A. In a park-like environment.",
            "B. Near a black car and blue truck.",
            "C. In a high-tech control room.",
            "D. In a gym or training room."
        ],
        "answer": "B",
        "qa_level": "long_term",
        "qa_type": "mcqa",
        "old_answer": "B"
    },
    {
        "qa_idx": 11,
        "qa_task": "camera-direction",
        "question": "How does the camera movement change from the beginning to the end of the event sequence from 16.0 to 3625.0 seconds?",
        "options": [
            "A. The camera moves from a dynamic outdoor setting to a high-tech indoor environment.",
            "B. The camera remains static throughout the entire sequence.",
            "C. The camera moves from a high-tech indoor environment to a dynamic outdoor setting.",
            "D. The camera only focuses on close-up shots of characters."
        ],
        "answer": "A",
        "qa_level": "long_term",
        "qa_type": "mcqa",
        "old_answer": "A"
    },
    {
        "qa_idx": 12,
        "qa_task": "attribute-change",
        "question": "How does the environment change from the beginning to the end of the video from 16.0 to 3625.0 seconds?",
        "options": [
            "A. From a vibrant and dynamic scene to a serene and peaceful environment.",
            "B. From a high-tech and futuristic setting to a natural and serene environment.",
            "C. From a vibrant and dynamic scene to a high-tech and futuristic setting.",
            "D. From a natural and serene environment to a high-tech and futuristic setting."
        ],
        "answer": "C",
        "qa_level": "long_term",
        "qa_type": "mcqa",
        "old_answer": "C"
    },
    {
        "qa_idx": 13,
        "qa_task": "time-order",
        "question": "In which order do the events occur in the video from 16.0 to 3625.0 seconds?",
        "options": [
            "A. The video starts with a vibrant scene featuring 'Power Rangers' and 'Beast Morphers' logos, followed by outdoor scenes with individuals in costumes, then transitions to a post-apocalyptic environment, and ends with a high-tech facility and a dynamic text display.",
            "B. The video starts with a high-tech facility and a dynamic text display, followed by a post-apocalyptic environment, then transitions to outdoor scenes with individuals in costumes, and ends with a vibrant scene featuring 'Power Rangers' and 'Beast Morphers' logos.",
            "C. The video starts with a post-apocalyptic environment, followed by a high-tech facility and a dynamic text display, then transitions to outdoor scenes with individuals in costumes, and ends with a vibrant scene featuring 'Power Rangers' and 'Beast Morphers' logos.",
            "D. The video starts with outdoor scenes with individuals in costumes, followed by a vibrant scene featuring 'Power Rangers' and 'Beast Morphers' logos, then transitions to a high-tech facility and a dynamic text display, and ends with a post-apocalyptic environment."
        ],
        "answer": "A",
        "qa_level": "long_term",
        "qa_type": "mcqa",
        "old_answer": "A"
    },
    {
        "qa_idx": 14,
        "qa_task": "descriptive-scene",
        "question": "Where does the event sequence from 16.0 to 3625.0 seconds primarily take place?",
        "options": [
            "A. In a park-like environment with futuristic elements.",
            "B. In a high-tech laboratory and industrial settings.",
            "C. In a serene forest environment.",
            "D. In a modern urban business district."
        ],
        "answer": "B",
        "qa_level": "long_term",
        "qa_type": "mcqa",
        "old_answer": "B"
    }
]