[
    {
        "qa_idx": 0,
        "qa_type": "qa",
        "qa_level": "frame",
        "qa_task": "object understanding",
        "question": "Is there a disclaimer about the health risks of smoking displayed at the bottom of the frame at 650.0 seconds?",
        "answer": "Yes",
        "old_answer": "Yes"
    },
    {
        "qa_idx": 1,
        "qa_task": "object understanding",
        "question": "What objects are visible on the balcony at 948.0 seconds into the video?",
        "options": [
            "A. Various plants, including hanging and potted plants.",
            "B. A table with a laptop and books.",
            "C. A bicycle and a pair of shoes.",
            "D. A barbecue grill and a set of chairs."
        ],
        "answer": "A",
        "qa_level": "frame",
        "qa_type": "mcqa",
        "old_answer": "A"
    },
    {
        "qa_idx": 2,
        "qa_type": "qa",
        "qa_level": "frame",
        "qa_task": "character-understanding",
        "question": "Are the awards and honors displayed in the frame at 151 seconds into the video?",
        "answer": "Yes",
        "old_answer": "Yes"
    },
    {
        "qa_idx": 3,
        "qa_type": "qa",
        "qa_level": "within_event",
        "qa_task": "action-understanding",
        "question": "Between 960.0 and 1027.0 seconds, does the man in the red shirt perform a dance routine in the brightly lit room with playful decor?",
        "answer": "No",
        "old_answer": "No"
    },
    {
        "qa_idx": 5,
        "qa_type": "qa",
        "qa_level": "within_event",
        "qa_task": "character-understanding",
        "question": "Was the man seated on a brown couch wearing a light blue and white striped shirt at the beginning of the scene from 275.0 to 317.0 seconds?",
        "answer": "Yes",
        "old_answer": "Yes"
    },
    {
        "qa_idx": 6,
        "qa_task": "object understanding",
        "question": "What is the woman wearing in the video frame at 5082.0 seconds?",
        "options": [
            "A. A blue dress.",
            "B. A red outfit.",
            "C. A green suit.",
            "D. A yellow blouse."
        ],
        "answer": "B",
        "qa_level": "frame",
        "qa_type": "mcqa",
        "old_answer": "B"
    },
    {
        "qa_idx": 7,
        "qa_task": "descriptive-scene",
        "question": "Where does the event take place from 5559.0 to 5615.0 seconds?",
        "options": [
            "A. In a kitchen.",
            "B. In a study or living room.",
            "C. In a garden.",
            "D. In an office."
        ],
        "answer": "B",
        "qa_level": "within_event",
        "qa_type": "mcqa",
        "old_answer": "B"
    },
    {
        "qa_idx": 8,
        "qa_type": "qa",
        "qa_level": "cross_event",
        "qa_task": "action-understanding",
        "question": "In the parking garage scene from 5268.0 to 5349.0, does the man in the red plaid shirt eventually sit down at a table to have a meal with a woman in a light-colored outfit?",
        "answer": "No",
        "old_answer": "No"
    },
    {
        "qa_idx": 9,
        "qa_type": "qa",
        "qa_level": "long_term",
        "qa_task": "action-understanding",
        "question": "After the man and woman interacted near the motorcycle, did they ride the motorcycle together through the busy urban street scene? (Time: 6004.0 - 6215.0 seconds)",
        "answer": "No",
        "old_answer": "No"
    },
    {
        "qa_idx": 10,
        "qa_task": "descriptive-scene",
        "question": "Where does the video event take place between 1845.0 seconds and 1901.0 seconds?",
        "options": [
            "A. In a park.",
            "B. In a street market.",
            "C. In a shopping mall.",
            "D. In a residential area."
        ],
        "answer": "B",
        "qa_level": "within_event",
        "qa_type": "mcqa",
        "old_answer": "B"
    },
    {
        "qa_idx": 11,
        "qa_task": "object-direction",
        "question": "In the event from 3183.0 to 3243.0 seconds, which direction does the woman in a yellow top and white skirt walk towards?",
        "options": [
            "A. Towards a group of mostly men gathered in the background.",
            "B. Away from the group of mostly men gathered in the background.",
            "C. Towards the tall trees.",
            "D. Towards the sandy ground."
        ],
        "answer": "A",
        "qa_level": "cross_event",
        "qa_type": "mcqa",
        "old_answer": "A"
    },
    {
        "qa_idx": 12,
        "qa_task": "attribute-change",
        "question": "How does the environment change from the beginning to the end of the video event from 4445.0 seconds to 4505.0 seconds?",
        "options": [
            "A. The environment changes from a semi-arid and dusty setting to a vibrant market area with warm, relaxed lighting.",
            "B. The environment changes from a vibrant market area to a semi-arid and dusty setting.",
            "C. The environment remains the same throughout the video event.",
            "D. The environment changes from an indoor setting to an outdoor setting."
        ],
        "answer": "A",
        "qa_level": "cross_event",
        "qa_type": "mcqa",
        "old_answer": "A"
    },
    {
        "qa_idx": 13,
        "qa_task": "character-understanding",
        "question": "What is the main action of the man in the black leather jacket during the scene from 4712.0 to 4779.0 seconds?",
        "options": [
            "A. Riding a motorcycle.",
            "B. Interacting with a mobile phone.",
            "C. Talking to passengers on a bus.",
            "D. Walking along the roadside."
        ],
        "answer": "B",
        "qa_level": "cross_event",
        "qa_type": "mcqa",
        "old_answer": "B"
    },
    {
        "qa_idx": 14,
        "qa_task": "temporal-relationship",
        "question": "What happens after the scene showing a bustling urban street with various activities, shopfronts, and busy marketplace interactions?",
        "options": [
            "A. A celebratory scene likely from a birthday party.",
            "B. A scene in a library or study environment.",
            "C. A scene featuring a man and a woman engaged in a conversation on a terrace or balcony.",
            "D. A scene in an office or administrative setting."
        ],
        "answer": "A",
        "qa_level": "long_term",
        "qa_type": "mcqa",
        "old_answer": "A"
    },
    {
        "qa_idx": 15,
        "qa_task": "spatial-relationship",
        "question": "Where is the man in a light blue and white striped shirt standing with his hands on his hips?",
        "options": [
            "A. In front of a large, well-lit bookcase filled with colorful books.",
            "B. Near a yellow van and a person sweeping the street.",
            "C. In front of numerous shops with a temple or ornate building in the background.",
            "D. On a residential patio featuring a modern white house."
        ],
        "answer": "C",
        "qa_level": "long_term",
        "qa_type": "mcqa",
        "old_answer": "C"
    },
    {
        "qa_idx": 16,
        "qa_task": "causal",
        "question": "Why did the man in the light blue and white striped shirt stand with his hands on his hips in front of numerous shops?",
        "options": [
            "A. He was waiting for someone.",
            "B. He was observing the bustling urban street scene.",
            "C. He was giving directions to people.",
            "D. He was taking a break from sweeping the street."
        ],
        "answer": "B",
        "qa_level": "long_term",
        "qa_type": "mcqa",
        "old_answer": "B"
    },
    {
        "qa_idx": 18,
        "qa_task": "camera-direction",
        "question": "How does the camera movement change from the library scene to the bustling urban street scene between 9.0 and 6215.0 seconds?",
        "options": [
            "A. The camera moves from a static position to a dynamic, moving position.",
            "B. The camera remains static throughout both scenes.",
            "C. The camera moves from a dynamic, moving position to a static position.",
            "D. The camera zooms in and out in both scenes."
        ],
        "answer": "A",
        "qa_level": "long_term",
        "qa_type": "mcqa",
        "old_answer": "A"
    },
    {
        "qa_idx": 19,
        "qa_task": "speed",
        "question": "Which mode of transportation was moving faster in the bustling urban street scene from 9.0 to 6215.0 seconds?",
        "options": [
            "A. The boy riding a bicycle.",
            "B. The yellow auto-rickshaw.",
            "C. The motorcycles.",
            "D. The yellow bus."
        ],
        "answer": "C",
        "qa_level": "long_term",
        "qa_type": "mcqa",
        "old_answer": "C"
    },
    {
        "qa_idx": 20,
        "qa_task": "attribute-change",
        "question": "How does the setting change from the beginning to the end of the video from 9.0 to 6215.0 seconds?",
        "options": [
            "A. From a library or study environment to a bustling urban street scene.",
            "B. From a bustling urban street scene to a serene rural setting.",
            "C. From a serene rural setting to a busy urban street scene.",
            "D. From a library or study environment to a culturally rich setting with architectural elements."
        ],
        "answer": "D",
        "qa_level": "long_term",
        "qa_type": "mcqa",
        "old_answer": "D"
    },
    {
        "qa_idx": 21,
        "qa_task": "time-order",
        "question": "In which order do the events occur in the video from 9.0 to 6215.0 seconds?",
        "options": [
            "A. The scene begins in a library or study environment, followed by a bustling urban street scene, then a celebratory birthday party, and finally a domestic scene with a man seated on a brown couch.",
            "B. The scene begins in a bustling urban street scene, followed by a library or study environment, then a celebratory birthday party, and finally a domestic scene with a man seated on a brown couch.",
            "C. The scene begins with a celebratory birthday party, followed by a bustling urban street scene, then a library or study environment, and finally a domestic scene with a man seated on a brown couch.",
            "D. The scene begins with a domestic scene with a man seated on a brown couch, followed by a celebratory birthday party, then a bustling urban street scene, and finally a library or study environment."
        ],
        "answer": "A",
        "qa_level": "long_term",
        "qa_type": "mcqa",
        "old_answer": "A"
    },
    {
        "qa_idx": 22,
        "qa_task": "descriptive-scene",
        "question": "Where does the scene transition to after the library or study environment with the man sitting in front of a bookcase?",
        "options": [
            "A. A bustling urban street scene.",
            "B. A serene river scene.",
            "C. A quiet rural setting.",
            "D. A busy office environment."
        ],
        "answer": "A",
        "qa_level": "long_term",
        "qa_type": "mcqa",
        "old_answer": "A"
    }
]