[
    {
        "qa_idx": 0,
        "qa_type": "qa",
        "qa_level": "frame",
        "qa_task": "object understanding",
        "question": "Is there a large wooden table in the center of the room at 308.0 seconds into the video?",
        "answer": "Yes",
        "old_answer": "Yes"
    },
    {
        "qa_idx": 1,
        "qa_task": "object understanding",
        "question": "What is the man on the left side of the image doing at 1407.0 seconds into the video?",
        "options": [
            "A. Standing and holding a handrail.",
            "B. Seated with his legs crossed and arms folded.",
            "C. Engaged with his smartphone.",
            "D. Reading a book."
        ],
        "answer": "B",
        "qa_level": "frame",
        "qa_type": "mcqa",
        "old_answer": "B"
    },
    {
        "qa_idx": 3,
        "qa_type": "qa",
        "qa_level": "within_event",
        "qa_task": "object understanding",
        "question": "Is there a large construction vessel equipped with a crane and an inflated balloon-like component in the video event from 2125.0 to 2159.0 seconds?",
        "answer": "Yes",
        "old_answer": "Yes"
    },
    {
        "qa_idx": 4,
        "qa_type": "qa",
        "qa_level": "within_event",
        "qa_task": "speed",
        "question": "Is the interaction between the two people at the desk happening quickly from 131.0 to 133.0 seconds?",
        "answer": "No",
        "old_answer": "No"
    },
    {
        "qa_idx": 6,
        "qa_type": "qa",
        "qa_level": "cross_event",
        "qa_task": "action-understanding",
        "question": "In the convenience store from 1280.0 to 1340.0, does the person engage in a conversation with the cashier about the products on the shelves?",
        "answer": "No",
        "old_answer": "No"
    },
    {
        "qa_idx": 8,
        "qa_type": "qa",
        "qa_level": "long_term",
        "qa_task": "plot-understanding",
        "question": "Does the video depict both indoor and outdoor scenes involving various activities such as construction, office work, and communal gatherings from 2.0 to 2159.0 seconds?",
        "answer": "Yes",
        "old_answer": "Yes"
    },
    {
        "qa_idx": 9,
        "qa_task": "attribute-change",
        "question": "How does the setting change from the beginning to the end of the video between 2.0 seconds to 62.0 seconds?",
        "options": [
            "A. The setting changes from an indoor office to an outdoor street scene.",
            "B. The setting changes from an outdoor street scene to an indoor office and then to a construction site.",
            "C. The setting remains the same throughout the video.",
            "D. The setting changes from a construction site to an indoor office and then to an outdoor street scene."
        ],
        "answer": "B",
        "qa_level": "cross_event",
        "qa_type": "mcqa",
        "old_answer": "B"
    },
    {
        "qa_idx": 10,
        "qa_task": "spatial-relationship",
        "question": "What is the spatial relationship between the vehicles and the environment in the nighttime highway scene from 870.0 to 930.0 seconds?",
        "options": [
            "A. The vehicles are traveling on a multi-lane highway surrounded by billboards and signs in a commercial area.",
            "B. The vehicles are parked in a residential area with no streetlights.",
            "C. The vehicles are moving through a rural area with no visible signs or billboards.",
            "D. The vehicles are stationary in a parking lot with no traffic flow."
        ],
        "answer": "A",
        "qa_level": "cross_event",
        "qa_type": "mcqa",
        "old_answer": "A"
    },
    {
        "qa_idx": 11,
        "qa_task": "spatial-relationship",
        "question": "Where is the person in dark pants and sneakers walking at the beginning of the video?",
        "options": [
            "A. On a concrete sidewalk.",
            "B. In an office.",
            "C. In a market street.",
            "D. In a construction site."
        ],
        "answer": "A",
        "qa_level": "long_term",
        "qa_type": "mcqa",
        "old_answer": "A"
    },
    {
        "qa_idx": 12,
        "qa_task": "time-order",
        "question": "In which order do the events occur in the video from 2.0 to 2159.0 seconds?",
        "options": [
            "A. Street scene, office setting, construction site, indoor communal area, urban night scene, classroom setting, construction site, urban cityscape.",
            "B. Office setting, street scene, construction site, indoor communal area, urban night scene, classroom setting, construction site, urban cityscape.",
            "C. Street scene, construction site, office setting, indoor communal area, urban night scene, classroom setting, construction site, urban cityscape.",
            "D. Construction site, street scene, office setting, indoor communal area, urban night scene, classroom setting, construction site, urban cityscape."
        ],
        "answer": "A",
        "qa_level": "long_term",
        "qa_type": "mcqa",
        "old_answer": "A"
    },
    {
        "qa_idx": 14,
        "qa_task": "camera-direction",
        "question": "What is the camera doing between 2.0 and 2159.0 seconds in the video?",
        "options": [
            "A. The camera is moving closer to the subjects.",
            "B. The camera is moving away from the subjects.",
            "C. The camera is panning across different scenes.",
            "D. The camera is stationary."
        ],
        "answer": "C",
        "qa_level": "long_term",
        "qa_type": "mcqa",
        "old_answer": "C"
    },
    {
        "qa_idx": 15,
        "qa_task": "speed",
        "question": "Which is faster, the person walking or the person riding a bike in the video from 2.0 to 2159.0 seconds?",
        "options": [
            "A. The person walking.",
            "B. The person riding a bike.",
            "C. Both are at the same speed.",
            "D. None of the above."
        ],
        "answer": "B",
        "qa_level": "long_term",
        "qa_type": "mcqa",
        "old_answer": "B"
    },
    {
        "qa_idx": 16,
        "qa_task": "attribute-change",
        "question": "How does the setting change from the beginning to the end of the video from 2.0 to 2159.0 seconds?",
        "options": [
            "A. From a street scene to a construction site.",
            "B. From an office setting to a construction site.",
            "C. From a street scene to an indoor office setting.",
            "D. From a construction site to a street scene."
        ],
        "answer": "A",
        "qa_level": "long_term",
        "qa_type": "mcqa",
        "old_answer": "A"
    }
]