[
    {
        "qa_idx": 0,
        "qa_type": "qa",
        "qa_level": "within_event",
        "qa_task": "camera-direction",
        "question": "From 48.0 to 107.0 seconds, does the camera remain stationary in the police lineup-like environment?",
        "answer": "No",
        "old_answer": "No"
    },
    {
        "qa_idx": 1,
        "qa_task": "character-understanding",
        "question": "What is the green character dressed as in the video frame at 1098.0 seconds?",
        "options": [
            "A. A firefighter.",
            "B. A doctor.",
            "C. A chef.",
            "D. A teacher."
        ],
        "answer": "B",
        "qa_level": "frame",
        "qa_type": "mcqa",
        "old_answer": "B"
    },
    {
        "qa_idx": 2,
        "qa_type": "qa",
        "qa_level": "within_event",
        "qa_task": "object understanding",
        "question": "Is there a purple television set with antennae in the video from 219.0 to 273.0 seconds?",
        "answer": "Yes",
        "old_answer": "Yes"
    },
    {
        "qa_idx": 3,
        "qa_type": "qa",
        "qa_level": "cross_event",
        "qa_task": "action-understanding",
        "question": "In the event from 602.0 to 664.0, do the characters engage in a wintery setting with a campfire?",
        "answer": "No",
        "old_answer": "No"
    },
    {
        "qa_idx": 5,
        "qa_task": "speed",
        "question": "How does the speed of the animated characters' actions change from the beginning to the end of the event from 450.0 to 514.0 seconds?",
        "options": [
            "A. The speed remains constant throughout the event.",
            "B. The speed increases as the event progresses.",
            "C. The speed decreases as the event progresses.",
            "D. The speed fluctuates without a clear pattern."
        ],
        "answer": "B",
        "qa_level": "cross_event",
        "qa_type": "mcqa",
        "old_answer": "B"
    },
    {
        "qa_idx": 6,
        "qa_task": "temporal-relationship",
        "question": "What happens after the character with a round, white vegetable-like appearance expresses concern against a greyish background?",
        "options": [
            "A. The scene transitions to an office-like environment featuring a wooden desk and two animated characters.",
            "B. The character finds Granny's glasses.",
            "C. The character starts dancing.",
            "D. The character leaves the scene."
        ],
        "answer": "A",
        "qa_level": "long_term",
        "qa_type": "mcqa",
        "old_answer": "A"
    },
    {
        "qa_idx": 7,
        "qa_task": "causal",
        "question": "Why are the animated characters inspecting documents with a magnifying glass and discussing a lineup?",
        "options": [
            "A. They are searching for Granny's missing glasses.",
            "B. They are preparing for a musical performance.",
            "C. They are planning a party.",
            "D. They are designing a new cartoon character."
        ],
        "answer": "A",
        "qa_level": "long_term",
        "qa_type": "mcqa",
        "old_answer": "A"
    },
    {
        "qa_idx": 8,
        "qa_task": "plot-understanding",
        "question": "What is the main plot of the video from 2.0 to 1794.0 seconds?",
        "options": [
            "A. A search for Granny's missing glasses involving various animated characters in a whimsical, school-related context.",
            "B. A cooking competition between animated characters in a kitchen setting.",
            "C. A sports event featuring animated characters competing in different games.",
            "D. A musical concert with animated characters playing different instruments."
        ],
        "answer": "A",
        "qa_level": "long_term",
        "qa_type": "mcqa",
        "old_answer": "A"
    },
    {
        "qa_idx": 9,
        "qa_task": "speed",
        "question": "Which character is moving faster in the video from 2.0 to 1794.0 seconds?",
        "options": [
            "A. The character with the magnifying glass.",
            "B. The character riding a unicycle.",
            "C. The character holding a sandwich.",
            "D. The character with the large top hat."
        ],
        "answer": "B",
        "qa_level": "long_term",
        "qa_type": "mcqa",
        "old_answer": "B"
    },
    {
        "qa_idx": 10,
        "qa_task": "attribute-change",
        "question": "How does the background change throughout the video from 2.0 to 1794.0 seconds?",
        "options": [
            "A. The background remains the same throughout the video.",
            "B. The background changes from a lined paper backdrop to various colorful and dynamic settings.",
            "C. The background changes from a plain white backdrop to a dark and gloomy setting.",
            "D. The background changes from a forest setting to a cityscape."
        ],
        "answer": "B",
        "qa_level": "long_term",
        "qa_type": "mcqa",
        "old_answer": "B"
    },
    {
        "qa_idx": 11,
        "qa_task": "time-order",
        "question": "In which order do the events occur in the video from 2.0 to 1794.0 seconds?",
        "options": [
            "A. The video begins with a cartoonish scene under the title 'Ross Bollinger Presents: Whose Line Up Is It Anyway??'. A poster with the text 'MISSING' and 'GRANNY'S GLASSES' appears. The scene transitions to an office-like environment featuring a wooden desk and two animated characters. The scene continues with a variety of animated interactions in office-like settings.",
            "B. The scene begins with two animated characters set against a backdrop of height measurement markings within a police lineup-like environment. The setting changes to an office or interrogation room with a table prominently displayed in front and office items visible in the background. The scene transitions to a playful environment with a lined notebook paper backdrop featuring colorful characters.",
            "C. The event unfolds in an animated setting where several cartoon characters interact within a stylized environment. Initially, the frame features a large wooden-framed glass window with a character in a purple hat peeking from below. The scene shifts to depict two characters against a notebook paper background. The setting changes to an office environment with a table where two characters are seated, surrounded by filing cabinets and storage boxes.",
            "D. The event is set predominantly in an animated office environment characterized by two cartoon characters seated at a wooden table. The character on the left is blue, wearing a hat, resting their face on a hand, while the green character on the right appears frustrated or displeased. The scene transitions to an outdoor setting featuring the exterior of a red brick building with a pink door, white markings, stairs leading upward, and a window above a light-colored ledge."
        ],
        "answer": "A",
        "qa_level": "long_term",
        "qa_type": "mcqa",
        "old_answer": "A"
    }
]