[
    {
        "qa_idx": 0,
        "qa_task": "object understanding",
        "question": "What type of clothing are the men wearing at 168.0 seconds into the video?",
        "options": [
            "A. Casual T-shirts and jeans.",
            "B. Traditional robes.",
            "C. Business suits.",
            "D. Sports uniforms."
        ],
        "answer": "B",
        "qa_level": "frame",
        "qa_type": "mcqa",
        "old_answer": "B"
    },
    {
        "qa_idx": 1,
        "qa_type": "qa",
        "qa_level": "frame",
        "qa_task": "object understanding",
        "question": "Is there a green-covered table at the center of the room in the frame captured at 4815.0 seconds?",
        "answer": "Yes",
        "old_answer": "Yes"
    },
    {
        "qa_idx": 4,
        "qa_type": "qa",
        "qa_level": "within_event",
        "qa_task": "camera-direction",
        "question": "Does the camera transition to a view featuring a large table in the foreground during the event from 5508.0 to 5579.0 seconds?",
        "answer": "Yes",
        "old_answer": "Yes"
    },
    {
        "qa_idx": 5,
        "qa_task": "descriptive-scene",
        "question": "What is the main purpose of the poster featured in the video frame at 2772.0 seconds?",
        "options": [
            "A. To educate children on social, emotional, and ethical development.",
            "B. To advertise a new educational program.",
            "C. To provide information about a historical event.",
            "D. To promote a new book for children."
        ],
        "answer": "A",
        "qa_level": "frame",
        "qa_type": "mcqa",
        "old_answer": "A"
    },
    {
        "qa_idx": 6,
        "qa_task": "camera-direction",
        "question": "Does the camera move closer to the woman holding an object or does it stay stationary in the video from 1466.0 to 1535.0 seconds?",
        "options": [
            "A. The camera moves closer to the woman holding an object.",
            "B. The camera stays stationary.",
            "C. The camera moves away from the woman holding an object.",
            "D. The camera pans to the left."
        ],
        "answer": "A",
        "qa_level": "within_event",
        "qa_type": "mcqa",
        "old_answer": "A"
    },
    {
        "qa_idx": 7,
        "qa_type": "qa",
        "qa_level": "cross_event",
        "qa_task": "speed",
        "question": "Did the presentation of the 'Framework: 3 Domains, 3 Dimensions, 9 Components' at 2485.0 seconds and the 'Map of the Mind: Institute of Social Emotional Education' in the second event from 2635.0 to 2833.0 occur at a fast pace?",
        "answer": "No",
        "old_answer": "No"
    },
    {
        "qa_idx": 8,
        "qa_type": "qa",
        "qa_level": "long_term",
        "qa_task": "character-understanding",
        "question": "Is there a woman actively participating in the discussions or presentations throughout the event from 7.0 to 8089.0 seconds?",
        "answer": "Yes",
        "old_answer": "Yes"
    },
    {
        "qa_idx": 12,
        "qa_task": "camera-direction",
        "question": "In the scene from 1976.0 to 2036.0 seconds, what direction does the camera move to emphasize the details of the setting?",
        "options": [
            "A. The camera moves forward to focus on the man in the suit.",
            "B. The camera pans left to show the woman on the left.",
            "C. The camera zooms out to capture the entire room.",
            "D. The camera tilts up to highlight the intricate wall designs."
        ],
        "answer": "A",
        "qa_level": "cross_event",
        "qa_type": "mcqa",
        "old_answer": "A"
    },
    {
        "qa_idx": 19,
        "qa_task": "speed",
        "question": "At what speed does the event transition from the serene workspace scene to the formal gathering with individuals in traditional attire?",
        "options": [
            "A. Quickly.",
            "B. Gradually.",
            "C. Instantly.",
            "D. Slowly."
        ],
        "answer": "B",
        "qa_level": "long_term",
        "qa_type": "mcqa",
        "old_answer": "B"
    },
    {
        "qa_idx": 22,
        "qa_task": "time-order",
        "question": "In which order do the events occur in the video from 7.0 to 8089.0 seconds?",
        "options": [
            "A. The video begins with text slides detailing 'The Emory-Tibet Symposium,' followed by a group of men discussing around a table, then a young boy in colorful traditional clothing appears, and finally, a woman gesturing while seated on an ornate chair.",
            "B. The video begins with a young boy in colorful traditional clothing, followed by text slides detailing 'The Emory-Tibet Symposium,' then a group of men discussing around a table, and finally, a woman gesturing while seated on an ornate chair.",
            "C. The video begins with a woman gesturing while seated on an ornate chair, followed by a young boy in colorful traditional clothing, then text slides detailing 'The Emory-Tibet Symposium,' and finally, a group of men discussing around a table.",
            "D. The video begins with a group of men discussing around a table, followed by a woman gesturing while seated on an ornate chair, then text slides detailing 'The Emory-Tibet Symposium,' and finally, a young boy in colorful traditional clothing."
        ],
        "answer": "A",
        "qa_level": "long_term",
        "qa_type": "mcqa",
        "old_answer": "A"
    }
]