[
    {
        "qa_idx": 1,
        "qa_type": "qa",
        "qa_level": "within_event",
        "qa_task": "action-understanding",
        "question": "Is the woman wearing a light gray shirt and glasses in the video event from 879.0 to 895.0 seconds?",
        "answer": "Yes",
        "old_answer": "Yes"
    },
    {
        "qa_idx": 3,
        "qa_type": "qa",
        "qa_level": "long_term",
        "qa_task": "character-understanding",
        "question": "Is there a woman wearing glasses in multiple indoor settings throughout the video from 3.0 to 2822.0 seconds?",
        "answer": "Yes",
        "old_answer": "Yes"
    },
    {
        "qa_idx": 6,
        "qa_task": "temporal-relationship",
        "question": "What happens after the scene with the girl in brightly colored clothing interacting in front of a traditional building surrounded by lush greenery?",
        "options": [
            "A. A scene with several girls in distinct cultural attire set against green mountains.",
            "B. A scene with a person in a well-lit kitchen actively engaged in tasks.",
            "C. A scene with a woman seated outdoors in a lush garden or patio area.",
            "D. A scene with a man seated in a lush green environment, possibly a park."
        ],
        "answer": "A",
        "qa_level": "long_term",
        "qa_type": "mcqa",
        "old_answer": "A"
    },
    {
        "qa_idx": 7,
        "qa_task": "spatial-relationship",
        "question": "Where is the woman with glasses and a pink shirt standing in the richly decorated room?",
        "options": [
            "A. In front of a whiteboard.",
            "B. In a kitchen.",
            "C. In a room filled with carved wooden elements.",
            "D. In a garden."
        ],
        "answer": "C",
        "qa_level": "long_term",
        "qa_type": "mcqa",
        "old_answer": "C"
    },
    {
        "qa_idx": 9,
        "qa_task": "plot-understanding",
        "question": "What is the main theme depicted in the video from 3.0 to 2822.0 seconds?",
        "options": [
            "A. A journey through various rural and urban settings, highlighting cultural and domestic scenes.",
            "B. A detailed exploration of a single urban environment.",
            "C. A focus on a single family's daily activities.",
            "D. A documentary about wildlife in different habitats."
        ],
        "answer": "A",
        "qa_level": "long_term",
        "qa_type": "mcqa",
        "old_answer": "A"
    },
    {
        "qa_idx": 10,
        "qa_task": "camera-direction",
        "question": "How does the camera move in the video from 3.0 to 2822.0 seconds?",
        "options": [
            "A. The camera moves closer to the subjects in various scenes.",
            "B. The camera remains stationary throughout the video.",
            "C. The camera moves away from the subjects in various scenes.",
            "D. The camera pans across different scenes without moving closer or away."
        ],
        "answer": "A",
        "qa_level": "long_term",
        "qa_type": "mcqa",
        "old_answer": "A"
    },
    {
        "qa_idx": 11,
        "qa_task": "speed",
        "question": "Which mode of transportation is depicted as moving faster in the video from 3.0 to 2822.0 seconds?",
        "options": [
            "A. The land vehicle in the rural landscape.",
            "B. The paper airplane ridden by two characters.",
            "C. The boat traveling through the clear blue sea.",
            "D. The car parked in the driveway."
        ],
        "answer": "B",
        "qa_level": "long_term",
        "qa_type": "mcqa",
        "old_answer": "B"
    },
    {
        "qa_idx": 12,
        "qa_task": "attribute-change",
        "question": "How does the setting change from the beginning to the end of the video between 3.0 and 2822.0 seconds?",
        "options": [
            "A. From a rural landscape to a bustling urban environment.",
            "B. From a bustling urban environment to a serene rural landscape.",
            "C. From a domestic indoor setting to an outdoor garden.",
            "D. From a serene outdoor garden to a bustling urban environment."
        ],
        "answer": "A",
        "qa_level": "long_term",
        "qa_type": "mcqa",
        "old_answer": "A"
    },
    {
        "qa_idx": 13,
        "qa_task": "object understanding",
        "question": "What kind of items can be seen on the mirrored cabinet in the domestic setting?",
        "options": [
            "A. Toiletries, containers, and dolls.",
            "B. Books and magazines.",
            "C. Toys and games.",
            "D. Clothing and accessories."
        ],
        "answer": "A",
        "qa_level": "long_term",
        "qa_type": "mcqa",
        "old_answer": "A"
    },
    {
        "qa_idx": 14,
        "qa_task": "time-order",
        "question": "In which order do the events occur in the video from 3.0 to 2822.0 seconds?",
        "options": [
            "A. A vibrant rural landscape transitions to a lively outdoor setting, followed by a scene with several girls in cultural attire, then a fantastical moment with two characters on a paper airplane, and finally a panoramic urban cityscape.",
            "B. A vibrant rural landscape transitions to a lively outdoor setting, followed by a scene with several girls in cultural attire, then a domestic scene in a well-lit kitchen, and finally a panoramic urban cityscape.",
            "C. A vibrant rural landscape transitions to a lively outdoor setting, followed by a scene with several girls in cultural attire, then a fantastical moment with two characters on a paper airplane, and finally a domestic scene in a well-lit kitchen.",
            "D. A vibrant rural landscape transitions to a lively outdoor setting, followed by a scene with several girls in cultural attire, then a domestic scene in a well-lit kitchen, and finally a fantastical moment with two characters on a paper airplane."
        ],
        "answer": "A",
        "qa_level": "long_term",
        "qa_type": "mcqa",
        "old_answer": "A"
    }
]