[
    {
        "qa_idx": 0,
        "qa_type": "qa",
        "qa_level": "frame",
        "qa_task": "object understanding",
        "question": "Is there a blue sleeping mask on the bed frame in the video frame at 349.0 seconds?",
        "answer": "Yes",
        "old_answer": "Yes"
    },
    {
        "qa_idx": 1,
        "qa_type": "qa",
        "qa_level": "frame",
        "qa_task": "object understanding",
        "question": "Is there an umbrella attached to the ice cream cart in the video frame at 1805.0 seconds?",
        "answer": "Yes",
        "old_answer": "Yes"
    },
    {
        "qa_idx": 2,
        "qa_type": "qa",
        "qa_level": "within_event",
        "qa_task": "plot-understanding",
        "question": "Does the video event feature a pig character engaging in playful activities with family members outdoors from 1184.0 to 1235.0 seconds?",
        "answer": "Yes",
        "old_answer": "Yes"
    },
    {
        "qa_idx": 3,
        "qa_type": "qa",
        "qa_level": "within_event",
        "qa_task": "character-understanding",
        "question": "Were the characters engaged in activities around the campsite from 884.0 to 970.0 seconds?",
        "answer": "Yes",
        "old_answer": "Yes"
    },
    {
        "qa_idx": 4,
        "qa_task": "descriptive-scene",
        "question": "Where does the scene at 1278.0 seconds into the video take place?",
        "options": [
            "A. Indoors.",
            "B. In a forest.",
            "C. Outdoors.",
            "D. In a classroom."
        ],
        "answer": "C",
        "qa_level": "frame",
        "qa_type": "mcqa",
        "old_answer": "C"
    },
    {
        "qa_idx": 5,
        "qa_type": "qa",
        "qa_level": "cross_event",
        "qa_task": "plot-understanding",
        "question": "Do both events from 1385.0 to 1444.0 and 1446.0 to 1502.0 depict a picnic scene involving anthropomorphic characters?",
        "answer": "Yes",
        "old_answer": "Yes"
    },
    {
        "qa_idx": 6,
        "qa_task": "descriptive-scene",
        "question": "What is the primary setting of the video event from 4.0 to 65.0 seconds?",
        "options": [
            "A. A park.",
            "B. A school.",
            "C. A home.",
            "D. A supermarket."
        ],
        "answer": "C",
        "qa_level": "within_event",
        "qa_type": "mcqa",
        "old_answer": "C"
    },
    {
        "qa_idx": 7,
        "qa_type": "qa",
        "qa_level": "long_term",
        "qa_task": "speed",
        "question": "Did the characters in the video move quickly during the bedtime routines from 4.0 to 166.0 seconds?",
        "answer": "No",
        "old_answer": "No"
    },
    {
        "qa_idx": 8,
        "qa_task": "camera-direction",
        "question": "During the event from 69.0 to 101.0 seconds, does the camera focus more on the characters or the room decor?",
        "options": [
            "A. The camera focuses more on the characters.",
            "B. The camera focuses more on the room decor.",
            "C. The camera equally focuses on both the characters and the room decor.",
            "D. The camera does not focus on either the characters or the room decor."
        ],
        "answer": "C",
        "qa_level": "within_event",
        "qa_type": "mcqa",
        "old_answer": "C"
    },
    {
        "qa_idx": 9,
        "qa_task": "spatial-relationship",
        "question": "In the children's playroom setting from 308.0 to 378.0 seconds, where is the red chair located in relation to the wooden piano?",
        "options": [
            "A. On the left.",
            "B. On the right.",
            "C. In front of the piano.",
            "D. Behind the piano."
        ],
        "answer": "A",
        "qa_level": "cross_event",
        "qa_type": "mcqa",
        "old_answer": "A"
    },
    {
        "qa_idx": 10,
        "qa_task": "causal",
        "question": "Why did the scene transition from an outdoor setting to an indoor setting featuring two pig characters engaging in a kitchen activity with a shovel in the video event from 1983.0 to 2048.0 seconds?",
        "options": [
            "A. The characters wanted to continue their communal activity indoors.",
            "B. The weather changed, prompting the characters to move indoors.",
            "C. The characters needed to use the shovel for a kitchen-related task.",
            "D. The outdoor activity was completed, and the characters moved indoors for a new activity."
        ],
        "answer": "D",
        "qa_level": "cross_event",
        "qa_type": "mcqa",
        "old_answer": "D"
    },
    {
        "qa_idx": 11,
        "qa_task": "time-order",
        "question": "What is the sequence of events in the video from 1322.0 to 1383.0 seconds?",
        "options": [
            "A. The scene starts with characters playing with a ball, followed by a character standing by the water with ducklings, and ends with Peppa Pig's title card.",
            "B. The scene starts with a character standing by the water with ducklings, followed by characters playing with a ball, and ends with Peppa Pig's title card.",
            "C. The scene starts with Peppa Pig's title card, followed by characters playing with a ball, and ends with a character standing by the water with ducklings.",
            "D. The scene starts with characters playing with a ball, followed by Peppa Pig's title card, and ends with a character standing by the water with ducklings."
        ],
        "answer": "B",
        "qa_level": "cross_event",
        "qa_type": "mcqa",
        "old_answer": "B"
    },
    {
        "qa_idx": 12,
        "qa_task": "time-order",
        "question": "In which order do the events occur in the video from 4.0 to 2386.0 seconds?",
        "options": [
            "A. Peppa Pig family bedtime routine, outdoor camping scene, indoor kitchen scene, outdoor park scene, classroom scene.",
            "B. Peppa Pig family bedtime routine, classroom scene, outdoor park scene, indoor kitchen scene, outdoor camping scene.",
            "C. Outdoor camping scene, Peppa Pig family bedtime routine, indoor kitchen scene, classroom scene, outdoor park scene.",
            "D. Classroom scene, Peppa Pig family bedtime routine, outdoor camping scene, indoor kitchen scene, outdoor park scene."
        ],
        "answer": "A",
        "qa_level": "long_term",
        "qa_type": "mcqa",
        "old_answer": "A"
    },
    {
        "qa_idx": 14,
        "qa_task": "object-direction",
        "question": "In the video event from 4.0 to 2386.0 seconds, which direction do George and Peppa move when they are in the indoor brightly colored room with pastel yellow walls and a purple floor?",
        "options": [
            "A. They move down the staircase.",
            "B. They move up the staircase.",
            "C. They move towards the window.",
            "D. They move towards the door."
        ],
        "answer": "B",
        "qa_level": "long_term",
        "qa_type": "mcqa",
        "old_answer": "B"
    },
    {
        "qa_idx": 15,
        "qa_task": "speed",
        "question": "Which character is faster in the video, the animated pig or the animated monkey?",
        "options": [
            "A. The animated pig.",
            "B. The animated monkey.",
            "C. Both are at the same speed.",
            "D. None of the above."
        ],
        "answer": "B",
        "qa_level": "long_term",
        "qa_type": "mcqa",
        "old_answer": "B"
    },
    {
        "qa_idx": 16,
        "qa_task": "attribute-change",
        "question": "How does the ambiance of the children's room change from the beginning to the end of the video event descriptions from 4.0 to 2386.0 seconds?",
        "options": [
            "A. The ambiance changes from a daytime playful setting to a nighttime cozy setting.",
            "B. The ambiance changes from a nighttime cozy setting to a daytime playful setting.",
            "C. The ambiance remains the same throughout the video.",
            "D. The ambiance changes from a daytime playful setting to an outdoor setting."
        ],
        "answer": "A",
        "qa_level": "long_term",
        "qa_type": "mcqa",
        "old_answer": "A"
    }
]