[
    {
        "qa_idx": 0,
        "qa_type": "qa",
        "qa_level": "frame",
        "qa_task": "character-understanding",
        "question": "Are there six anthropomorphic cat characters in the frame at 1744.0 seconds?",
        "answer": "Yes",
        "old_answer": "Yes"
    },
    {
        "qa_idx": 2,
        "qa_type": "qa",
        "qa_level": "frame",
        "qa_task": "object understanding",
        "question": "Is there a small blue and red train on the tracks at 1891.0 seconds into the video?",
        "answer": "Yes",
        "old_answer": "Yes"
    },
    {
        "qa_idx": 3,
        "qa_task": "descriptive-scene",
        "question": "What is the main feature of the house in the video frame at 2438.0 seconds?",
        "options": [
            "A. It has a red roof and windows that resemble eyes.",
            "B. It has a blue roof and a large garden.",
            "C. It is surrounded by a lake.",
            "D. It is a modern skyscraper."
        ],
        "answer": "A",
        "qa_level": "frame",
        "qa_type": "mcqa",
        "old_answer": "A"
    },
    {
        "qa_idx": 4,
        "qa_type": "qa",
        "qa_level": "within_event",
        "qa_task": "action-understanding",
        "question": "Between 899.0 and 1008.0 seconds, do the anthropomorphic cats in Halloween costumes perform a synchronized dance routine?",
        "answer": "No",
        "old_answer": "No"
    },
    {
        "qa_idx": 5,
        "qa_task": "object understanding",
        "question": "What is the orange cat wearing in the animated scene at 1664.0 seconds into the video?",
        "options": [
            "A. A red conductor’s hat and a striped shirt.",
            "B. A blue conductor’s hat and a striped shirt.",
            "C. A green conductor’s hat and a plain shirt.",
            "D. A yellow conductor’s hat and a polka dot shirt."
        ],
        "answer": "B",
        "qa_level": "frame",
        "qa_type": "mcqa",
        "old_answer": "B"
    },
    {
        "qa_idx": 6,
        "qa_type": "qa",
        "qa_level": "within_event",
        "qa_task": "action-understanding",
        "question": "During the event from 2513.0 to 2579.0 seconds, do the anthropomorphic feline characters engage in a snowball fight?",
        "answer": "No",
        "old_answer": "No"
    },
    {
        "qa_idx": 7,
        "qa_type": "qa",
        "qa_level": "cross_event",
        "qa_task": "action-understanding",
        "question": "In the event from 2513.0 to 2579.0, do the anthropomorphic feline characters decorate a Christmas tree together?",
        "answer": "No",
        "old_answer": "No"
    },
    {
        "qa_idx": 8,
        "qa_type": "qa",
        "qa_level": "cross_event",
        "qa_task": "speed",
        "question": "Did the cats in the first event (298.0 to 371.0) move more slowly compared to the cats in the second event (374.0 to 435.0)?",
        "answer": "No",
        "old_answer": "No"
    },
    {
        "qa_idx": 9,
        "qa_type": "qa",
        "qa_level": "long_term",
        "qa_task": "action-understanding",
        "question": "Do the anthropomorphic cat characters engage in a snowball fight in the indoor scenes from 42.0 to 2712.0 seconds?",
        "answer": "No",
        "old_answer": "No"
    },
    {
        "qa_idx": 10,
        "qa_task": "scene-understanding",
        "question": "What is the setting of the room where the anthropomorphic cat characters are shown from 264.0 to 283.0 seconds?",
        "options": [
            "A. A dark and gloomy room with minimal furniture.",
            "B. A brightly colored room with bunk beds, a small blue table, and a large window.",
            "C. A dimly lit room with a single bed and a small desk.",
            "D. An outdoor garden with various plants and flowers."
        ],
        "answer": "B",
        "qa_level": "within_event",
        "qa_type": "mcqa",
        "old_answer": "B"
    },
    {
        "qa_idx": 11,
        "qa_type": "qa",
        "qa_level": "long_term",
        "qa_task": "action-understanding",
        "question": "Do the anthropomorphic cat characters engage in a game of soccer in the brightly colored room with light yellow and white striped wallpaper and a yellow arched door from 42.0 to 2712.0 seconds?",
        "answer": "No",
        "old_answer": "No"
    },
    {
        "qa_idx": 12,
        "qa_task": "attribute-change",
        "question": "How does the appearance of the train change from the beginning to the end of the video events between 1716.0 to 1776.0 seconds and H to e seconds?",
        "options": [
            "A. The train changes from blue and red to entirely blue.",
            "B. The train changes from blue and red to entirely red.",
            "C. The train changes from blue and red to a vibrant red and blue.",
            "D. The train changes from blue and red to green and yellow."
        ],
        "answer": "C",
        "qa_level": "cross_event",
        "qa_type": "mcqa",
        "old_answer": "C"
    },
    {
        "qa_idx": 13,
        "qa_task": "spatial-relationship",
        "question": "What is the spatial relationship between the orange feline character and the background in the initial scene from 1393.0 to 1453.0 seconds?",
        "options": [
            "A. The orange feline character is set against a light green backdrop with a hint of a blue structure.",
            "B. The orange feline character is set against a pink and fluffy cloud backdrop.",
            "C. The orange feline character is set against green rolling hills and a clear blue sky.",
            "D. The orange feline character is set against a dark and stormy background."
        ],
        "answer": "A",
        "qa_level": "cross_event",
        "qa_type": "mcqa",
        "old_answer": "A"
    },
    {
        "qa_idx": 15,
        "qa_task": "object understanding",
        "question": "What are the main attributes of the clothing items featured in the scene from 2513.0 to 2579.0 seconds?",
        "options": [
            "A. The clothing items include a red holiday-themed outfit, a red and white coat, and winter-themed attire.",
            "B. The clothing items include a blue summer dress, a green raincoat, and beach-themed attire.",
            "C. The clothing items include a black leather jacket, a white t-shirt, and autumn-themed attire.",
            "D. The clothing items include a yellow raincoat, a pink dress, and spring-themed attire."
        ],
        "answer": "A",
        "qa_level": "cross_event",
        "qa_type": "mcqa",
        "old_answer": "A"
    },
    {
        "qa_idx": 16,
        "qa_task": "temporal-relationship",
        "question": "What were the anthropomorphic cat characters doing before they gathered around a table to share a meal?",
        "options": [
            "A. They were preparing for travel with suitcases.",
            "B. They were engaged in a craft-focused activity involving origami.",
            "C. They were playing around a pool filled with toy boats.",
            "D. They were interacting in a brightly colored room with bunk beds."
        ],
        "answer": "B",
        "qa_level": "long_term",
        "qa_type": "mcqa",
        "old_answer": "B"
    },
    {
        "qa_idx": 17,
        "qa_task": "spatial-relationship",
        "question": "Where is the yellow arched door located in the brightly colored room?",
        "options": [
            "A. On the right side.",
            "B. On the left side.",
            "C. In the middle.",
            "D. Near the window."
        ],
        "answer": "B",
        "qa_level": "long_term",
        "qa_type": "mcqa",
        "old_answer": "B"
    },
    {
        "qa_idx": 18,
        "qa_task": "causal",
        "question": "Why were the anthropomorphic cat characters holding flashlights in the dimly lit room?",
        "options": [
            "A. They were preparing for a bedtime story.",
            "B. They were exploring the storage area.",
            "C. They were playing a game.",
            "D. They were looking for a lost item."
        ],
        "answer": "B",
        "qa_level": "long_term",
        "qa_type": "mcqa",
        "old_answer": "B"
    },
    {
        "qa_idx": 21,
        "qa_task": "camera-direction",
        "question": "How does the camera move in the video from 42.0 to 2712.0 seconds?",
        "options": [
            "A. The camera moves closer to the characters.",
            "B. The camera moves away from the characters.",
            "C. The camera remains stationary.",
            "D. The camera pans around the room."
        ],
        "answer": "A",
        "qa_level": "long_term",
        "qa_type": "mcqa",
        "old_answer": "A"
    },
    {
        "qa_idx": 22,
        "qa_task": "speed",
        "question": "Which character was faster in preparing for travel, the anthropomorphic cats in the brightly colored room or the anthropomorphic cats in the cozy indoor setting with a table laid out for a meal?",
        "options": [
            "A. The anthropomorphic cats in the brightly colored room.",
            "B. The anthropomorphic cats in the cozy indoor setting with a table laid out for a meal.",
            "C. Both were equally fast.",
            "D. None of the above."
        ],
        "answer": "A",
        "qa_level": "long_term",
        "qa_type": "mcqa",
        "old_answer": "A"
    },
    {
        "qa_idx": 23,
        "qa_task": "attribute-change",
        "question": "How does the setting of the room change from the beginning to the end of the video between 42.0 and 2712.0 seconds?",
        "options": [
            "A. The room starts with a bright and colorful setting and transitions to a dimly lit, cozy environment.",
            "B. The room starts with a dimly lit, cozy environment and transitions to a bright and colorful setting.",
            "C. The room remains consistently bright and colorful throughout the video.",
            "D. The room remains consistently dimly lit and cozy throughout the video."
        ],
        "answer": "A",
        "qa_level": "long_term",
        "qa_type": "mcqa",
        "old_answer": "A"
    },
    {
        "qa_idx": 25,
        "qa_task": "time-order",
        "question": "In which order do the events occur in the video from 42.0 to 2712.0 seconds?",
        "options": [
            "A. The anthropomorphic cats are seen preparing for a trip, followed by engaging in origami activities, then sharing a meal, and finally exploring a storage area.",
            "B. The anthropomorphic cats are seen sharing a meal, followed by exploring a storage area, then preparing for a trip, and finally engaging in origami activities.",
            "C. The anthropomorphic cats are seen exploring a storage area, followed by preparing for a trip, then sharing a meal, and finally engaging in origami activities.",
            "D. The anthropomorphic cats are seen engaging in origami activities, followed by sharing a meal, then exploring a storage area, and finally preparing for a trip."
        ],
        "answer": "A",
        "qa_level": "long_term",
        "qa_type": "mcqa",
        "old_answer": "A"
    },
    {
        "qa_idx": 26,
        "qa_task": "descriptive-scene",
        "question": "Where do the anthropomorphic cat characters gather to share a meal in the video from 42.0 to 2712.0 seconds?",
        "options": [
            "A. In a brightly colored room with fish motifs and bunk beds.",
            "B. In a room with light yellow walls, vertical stripes, and a window with blue curtains showing a snowy landscape.",
            "C. In a storage room filled with jars and containers.",
            "D. In a whimsical outdoor setting with a train station."
        ],
        "answer": "B",
        "qa_level": "long_term",
        "qa_type": "mcqa",
        "old_answer": "B"
    }
]