[
    {
        "qa_idx": 0,
        "qa_type": "qa",
        "qa_level": "frame",
        "qa_task": "character-understanding",
        "question": "Is the character with bright pink hair styled in an elaborate fashion showing something with her hands at 1250.0 seconds?",
        "answer": "Yes",
        "old_answer": "Yes"
    },
    {
        "qa_idx": 2,
        "qa_type": "qa",
        "qa_level": "frame",
        "qa_task": "character-understanding",
        "question": "Is there a young child with goggles and flippers in the frame at 1392.0 seconds?",
        "answer": "Yes",
        "old_answer": "Yes"
    },
    {
        "qa_idx": 3,
        "qa_task": "spatial-relationship",
        "question": "What is positioned to the left of the red crab toy at 1318.0 seconds into the video?",
        "options": [
            "A. A teapot.",
            "B. A seashell.",
            "C. A blue mat.",
            "D. A sandcastle."
        ],
        "answer": "B",
        "qa_level": "frame",
        "qa_type": "mcqa",
        "old_answer": "B"
    },
    {
        "qa_idx": 4,
        "qa_type": "qa",
        "qa_level": "within_event",
        "qa_task": "object understanding",
        "question": "Is there a baby shown seated on a colorful beach towel in the video from 864.0 to 928.0 seconds?",
        "answer": "Yes",
        "old_answer": "Yes"
    },
    {
        "qa_idx": 5,
        "qa_type": "qa",
        "qa_level": "cross_event",
        "qa_task": "speed",
        "question": "From the time of 864.0 to 928.0, do the characters engage in their activities at a fast pace?",
        "answer": "No",
        "old_answer": "No"
    },
    {
        "qa_idx": 6,
        "qa_task": "descriptive-scene",
        "question": "Where does the scene at 755.0 seconds into the video take place?",
        "options": [
            "A. In a forest.",
            "B. In a city.",
            "C. On a beach.",
            "D. In a house."
        ],
        "answer": "C",
        "qa_level": "frame",
        "qa_type": "mcqa",
        "old_answer": "C"
    },
    {
        "qa_idx": 7,
        "qa_task": "character-understanding",
        "question": "What is the cartoon character holding in the video frame at 2207.0 seconds?",
        "options": [
            "A. A book.",
            "B. A balloon.",
            "C. A toy.",
            "D. A flower."
        ],
        "answer": "B",
        "qa_level": "frame",
        "qa_type": "mcqa",
        "old_answer": "B"
    },
    {
        "qa_idx": 8,
        "qa_task": "spatial-relationship",
        "question": "What is positioned to the left of the person engaged in artistic activity at 530.0 seconds into the video?",
        "options": [
            "A. A dresser with yellow drawers.",
            "B. A large window.",
            "C. An easel with a vibrant painting.",
            "D. A small stool."
        ],
        "answer": "C",
        "qa_level": "frame",
        "qa_type": "mcqa",
        "old_answer": "C"
    },
    {
        "qa_idx": 9,
        "qa_task": "spatial-relationship",
        "question": "What is positioned in the foreground of the frame captured at 1987.0 seconds?",
        "options": [
            "A. A prominent toy.",
            "B. A large tree.",
            "C. A small shrub.",
            "D. A clear blue sky."
        ],
        "answer": "A",
        "qa_level": "frame",
        "qa_type": "mcqa",
        "old_answer": "A"
    },
    {
        "qa_idx": 10,
        "qa_task": "character-understanding",
        "question": "What is the animated character wearing in the video frame at 1213.0 seconds?",
        "options": [
            "A. A garment with stripes.",
            "B. A garment with polka dot patterns.",
            "C. A plain garment.",
            "D. A garment with floral patterns."
        ],
        "answer": "B",
        "qa_level": "frame",
        "qa_type": "mcqa",
        "old_answer": "B"
    },
    {
        "qa_idx": 11,
        "qa_task": "descriptive-scene",
        "question": "Where does the scene at 1715.0 seconds take place?",
        "options": [
            "A. In a children's playroom or bedroom.",
            "B. In a kitchen.",
            "C. In a living room.",
            "D. In a garden."
        ],
        "answer": "A",
        "qa_level": "frame",
        "qa_type": "mcqa",
        "old_answer": "A"
    },
    {
        "qa_idx": 12,
        "qa_task": "object understanding",
        "question": "What objects are present in the scene at 727.0 seconds into the video?",
        "options": [
            "A. A toy located towards the right side of the image.",
            "B. A book on a table.",
            "C. A laptop on a desk.",
            "D. A plant in a pot."
        ],
        "answer": "A",
        "qa_level": "frame",
        "qa_type": "mcqa",
        "old_answer": "A"
    },
    {
        "qa_idx": 17,
        "qa_task": "object-direction",
        "question": "In which direction are the white, teardrop-shaped objects and droplets moving against the gradient blue sky from 1601.0 to 1667.0 seconds?",
        "options": [
            "A. Upwards.",
            "B. Downwards.",
            "C. Left to right.",
            "D. Right to left."
        ],
        "answer": "B",
        "qa_level": "within_event",
        "qa_type": "mcqa",
        "old_answer": "B"
    },
    {
        "qa_idx": 18,
        "qa_task": "attribute-change",
        "question": "How does the environment change from the beginning to the end of the scene from 1896.0 to 1943.0 seconds?",
        "options": [
            "A. The environment becomes darker and more ominous.",
            "B. The environment transitions from a minimalistic background to a vibrant and colorful race start scene.",
            "C. The environment changes from a race start scene to a quiet and empty landscape.",
            "D. The environment remains the same throughout the scene."
        ],
        "answer": "B",
        "qa_level": "within_event",
        "qa_type": "mcqa",
        "old_answer": "B"
    },
    {
        "qa_idx": 19,
        "qa_task": "character-understanding",
        "question": "What are the animated characters doing in the video event from 2251.0 to 2312.0 seconds?",
        "options": [
            "A. The animated characters are cooking.",
            "B. The animated characters are engaged in a conversation.",
            "C. The animated characters are playing a musical instrument.",
            "D. The animated characters are reading books."
        ],
        "answer": "B",
        "qa_level": "within_event",
        "qa_type": "mcqa",
        "old_answer": "B"
    },
    {
        "qa_idx": 20,
        "qa_task": "scene-understanding",
        "question": "How does the setting transition between the two events from 2121.0 to 2183.0 seconds?",
        "options": [
            "A. From an indoor setting to an outdoor setting.",
            "B. From an outdoor setting to an indoor setting.",
            "C. From a nighttime setting to a daytime setting.",
            "D. From a rainy setting to a sunny setting."
        ],
        "answer": "B",
        "qa_level": "cross_event",
        "qa_type": "mcqa",
        "old_answer": "B"
    },
    {
        "qa_idx": 25,
        "qa_task": "attribute-change",
        "question": "How does the lighting and color scheme change from the beginning to the end of the scenes between 2313.0 seconds to 2388.0 seconds and H seconds to e seconds?",
        "options": [
            "A. The lighting becomes dimmer and the colors shift to darker tones.",
            "B. The lighting remains constant but the colors become more vibrant.",
            "C. The lighting becomes brighter and the colors shift to pastel hues.",
            "D. The lighting and colors remain unchanged throughout the scenes."
        ],
        "answer": "C",
        "qa_level": "cross_event",
        "qa_type": "mcqa",
        "old_answer": "C"
    },
    {
        "qa_idx": 27,
        "qa_task": "scene-understanding",
        "question": "How does the atmosphere transition between the two video events from 2051.0 to 2114.0 seconds and H to e seconds?",
        "options": [
            "A. From a serene and whimsical animated landscape to a detailed analysis of fine-grained actions.",
            "B. From a chaotic and dark environment to a serene and whimsical animated landscape.",
            "C. From a detailed analysis of fine-grained actions to a chaotic and dark environment.",
            "D. From a serene and whimsical animated landscape to a chaotic and dark environment."
        ],
        "answer": "A",
        "qa_level": "cross_event",
        "qa_type": "mcqa",
        "old_answer": "A"
    },
    {
        "qa_idx": 28,
        "qa_task": "character-understanding",
        "question": "What are the main actions of the characters in the video from 1750.0 to 1813.0 seconds?",
        "options": [
            "A. A child ascends stairs, another figure slides into a pool, and a person and a child slide down a large yellow slide together.",
            "B. A child is reading a book, another figure is painting, and a person and a child are playing with blocks.",
            "C. A child is eating, another figure is sleeping, and a person and a child are watching TV.",
            "D. A child is dancing, another figure is singing, and a person and a child are drawing."
        ],
        "answer": "A",
        "qa_level": "cross_event",
        "qa_type": "mcqa",
        "old_answer": "A"
    },
    {
        "qa_idx": 30,
        "qa_task": "object-direction",
        "question": "In the video sequence from 6.0 to 2434.0 seconds, which direction does the character with black hair and a red bow move towards when interacting with the child with bright, colorful hair?",
        "options": [
            "A. Towards the left.",
            "B. Towards the right.",
            "C. Towards the background.",
            "D. Towards the foreground."
        ],
        "answer": "B",
        "qa_level": "long_term",
        "qa_type": "mcqa",
        "old_answer": "B"
    },
    {
        "qa_idx": 31,
        "qa_task": "speed",
        "question": "Which character was moving faster in the underwater scenes between 207.0 and 1013.0 seconds?",
        "options": [
            "A. The character with dark hair and a red bow.",
            "B. The character with orange hair.",
            "C. The purple octopus.",
            "D. The red crab."
        ],
        "answer": "A",
        "qa_level": "long_term",
        "qa_type": "mcqa",
        "old_answer": "A"
    },
    {
        "qa_idx": 32,
        "qa_task": "attribute-change",
        "question": "How does the background change from the beginning to the end of the video sequence from 6.0 to 2434.0 seconds?",
        "options": [
            "A. From a brightly lit white background to a vibrant underwater scene.",
            "B. From a serene beach scene to a whimsical animated cityscape.",
            "C. From a colorful indoor playroom to a tranquil beach setting.",
            "D. From a playful outdoor scene to a vibrant underwater world."
        ],
        "answer": "B",
        "qa_level": "long_term",
        "qa_type": "mcqa",
        "old_answer": "B"
    },
    {
        "qa_idx": 33,
        "qa_task": "time-order",
        "question": "In which order do the events occur in the video from 6.0 to 2434.0 seconds?",
        "options": [
            "A. Two animated characters in a brightly lit scene -> Animated scene with 'Cleo & Cuquin, Familia Telerín' logo -> Child painting a space scene on a canvas -> Playful beach scene with sandcastles -> Underwater scene with vibrant marine life -> Children playing on a whimsical beach -> Animated characters in a colorful outdoor environment -> Children interacting in a vibrant indoor playroom -> Animated cityscape with a yellow vehicle.",
            "B. Animated scene with 'Cleo & Cuquin, Familia Telerín' logo -> Two animated characters in a brightly lit scene -> Playful beach scene with sandcastles -> Child painting a space scene on a canvas -> Underwater scene with vibrant marine life -> Children playing on a whimsical beach -> Animated characters in a colorful outdoor environment -> Children interacting in a vibrant indoor playroom -> Animated cityscape with a yellow vehicle.",
            "C. Two animated characters in a brightly lit scene -> Animated scene with 'Cleo & Cuquin, Familia Telerín' logo -> Playful beach scene with sandcastles -> Child painting a space scene on a canvas -> Underwater scene with vibrant marine life -> Children playing on a whimsical beach -> Animated characters in a colorful outdoor environment -> Animated cityscape with a yellow vehicle -> Children interacting in a vibrant indoor playroom.",
            "D. Animated scene with 'Cleo & Cuquin, Familia Telerín' logo -> Two animated characters in a brightly lit scene -> Child painting a space scene on a canvas -> Playful beach scene with sandcastles -> Underwater scene with vibrant marine life -> Children playing on a whimsical beach -> Animated characters in a colorful outdoor environment -> Animated cityscape with a yellow vehicle -> Children interacting in a vibrant indoor playroom."
        ],
        "answer": "A",
        "qa_level": "long_term",
        "qa_type": "mcqa",
        "old_answer": "A"
    }
]