[
    {
        "qa_idx": 1,
        "qa_type": "qa",
        "qa_level": "frame",
        "qa_task": "object understanding",
        "question": "Is the individual wearing a dark blue hoodie with light blue drawstrings at 1912.0 seconds into the video?",
        "answer": "Yes",
        "old_answer": "Yes"
    },
    {
        "qa_idx": 2,
        "qa_task": "descriptive-scene",
        "question": "What is prominently featured in the video frame at 762.0 seconds?",
        "options": [
            "A. A battle scene.",
            "B. A character selection screen.",
            "C. A game over screen.",
            "D. A main menu screen."
        ],
        "answer": "B",
        "qa_level": "frame",
        "qa_type": "mcqa",
        "old_answer": "B"
    },
    {
        "qa_idx": 4,
        "qa_task": "object understanding",
        "question": "What brand is prominently displayed on the boxed product the woman is holding at 1354.0 seconds into the video?",
        "options": [
            "A. ASUS.",
            "B. EVGA.",
            "C. MSI.",
            "D. Gigabyte."
        ],
        "answer": "B",
        "qa_level": "frame",
        "qa_type": "mcqa",
        "old_answer": "B"
    },
    {
        "qa_idx": 5,
        "qa_task": "speed",
        "question": "During the video event from 98.0 to 160.0 seconds, which scene transition happens the fastest?",
        "options": [
            "A. From the promotional display for GlassWire to the minimalist dice.",
            "B. From the bright yellow smiling face to the 'LINUS TECH' poster.",
            "C. From the boy wearing glasses and a checkered shirt to Jonathan, the 'ACTUAL GAMER'.",
            "D. From the indoor workspace to the two individuals engaging with musical keyboards."
        ],
        "answer": "B",
        "qa_level": "within_event",
        "qa_type": "mcqa",
        "old_answer": "B"
    },
    {
        "qa_idx": 6,
        "qa_type": "qa",
        "qa_level": "cross_event",
        "qa_task": "camera-direction",
        "question": "Does the camera remain stationary while Jake is speaking directly to it in the first event from 336.0 to 520.0?",
        "answer": "Yes",
        "old_answer": "Yes"
    },
    {
        "qa_idx": 8,
        "qa_task": "character-understanding",
        "question": "What is the player wearing in the indoor scene from 162.0 to 207.0 seconds?",
        "options": [
            "A. A dark shirt with a blue design.",
            "B. A red shirt with a white design.",
            "C. A green shirt with a yellow design.",
            "D. A white shirt with a black design."
        ],
        "answer": "A",
        "qa_level": "within_event",
        "qa_type": "mcqa",
        "old_answer": "A"
    },
    {
        "qa_idx": 10,
        "qa_task": "camera-direction",
        "question": "How does the camera movement emphasize the competitive gaming environment in the scene from 1881.0 to 1941.0 seconds?",
        "options": [
            "A. The camera moves forward to show the detailed expressions of the individuals.",
            "B. The camera pans left to right to capture the entire gaming setup.",
            "C. The camera zooms out to show the overall environment and background.",
            "D. The camera remains static, focusing on the scoreboard."
        ],
        "answer": "A",
        "qa_level": "cross_event",
        "qa_type": "mcqa",
        "old_answer": "A"
    },
    {
        "qa_idx": 11,
        "qa_task": "object-direction",
        "question": "During the competitive video game session from 1300.0 to 1429.0 seconds, which direction does the object labeled 'EVGA' move?",
        "options": [
            "A. From Linus to Alexa.",
            "B. From Alexa to Linus.",
            "C. From the left side of the screen to the right side.",
            "D. From the right side of the screen to the left side."
        ],
        "answer": "B",
        "qa_level": "cross_event",
        "qa_type": "mcqa",
        "old_answer": "B"
    },
    {
        "qa_idx": 12,
        "qa_task": "counting",
        "question": "How many individuals are seen engaging in gaming activities throughout the video from 1.0 to 1965.0 seconds?",
        "options": [
            "A. 5.",
            "B. 10.",
            "C. 15.",
            "D. 20."
        ],
        "answer": "B",
        "qa_level": "long_term",
        "qa_type": "mcqa",
        "old_answer": "B"
    },
    {
        "qa_idx": 13,
        "qa_task": "plot-understanding",
        "question": "What is the main focus of the video from 1.0 seconds to 1965.0 seconds?",
        "options": [
            "A. A detailed review and unboxing of EVGA GeForce RTX graphics cards.",
            "B. A competitive gaming session featuring various players and games.",
            "C. A promotional display for GlassWire and other tech products.",
            "D. A film or production shoot setup with various technical equipment."
        ],
        "answer": "B",
        "qa_level": "long_term",
        "qa_type": "mcqa",
        "old_answer": "B"
    },
    {
        "qa_idx": 14,
        "qa_task": "camera-direction",
        "question": "How does the camera movement change from the beginning to the end of the video from 1.0 seconds to 1965.0 seconds?",
        "options": [
            "A. The camera moves from an indoor scene to an outdoor scene and back to an indoor scene.",
            "B. The camera remains stationary throughout the video.",
            "C. The camera moves from an outdoor scene to an indoor scene and stays there.",
            "D. The camera moves from an indoor scene to an outdoor scene and stays there."
        ],
        "answer": "A",
        "qa_level": "long_term",
        "qa_type": "mcqa",
        "old_answer": "A"
    },
    {
        "qa_idx": 15,
        "qa_task": "attribute-change",
        "question": "How does the background change from the beginning to the end of the video?",
        "options": [
            "A. From a cluttered storage area to a colorful gradient background with credits.",
            "B. From an outdoor setup to a dark indoor gaming environment.",
            "C. From a promotional display for GlassWire to a competitive gaming session.",
            "D. From a tech workspace to a serene outdoor scene."
        ],
        "answer": "A",
        "qa_level": "long_term",
        "qa_type": "mcqa",
        "old_answer": "A"
    },
    {
        "qa_idx": 16,
        "qa_task": "time-order",
        "question": "In which order do the events occur in the video from 1.0 to 1965.0 seconds?",
        "options": [
            "A. The man is seen gesturing beside the large stack of RTX boxes in an industrial-styled warehouse. The scene transitions to a cluttered storage or warehouse area with a person near a stack of EVGA GeForce RTX graphics card boxes among metallic frame structures and a bulletin board with papers. The man is seen wearing a black T-shirt with a blue keyboard design, set against white shelves containing various tech-related items.",
            "B. The video begins with an indoor scene showing a man standing casually among various scattered boxes in a possible storage or retail space. The setting shifts to a cluttered storage or warehouse area with a person near a stack of EVGA GeForce RTX graphics card boxes among metallic frame structures and a bulletin board with papers. The man is seen gesturing beside the large stack of RTX boxes in an industrial-styled warehouse.",
            "C. The man is seen wearing a black T-shirt with a blue keyboard design, set against white shelves containing various tech-related items. The scene transitions to a cluttered storage or warehouse area with a person near a stack of EVGA GeForce RTX graphics card boxes among metallic frame structures and a bulletin board with papers. The video begins with an indoor scene showing a man standing casually among various scattered boxes in a possible storage or retail space.",
            "D. The setting shifts to a cluttered storage or warehouse area with a person near a stack of EVGA GeForce RTX graphics card boxes among metallic frame structures and a bulletin board with papers. The man is seen gesturing beside the large stack of RTX boxes in an industrial-styled warehouse. The video begins with an indoor scene showing a man standing casually among various scattered boxes in a possible storage or retail space."
        ],
        "answer": "B",
        "qa_level": "long_term",
        "qa_type": "mcqa",
        "old_answer": "B"
    }
]