[
    {
        "qa_idx": 0,
        "qa_type": "qa",
        "qa_level": "within_event",
        "qa_task": "character-understanding",
        "question": "Were there animated characters in the basket of the hot air balloon from 111.0 to 158.0 seconds?",
        "answer": "Yes",
        "old_answer": "Yes"
    },
    {
        "qa_idx": 1,
        "qa_type": "qa",
        "qa_level": "within_event",
        "qa_task": "action-understanding",
        "question": "Does the green car with a red suitcase on the roof travel on a curved grey road surrounded by blooming yellow flowers and tall pointed green trees between 1186.0 and 1245.0 seconds?",
        "answer": "Yes",
        "old_answer": "Yes"
    },
    {
        "qa_idx": 2,
        "qa_type": "qa",
        "qa_level": "cross_event",
        "qa_task": "action-understanding",
        "question": "During the time from 540.0 to 601.0, do the characters engage in a dance performance on the castle turret?",
        "answer": "No",
        "old_answer": "No"
    },
    {
        "qa_idx": 3,
        "qa_type": "qa",
        "qa_level": "cross_event",
        "qa_task": "speed",
        "question": "Did the blue van travel through the countryside at a fast pace in the event from 674.0 to 765.0?",
        "answer": "No",
        "old_answer": "No"
    },
    {
        "qa_idx": 4,
        "qa_type": "qa",
        "qa_level": "long_term",
        "qa_task": "character-understanding",
        "question": "Do the anthropomorphic characters engage in various activities within a festive setting from 8.0 to 1839.0 seconds?",
        "answer": "Yes",
        "old_answer": "Yes"
    },
    {
        "qa_idx": 5,
        "qa_task": "character-understanding",
        "question": "What are the main actions of the characters in the video from 972.0 to 1033.0 seconds and H to e seconds?",
        "options": [
            "A. Characters are disembarking and boarding the airplane, carrying luggage, and expressing joy.",
            "B. Characters are playing in a park, having a picnic, and flying kites.",
            "C. Characters are shopping in a mall, trying on clothes, and eating at a food court.",
            "D. Characters are swimming in a pool, sunbathing, and playing water games."
        ],
        "answer": "A",
        "qa_level": "cross_event",
        "qa_type": "mcqa",
        "old_answer": "A"
    },
    {
        "qa_idx": 6,
        "qa_task": "scene-understanding",
        "question": "How does the scene transition from the beginning to the end in the event from 1435.0 to 1516.0 seconds?",
        "options": [
            "A. From a grassy area with a balloon to a classroom with educational activities.",
            "B. From a classroom with educational activities to a grassy area with a balloon.",
            "C. From a playground to a classroom with educational activities.",
            "D. From a classroom with educational activities to a playground."
        ],
        "answer": "A",
        "qa_level": "cross_event",
        "qa_type": "mcqa",
        "old_answer": "A"
    },
    {
        "qa_idx": 11,
        "qa_task": "camera-direction",
        "question": "How does the camera movement change from the beginning to the end of the video event sequence from 8.0 to 1839.0 seconds?",
        "options": [
            "A. The camera moves from a close-up of the hot air balloon to a wide shot of the entire fairground.",
            "B. The camera moves from an indoor office setting to an outdoor scene with a seaplane.",
            "C. The camera moves from a close-up of characters in a hot air balloon to a wide shot of the airplane flying above the landscape.",
            "D. The camera moves from a close-up of a character holding a phone to a wide shot of a red car traveling through scenic landscapes."
        ],
        "answer": "C",
        "qa_level": "long_term",
        "qa_type": "mcqa",
        "old_answer": "C"
    },
    {
        "qa_idx": 13,
        "qa_task": "attribute-change",
        "question": "How does the setting change from the beginning to the end of the video from 8.0 to 1839.0 seconds?",
        "options": [
            "A. From a lively outdoor carnival to a serene indoor office.",
            "B. From a colorful hot air balloon festival to a cheerful family outing in a car.",
            "C. From a medical-themed outdoor scene to an educational indoor setting.",
            "D. From a playful outdoor scene to a festive indoor celebration."
        ],
        "answer": "B",
        "qa_level": "long_term",
        "qa_type": "mcqa",
        "old_answer": "B"
    },
    {
        "qa_idx": 14,
        "qa_task": "character-understanding",
        "question": "What is the rabbit character wearing while piloting the blue helicopter in the video from 8.0 to 1839.0 seconds?",
        "options": [
            "A. A green hat.",
            "B. Aviator goggles and a flight cap.",
            "C. A red scarf.",
            "D. A blue jacket."
        ],
        "answer": "B",
        "qa_level": "long_term",
        "qa_type": "mcqa",
        "old_answer": "B"
    },
    {
        "qa_idx": 15,
        "qa_task": "descriptive-scene",
        "question": "Where does the event featuring a large, colorful hot air balloon and numerous smaller balloons take place?",
        "options": [
            "A. In a carnival or fairground setup.",
            "B. In an office or consulting room.",
            "C. In a medical facility.",
            "D. In a classroom."
        ],
        "answer": "A",
        "qa_level": "long_term",
        "qa_type": "mcqa",
        "old_answer": "A"
    }
]