[
    {
        "qa_idx": 0,
        "qa_type": "qa",
        "qa_level": "frame",
        "qa_task": "object understanding",
        "question": "Is there a microphone suspended between the two men in the frame at 4091.0 seconds?",
        "answer": "Yes",
        "old_answer": "Yes"
    },
    {
        "qa_idx": 1,
        "qa_type": "qa",
        "qa_level": "within_event",
        "qa_task": "action-understanding",
        "question": "Are the two men initially looking in the same direction at the beginning of the video event from 4650.0 to 4651.0 seconds?",
        "answer": "No",
        "old_answer": "No"
    },
    {
        "qa_idx": 2,
        "qa_type": "qa",
        "qa_level": "cross_event",
        "qa_task": "speed",
        "question": "From the time of 4091.0 to 4401.0, did the men in the video change their positions or activities quickly?",
        "answer": "No",
        "old_answer": "No"
    },
    {
        "qa_idx": 3,
        "qa_type": "qa",
        "qa_level": "long_term",
        "qa_task": "action-understanding",
        "question": "After discussing the Xbox Game Pass games, did the two men start playing one of the games on the show between 48.0 to 4846.0 seconds?",
        "answer": "No",
        "old_answer": "No"
    },
    {
        "qa_idx": 11,
        "qa_task": "camera-direction",
        "question": "In the video events from 48.0 to 4846.0 seconds, what is the camera movement when the scene transitions from the studio setup to the pixelated animation?",
        "options": [
            "A. The camera zooms in on the studio setup.",
            "B. The camera pans to the left.",
            "C. The camera transitions to a pixelated scene without moving.",
            "D. The camera zooms out from the studio setup."
        ],
        "answer": "C",
        "qa_level": "long_term",
        "qa_type": "mcqa",
        "old_answer": "C"
    },
    {
        "qa_idx": 13,
        "qa_task": "attribute-change",
        "question": "How does the visual style change from the beginning to the end of the video between 48.0 and 4846.0 seconds?",
        "options": [
            "A. From a realistic studio setup to a pixelated animation.",
            "B. From a pixelated animation to a realistic studio setup.",
            "C. From a black and white scene to a colorful scene.",
            "D. From a colorful scene to a black and white scene."
        ],
        "answer": "A",
        "qa_level": "long_term",
        "qa_type": "mcqa",
        "old_answer": "A"
    },
    {
        "qa_idx": 16,
        "qa_task": "time-order",
        "question": "In which order do the events occur in the video from 48.0 to 4846.0 seconds?",
        "options": [
            "A. The event starts with a studio setup featuring two men seated side by side against a backdrop of colorful blue, red, and white geometric designs. The event then transitions into a pixelated scene with a lush, green forest background, emphasizing blocky, pixel art characters. The event ends with a simplified, pixelated animation style showing two human-like characters standing side by side on a grey surface.",
            "B. The event starts with a pixelated scene with a lush, green forest background, emphasizing blocky, pixel art characters. The event then transitions into a studio setup featuring two men seated side by side against a backdrop of colorful blue, red, and white geometric designs. The event ends with a simplified, pixelated animation style showing two human-like characters standing side by side on a grey surface.",
            "C. The event starts with a simplified, pixelated animation style showing two human-like characters standing side by side on a grey surface. The event then transitions into a studio setup featuring two men seated side by side against a backdrop of colorful blue, red, and white geometric designs. The event ends with a pixelated scene with a lush, green forest background, emphasizing blocky, pixel art characters.",
            "D. The event starts with a studio setup featuring two men seated side by side against a backdrop of colorful blue, red, and white geometric designs. The event then transitions into a simplified, pixelated animation style showing two human-like characters standing side by side on a grey surface. The event ends with a pixelated scene with a lush, green forest background, emphasizing blocky, pixel art characters."
        ],
        "answer": "A",
        "qa_level": "long_term",
        "qa_type": "mcqa",
        "old_answer": "A"
    }
]