[
    {
        "qa_idx": 0,
        "qa_type": "qa",
        "qa_level": "frame",
        "qa_task": "character-understanding",
        "question": "Are there two men seated on the right side of the image at 3293.0 seconds into the video?",
        "answer": "Yes",
        "old_answer": "Yes"
    },
    {
        "qa_idx": 1,
        "qa_type": "qa",
        "qa_level": "frame",
        "qa_task": "character-understanding",
        "question": "Were the two men seated behind a desk at 2086.0 seconds into the video?",
        "answer": "Yes",
        "old_answer": "Yes"
    },
    {
        "qa_idx": 3,
        "qa_type": "qa",
        "qa_level": "within_event",
        "qa_task": "camera-direction",
        "question": "Does the camera remain stationary while the two men are seated next to each other in front of the microphone from 3453.0 to 3461.0 seconds?",
        "answer": "Yes",
        "old_answer": "Yes"
    },
    {
        "qa_idx": 5,
        "qa_type": "qa",
        "qa_level": "within_event",
        "qa_task": "character-understanding",
        "question": "Were the two men seated closely together in front of a microphone setup from 1836.0 to 1896.0 seconds?",
        "answer": "Yes",
        "old_answer": "Yes"
    },
    {
        "qa_idx": 6,
        "qa_type": "qa",
        "qa_level": "cross_event",
        "qa_task": "action-understanding",
        "question": "In both events from 825.0 to 1337.0 and 1586.0 to 1646.0, do the two men remain seated in front of laptops throughout the scenes?",
        "answer": "Yes",
        "old_answer": "Yes"
    },
    {
        "qa_idx": 7,
        "qa_type": "qa",
        "qa_level": "cross_event",
        "qa_task": "action-understanding",
        "question": "In both events from 406.0 to 453.0 and 702.0 to 824.0, do the two men remain seated side by side in front of laptops with a microphone positioned between them?",
        "answer": "Yes",
        "old_answer": "Yes"
    },
    {
        "qa_idx": 9,
        "qa_type": "qa",
        "qa_level": "long_term",
        "qa_task": "action-understanding",
        "question": "After discussing the Nvidia's GeForce Partner Program, did the two men start playing a video game on their laptops from 207.0 seconds to 3481.0 seconds?",
        "answer": "No",
        "old_answer": "No"
    },
    {
        "qa_idx": 11,
        "qa_task": "time-order",
        "question": "What is the sequence of events in the video from 2914.0 to 2974.0 seconds and H to e seconds?",
        "options": [
            "A. The two men are seated side by side at a desk in a recording or discussion area, followed by a scene with industrial-themed decor and a rustic aesthetic.",
            "B. The scene starts with industrial-themed decor and a rustic aesthetic, followed by the two men seated side by side at a desk in a recording or discussion area.",
            "C. The two men are seated side by side at a desk in a recording or discussion area, and the scene remains consistent with industrial-themed decor and a rustic aesthetic throughout.",
            "D. The scene starts with a rustic aesthetic and industrial-themed decor, and then transitions to the two men seated side by side at a desk in a recording or discussion area."
        ],
        "answer": "C",
        "qa_level": "cross_event",
        "qa_type": "mcqa",
        "old_answer": "C"
    },
    {
        "qa_idx": 12,
        "qa_task": "temporal-relationship",
        "question": "What was the main topic of discussion after the advertisement for 'Spektrum Glasses'?",
        "options": [
            "A. A poll about considering a Sony phone.",
            "B. A discussion about Nvidia's GeForce Partner Program.",
            "C. A discussion about AMD's chip vulnerabilities.",
            "D. A pixelated scene with a character navigating a boat."
        ],
        "answer": "A",
        "qa_level": "long_term",
        "qa_type": "mcqa",
        "old_answer": "A"
    },
    {
        "qa_idx": 16,
        "qa_task": "object-direction",
        "question": "In which direction do the two men move relative to the camera during the tech discussion from 207.0 to 3481.0 seconds?",
        "options": [
            "A. They move towards the camera.",
            "B. They move away from the camera.",
            "C. They move from left to right.",
            "D. They move from right to left."
        ],
        "answer": "C",
        "qa_level": "long_term",
        "qa_type": "mcqa",
        "old_answer": "C"
    },
    {
        "qa_idx": 17,
        "qa_task": "camera-direction",
        "question": "What direction does the camera move in the video sequence from 207.0 to 3481.0 seconds?",
        "options": [
            "A. The camera moves closer to the two men.",
            "B. The camera moves away from the two men.",
            "C. The camera remains stationary.",
            "D. The camera moves around the two men."
        ],
        "answer": "C",
        "qa_level": "long_term",
        "qa_type": "mcqa",
        "old_answer": "C"
    },
    {
        "qa_idx": 18,
        "qa_task": "speed",
        "question": "Which event in the video sequence from 207.0 to 3481.0 seconds indicates a faster pace of interaction?",
        "options": [
            "A. The scene where two men are seated side by side in front of laptops, engaged in a discussion with a microphone between them.",
            "B. The scene where a webpage interface shows topics about Nvidia's GeForce Partner Program alongside a live visual interaction between two men.",
            "C. The scene where a pixel art character navigates a boat through lush greenery, capturing a tranquil, exploration vibe.",
            "D. The scene where two men are engaged in a tech-related show or podcast, seated at a desk with a microphone between them."
        ],
        "answer": "C",
        "qa_level": "long_term",
        "qa_type": "mcqa",
        "old_answer": "C"
    },
    {
        "qa_idx": 19,
        "qa_task": "attribute-change",
        "question": "How does the background setting change from the beginning to the end of the video sequence from 207.0 seconds to 3481.0 seconds?",
        "options": [
            "A. From a minimalistic pixel art scene to a rustic, industrial-style studio.",
            "B. From a rustic, industrial-style studio to a minimalistic pixel art scene.",
            "C. From a tech discussion setting to a pixelated forest scene.",
            "D. From a pixelated forest scene to a tech discussion setting."
        ],
        "answer": "A",
        "qa_level": "long_term",
        "qa_type": "mcqa",
        "old_answer": "A"
    },
    {
        "qa_idx": 21,
        "qa_task": "object understanding",
        "question": "What kind of decorative items can be seen on the shelves in the background of the studio setting from 207.0 seconds to 3481.0 seconds?",
        "options": [
            "A. A typewriter, a red and black container, and a small model.",
            "B. A typewriter, a red lamp, and a small wooden figure.",
            "C. A typewriter, mechanical items, and various decorative pieces.",
            "D. All of the above."
        ],
        "answer": "D",
        "qa_level": "long_term",
        "qa_type": "mcqa",
        "old_answer": "D"
    },
    {
        "qa_idx": 22,
        "qa_task": "time-order",
        "question": "In which order do the events occur in the video from 207.0 to 3481.0 seconds?",
        "options": [
            "A. The WAN Show branding is displayed, followed by pixel art scenes and advertisements, then two men discussing tech topics in a studio, and finally a webpage on AMD vulnerabilities.",
            "B. Two men discussing tech topics in a studio, followed by The WAN Show branding, then pixel art scenes and advertisements, and finally a webpage on AMD vulnerabilities.",
            "C. Pixel art scenes and advertisements, followed by The WAN Show branding, then two men discussing tech topics in a studio, and finally a webpage on AMD vulnerabilities.",
            "D. A webpage on AMD vulnerabilities, followed by The WAN Show branding, then pixel art scenes and advertisements, and finally two men discussing tech topics in a studio."
        ],
        "answer": "A",
        "qa_level": "long_term",
        "qa_type": "mcqa",
        "old_answer": "A"
    }
]