[
    {
        "qa_idx": 0,
        "qa_type": "qa",
        "qa_level": "frame",
        "qa_task": "character-understanding",
        "question": "Was there a character dressed in a purple outfit in front of the store at 936.0 seconds?",
        "answer": "Yes",
        "old_answer": "Yes"
    },
    {
        "qa_idx": 1,
        "qa_task": "character-understanding",
        "question": "What is the character on the left doing at 133.0 seconds into the video?",
        "options": [
            "A. The character is holding an oversized pencil horizontally with both hands.",
            "B. The character is holding a book.",
            "C. The character is sitting on the steps.",
            "D. The character is watering the plants."
        ],
        "answer": "A",
        "qa_level": "frame",
        "qa_type": "mcqa",
        "old_answer": "A"
    },
    {
        "qa_idx": 2,
        "qa_type": "qa",
        "qa_level": "frame",
        "qa_task": "character-understanding",
        "question": "At 1142.0 seconds into the video, did the animated character have its eyes closed?",
        "answer": "Yes",
        "old_answer": "Yes"
    },
    {
        "qa_idx": 3,
        "qa_task": "descriptive-scene",
        "question": "What is the setting of the video frame captured at 1493.0 seconds?",
        "options": [
            "A. A digital control panel in an urban environment.",
            "B. A kitchen with various appliances.",
            "C. A serene river scene with kayakers.",
            "D. A lively café or restaurant."
        ],
        "answer": "A",
        "qa_level": "frame",
        "qa_type": "mcqa",
        "old_answer": "A"
    },
    {
        "qa_idx": 4,
        "qa_type": "qa",
        "qa_level": "within_event",
        "qa_task": "action-understanding",
        "question": "During the animated sequence from 1762.0 to 1803.0 seconds, does the green character with a mustache and dark coat fly into the sky from the control room-like setting?",
        "answer": "No",
        "old_answer": "No"
    },
    {
        "qa_idx": 5,
        "qa_type": "qa",
        "qa_level": "within_event",
        "qa_task": "object understanding",
        "question": "Is there a treadmill console depicted in the gym scene from 1439.0 to 1494.0 seconds?",
        "answer": "Yes",
        "old_answer": "Yes"
    },
    {
        "qa_idx": 6,
        "qa_task": "descriptive-scene",
        "question": "Where does the scene at 1466.0 seconds into the video take place?",
        "options": [
            "A. In a kitchen.",
            "B. In a gym.",
            "C. In an office.",
            "D. In a park."
        ],
        "answer": "B",
        "qa_level": "frame",
        "qa_type": "mcqa",
        "old_answer": "B"
    },
    {
        "qa_idx": 7,
        "qa_type": "qa",
        "qa_level": "cross_event",
        "qa_task": "character-understanding",
        "question": "Did the avocado character appear in both events from 1503.0 to 1564.0 and 1565.0 to 1625.0?",
        "answer": "Yes",
        "old_answer": "Yes"
    },
    {
        "qa_idx": 8,
        "qa_type": "qa",
        "qa_level": "cross_event",
        "qa_task": "speed",
        "question": "Did the character in the blue car drive at a fast pace from the time of 431.0 to 491.0?",
        "answer": "No",
        "old_answer": "No"
    },
    {
        "qa_idx": 9,
        "qa_task": "causal",
        "question": "Why does the avocado character display concerned or surprised expressions in the bedroom scene from 268.0 to 330.0 seconds?",
        "options": [
            "A. Because the avocado is interacting with a thermometer and a fly.",
            "B. Because the avocado is holding a small potted tree.",
            "C. Because the avocado is lying on the floor with closed eyes.",
            "D. Because the avocado is in an urban street scene."
        ],
        "answer": "A",
        "qa_level": "cross_event",
        "qa_type": "mcqa",
        "old_answer": "A"
    },
    {
        "qa_idx": 10,
        "qa_task": "causal",
        "question": "Why did the avocado character show an expression of curiosity or interest while holding the bucket of fried chicken in the video event from 554.0 to 615.0 seconds?",
        "options": [
            "A. Because the avocado character was watching 'The Ultimate Wild Cooking Battle' on television.",
            "B. Because the avocado character was interacting with another avocado character.",
            "C. Because the avocado character was looking at the outdoor soccer field scene.",
            "D. Because the avocado character was viewing decorated cakes and pastries in a bakery window."
        ],
        "answer": "A",
        "qa_level": "cross_event",
        "qa_type": "mcqa",
        "old_answer": "A"
    },
    {
        "qa_idx": 11,
        "qa_task": "temporal-relationship",
        "question": "What happens after the avocado character with a green bow dips a bone into a blue cup in the kitchen environment?",
        "options": [
            "A. The avocado character steps out of a house with a red door.",
            "B. The avocado character transitions to an outdoor setting marked by a dilapidated house.",
            "C. The avocado character is seen holding a marker in a vintage room.",
            "D. The avocado character is seen holding a toy-like object on a sidewalk."
        ],
        "answer": "A",
        "qa_level": "long_term",
        "qa_type": "mcqa",
        "old_answer": "A"
    },
    {
        "qa_idx": 12,
        "qa_task": "spatial-relationship",
        "question": "Where are the anthropomorphic avocado characters seated while engaging in reading and writing activities?",
        "options": [
            "A. At a wooden table in a kitchen.",
            "B. On a couch in a living room.",
            "C. At a desk in an office.",
            "D. On a bench in a park."
        ],
        "answer": "A",
        "qa_level": "long_term",
        "qa_type": "mcqa",
        "old_answer": "A"
    },
    {
        "qa_idx": 15,
        "qa_task": "speed",
        "question": "Which character was moving faster in the video from 1.0 to 1804.0 seconds?",
        "options": [
            "A. The avocado character with a green bow.",
            "B. The avocado character with a red bandana.",
            "C. The avocado character with a jetpack.",
            "D. The avocado character with a screwdriver."
        ],
        "answer": "C",
        "qa_level": "long_term",
        "qa_type": "mcqa",
        "old_answer": "C"
    },
    {
        "qa_idx": 16,
        "qa_task": "attribute-change",
        "question": "How does the setting change from the beginning to the end of the video from 1.0 to 1804.0 seconds?",
        "options": [
            "A. From a quiet residential setting to a chaotic bakery scene.",
            "B. From a serene outdoor scene to a high-tech laboratory.",
            "C. From a domestic kitchen to a vibrant urban street.",
            "D. From a playful gym environment to a tense control room."
        ],
        "answer": "A",
        "qa_level": "long_term",
        "qa_type": "mcqa",
        "old_answer": "A"
    },
    {
        "qa_idx": 17,
        "qa_task": "character-understanding",
        "question": "What are the anthropomorphic avocado characters doing in the kitchen environment from 1.0 to 1804.0 seconds?",
        "options": [
            "A. Cleaning or dealing with litter.",
            "B. Engaging in reading, writing, and interacting with kitchen items.",
            "C. Holding a screwdriver and dipping a bone into a blue cup.",
            "D. All of the above."
        ],
        "answer": "D",
        "qa_level": "long_term",
        "qa_type": "mcqa",
        "old_answer": "D"
    },
    {
        "qa_idx": 18,
        "qa_task": "object understanding",
        "question": "What objects are featured on the kitchen counter in the animated scenes from 1.0 to 1804.0 seconds?",
        "options": [
            "A. A blue cup, a bowl of leafy vegetables, and a carton of eggs.",
            "B. A red cup, a bowl of fruits, and a carton of milk.",
            "C. A green cup, a bowl of nuts, and a carton of juice.",
            "D. A yellow cup, a bowl of candies, and a carton of yogurt."
        ],
        "answer": "A",
        "qa_level": "long_term",
        "qa_type": "mcqa",
        "old_answer": "A"
    },
    {
        "qa_idx": 19,
        "qa_task": "time-order",
        "question": "In which order do the events occur in the video from 1.0 to 1804.0 seconds?",
        "options": [
            "A. The avocado characters are in a kitchen, then in a vintage room, followed by a laboratory, and finally in a gym.",
            "B. The avocado characters are in a vintage room, then in a laboratory, followed by a gym, and finally in a bakery.",
            "C. The avocado characters are in a laboratory, then in a gym, followed by a bakery, and finally in a control room.",
            "D. The avocado characters are in a bakery, then in a control room, followed by a gym, and finally in a laboratory."
        ],
        "answer": "A",
        "qa_level": "long_term",
        "qa_type": "mcqa",
        "old_answer": "A"
    },
    {
        "qa_idx": 20,
        "qa_task": "descriptive-scene",
        "question": "Where do the anthropomorphic avocado characters engage in various activities from 1.0 to 1804.0 seconds?",
        "options": [
            "A. In a kitchen environment.",
            "B. In a laboratory environment.",
            "C. In an urban street environment.",
            "D. In a gym environment."
        ],
        "answer": "A",
        "qa_level": "long_term",
        "qa_type": "mcqa",
        "old_answer": "A"
    }
]