[
    {
        "qa_idx": 0,
        "qa_type": "qa",
        "qa_level": "frame",
        "qa_task": "object understanding",
        "question": "Is the anthropomorphic bull wearing an orange tank top and green shorts at the 2993.0 second mark of the video?",
        "answer": "Yes",
        "old_answer": "Yes"
    },
    {
        "qa_idx": 2,
        "qa_type": "qa",
        "qa_level": "frame",
        "qa_task": "object understanding",
        "question": "Is there a large building with multiple towers in the frame at 222.0 seconds?",
        "answer": "Yes",
        "old_answer": "Yes"
    },
    {
        "qa_idx": 3,
        "qa_task": "object understanding",
        "question": "What is prominently positioned in the foreground of the frame at 2023.0 seconds into the video?",
        "options": [
            "A. A garden with flowers.",
            "B. A swimming pool.",
            "C. A playground.",
            "D. A parking lot."
        ],
        "answer": "B",
        "qa_level": "frame",
        "qa_type": "mcqa",
        "old_answer": "B"
    },
    {
        "qa_idx": 4,
        "qa_type": "qa",
        "qa_level": "within_event",
        "qa_task": "character-understanding",
        "question": "Was there a physical altercation between a lion and a green bear at the beginning of the video event from 1071.0 to 1139.0 seconds?",
        "answer": "Yes",
        "old_answer": "Yes"
    },
    {
        "qa_idx": 5,
        "qa_task": "descriptive-scene",
        "question": "What time of day is depicted in the video frame at 2205.0 seconds?",
        "options": [
            "A. Morning.",
            "B. Afternoon.",
            "C. Twilight or nighttime.",
            "D. Midday."
        ],
        "answer": "C",
        "qa_level": "frame",
        "qa_type": "mcqa",
        "old_answer": "C"
    },
    {
        "qa_idx": 6,
        "qa_task": "object understanding",
        "question": "What is the character on the left holding in the animated scene at 1730.0 seconds?",
        "options": [
            "A. A vintage film projector.",
            "B. A modern camera.",
            "C. A toolbox.",
            "D. A blueprint."
        ],
        "answer": "A",
        "qa_level": "frame",
        "qa_type": "mcqa",
        "old_answer": "A"
    },
    {
        "qa_idx": 7,
        "qa_type": "qa",
        "qa_level": "cross_event",
        "qa_task": "object understanding",
        "question": "Is there a red-roofed house present in both video events from 2245.0 to 2308.0 and 2311.0 to 2370.0?",
        "answer": "Yes",
        "old_answer": "Yes"
    },
    {
        "qa_idx": 8,
        "qa_task": "character-understanding",
        "question": "What is the cartoon character doing at the beginning of the video event from 2691.0 to 2752.0 seconds?",
        "options": [
            "A. The character is lifting weights.",
            "B. The character is seated and looking content at a sheet of paper.",
            "C. The character is interacting with a dog.",
            "D. The character is running on a treadmill."
        ],
        "answer": "B",
        "qa_level": "within_event",
        "qa_type": "mcqa",
        "old_answer": "B"
    },
    {
        "qa_idx": 9,
        "qa_task": "speed",
        "question": "Between the time of 1207.0 seconds to 1269.0 seconds, which character's speed is most likely to be the fastest?",
        "options": [
            "A. The mouse holding the ball.",
            "B. The monkey in a green outfit.",
            "C. The pink dog on the trapeze bar.",
            "D. The clown performing juggling acts."
        ],
        "answer": "C",
        "qa_level": "cross_event",
        "qa_type": "mcqa",
        "old_answer": "C"
    },
    {
        "qa_idx": 10,
        "qa_task": "camera-direction",
        "question": "How does the camera movement direction change from the beginning to the end of the event from 2245.0 to 2308.0 seconds?",
        "options": [
            "A. The camera moves from a close-up of a sheriff's badge to a wide shot of a suburban neighborhood.",
            "B. The camera moves from a wide shot of a suburban neighborhood to a close-up of a sheriff's badge.",
            "C. The camera remains stationary throughout the event.",
            "D. The camera moves from a close-up of a cartoon dog lounging to a wide shot of a suburban neighborhood."
        ],
        "answer": "A",
        "qa_level": "cross_event",
        "qa_type": "mcqa",
        "old_answer": "A"
    },
    {
        "qa_idx": 12,
        "qa_task": "temporal-relationship",
        "question": "What happens after the jester-like character performs a juggling act with multiple knives while riding a unicycle in the grand hall?",
        "options": [
            "A. The scene transitions to a dynamic scene featuring a hand gripping stylized, luminous blades.",
            "B. The scene transitions to an animated setting with three cartoon mice in red and blue costumes on a stage.",
            "C. The scene transitions to an indoor workshop-esque setting with structured mechanical elements.",
            "D. The scene transitions to a suburban neighborhood with three animated characters walking down a pathway."
        ],
        "answer": "A",
        "qa_level": "long_term",
        "qa_type": "mcqa",
        "old_answer": "A"
    },
    {
        "qa_idx": 13,
        "qa_task": "spatial-relationship",
        "question": "Where is the crowned figure dressed in red seated during the ceremonial gathering?",
        "options": [
            "A. On a throne under a chandelier in a grand hall.",
            "B. On a unicycle indoors.",
            "C. On a stage with an orange curtain backdrop.",
            "D. On a throne in a suburban neighborhood."
        ],
        "answer": "A",
        "qa_level": "long_term",
        "qa_type": "mcqa",
        "old_answer": "A"
    },
    {
        "qa_idx": 16,
        "qa_task": "speed",
        "question": "Which character is depicted moving the fastest in the video events from 2.0 to 3252.0 seconds?",
        "options": [
            "A. The character juggling knives on a unicycle.",
            "B. The character holding blue boxes by a yellow and red building.",
            "C. The character on a skateboard in a suburban area.",
            "D. The character in a wheeled chair-like contraption in a cityscape."
        ],
        "answer": "D",
        "qa_level": "long_term",
        "qa_type": "mcqa",
        "old_answer": "D"
    },
    {
        "qa_idx": 17,
        "qa_task": "attribute-change",
        "question": "How does the setting change from the beginning to the end of the video event from 2.0 to 3252.0 seconds?",
        "options": [
            "A. From a serene outdoor environment to a lively indoor setting.",
            "B. From a grand hall to a vibrant suburban neighborhood.",
            "C. From a royal ceremonial gathering to a dynamic circus performance.",
            "D. From a quiet suburban street to an underwater scene."
        ],
        "answer": "C",
        "qa_level": "long_term",
        "qa_type": "mcqa",
        "old_answer": "C"
    },
    {
        "qa_idx": 18,
        "qa_task": "character-understanding",
        "question": "What is the character in jester attire doing in the grand hall at 2.0 to 3252.0 seconds?",
        "options": [
            "A. Playing a musical instrument.",
            "B. Juggling knives while riding a unicycle.",
            "C. Sitting on a throne.",
            "D. Dancing with other characters."
        ],
        "answer": "B",
        "qa_level": "long_term",
        "qa_type": "mcqa",
        "old_answer": "B"
    },
    {
        "qa_idx": 19,
        "qa_task": "object understanding",
        "question": "What object is the jester character juggling while riding a unicycle in the grand hall scene at 2.0 to 3252.0 seconds?",
        "options": [
            "A. Balls.",
            "B. Knives.",
            "C. Torches.",
            "D. Rings."
        ],
        "answer": "B",
        "qa_level": "long_term",
        "qa_type": "mcqa",
        "old_answer": "B"
    },
    {
        "qa_idx": 20,
        "qa_task": "time-order",
        "question": "In which order do the events occur in the video from 2.0 to 3252.0 seconds?",
        "options": [
            "A. The video begins with a large, ornate building situated centrally in the scene, followed by a grand hall with elaborate decor, and then an animated dog character in a regal red and yellow costume appears.",
            "B. The video begins with a dynamic scene featuring a hand gripping stylized, luminous blades, followed by an animated scene showcasing two anthropomorphic characters with concerned expressions, and then a grand hall filled with anthropomorphic figures observing a lively juggling act.",
            "C. The video begins with a vibrant and dynamic sequence featuring various characters performing and interacting within opulent, well-decorated rooms, followed by a cartoon dog in a jester outfit leaping with knives in hand, and then a grand hall featuring a central character in a jester outfit surrounded by animated individuals.",
            "D. The video begins with a dynamic indoor setting featuring multiple anthropomorphic characters, followed by a character in regal attire positioned on a throne, and then a festive and dynamic scene where animated characters engage in interactions, jester-like performances, and musical activities."
        ],
        "answer": "A",
        "qa_level": "long_term",
        "qa_type": "mcqa",
        "old_answer": "A"
    }
]