[
    {
        "qa_idx": 0,
        "qa_type": "qa",
        "qa_level": "frame",
        "qa_task": "object understanding",
        "question": "Is there a brightly illuminated pumpkin in the scene at the 9.0-second mark of the video?",
        "answer": "Yes",
        "old_answer": "Yes"
    },
    {
        "qa_idx": 1,
        "qa_type": "qa",
        "qa_level": "frame",
        "qa_task": "character-understanding",
        "question": "At 2003.0 seconds into the video, is the larger character wearing a sailor's hat?",
        "answer": "Yes",
        "old_answer": "Yes"
    },
    {
        "qa_idx": 2,
        "qa_task": "object understanding",
        "question": "What items are in the picnic basket in the scene at 1134.0 seconds?",
        "options": [
            "A. Bread, cheese, and bottled drinks.",
            "B. Fruits, sandwiches, and juice boxes.",
            "C. Cookies, milk, and apples.",
            "D. Chips, soda, and candy."
        ],
        "answer": "A",
        "qa_level": "frame",
        "qa_type": "mcqa",
        "old_answer": "A"
    },
    {
        "qa_idx": 3,
        "qa_type": "qa",
        "qa_level": "within_event",
        "qa_task": "action-understanding",
        "question": "During the video segment from 1631.0 to 1690.0 seconds, do the anthropomorphic pigs engage in a fishing competition while on the paddleboat?",
        "answer": "No",
        "old_answer": "No"
    },
    {
        "qa_idx": 4,
        "qa_type": "qa",
        "qa_level": "within_event",
        "qa_task": "object understanding",
        "question": "Is there a blue helicopter with a yellow rotor on top in the video from 3219.0 to 3276.0 seconds?",
        "answer": "Yes",
        "old_answer": "Yes"
    },
    {
        "qa_idx": 5,
        "qa_task": "character-understanding",
        "question": "What is the animated character resembling a pink pig doing at 2811.0 seconds into the video?",
        "options": [
            "A. The character is reading a book.",
            "B. The character is holding a red rotary telephone to its ear.",
            "C. The character is eating food.",
            "D. The character is sleeping."
        ],
        "answer": "B",
        "qa_level": "frame",
        "qa_type": "mcqa",
        "old_answer": "B"
    },
    {
        "qa_idx": 6,
        "qa_type": "qa",
        "qa_level": "cross_event",
        "qa_task": "object understanding",
        "question": "Is there a decorated chair surrounded by cheerful characters in the event from 1011.0 to 1073.0 seconds?",
        "answer": "Yes",
        "old_answer": "Yes"
    },
    {
        "qa_idx": 7,
        "qa_type": "qa",
        "qa_level": "long_term",
        "qa_task": "object understanding",
        "question": "Is there a stereo or music-playing device present in the outdoor gathering scene between 32.0 and 183.0 seconds?",
        "answer": "Yes",
        "old_answer": "Yes"
    },
    {
        "qa_idx": 8,
        "qa_type": "qa",
        "qa_level": "long_term",
        "qa_task": "plot-understanding",
        "question": "Does the video depict a continuous celebration involving animated characters in both daytime and nighttime settings from 32.0 to 288.0 seconds?",
        "answer": "Yes",
        "old_answer": "Yes"
    },
    {
        "qa_idx": 10,
        "qa_task": "temporal-relationship",
        "question": "What were the characters doing before they gathered around the cake in the nighttime celebration?",
        "options": [
            "A. They were blowing bubbles and engaging with balloons.",
            "B. They were driving a light blue convertible car.",
            "C. They were interacting playfully and holding balloons.",
            "D. They were rowing a boat on a serene river."
        ],
        "answer": "C",
        "qa_level": "long_term",
        "qa_type": "mcqa",
        "old_answer": "C"
    },
    {
        "qa_idx": 11,
        "qa_task": "spatial-relationship",
        "question": "Where is the stereo or music-playing device located during the outdoor gathering in the lush forest clearing?",
        "options": [
            "A. On the table laden with food and drink items.",
            "B. Hanging between the trees.",
            "C. On the grassy ground.",
            "D. Next to the lanterns."
        ],
        "answer": "A",
        "qa_level": "long_term",
        "qa_type": "mcqa",
        "old_answer": "A"
    },
    {
        "qa_idx": 13,
        "qa_task": "object-direction",
        "question": "In the video event from 354.0 to 1669.0 seconds, which direction does the turquoise car travel?",
        "options": [
            "A. The car travels from left to right.",
            "B. The car travels from right to left.",
            "C. The car travels from top to bottom.",
            "D. The car travels from bottom to top."
        ],
        "answer": "A",
        "qa_level": "long_term",
        "qa_type": "mcqa",
        "old_answer": "A"
    },
    {
        "qa_idx": 14,
        "qa_task": "camera-direction",
        "question": "What direction does the camera move when the scene transitions from the outdoor gathering in the lush forest clearing to the nighttime celebration under the brightly lit full moon?",
        "options": [
            "A. The camera moves closer to the characters.",
            "B. The camera moves away from the characters.",
            "C. The camera moves to the left.",
            "D. The camera moves to the right."
        ],
        "answer": "A",
        "qa_level": "long_term",
        "qa_type": "mcqa",
        "old_answer": "A"
    },
    {
        "qa_idx": 15,
        "qa_task": "speed",
        "question": "Which mode of transportation is faster in the video from 354.0 seconds to 1669.0 seconds?",
        "options": [
            "A. The turquoise car.",
            "B. The narrowboat.",
            "C. The paddleboat.",
            "D. The red sailboat."
        ],
        "answer": "A",
        "qa_level": "long_term",
        "qa_type": "mcqa",
        "old_answer": "A"
    },
    {
        "qa_idx": 17,
        "qa_task": "character-understanding",
        "question": "What are the anthropomorphic characters doing during the outdoor gathering in the lush forest clearing from 32.0 to 3851.0 seconds?",
        "options": [
            "A. They are engaging in playful activities and holding balloons.",
            "B. They are sitting quietly and reading books.",
            "C. They are building a treehouse.",
            "D. They are fishing by the river."
        ],
        "answer": "A",
        "qa_level": "long_term",
        "qa_type": "mcqa",
        "old_answer": "A"
    },
    {
        "qa_idx": 18,
        "qa_task": "object understanding",
        "question": "What objects are featured on the table during the outdoor gathering in the lush forest clearing?",
        "options": [
            "A. Sandwiches, watermelon, and bottles of juice.",
            "B. Books, candles, and a vase of flowers.",
            "C. Toys, books, and a laptop.",
            "D. Plates, cups, and a teapot."
        ],
        "answer": "A",
        "qa_level": "long_term",
        "qa_type": "mcqa",
        "old_answer": "A"
    },
    {
        "qa_idx": 19,
        "qa_task": "time-order",
        "question": "In which order do the events occur in the video from 32.0 to 3851.0 seconds?",
        "options": [
            "A. Outdoor gathering in a lush forest -> Nighttime celebration with a cake -> Canal-side setting with a narrowboat -> Boating adventure on a serene river -> Family picnic near a lake -> Pirate-themed outdoor activity -> Classroom setting with educational materials -> Hospital-themed setting with a nurse -> Playground activities with hopscotch -> Indoor pottery workshop -> Kitchen-like setting with painting activities -> End card of 'Peppa Pig'.",
            "B. Nighttime celebration with a cake -> Outdoor gathering in a lush forest -> Canal-side setting with a narrowboat -> Boating adventure on a serene river -> Family picnic near a lake -> Pirate-themed outdoor activity -> Classroom setting with educational materials -> Hospital-themed setting with a nurse -> Playground activities with hopscotch -> Indoor pottery workshop -> Kitchen-like setting with painting activities -> End card of 'Peppa Pig'.",
            "C. Outdoor gathering in a lush forest -> Canal-side setting with a narrowboat -> Nighttime celebration with a cake -> Boating adventure on a serene river -> Family picnic near a lake -> Pirate-themed outdoor activity -> Classroom setting with educational materials -> Hospital-themed setting with a nurse -> Playground activities with hopscotch -> Indoor pottery workshop -> Kitchen-like setting with painting activities -> End card of 'Peppa Pig'.",
            "D. Outdoor gathering in a lush forest -> Nighttime celebration with a cake -> Canal-side setting with a narrowboat -> Boating adventure on a serene river -> Family picnic near a lake -> Classroom setting with educational materials -> Pirate-themed outdoor activity -> Hospital-themed setting with a nurse -> Playground activities with hopscotch -> Indoor pottery workshop -> Kitchen-like setting with painting activities -> End card of 'Peppa Pig'."
        ],
        "answer": "A",
        "qa_level": "long_term",
        "qa_type": "mcqa",
        "old_answer": "A"
    },
    {
        "qa_idx": 20,
        "qa_task": "descriptive-scene",
        "question": "Where do the animated characters gather for a festive celebration under a brightly lit full moon and star-filled sky, surrounded by tall pine trees decorated with colorful lanterns and string lights?",
        "options": [
            "A. In a lush forest clearing.",
            "B. In a cozy indoor room.",
            "C. By a canal-side setting.",
            "D. On a grassy hill."
        ],
        "answer": "A",
        "qa_level": "long_term",
        "qa_type": "mcqa",
        "old_answer": "A"
    }
]