[
    {
        "qa_idx": 1,
        "qa_task": "object understanding",
        "question": "What is the most prominent feature in the scene at 315.0 seconds into the video?",
        "options": [
            "A. The woman's patterned scarf.",
            "B. The picture frame on the wall.",
            "C. The woman's hairstyle.",
            "D. The background wall color."
        ],
        "answer": "A",
        "qa_level": "frame",
        "qa_type": "mcqa",
        "old_answer": "A"
    },
    {
        "qa_idx": 2,
        "qa_type": "qa",
        "qa_level": "within_event",
        "qa_task": "speed",
        "question": "Are the women in the video moving quickly during the scenes from 2674.0 to 2734.0 seconds?",
        "answer": "No",
        "old_answer": "No"
    },
    {
        "qa_idx": 3,
        "qa_type": "qa",
        "qa_level": "cross_event",
        "qa_task": "speed",
        "question": "From the time of 956.0 to 966.0 and 974.0 to 1021.0, do the interactions and movements of individuals in both events appear to be happening at a fast pace?",
        "answer": "No",
        "old_answer": "No"
    },
    {
        "qa_idx": 4,
        "qa_task": "descriptive-scene",
        "question": "What is the backdrop in the scenes featuring the woman in the video from 762.0 to 821.0 seconds?",
        "options": [
            "A. A kitchen.",
            "B. A vehicle.",
            "C. A beach.",
            "D. An office."
        ],
        "answer": "B",
        "qa_level": "within_event",
        "qa_type": "mcqa",
        "old_answer": "B"
    },
    {
        "qa_idx": 5,
        "qa_task": "speed",
        "question": "Between 2041.0 seconds and 2103.0 seconds, which scene transition occurs the fastest?",
        "options": [
            "A. From the woman in traditional clothing to the woman in a blue hijab.",
            "B. From the woman in a blue hijab to the two men near the staircase.",
            "C. From the two men near the staircase to the final conversation scene.",
            "D. All transitions occur at the same speed."
        ],
        "answer": "A",
        "qa_level": "within_event",
        "qa_type": "mcqa",
        "old_answer": "A"
    },
    {
        "qa_idx": 6,
        "qa_task": "plot-understanding",
        "question": "What is the primary setting of the video event from 956.0 to 966.0 seconds?",
        "options": [
            "A. A suburban park-like environment.",
            "B. An indoor office setting.",
            "C. A beach.",
            "D. A shopping mall."
        ],
        "answer": "A",
        "qa_level": "within_event",
        "qa_type": "mcqa",
        "old_answer": "A"
    },
    {
        "qa_idx": 7,
        "qa_task": "plot-understanding",
        "question": "What is the primary setting of the scene described in the first event from 2815.0 to 2924.0 seconds?",
        "options": [
            "A. A living room with a television and sofa.",
            "B. A kitchen with wooden cabinets and a tiled backsplash.",
            "C. A garden with various plants and flowers.",
            "D. A bedroom with a bed and wardrobe."
        ],
        "answer": "B",
        "qa_level": "cross_event",
        "qa_type": "mcqa",
        "old_answer": "B"
    },
    {
        "qa_idx": 9,
        "qa_task": "camera-direction",
        "question": "How does the camera movement change from 8.0 seconds to 3575.0 seconds?",
        "options": [
            "A. The camera moves from close-up shots to wide shots.",
            "B. The camera remains static throughout the video.",
            "C. The camera moves from wide shots to close-up shots.",
            "D. The camera moves from indoor to outdoor settings."
        ],
        "answer": "A",
        "qa_level": "long_term",
        "qa_type": "mcqa",
        "old_answer": "A"
    },
    {
        "qa_idx": 10,
        "qa_task": "speed",
        "question": "Which is faster, the individuals rushing a person on a stretcher or the individuals engaging in phone conversations or reflective activities?",
        "options": [
            "A. The individuals rushing a person on a stretcher.",
            "B. The individuals engaging in phone conversations or reflective activities.",
            "C. Both are at the same speed.",
            "D. None of the above."
        ],
        "answer": "A",
        "qa_level": "long_term",
        "qa_type": "mcqa",
        "old_answer": "A"
    },
    {
        "qa_idx": 11,
        "qa_task": "attribute-change",
        "question": "How does the background change from the beginning to the end of the video segment from 8.0 to 3575.0 seconds?",
        "options": [
            "A. From a dark background to a modern gradient teal background.",
            "B. From a bright background to a dark background.",
            "C. From a plain background to a patterned background.",
            "D. From a colorful background to a monochrome background."
        ],
        "answer": "A",
        "qa_level": "long_term",
        "qa_type": "mcqa",
        "old_answer": "A"
    },
    {
        "qa_idx": 12,
        "qa_task": "object understanding",
        "question": "What objects are featured on the kitchen counter in the video from 8.0 to 3575.0 seconds?",
        "options": [
            "A. Bottles, fruits, and glassware.",
            "B. Books, magazines, and a lamp.",
            "C. Toys, stuffed animals, and a bedspread.",
            "D. Framed pictures, a fan, and a sofa."
        ],
        "answer": "A",
        "qa_level": "long_term",
        "qa_type": "mcqa",
        "old_answer": "A"
    },
    {
        "qa_idx": 13,
        "qa_task": "time-order",
        "question": "In which order do the events occur in the video from 8.0 to 3575.0 seconds?",
        "options": [
            "A. The video initiates with a close-up scene of water droplets interacting with a liquid surface, followed by a stylized logo, then a woman wearing a floral patterned scarf, and individuals in a medical facility rushing a person on a stretcher.",
            "B. The video initiates with a close-up scene of water droplets interacting with a liquid surface, followed by a woman wearing a floral patterned scarf, then a stylized logo, and individuals in a medical facility rushing a person on a stretcher.",
            "C. The video initiates with a close-up scene of water droplets interacting with a liquid surface, followed by individuals in a medical facility rushing a person on a stretcher, then a stylized logo, and a woman wearing a floral patterned scarf.",
            "D. The video initiates with a close-up scene of water droplets interacting with a liquid surface, followed by a woman wearing a floral patterned scarf, then individuals in a medical facility rushing a person on a stretcher, and a stylized logo."
        ],
        "answer": "A",
        "qa_level": "long_term",
        "qa_type": "mcqa",
        "old_answer": "A"
    }
]