[
    {
        "qa_idx": 0,
        "qa_task": "spatial-relationship",
        "question": "What is the hand doing at 622.0 seconds into the video?",
        "options": [
            "A. Adjusting or placing another piece of wood into the fire.",
            "B. Removing a piece of wood from the fire.",
            "C. Extinguishing the fire.",
            "D. Cleaning the fireplace."
        ],
        "answer": "A",
        "qa_level": "frame",
        "qa_type": "mcqa",
        "old_answer": "A"
    },
    {
        "qa_idx": 1,
        "qa_task": "object understanding",
        "question": "What is the person near the structure wearing at 977.0 seconds into the video?",
        "options": [
            "A. A red jacket.",
            "B. A blue shirt.",
            "C. A purple sweater.",
            "D. A green coat."
        ],
        "answer": "C",
        "qa_level": "frame",
        "qa_type": "mcqa",
        "old_answer": "C"
    },
    {
        "qa_idx": 3,
        "qa_type": "qa",
        "qa_level": "cross_event",
        "qa_task": "action-understanding",
        "question": "In the event from 1424.0 to 1484.0, does the man seated by the birch tree light a fire in a circular container?",
        "answer": "No",
        "old_answer": "No"
    },
    {
        "qa_idx": 4,
        "qa_task": "object understanding",
        "question": "What is the person wearing at 457.0 seconds into the video?",
        "options": [
            "A. A dark gray shirt and black pants.",
            "B. A light-colored vest and pink pants.",
            "C. Jeans and brown shoes.",
            "D. A white shirt and blue jeans."
        ],
        "answer": "C",
        "qa_level": "frame",
        "qa_type": "mcqa",
        "old_answer": "C"
    },
    {
        "qa_idx": 5,
        "qa_type": "qa",
        "qa_level": "cross_event",
        "qa_task": "camera-direction",
        "question": "Does the camera move indoors to a workspace or tool room from the time of 1040.0 to 1128.0?",
        "answer": "Yes",
        "old_answer": "Yes"
    },
    {
        "qa_idx": 6,
        "qa_task": "speed",
        "question": "From 988.0 to 1038.0 seconds, what can be inferred about the speed of the flame under the pot on the stove?",
        "options": [
            "A. The flame is moving rapidly.",
            "B. The flame is moving slowly.",
            "C. The flame is stationary.",
            "D. The flame is flickering at a moderate speed."
        ],
        "answer": "D",
        "qa_level": "within_event",
        "qa_type": "mcqa",
        "old_answer": "D"
    },
    {
        "qa_idx": 7,
        "qa_task": "action-understanding",
        "question": "What is the main activity being performed by the individual in the indoor workspace from 1040.0 to 1128.0 seconds?",
        "options": [
            "A. Organizing hand tools on a pegboard.",
            "B. Demonstrating the use of a handheld tool.",
            "C. Inspecting a metal container with flames.",
            "D. Planting in a grassy area."
        ],
        "answer": "B",
        "qa_level": "cross_event",
        "qa_type": "mcqa",
        "old_answer": "B"
    },
    {
        "qa_idx": 8,
        "qa_task": "temporal-relationship",
        "question": "What activity was the person engaged in before the scene shifted to the indoor workspace with the pegboard and various tools?",
        "options": [
            "A. Demonstrating the use of a power drill in a garden.",
            "B. Handling a metal perforated apparatus on a paved surface.",
            "C. Cooking with a camping stove outdoors.",
            "D. Interacting with a fireplace indoors."
        ],
        "answer": "C",
        "qa_level": "long_term",
        "qa_type": "mcqa",
        "old_answer": "C"
    },
    {
        "qa_idx": 9,
        "qa_task": "spatial-relationship",
        "question": "Where is the red waste container positioned in the outdoor scene?",
        "options": [
            "A. On a grassy area.",
            "B. On an asphalt surface.",
            "C. Near a garden bed.",
            "D. Inside a building."
        ],
        "answer": "B",
        "qa_level": "long_term",
        "qa_type": "mcqa",
        "old_answer": "B"
    },
    {
        "qa_idx": 11,
        "qa_task": "temporal-relationship",
        "question": "What activity was the person engaged in before the scene transitioned to the indoor workspace with the pegboard and various tools?",
        "options": [
            "A. Demonstrating the use of a power drill in a garden.",
            "B. Handling a metal perforated apparatus near a garden edge.",
            "C. Interacting with a camping stove in a natural outdoor setting.",
            "D. Adjusting or placing wood in a burning fireplace."
        ],
        "answer": "C",
        "qa_level": "long_term",
        "qa_type": "mcqa",
        "old_answer": "C"
    },
    {
        "qa_idx": 13,
        "qa_task": "object-direction",
        "question": "In which direction does the person move the orange bucket filled with a frothy liquid during the outdoor activities from 45.0 to 2005.0 seconds?",
        "options": [
            "A. Towards the garden edge lined with large rocks.",
            "B. Towards the residential-looking building with green paneling.",
            "C. Towards the fireplace positioned centrally in the image.",
            "D. Towards the metal container emitting substantial flames."
        ],
        "answer": "A",
        "qa_level": "long_term",
        "qa_type": "mcqa",
        "old_answer": "A"
    },
    {
        "qa_idx": 15,
        "qa_task": "speed",
        "question": "Which activity is performed faster, the person handling the power drill with a mixing attachment in the garden (45.0 to 2005.0 seconds) or the person using the small orange and white tool to manipulate a plastic bottle in the workshop (45.0 to 2005.0 seconds)?",
        "options": [
            "A. The person handling the power drill with a mixing attachment in the garden.",
            "B. The person using the small orange and white tool to manipulate a plastic bottle in the workshop.",
            "C. Both activities are performed at the same speed.",
            "D. None of the above."
        ],
        "answer": "A",
        "qa_level": "long_term",
        "qa_type": "mcqa",
        "old_answer": "A"
    },
    {
        "qa_idx": 16,
        "qa_task": "attribute-change",
        "question": "How does the state of the fire change from the beginning to the end of the video from 45.0 to 2005.0 seconds?",
        "options": [
            "A. The fire starts small and eventually becomes a large, intense flame.",
            "B. The fire starts large and eventually dies out completely.",
            "C. The fire remains the same size throughout the video.",
            "D. The fire starts with no flames and eventually becomes a small, controlled flame."
        ],
        "answer": "A",
        "qa_level": "long_term",
        "qa_type": "mcqa",
        "old_answer": "A"
    },
    {
        "qa_idx": 17,
        "qa_task": "character-understanding",
        "question": "What is the man wearing while sitting near the well-maintained garden beds and holding a power drill?",
        "options": [
            "A. A maroon sweater.",
            "B. A gray long-sleeved sweater.",
            "C. A t-shirt with an intricate design.",
            "D. A red and grey long-sleeve sweater."
        ],
        "answer": "C",
        "qa_level": "long_term",
        "qa_type": "mcqa",
        "old_answer": "C"
    },
    {
        "qa_idx": 18,
        "qa_task": "time-order",
        "question": "In which order do the events occur in the video from 45.0 to 2005.0 seconds?",
        "options": [
            "A. The man sits near garden beds with a power drill, then the scene shifts to a red waste container, followed by a person handling shredded material, and finally, a fireplace scene.",
            "B. The man sits near garden beds with a power drill, then the scene shifts to a red waste container, followed by a person handling shredded material, and finally, a camping stove scene.",
            "C. The man sits near garden beds with a power drill, then the scene shifts to a red waste container, followed by a person handling shredded material, and finally, a workshop scene.",
            "D. The man sits near garden beds with a power drill, then the scene shifts to a red waste container, followed by a person handling shredded material, and finally, a fire pit scene."
        ],
        "answer": "A",
        "qa_level": "long_term",
        "qa_type": "mcqa",
        "old_answer": "A"
    },
    {
        "qa_idx": 19,
        "qa_task": "descriptive-scene",
        "question": "Where does the event sequence commence in the video from 45.0 to 2005.0 seconds?",
        "options": [
            "A. In a serene, domestic outdoor scene near well-maintained garden beds.",
            "B. In a workshop environment with various tools and materials.",
            "C. In a cozy indoor setting with a wood-burning fireplace.",
            "D. In a public area with a red waste container on an asphalt surface."
        ],
        "answer": "A",
        "qa_level": "long_term",
        "qa_type": "mcqa",
        "old_answer": "A"
    }
]