[
    {
        "qa_idx": 0,
        "qa_type": "qa",
        "qa_level": "frame",
        "qa_task": "object understanding",
        "question": "Is there a small label reading 'NOME DIGAS' in the top right corner of the poster at 1236.0 seconds into the video?",
        "answer": "Yes",
        "old_answer": "Yes"
    },
    {
        "qa_idx": 2,
        "qa_task": "spatial-relationship",
        "question": "What is positioned centrally in the frame at 278.0 seconds into the video?",
        "options": [
            "A. A vividly colored poster.",
            "B. A black and white photograph.",
            "C. A plain whiteboard.",
            "D. A dark curtain."
        ],
        "answer": "A",
        "qa_level": "frame",
        "qa_type": "mcqa",
        "old_answer": "A"
    },
    {
        "qa_idx": 3,
        "qa_type": "qa",
        "qa_level": "within_event",
        "qa_task": "object understanding",
        "question": "Is there a 'NOME DIGAS' logo in the top right corner of the initial scene from 1214.0 to 1237.0 seconds?",
        "answer": "Yes",
        "old_answer": "Yes"
    },
    {
        "qa_idx": 5,
        "qa_type": "qa",
        "qa_level": "cross_event",
        "qa_task": "object understanding",
        "question": "Is there a hookah or decorative piece on the coffee table in both events from 778.0 to 779.0 and 1028.0 to 1174.0?",
        "answer": "Yes",
        "old_answer": "Yes"
    },
    {
        "qa_idx": 6,
        "qa_type": "qa",
        "qa_level": "cross_event",
        "qa_task": "action-understanding",
        "question": "In the event from 1028.0 to 1174.0, is the 'NOME DIGAS' card placed on a central table?",
        "answer": "Yes",
        "old_answer": "Yes"
    },
    {
        "qa_idx": 7,
        "qa_type": "qa",
        "qa_level": "long_term",
        "qa_task": "object understanding",
        "question": "Is there a glass coffee table present in the indoor setting throughout the video events from 261.0 to 3690.0 seconds?",
        "answer": "Yes",
        "old_answer": "Yes"
    },
    {
        "qa_idx": 8,
        "qa_type": "qa",
        "qa_level": "long_term",
        "qa_task": "character-understanding",
        "question": "Did the number of individuals in the indoor setting change from five to seven over the course of the video from 261.0 to 3690.0 seconds?",
        "answer": "Yes",
        "old_answer": "Yes"
    },
    {
        "qa_idx": 10,
        "qa_task": "temporal-relationship",
        "question": "What happened after the group of six individuals were seen in a cozy, modern indoor setting engaged in a discussion?",
        "options": [
            "A. The event transitioned to a dynamic graphic scene with a light blue background and yellow shapes.",
            "B. The number of participants increased to seven, with individuals seated around a glass coffee table.",
            "C. The scene featured a man in a camouflage-patterned shirt and red cap against a brick wall backdrop.",
            "D. The event concluded with a visually engaging poster displaying 'LA DIABLO SQUAD'."
        ],
        "answer": "A",
        "qa_level": "long_term",
        "qa_type": "mcqa",
        "old_answer": "A"
    },
    {
        "qa_idx": 13,
        "qa_task": "counting",
        "question": "How many individuals were present in the indoor setting at the beginning and towards the end of the event from 261.0 to 3690.0 seconds?",
        "options": [
            "A. Five at the beginning and seven towards the end.",
            "B. Six at the beginning and seven towards the end.",
            "C. Five at the beginning and six towards the end.",
            "D. Six at the beginning and eight towards the end."
        ],
        "answer": "A",
        "qa_level": "long_term",
        "qa_type": "mcqa",
        "old_answer": "A"
    },
    {
        "qa_idx": 16,
        "qa_task": "speed",
        "question": "How does the number of individuals in the gathering change from the beginning to the end of the video event from 261.0 to 3690.0 seconds?",
        "options": [
            "A. The number of individuals remains the same.",
            "B. The number of individuals decreases.",
            "C. The number of individuals increases.",
            "D. The number of individuals fluctuates."
        ],
        "answer": "C",
        "qa_level": "long_term",
        "qa_type": "mcqa",
        "old_answer": "C"
    },
    {
        "qa_idx": 17,
        "qa_task": "attribute-change",
        "question": "How does the number of individuals in the indoor setting change from the beginning to the end of the video event from 261.0 to 3690.0 seconds?",
        "options": [
            "A. It remains the same.",
            "B. It decreases.",
            "C. It increases.",
            "D. It fluctuates."
        ],
        "answer": "C",
        "qa_level": "long_term",
        "qa_type": "mcqa",
        "old_answer": "C"
    },
    {
        "qa_idx": 19,
        "qa_task": "object understanding",
        "question": "What items are visible on the central glass coffee table in the indoor setting described from 261.0 to 3690.0 seconds?",
        "options": [
            "A. A hookah, a comic book titled 'Diablo', and some snacks.",
            "B. A vase, a laptop, and a cup of coffee.",
            "C. A stack of books, a lamp, and a remote control.",
            "D. A bowl of fruit, a candle, and a magazine."
        ],
        "answer": "A",
        "qa_level": "long_term",
        "qa_type": "mcqa",
        "old_answer": "A"
    }
]