[
    {
        "qa_idx": 0,
        "qa_type": "qa",
        "qa_level": "frame",
        "qa_task": "object understanding",
        "question": "Is the man wearing traditional clothing in the video frame at 6473.0 seconds?",
        "answer": "Yes",
        "old_answer": "Yes"
    },
    {
        "qa_idx": 1,
        "qa_type": "qa",
        "qa_level": "within_event",
        "qa_task": "object understanding",
        "question": "Is there a microphone stand present in the video from 4182.0 to 4242.0 seconds?",
        "answer": "Yes",
        "old_answer": "Yes"
    },
    {
        "qa_idx": 2,
        "qa_type": "qa",
        "qa_level": "cross_event",
        "qa_task": "plot-understanding",
        "question": "Do both events from 226.0 to 262.0 and 435.0 to 560.0 involve a man dressed in traditional attire addressing an audience?",
        "answer": "Yes",
        "old_answer": "Yes"
    },
    {
        "qa_idx": 3,
        "qa_task": "speed",
        "question": "From 7491.0 to 7649.0 seconds of the video, how does the speed of the scene transition from the man seated against the red backdrop to the indoor event with numerous attendees?",
        "options": [
            "A. The transition is very rapid.",
            "B. The transition is gradual and smooth.",
            "C. The transition is abrupt and jarring.",
            "D. There is no transition; the scene remains the same."
        ],
        "answer": "B",
        "qa_level": "within_event",
        "qa_type": "mcqa",
        "old_answer": "B"
    },
    {
        "qa_idx": 4,
        "qa_type": "qa",
        "qa_level": "long_term",
        "qa_task": "object understanding",
        "question": "Is there a red backdrop displaying the dates '30 May - 2 June, 2014' in the video?",
        "answer": "Yes",
        "old_answer": "Yes"
    },
    {
        "qa_idx": 6,
        "qa_task": "spatial-relationship",
        "question": "What is the spatial relationship between the man in traditional attire and the woman near the microphone during the event from 6248.0 to 6714.0 seconds?",
        "options": [
            "A. The man is seated against a red backdrop while the woman is standing near a microphone.",
            "B. The man and the woman are both standing near the microphone.",
            "C. The man is standing near the microphone while the woman is seated against a red backdrop.",
            "D. Both the man and the woman are seated against a red backdrop."
        ],
        "answer": "A",
        "qa_level": "cross_event",
        "qa_type": "mcqa",
        "old_answer": "A"
    },
    {
        "qa_idx": 9,
        "qa_task": "spatial-relationship",
        "question": "Where is the man in traditional attire positioned during the event from May 30 to June 2, 2014?",
        "options": [
            "A. On a stage against a red backdrop.",
            "B. In the audience.",
            "C. Near the entrance.",
            "D. Outside the auditorium."
        ],
        "answer": "A",
        "qa_level": "long_term",
        "qa_type": "mcqa",
        "old_answer": "A"
    },
    {
        "qa_idx": 10,
        "qa_task": "causal",
        "question": "Why were the audience members raising their hands during the event from 5.0 to 7882.0 seconds?",
        "options": [
            "A. They were asking questions.",
            "B. They were voting on a topic.",
            "C. They were participating in an interactive session.",
            "D. They were greeting the speaker."
        ],
        "answer": "C",
        "qa_level": "long_term",
        "qa_type": "mcqa",
        "old_answer": "C"
    },
    {
        "qa_idx": 11,
        "qa_task": "time-order",
        "question": "In what order do the events occur in the video from 5.0 to 7882.0 seconds?",
        "options": [
            "A. The event begins with a sequence of text-based frames promoting an event featuring the Dalai Lama titled 'Beyond Religion' at Somaiya Vidyavihar College in Mumbai, India, on June 2, 2014.",
            "B. The video captures a man dressed in traditional clothing seated against a backdrop displaying the dates '30 May - 2 June, 2014.'.",
            "C. The scene transitions to a well-lit auditorium filled with a diverse audience attentively watching a presentation.",
            "D. The audience raises their hands, suggesting an interactive session with active participation in response to the speaker."
        ],
        "answer": "A",
        "qa_level": "long_term",
        "qa_type": "mcqa",
        "old_answer": "A"
    },
    {
        "qa_idx": 13,
        "qa_task": "camera-direction",
        "question": "What does the camera focus on after showing the man in traditional attire against the red backdrop with dates '30 May - 2 June, 2014' at 1604.0 seconds?",
        "options": [
            "A. The audience raising their hands.",
            "B. The floral arrangement on the table.",
            "C. The man gesturing with both hands.",
            "D. The detailed decorations and cooling units."
        ],
        "answer": "D",
        "qa_level": "long_term",
        "qa_type": "mcqa",
        "old_answer": "D"
    },
    {
        "qa_idx": 15,
        "qa_task": "attribute-change",
        "question": "How does the backdrop change throughout the event from 5.0 to 7882.0 seconds?",
        "options": [
            "A. The backdrop changes from red to blue.",
            "B. The backdrop remains consistently red with different dates displayed.",
            "C. The backdrop changes from red to green.",
            "D. The backdrop remains consistently blue with different dates displayed."
        ],
        "answer": "B",
        "qa_level": "long_term",
        "qa_type": "mcqa",
        "old_answer": "B"
    },
    {
        "qa_idx": 17,
        "qa_task": "time-order",
        "question": "In which order do the events occur in the video from 5.0 to 7882.0 seconds?",
        "options": [
            "A. The event begins with a sequence of text-based frames against a black background promoting an event featuring the Dalai Lama titled 'Beyond Religion' at Somaiya Vidyavihar College in Mumbai, India, on June 2, 2014.",
            "B. The video captures a man dressed in traditional clothing seated against a backdrop displaying the dates '30 May - 2 June, 2014.'.",
            "C. The scene transitions to a well-lit auditorium filled with a diverse audience attentively watching a presentation.",
            "D. The audience raises their hands, suggesting an interactive session with active participation in response to the speaker."
        ],
        "answer": "A",
        "qa_level": "long_term",
        "qa_type": "mcqa",
        "old_answer": "A"
    }
]