[
    {
        "qa_idx": 0,
        "qa_task": "spatial-relationship",
        "question": "What is located on the right side of the frame at 1090.0 seconds?",
        "options": [
            "A. A large umbrella with a red and yellow pattern.",
            "B. A yellow bench or lounge chair.",
            "C. A green hedge.",
            "D. A paved tiled surface."
        ],
        "answer": "B",
        "qa_level": "frame",
        "qa_type": "mcqa",
        "old_answer": "B"
    },
    {
        "qa_idx": 1,
        "qa_type": "qa",
        "qa_level": "frame",
        "qa_task": "object understanding",
        "question": "Is the character seated at the steering wheel wearing glasses in the frame at 256.0 seconds?",
        "answer": "Yes",
        "old_answer": "Yes"
    },
    {
        "qa_idx": 2,
        "qa_task": "descriptive-scene",
        "question": "What is the prominent feature in the foreground of the island at 1332.0 seconds into the video?",
        "options": [
            "A. A large building.",
            "B. A prominent statue resembling the Statue of Liberty.",
            "C. A dense forest.",
            "D. A sandy beach."
        ],
        "answer": "B",
        "qa_level": "frame",
        "qa_type": "mcqa",
        "old_answer": "B"
    },
    {
        "qa_idx": 3,
        "qa_type": "qa",
        "qa_level": "within_event",
        "qa_task": "speed",
        "question": "Did the green bear climb the ladder slowly near the bed from 1515.0 to 1520.0 seconds?",
        "answer": "No",
        "old_answer": "No"
    },
    {
        "qa_idx": 4,
        "qa_task": "character-understanding",
        "question": "What is the pink cartoon creature doing at 150.0 seconds into the video?",
        "options": [
            "A. The creature is dancing.",
            "B. The creature is pressing its face and hands against a glass surface.",
            "C. The creature is sleeping.",
            "D. The creature is eating."
        ],
        "answer": "B",
        "qa_level": "frame",
        "qa_type": "mcqa",
        "old_answer": "B"
    },
    {
        "qa_idx": 5,
        "qa_type": "qa",
        "qa_level": "cross_event",
        "qa_task": "camera-direction",
        "question": "Does the camera transition from an indoor to an outdoor setting between the time of 2903.0 to 2969.0?",
        "answer": "Yes",
        "old_answer": "Yes"
    },
    {
        "qa_idx": 6,
        "qa_task": "scene-understanding",
        "question": "What is the initial setting of the scene from 983.0 to 1053.0 seconds?",
        "options": [
            "A. A busy city street.",
            "B. A poolside on a bright, sunny day.",
            "C. A dark, gloomy forest.",
            "D. A snowy mountain peak."
        ],
        "answer": "B",
        "qa_level": "within_event",
        "qa_type": "mcqa",
        "old_answer": "B"
    },
    {
        "qa_idx": 7,
        "qa_type": "qa",
        "qa_level": "long_term",
        "qa_task": "action-understanding",
        "question": "Did the characters in the video build a sandcastle in the desert landscape between 1.0 and 3272.0 seconds?",
        "answer": "No",
        "old_answer": "No"
    },
    {
        "qa_idx": 8,
        "qa_task": "scene-understanding",
        "question": "What is the primary setting of the video events from 176.0 to 246.0 seconds and H to e seconds?",
        "options": [
            "A. A bustling cityscape.",
            "B. A dense forest.",
            "C. A vast, arid desert landscape.",
            "D. A snowy mountain range."
        ],
        "answer": "C",
        "qa_level": "cross_event",
        "qa_type": "mcqa",
        "old_answer": "C"
    },
    {
        "qa_idx": 9,
        "qa_task": "attribute-change",
        "question": "How does the scene's background change from the beginning to the end of the event from 697.0 to 759.0 seconds?",
        "options": [
            "A. The background changes from a vibrant day sky to a dark night sky.",
            "B. The background changes from a night sky with a glowing yellow moon to a clear, starry blue sky with a large moon in central focus.",
            "C. The background changes from a cloudy sky to a clear sky with no moon.",
            "D. The background remains the same throughout the event."
        ],
        "answer": "B",
        "qa_level": "cross_event",
        "qa_type": "mcqa",
        "old_answer": "B"
    },
    {
        "qa_idx": 10,
        "qa_task": "camera-direction",
        "question": "How does the camera movement contribute to the depiction of the whimsical animated scene from 760.0 to 820.0 seconds?",
        "options": [
            "A. The camera remains static, focusing on the characters' actions.",
            "B. The camera moves forward to emphasize the details of the characters and the background.",
            "C. The camera pans left and right to capture the entire scene.",
            "D. The camera zooms out to show the entire setting."
        ],
        "answer": "B",
        "qa_level": "cross_event",
        "qa_type": "mcqa",
        "old_answer": "B"
    },
    {
        "qa_idx": 11,
        "qa_task": "causal",
        "question": "What likely caused the chaotic kitchen scene with significant disarray and spills in the beginning of the event from 2171.0 to 2237.0 seconds?",
        "options": [
            "A. A party or gathering that led to a mess.",
            "B. A cooking experiment gone wrong.",
            "C. An ongoing cleanup process.",
            "D. A playful activity by anthropomorphic animals."
        ],
        "answer": "D",
        "qa_level": "cross_event",
        "qa_type": "mcqa",
        "old_answer": "D"
    },
    {
        "qa_idx": 12,
        "qa_task": "spatial-relationship",
        "question": "Where is the red convertible car positioned in the desert landscape?",
        "options": [
            "A. On a sandy hill.",
            "B. On a dusty road.",
            "C. Near a cactus.",
            "D. On a rocky cliff."
        ],
        "answer": "B",
        "qa_level": "long_term",
        "qa_type": "mcqa",
        "old_answer": "B"
    },
    {
        "qa_idx": 14,
        "qa_task": "speed",
        "question": "Which vehicle is depicted moving faster in the desert landscape between 1.0 and 3272.0 seconds?",
        "options": [
            "A. The blue car.",
            "B. The red car.",
            "C. Both cars move at the same speed.",
            "D. None of the above."
        ],
        "answer": "B",
        "qa_level": "long_term",
        "qa_type": "mcqa",
        "old_answer": "B"
    },
    {
        "qa_idx": 15,
        "qa_task": "attribute-change",
        "question": "How does the sky change from the beginning to the end of the video event from 1.0 to 3272.0 seconds?",
        "options": [
            "A. The sky remains clear and blue throughout.",
            "B. The sky changes from clear blue to stormy with visible lightning.",
            "C. The sky changes from clear blue to a starry night with a full moon.",
            "D. The sky changes from clear blue to cloudy and overcast."
        ],
        "answer": "B",
        "qa_level": "long_term",
        "qa_type": "mcqa",
        "old_answer": "B"
    },
    {
        "qa_idx": 17,
        "qa_task": "object understanding",
        "question": "What kind of vehicle is prominently featured in the video from 1.0 to 3272.0 seconds?",
        "options": [
            "A. A blue car.",
            "B. A red convertible car.",
            "C. A green truck.",
            "D. A yellow bus."
        ],
        "answer": "B",
        "qa_level": "long_term",
        "qa_type": "mcqa",
        "old_answer": "B"
    },
    {
        "qa_idx": 18,
        "qa_task": "descriptive-scene",
        "question": "Where does the majority of the video events take place from 1.0 to 3272.0 seconds?",
        "options": [
            "A. In a desert landscape.",
            "B. In a forest.",
            "C. In a city.",
            "D. In a snowy mountain."
        ],
        "answer": "A",
        "qa_level": "long_term",
        "qa_type": "mcqa",
        "old_answer": "A"
    }
]