[
    {
        "qa_idx": 0,
        "qa_task": "object understanding",
        "question": "What items are cluttered on the large wooden workbench at 1894.0 seconds into the video?",
        "options": [
            "A. A laptop, a coffee mug, and a notebook.",
            "B. A partially disassembled object, scissors, a roll of tape, pliers, and bottles.",
            "C. A stack of books, a lamp, and a clock.",
            "D. A sewing machine, fabric, and thread."
        ],
        "answer": "B",
        "qa_level": "frame",
        "qa_type": "mcqa",
        "old_answer": "B"
    },
    {
        "qa_idx": 1,
        "qa_task": "spatial-relationship",
        "question": "What is the background surface in the frame at 1937.0 seconds?",
        "options": [
            "A. A metallic surface.",
            "B. A wooden surface.",
            "C. A plastic surface.",
            "D. A concrete surface."
        ],
        "answer": "B",
        "qa_level": "frame",
        "qa_type": "mcqa",
        "old_answer": "B"
    },
    {
        "qa_idx": 2,
        "qa_type": "qa",
        "qa_level": "within_event",
        "qa_task": "plot-understanding",
        "question": "Does the person in the video appear to be engaged in detailed craftsmanship throughout the event from 941.0 to 1067.0 seconds?",
        "answer": "Yes",
        "old_answer": "Yes"
    },
    {
        "qa_idx": 3,
        "qa_type": "qa",
        "qa_level": "within_event",
        "qa_task": "speed",
        "question": "From 1.0 to 38.0 seconds, is the person assembling the mechanical components on the workbench at a fast pace?",
        "answer": "No",
        "old_answer": "No"
    },
    {
        "qa_idx": 5,
        "qa_task": "plot-understanding",
        "question": "What is the main focus of the video event from 1950.0 to 2010.0 seconds?",
        "options": [
            "A. The mechanical aspects and detailed craftsmanship of a handgun.",
            "B. The usage of a handgun in a shooting range.",
            "C. The history and evolution of handguns.",
            "D. The safety measures for handling a handgun."
        ],
        "answer": "A",
        "qa_level": "within_event",
        "qa_type": "mcqa",
        "old_answer": "A"
    },
    {
        "qa_idx": 6,
        "qa_task": "speed",
        "question": "During the video event from 2366.0 to 2385.0 seconds, which object is shown to have the ability to perform dance moves?",
        "options": [
            "A. The person in the brown jacket.",
            "B. The revolver.",
            "C. The Boston Dynamics' Spot robot.",
            "D. The tools on the workbench."
        ],
        "answer": "C",
        "qa_level": "within_event",
        "qa_type": "mcqa",
        "old_answer": "C"
    },
    {
        "qa_idx": 7,
        "qa_task": "attribute-change",
        "question": "How does the attribute of the environment change from the beginning to the end of the video events between 1121.0 seconds to 1189.0 seconds and H seconds to e seconds?",
        "options": [
            "A. The environment changes from a cluttered workshop to a clean and organized space.",
            "B. The environment changes from a well-equipped workshop to a less equipped space.",
            "C. The environment remains the same throughout both video events.",
            "D. The environment changes from an indoor workshop to an outdoor setting."
        ],
        "answer": "C",
        "qa_level": "cross_event",
        "qa_type": "mcqa",
        "old_answer": "C"
    },
    {
        "qa_idx": 8,
        "qa_task": "time-order",
        "question": "What is the correct sequence of events in the video from 1950.0 to 2010.0 seconds?",
        "options": [
            "A. The event starts with a close-up of a handgun, followed by close-ups of mechanical components, and concludes with a clear view of more firearm components.",
            "B. The event starts with a clear view of more firearm components, followed by close-ups of mechanical components, and concludes with a close-up of a handgun.",
            "C. The event starts with close-ups of mechanical components, followed by a clear view of more firearm components, and concludes with a close-up of a handgun.",
            "D. The event starts with a clear view of more firearm components, followed by a close-up of a handgun, and concludes with close-ups of mechanical components."
        ],
        "answer": "A",
        "qa_level": "cross_event",
        "qa_type": "mcqa",
        "old_answer": "A"
    },
    {
        "qa_idx": 12,
        "qa_task": "camera-direction",
        "question": "How does the camera move throughout the video from 1.0 to 2385.0 seconds?",
        "options": [
            "A. The camera remains stationary.",
            "B. The camera moves closer to the workbench and tools.",
            "C. The camera moves away from the workbench and tools.",
            "D. The camera pans around the workshop."
        ],
        "answer": "B",
        "qa_level": "long_term",
        "qa_type": "mcqa",
        "old_answer": "B"
    },
    {
        "qa_idx": 13,
        "qa_task": "speed",
        "question": "Which object is handled faster in the video, the mechanical components on the workbench or the firearm?",
        "options": [
            "A. The mechanical components on the workbench.",
            "B. The firearm.",
            "C. Both are handled at the same speed.",
            "D. None of the above."
        ],
        "answer": "B",
        "qa_level": "long_term",
        "qa_type": "mcqa",
        "old_answer": "B"
    },
    {
        "qa_idx": 14,
        "qa_task": "attribute-change",
        "question": "How does the workshop environment change from the beginning to the end of the video from 1.0 to 2385.0 seconds?",
        "options": [
            "A. The workshop becomes more cluttered and filled with tools and mechanical parts.",
            "B. The workshop becomes empty and devoid of any tools or equipment.",
            "C. The workshop transitions from a cluttered space to a neatly organized one.",
            "D. The workshop remains the same throughout the video."
        ],
        "answer": "A",
        "qa_level": "long_term",
        "qa_type": "mcqa",
        "old_answer": "A"
    },
    {
        "qa_idx": 17,
        "qa_task": "time-order",
        "question": "In which order do the events occur in the video from 1.0 to 2385.0 seconds?",
        "options": [
            "A. The clapperboard is shown, the person works on mechanical components, the firearm is examined, the man in a leather jacket is seen, the YouTube channel page is displayed.",
            "B. The person works on mechanical components, the clapperboard is shown, the firearm is examined, the man in a leather jacket is seen, the YouTube channel page is displayed.",
            "C. The firearm is examined, the clapperboard is shown, the person works on mechanical components, the man in a leather jacket is seen, the YouTube channel page is displayed.",
            "D. The clapperboard is shown, the firearm is examined, the person works on mechanical components, the man in a leather jacket is seen, the YouTube channel page is displayed."
        ],
        "answer": "A",
        "qa_level": "long_term",
        "qa_type": "mcqa",
        "old_answer": "A"
    }
]