[
    {
        "qa_idx": 0,
        "qa_task": "object understanding",
        "question": "What is the woman wearing at 849.0 seconds into the video?",
        "options": [
            "A. A dark-colored dress and a hat.",
            "B. A light-colored outfit and a scarf.",
            "C. A red jacket and blue jeans.",
            "D. A black suit and a tie."
        ],
        "answer": "B",
        "qa_level": "frame",
        "qa_type": "mcqa",
        "old_answer": "B"
    },
    {
        "qa_idx": 1,
        "qa_task": "spatial-relationship",
        "question": "What is the background like in the frame at 3529.0 seconds?",
        "options": [
            "A. A busy street.",
            "B. A plain background.",
            "C. A decorated wall.",
            "D. A garden."
        ],
        "answer": "B",
        "qa_level": "frame",
        "qa_type": "mcqa",
        "old_answer": "B"
    },
    {
        "qa_idx": 2,
        "qa_type": "qa",
        "qa_level": "within_event",
        "qa_task": "speed",
        "question": "Did the transitions between the scenes occur rapidly from 3542.0 to 3603.0 seconds?",
        "answer": "No",
        "old_answer": "No"
    },
    {
        "qa_idx": 3,
        "qa_task": "descriptive-scene",
        "question": "Where is the scene at 768.0 seconds into the video set?",
        "options": [
            "A. In a garden.",
            "B. Indoors with green foliage.",
            "C. On a beach.",
            "D. In a busy street."
        ],
        "answer": "B",
        "qa_level": "frame",
        "qa_type": "mcqa",
        "old_answer": "B"
    },
    {
        "qa_idx": 4,
        "qa_task": "spatial-relationship",
        "question": "What is the woman standing in front of at 2321.0 seconds into the video?",
        "options": [
            "A. A window.",
            "B. A partially open wooden door.",
            "C. A bookshelf.",
            "D. A curtain."
        ],
        "answer": "B",
        "qa_level": "frame",
        "qa_type": "mcqa",
        "old_answer": "B"
    },
    {
        "qa_idx": 5,
        "qa_type": "qa",
        "qa_level": "cross_event",
        "qa_task": "speed",
        "question": "Did the events from 686.0 to 726.0 and 805.0 to 865.0 unfold at a fast pace?",
        "answer": "No",
        "old_answer": "No"
    },
    {
        "qa_idx": 6,
        "qa_type": "qa",
        "qa_level": "long_term",
        "qa_task": "character-understanding",
        "question": "Did the man in the blue shirt engage in a physical confrontation with another man indoors between 49.0 and 3657.0 seconds?",
        "answer": "Yes",
        "old_answer": "Yes"
    },
    {
        "qa_idx": 7,
        "qa_task": "character-understanding",
        "question": "What is the main activity of the individuals in the indoor scene from 1349.0 to 1409.0 seconds?",
        "options": [
            "A. Engaging in sports activities.",
            "B. Praying or engaging in personal activities.",
            "C. Cooking and dining.",
            "D. Participating in a business meeting."
        ],
        "answer": "B",
        "qa_level": "cross_event",
        "qa_type": "mcqa",
        "old_answer": "B"
    },
    {
        "qa_idx": 8,
        "qa_task": "temporal-relationship",
        "question": "What happens after the man in the blue shirt is seen holding onto the collar of the other man?",
        "options": [
            "A. The scene transitions to an indoor setting with multiple individuals.",
            "B. The man and woman continue their conversation on the couch.",
            "C. The man and woman are seen standing close near a window.",
            "D. The scene shifts to a rooftop at night."
        ],
        "answer": "A",
        "qa_level": "long_term",
        "qa_type": "mcqa",
        "old_answer": "A"
    },
    {
        "qa_idx": 9,
        "qa_task": "spatial-relationship",
        "question": "Where are the two men positioned during their conversation near the window?",
        "options": [
            "A. One man is on the left side of the frame, and the other is centrally located or on the right side.",
            "B. Both men are on the left side of the frame.",
            "C. Both men are on the right side of the frame.",
            "D. One man is on the right side of the frame, and the other is centrally located or on the left side."
        ],
        "answer": "A",
        "qa_level": "long_term",
        "qa_type": "mcqa",
        "old_answer": "A"
    },
    {
        "qa_idx": 10,
        "qa_task": "causal",
        "question": "Why did the man in the blue shirt hold onto the collar of the other man?",
        "options": [
            "A. To show affection.",
            "B. To confront him.",
            "C. To help him stand up.",
            "D. To adjust his shirt."
        ],
        "answer": "B",
        "qa_level": "long_term",
        "qa_type": "mcqa",
        "old_answer": "B"
    },
    {
        "qa_idx": 11,
        "qa_task": "plot-understanding",
        "question": "What is the main focus of the interactions between the individuals in the video from 49.0 to 3657.0 seconds?",
        "options": [
            "A. Casual conversations in various indoor settings.",
            "B. Intense confrontations and physical interactions.",
            "C. Outdoor activities and social gatherings.",
            "D. Professional meetings in office environments."
        ],
        "answer": "A",
        "qa_level": "long_term",
        "qa_type": "mcqa",
        "old_answer": "A"
    },
    {
        "qa_idx": 12,
        "qa_task": "camera-direction",
        "question": "How does the camera movement change from the outdoor to the indoor scenes between 49.0 and 3657.0 seconds?",
        "options": [
            "A. The camera moves from a close-up of the man to a wide shot of the indoor setting.",
            "B. The camera zooms in on the man and then transitions to a static indoor shot.",
            "C. The camera follows the man from behind and then transitions to a static indoor shot.",
            "D. The camera pans from the outdoor scene to the indoor setting."
        ],
        "answer": "C",
        "qa_level": "long_term",
        "qa_type": "mcqa",
        "old_answer": "C"
    },
    {
        "qa_idx": 13,
        "qa_task": "speed",
        "question": "Which individual is moving faster in the video from 49.0 to 3657.0 seconds?",
        "options": [
            "A. The man in the blue shirt.",
            "B. The woman in the light green hijab.",
            "C. The man in the light-colored shirt with glasses.",
            "D. The woman in the colorful scarf."
        ],
        "answer": "A",
        "qa_level": "long_term",
        "qa_type": "mcqa",
        "old_answer": "A"
    },
    {
        "qa_idx": 14,
        "qa_task": "attribute-change",
        "question": "How does the atmosphere change from the beginning to the end of the video from 49.0 to 3657.0 seconds?",
        "options": [
            "A. The atmosphere changes from a tense interaction to a relaxed and cozy environment.",
            "B. The atmosphere changes from a relaxed environment to a tense interaction.",
            "C. The atmosphere remains tense throughout the video.",
            "D. The atmosphere remains relaxed throughout the video."
        ],
        "answer": "A",
        "qa_level": "long_term",
        "qa_type": "mcqa",
        "old_answer": "A"
    },
    {
        "qa_idx": 15,
        "qa_task": "character-understanding",
        "question": "What is the man in the blue shirt doing in the living room from 481.0 to 3657.0 seconds?",
        "options": [
            "A. He is reading a book.",
            "B. He is holding a wine glass.",
            "C. He is playing a musical instrument.",
            "D. He is painting."
        ],
        "answer": "B",
        "qa_level": "long_term",
        "qa_type": "mcqa",
        "old_answer": "B"
    },
    {
        "qa_idx": 16,
        "qa_task": "object understanding",
        "question": "What decorative items are visible in the living room where the man and woman are seated on the couch?",
        "options": [
            "A. A glass coffee table with red flowers, a red lamp, and a potted plant.",
            "B. A wooden table with a vase of sunflowers, a blue lamp, and a bookshelf.",
            "C. A metal table with a cactus, a green lamp, and a painting.",
            "D. A plastic table with a toy, a yellow lamp, and a clock."
        ],
        "answer": "A",
        "qa_level": "long_term",
        "qa_type": "mcqa",
        "old_answer": "A"
    }
]