[
    {
        "qa_idx": 0,
        "qa_type": "qa",
        "qa_level": "frame",
        "qa_task": "character-understanding",
        "question": "Is a character interacting with the waste container at 2105.0 seconds into the video?",
        "answer": "Yes",
        "old_answer": "Yes"
    },
    {
        "qa_idx": 1,
        "qa_task": "descriptive-scene",
        "question": "What is the environment like at 3207.0 seconds into the video?",
        "options": [
            "A. A sunny beach.",
            "B. A dense forest.",
            "C. A wintry, arctic landscape.",
            "D. A bustling city."
        ],
        "answer": "C",
        "qa_level": "frame",
        "qa_type": "mcqa",
        "old_answer": "C"
    },
    {
        "qa_idx": 2,
        "qa_type": "qa",
        "qa_level": "frame",
        "qa_task": "object understanding",
        "question": "Is there a large tree on the left side of the image at 391.0 seconds into the video?",
        "answer": "Yes",
        "old_answer": "Yes"
    },
    {
        "qa_idx": 3,
        "qa_type": "qa",
        "qa_level": "within_event",
        "qa_task": "plot-understanding",
        "question": "Does the scene transition to an ancient archaeological interior filled with carvings and glyphs at any point between 285.0 and 343.0 seconds?",
        "answer": "Yes",
        "old_answer": "Yes"
    },
    {
        "qa_idx": 4,
        "qa_task": "spatial-relationship",
        "question": "Where is the first character located in the frame at 156.0 seconds?",
        "options": [
            "A. At the center of the frame.",
            "B. On the left side of the frame.",
            "C. On the right side of the frame.",
            "D. At the top of the frame."
        ],
        "answer": "B",
        "qa_level": "frame",
        "qa_type": "mcqa",
        "old_answer": "B"
    },
    {
        "qa_idx": 5,
        "qa_task": "object understanding",
        "question": "What distinguishes the youthful mammoth in the cartoon scene at 3,281.0 seconds?",
        "options": [
            "A. A red bow.",
            "B. A blue hat.",
            "C. A green scarf.",
            "D. A yellow jacket."
        ],
        "answer": "A",
        "qa_level": "frame",
        "qa_type": "mcqa",
        "old_answer": "A"
    },
    {
        "qa_idx": 6,
        "qa_type": "qa",
        "qa_level": "cross_event",
        "qa_task": "character-understanding",
        "question": "Did the pink anthropomorphic character appear in both events from 194.0 to 249.0 and 250.0 to 283.0?",
        "answer": "Yes",
        "old_answer": "Yes"
    },
    {
        "qa_idx": 7,
        "qa_task": "camera-direction",
        "question": "During the scene from 2967.0 to 3027.0 seconds, how does the camera movement change when the backdrop switches to the animated lab?",
        "options": [
            "A. The camera zooms out to show the entire lab.",
            "B. The camera moves closer to the TIME MACHINE module.",
            "C. The camera pans to the left to reveal the lab.",
            "D. The camera remains stationary."
        ],
        "answer": "A",
        "qa_level": "within_event",
        "qa_type": "mcqa",
        "old_answer": "A"
    },
    {
        "qa_idx": 8,
        "qa_task": "camera-direction",
        "question": "During the event from 803.0 to 865.0 seconds, how does the camera movement change when the scene transitions to the room with a large window showing a clear blue sky and green shrubbery?",
        "options": [
            "A. The camera zooms in on the window.",
            "B. The camera pans to the right to reveal the window.",
            "C. The camera moves closer to the animated mice in the foreground.",
            "D. The camera remains stationary while the characters move."
        ],
        "answer": "C",
        "qa_level": "within_event",
        "qa_type": "mcqa",
        "old_answer": "C"
    },
    {
        "qa_idx": 9,
        "qa_task": "character-understanding",
        "question": "Who is prominently featured holding a 'Time Machine' in the animated forest scene from 78.0 to 138.0 seconds?",
        "options": [
            "A. A red dinosaur.",
            "B. A pink cartoon character.",
            "C. A blue bird.",
            "D. A green frog."
        ],
        "answer": "B",
        "qa_level": "within_event",
        "qa_type": "mcqa",
        "old_answer": "B"
    },
    {
        "qa_idx": 11,
        "qa_task": "causal",
        "question": "Why do the red and green characters display distressed expressions amidst an architectural setting in the event from 1918.0 to 1989.0 seconds?",
        "options": [
            "A. They are alarmed by the presence of multiple birds and animated characters resembling mice.",
            "B. They are distressed due to the chaotic moment involving a green bear and various smaller creatures.",
            "C. They are reacting to the playful and mischievous atmosphere created by the pink character holding a doughnut.",
            "D. They are surprised by the large green bear with a military hat and three smaller creatures with dark glasses or masks."
        ],
        "answer": "A",
        "qa_level": "cross_event",
        "qa_type": "mcqa",
        "old_answer": "A"
    },
    {
        "qa_idx": 12,
        "qa_task": "spatial-relationship",
        "question": "Where is the large red animated dinosaur prominently featured in the video from 17.0 to 3771.0 seconds?",
        "options": [
            "A. In a suburban street.",
            "B. In a brightly lit room.",
            "C. In a lush green park.",
            "D. In a dense green forest."
        ],
        "answer": "D",
        "qa_level": "long_term",
        "qa_type": "mcqa",
        "old_answer": "D"
    },
    {
        "qa_idx": 13,
        "qa_task": "causal",
        "question": "Why did the pink dog flee from pursuing animals in the forest environment?",
        "options": [
            "A. The pink dog was scared of the large red dinosaur.",
            "B. The pink dog was trying to protect the 'Time Machine'.",
            "C. The pink dog was looking for food.",
            "D. The pink dog was playing a game."
        ],
        "answer": "B",
        "qa_level": "long_term",
        "qa_type": "mcqa",
        "old_answer": "B"
    },
    {
        "qa_idx": 15,
        "qa_task": "camera-direction",
        "question": "How does the camera movement change from the suburban scene to the forest environment between 17.0 and 3771.0 seconds?",
        "options": [
            "A. The camera zooms in on the suburban houses and then pans to the forest.",
            "B. The camera remains static in the suburban scene and then moves dynamically in the forest.",
            "C. The camera moves closer to the animated characters in the suburban scene and then zooms out in the forest.",
            "D. The camera pans across the suburban scene and then zooms in on the forest environment."
        ],
        "answer": "D",
        "qa_level": "long_term",
        "qa_type": "mcqa",
        "old_answer": "D"
    },
    {
        "qa_idx": 17,
        "qa_task": "character-understanding",
        "question": "What is the expression of the pink cartoon character holding a small mechanical object resembling a drill in the forest scene at 285.0 to 3771.0 seconds?",
        "options": [
            "A. Happy.",
            "B. Tense.",
            "C. Angry.",
            "D. Sad."
        ],
        "answer": "B",
        "qa_level": "long_term",
        "qa_type": "mcqa",
        "old_answer": "B"
    },
    {
        "qa_idx": 18,
        "qa_task": "object understanding",
        "question": "What object is the pink cartoon character holding while running along a dirt path in the forest at 17.0 to 3771.0 seconds?",
        "options": [
            "A. A small mechanical object resembling a drill.",
            "B. A large red dinosaur.",
            "C. A green bear with a military hat.",
            "D. A blue spherical container."
        ],
        "answer": "A",
        "qa_level": "long_term",
        "qa_type": "mcqa",
        "old_answer": "A"
    },
    {
        "qa_idx": 19,
        "qa_task": "time-order",
        "question": "In which order do the events occur in the video from 17.0 to 3771.0 seconds?",
        "options": [
            "A. The event starts with a serene suburban scene featuring two houses and a tree against a clear blue sky. The event continues with scenes set in a forest environment with anthropomorphic cartoon characters involved in dramatic and interactive situations. The event concludes with the large red animated dinosaur making its presence known in the forest.",
            "B. The event starts with a vibrant forest scene populated with tall trees and dense foliage where a prominent red dinosaur appears to chase after three smaller animal characters. The scene transitions to showcase a lush forest environment featuring a pink cartoon character in motion while holding a small mechanical object resembling a drill. The event concludes with a bright, white, central glow surrounded by light blue hues, creating a smooth transition from white to blue.",
            "C. The event starts with a large, detailed depiction of a planet or celestial body set against a blue sky filled with small stars. The scene then transitions inside a dimly lit cave with rough, uneven walls. The event concludes with a pink anthropomorphic character in a rocky cavern, mouth open, possibly indicating shouting or yawning.",
            "D. The event starts with a sandy desert-like terrain featuring rolling hills and sparse vegetation. The scene quickly transitions to an arid landscape with dry, cracked ground and a patch of green vegetation engulfed in flames. The event concludes in a dense, vibrant forest where characters engage in chases and cautious exploration amidst rich foliage."
        ],
        "answer": "A",
        "qa_level": "long_term",
        "qa_type": "mcqa",
        "old_answer": "A"
    }
]