[
    {
        "qa_idx": 0,
        "qa_task": "character-understanding",
        "question": "What is the person on the right holding in the video at 1520.0 seconds?",
        "options": [
            "A. A scooter.",
            "B. A selfie stick with a mounted phone.",
            "C. A book.",
            "D. A camera."
        ],
        "answer": "B",
        "qa_level": "frame",
        "qa_type": "mcqa",
        "old_answer": "B"
    },
    {
        "qa_idx": 1,
        "qa_task": "spatial-relationship",
        "question": "What is located at the bottom right of the frame captured at 1571.0 seconds?",
        "options": [
            "A. A traffic light.",
            "B. Toy vehicles.",
            "C. A small bridge railing.",
            "D. A QR code."
        ],
        "answer": "B",
        "qa_level": "frame",
        "qa_type": "mcqa",
        "old_answer": "B"
    },
    {
        "qa_idx": 2,
        "qa_task": "descriptive-scene",
        "question": "Where does the scene at 1450.0 seconds into the video take place?",
        "options": [
            "A. In a city park.",
            "B. In a shopping mall.",
            "C. In a residential area.",
            "D. In a subway station."
        ],
        "answer": "A",
        "qa_level": "frame",
        "qa_type": "mcqa",
        "old_answer": "A"
    },
    {
        "qa_idx": 3,
        "qa_type": "qa",
        "qa_level": "cross_event",
        "qa_task": "character-understanding",
        "question": "Were there individuals interacting with bicycles in both events from 1917.0 to 1982.0 and 1983.0 to 2089.0?",
        "answer": "Yes",
        "old_answer": "Yes"
    },
    {
        "qa_idx": 4,
        "qa_type": "qa",
        "qa_level": "cross_event",
        "qa_task": "action-understanding",
        "question": "In the event from 1783.0 to 1844.0, does the man in the black leather jacket perform a juggling act with the red frisbee?",
        "answer": "No",
        "old_answer": "No"
    },
    {
        "qa_idx": 5,
        "qa_type": "qa",
        "qa_level": "long_term",
        "qa_task": "speed",
        "question": "Did the individuals in the video move quickly while interacting with the various props and decorations from 4.0 to 2533.0 seconds?",
        "answer": "No",
        "old_answer": "No"
    },
    {
        "qa_idx": 6,
        "qa_task": "camera-direction",
        "question": "How does the camera movement change from the beginning to the end of the event sequence from 1580.0 to 1649.0 seconds?",
        "options": [
            "A. The camera moves from a close-up of the man with the bicycle model to a wide shot of the park.",
            "B. The camera moves from a wide shot of the park to a close-up of the man with the Segway.",
            "C. The camera remains stationary throughout the event sequence.",
            "D. The camera moves from a close-up of the woman with the tool to a wide shot of the park."
        ],
        "answer": "B",
        "qa_level": "cross_event",
        "qa_type": "mcqa",
        "old_answer": "B"
    },
    {
        "qa_idx": 10,
        "qa_task": "camera-direction",
        "question": "How does the camera movement change from 4.0 seconds to 2533.0 seconds in the video?",
        "options": [
            "A. The camera remains static throughout the video.",
            "B. The camera moves closer to the subjects and captures different angles.",
            "C. The camera zooms out to show a wider view of the studio.",
            "D. The camera pans left and right without changing angles."
        ],
        "answer": "B",
        "qa_level": "long_term",
        "qa_type": "mcqa",
        "old_answer": "B"
    },
    {
        "qa_idx": 11,
        "qa_task": "speed",
        "question": "Which individual was moving faster in the video event from 4.0 to 2533.0 seconds?",
        "options": [
            "A. The person in casual clothing standing next to a table equipped with microphones.",
            "B. The person in a green jacket walking and interacting within the set.",
            "C. The person in a colorful outfit with yellow, pink, and blue elements.",
            "D. The person in a black costume preparing a drink with a dispenser."
        ],
        "answer": "B",
        "qa_level": "long_term",
        "qa_type": "mcqa",
        "old_answer": "B"
    },
    {
        "qa_idx": 12,
        "qa_task": "attribute-change",
        "question": "How does the background change from 4.0 seconds to 2533.0 seconds in the video?",
        "options": [
            "A. The background remains the same throughout the video.",
            "B. The background changes from a gradient background with whimsical elements to a vibrant and dynamic studio setting with various props and decorations.",
            "C. The background changes from a plain white background to a dark and gloomy setting.",
            "D. The background changes from an outdoor park to an indoor kitchen."
        ],
        "answer": "B",
        "qa_level": "long_term",
        "qa_type": "mcqa",
        "old_answer": "B"
    },
    {
        "qa_idx": 14,
        "qa_task": "object understanding",
        "question": "What kind of figurine is prominently featured in the studio setting?",
        "options": [
            "A. A Stormtrooper figurine.",
            "B. A Nutcracker-like figure.",
            "C. A Hulk action figure.",
            "D. A model car."
        ],
        "answer": "A",
        "qa_level": "long_term",
        "qa_type": "mcqa",
        "old_answer": "A"
    },
    {
        "qa_idx": 15,
        "qa_task": "time-order",
        "question": "In which order do the events occur in the video from 4.0 to 2533.0 seconds?",
        "options": [
            "A. The video begins with a text overlay on a gradient background, transitions to an abstract setting, and then captures a vibrant red-carpeted stage.",
            "B. The video begins with a text overlay on a gradient background, transitions to an abstract setting, and then captures a vibrant red-carpeted stage. The scene unfolds in a lively studio with a 'PAS sore' sign, and later shows individuals in a modern studio with greenery and neon signage.",
            "C. The video begins with a text overlay on a gradient background, transitions to an abstract setting, and then captures a vibrant red-carpeted stage. The scene unfolds in a lively studio with a 'PAS sore' sign, and later shows individuals in a modern studio with greenery and neon signage. The event continues in a well-lit indoor studio with vibrant decor, and later transitions to an outdoor urban park setting with lush greenery and tall buildings.",
            "D. The video begins with a text overlay on a gradient background, transitions to an abstract setting, and then captures a vibrant red-carpeted stage. The scene unfolds in a lively studio with a 'PAS sore' sign, and later shows individuals in a modern studio with greenery and neon signage. The event continues in a well-lit indoor studio with vibrant decor, and later transitions to an outdoor urban park setting with lush greenery and tall buildings. The event concludes with a lively indoor setting featuring individuals in superhero costumes interacting with various props and a beverage dispenser."
        ],
        "answer": "D",
        "qa_level": "long_term",
        "qa_type": "mcqa",
        "old_answer": "D"
    }
]