[
    {
        "qa_idx": 4,
        "qa_type": "qa",
        "qa_level": "long_term",
        "qa_task": "object understanding",
        "question": "Is there a NASA logo visible in the background during the event between 176.0 and 2007.0 seconds?",
        "answer": "Yes",
        "old_answer": "Yes"
    },
    {
        "qa_idx": 6,
        "qa_task": "object-direction",
        "question": "In which direction is the man holding a microphone positioned relative to the audience in the auditorium from 929.0 to 972.0 seconds?",
        "options": [
            "A. Near the front.",
            "B. Near the back.",
            "C. On the left side.",
            "D. On the right side."
        ],
        "answer": "A",
        "qa_level": "within_event",
        "qa_type": "mcqa",
        "old_answer": "A"
    },
    {
        "qa_idx": 7,
        "qa_task": "speed",
        "question": "Between the time of 795.0 seconds to 864.0 seconds, how does the speed of the event's progression compare to the speed of the event in the second description?",
        "options": [
            "A. The event in the first description progresses more quickly than the event in the second description.",
            "B. The event in the first description progresses more slowly than the event in the second description.",
            "C. The event in the first description progresses at the same speed as the event in the second description.",
            "D. The speed of the event's progression in the first description cannot be compared to the second description."
        ],
        "answer": "D",
        "qa_level": "cross_event",
        "qa_type": "mcqa",
        "old_answer": "D"
    },
    {
        "qa_idx": 8,
        "qa_task": "spatial-relationship",
        "question": "Where is the man holding a microphone positioned relative to the woman holding a cup in the video events between 115.0 and 2007.0 seconds?",
        "options": [
            "A. To the right of the frame.",
            "B. To the left of the frame.",
            "C. In the center of the frame.",
            "D. Behind the woman."
        ],
        "answer": "B",
        "qa_level": "long_term",
        "qa_type": "mcqa",
        "old_answer": "B"
    },
    {
        "qa_idx": 11,
        "qa_task": "camera-direction",
        "question": "How does the camera move during the event from 115.0 to 2007.0 seconds?",
        "options": [
            "A. The camera moves closer to the speakers.",
            "B. The camera moves away from the speakers.",
            "C. The camera remains stationary.",
            "D. The camera moves around the room."
        ],
        "answer": "A",
        "qa_level": "long_term",
        "qa_type": "mcqa",
        "old_answer": "A"
    },
    {
        "qa_idx": 12,
        "qa_task": "speed",
        "question": "Between 115.0 and 2007.0 seconds, who is faster in speaking or preparing to speak during the event?",
        "options": [
            "A. The man holding a microphone.",
            "B. The woman holding a cup.",
            "C. The attendees holding laptops.",
            "D. The person seated in the background."
        ],
        "answer": "A",
        "qa_level": "long_term",
        "qa_type": "mcqa",
        "old_answer": "A"
    },
    {
        "qa_idx": 13,
        "qa_task": "attribute-change",
        "question": "How does the background imagery change from the beginning to the end of the event between 115.0 and 2007.0 seconds?",
        "options": [
            "A. From spacecraft and technological structures to a large industrial structure.",
            "B. From abstract designs to space-themed imagery with NASA logos.",
            "C. From a plain backdrop to a backdrop featuring a large telescope.",
            "D. From a colorful backdrop to a backdrop with star-like decorations."
        ],
        "answer": "B",
        "qa_level": "long_term",
        "qa_type": "mcqa",
        "old_answer": "B"
    }
]