[
    {
        "qa_idx": 0,
        "qa_type": "qa",
        "qa_level": "frame",
        "qa_task": "object understanding",
        "question": "Is there a large screen displaying the text 'BLUE ORIGIN' on the stage at 673.0 seconds into the video?",
        "answer": "Yes",
        "old_answer": "Yes"
    },
    {
        "qa_idx": 2,
        "qa_type": "qa",
        "qa_level": "within_event",
        "qa_task": "object understanding",
        "question": "Is there a 'Blue Origin' logo displayed on a large screen during the event from 1459.0 to 1670.0 seconds?",
        "answer": "Yes",
        "old_answer": "Yes"
    },
    {
        "qa_idx": 4,
        "qa_type": "qa",
        "qa_level": "within_event",
        "qa_task": "object understanding",
        "question": "Is there a large screen displaying the Blue Origin logo at the event from 2257.0 to 2330.0 seconds?",
        "answer": "Yes",
        "old_answer": "Yes"
    },
    {
        "qa_idx": 5,
        "qa_task": "spatial-relationship",
        "question": "What is visible in the background through the transparent section of the podium at 2838.0 seconds?",
        "options": [
            "A. A large crowd of people.",
            "B. Greenery.",
            "C. A building.",
            "D. A stage curtain."
        ],
        "answer": "B",
        "qa_level": "frame",
        "qa_type": "mcqa",
        "old_answer": "B"
    },
    {
        "qa_idx": 6,
        "qa_type": "qa",
        "qa_level": "cross_event",
        "qa_task": "camera-direction",
        "question": "From the time of 222.0 to 247.0 and 307.0 to 368.0, does the camera capture the man delivering the speech from a stationary position?",
        "answer": "No",
        "old_answer": "No"
    },
    {
        "qa_idx": 7,
        "qa_type": "qa",
        "qa_level": "long_term",
        "qa_task": "action-understanding",
        "question": "Did the man at the podium ever remove his suit jacket during the Blue Origin event from 36.0 to 3467.0 seconds?",
        "answer": "No",
        "old_answer": "No"
    },
    {
        "qa_idx": 9,
        "qa_type": "qa",
        "qa_level": "long_term",
        "qa_task": "action-understanding",
        "question": "During the Blue Origin event from 36.0 to 3467.0 seconds, did the man at the podium perform a dance routine?",
        "answer": "No",
        "old_answer": "No"
    },
    {
        "qa_idx": 10,
        "qa_task": "attribute-change",
        "question": "How does the backdrop of the event change throughout the video from 1278.0 to 1352.0 seconds?",
        "options": [
            "A. The backdrop changes from an indoor setting to an outdoor setting.",
            "B. The backdrop remains consistently an outdoor or semi-outdoor setting with visible greenery.",
            "C. The backdrop changes from a plain wall to a large screen displaying the Blue Origin logo.",
            "D. The backdrop changes from a green landscape to an industrial setting."
        ],
        "answer": "B",
        "qa_level": "within_event",
        "qa_type": "mcqa",
        "old_answer": "B"
    },
    {
        "qa_idx": 11,
        "qa_task": "attribute-change",
        "question": "How does the lighting change between the two video events from 2257.0 to 2330.0 seconds and H to e seconds?",
        "options": [
            "A. The lighting remains consistent as daytime in both events.",
            "B. The lighting changes from daytime to nighttime.",
            "C. The lighting changes from nighttime to daytime.",
            "D. The lighting changes from bright to dim."
        ],
        "answer": "A",
        "qa_level": "cross_event",
        "qa_type": "mcqa",
        "old_answer": "A"
    },
    {
        "qa_idx": 13,
        "qa_task": "camera-direction",
        "question": "How does the camera movement direction change from the beginning to the end of the event between 1934.0 seconds and 2114.0 seconds?",
        "options": [
            "A. The camera starts by focusing on the man at the podium and then moves to capture the audience and the stage.",
            "B. The camera remains static, focusing only on the man at the podium throughout the event.",
            "C. The camera starts by capturing the audience and then moves to focus on the man at the podium.",
            "D. The camera moves randomly without any specific direction."
        ],
        "answer": "A",
        "qa_level": "cross_event",
        "qa_type": "mcqa",
        "old_answer": "A"
    },
    {
        "qa_idx": 14,
        "qa_task": "time-order",
        "question": "What is the sequence of events in the video from 1278.0 to 1352.0 seconds?",
        "options": [
            "A. A man in a suit delivers a speech at a formal outdoor event related to Blue Origin, with dignitaries seated on stage and an attentive audience.",
            "B. A man in a suit delivers a speech at a formal indoor event related to Blue Origin, with dignitaries seated on stage and an attentive audience.",
            "C. A man in casual attire delivers a speech at an informal outdoor event related to Blue Origin, with no audience present.",
            "D. A man in a suit delivers a speech at a formal outdoor event unrelated to Blue Origin, with dignitaries seated on stage and an attentive audience."
        ],
        "answer": "A",
        "qa_level": "cross_event",
        "qa_type": "mcqa",
        "old_answer": "A"
    },
    {
        "qa_idx": 15,
        "qa_task": "temporal-relationship",
        "question": "What happens after the man in a suit starts delivering a speech at the Blue Origin event?",
        "options": [
            "A. The audience begins to leave.",
            "B. The event shifts to show rows of seated men and women dressed in formal attire.",
            "C. The man in a suit leaves the podium.",
            "D. The event ends immediately."
        ],
        "answer": "B",
        "qa_level": "long_term",
        "qa_type": "mcqa",
        "old_answer": "B"
    },
    {
        "qa_idx": 18,
        "qa_task": "counting",
        "question": "How many people are seated in a row on stage during the Blue Origin event from 36.0 to 3467.0 seconds?",
        "options": [
            "A. Nine.",
            "B. Ten.",
            "C. Eleven.",
            "D. Twelve."
        ],
        "answer": "C",
        "qa_level": "long_term",
        "qa_type": "mcqa",
        "old_answer": "C"
    },
    {
        "qa_idx": 20,
        "qa_task": "object-direction",
        "question": "In which direction is the man at the podium positioned relative to the stage during the Blue Origin event from 36.0 to 3467.0 seconds?",
        "options": [
            "A. Left side of the stage.",
            "B. Right side of the stage.",
            "C. Center of the stage.",
            "D. Back of the stage."
        ],
        "answer": "C",
        "qa_level": "long_term",
        "qa_type": "mcqa",
        "old_answer": "C"
    },
    {
        "qa_idx": 21,
        "qa_task": "camera-direction",
        "question": "As the event progresses from 36.0 to 3467.0 seconds, what direction does the camera move to capture the man standing behind the clear podium?",
        "options": [
            "A. The camera moves closer to the man.",
            "B. The camera moves away from the man.",
            "C. The camera moves to the left of the man.",
            "D. The camera moves to the right of the man."
        ],
        "answer": "A",
        "qa_level": "long_term",
        "qa_type": "mcqa",
        "old_answer": "A"
    },
    {
        "qa_idx": 22,
        "qa_task": "speed",
        "question": "How does the speed of the event's progression change from the beginning to the end of the Blue Origin event from 36.0 to 3467.0 seconds?",
        "options": [
            "A. The event starts slowly and then speeds up.",
            "B. The event maintains a consistent speed throughout.",
            "C. The event starts quickly and then slows down.",
            "D. The event has no noticeable change in speed."
        ],
        "answer": "B",
        "qa_level": "long_term",
        "qa_type": "mcqa",
        "old_answer": "B"
    }
]