[
    {
        "qa_idx": 0,
        "qa_task": "descriptive-scene",
        "question": "What is the background color of the wall in the scene at 2361.0 seconds?",
        "options": [
            "A. Dark blue with large white polka dots.",
            "B. Light blue with small white polka dots.",
            "C. Dark green with large white polka dots.",
            "D. Light green with small white polka dots."
        ],
        "answer": "A",
        "qa_level": "frame",
        "qa_type": "mcqa",
        "old_answer": "A"
    },
    {
        "qa_idx": 1,
        "qa_task": "object understanding",
        "question": "What is the appearance of the yellow worm-like figure in the video frame at 1789.0 seconds?",
        "options": [
            "A. A yellow worm-like figure with a brown cap hanging from a rope.",
            "B. A green worm-like figure with a red cap hanging from a rope.",
            "C. A blue worm-like figure with a black cap hanging from a rope.",
            "D. A red worm-like figure with a white cap hanging from a rope."
        ],
        "answer": "A",
        "qa_level": "frame",
        "qa_type": "mcqa",
        "old_answer": "A"
    },
    {
        "qa_idx": 2,
        "qa_type": "qa",
        "qa_level": "within_event",
        "qa_task": "character-understanding",
        "question": "Did the video event include a person wearing blue trousers and brown boots from 2333.0 to 2391.0 seconds?",
        "answer": "Yes",
        "old_answer": "Yes"
    },
    {
        "qa_idx": 3,
        "qa_type": "qa",
        "qa_level": "within_event",
        "qa_task": "speed",
        "question": "Did the animated characters in the rooftop scene move slowly from 2541.0 to 2608.0 seconds?",
        "answer": "No",
        "old_answer": "No"
    },
    {
        "qa_idx": 5,
        "qa_task": "temporal-relationship",
        "question": "What was the person doing at the beginning of the scene from 2204.0 to 2265.0 seconds?",
        "options": [
            "A. The person was hammering a nail.",
            "B. The person was engaged in a meticulous task with various tools on a worktable.",
            "C. The person was manipulating insect-like characters with tweezers.",
            "D. The person was displaying a green praying mantis on a corkboard."
        ],
        "answer": "B",
        "qa_level": "within_event",
        "qa_type": "mcqa",
        "old_answer": "B"
    },
    {
        "qa_idx": 7,
        "qa_task": "attribute-change",
        "question": "How does the scene change from the beginning to the end of the video segment from 572.0 to 666.0 seconds?",
        "options": [
            "A. The scene starts with a calm atmosphere and ends with a chaotic one.",
            "B. The scene starts with a dark ambiance and gradually becomes brighter.",
            "C. The scene starts with a few toys and ends with many toys interacting dynamically.",
            "D. The scene starts with a live-action table tennis scene and ends with a different live-action scene."
        ],
        "answer": "C",
        "qa_level": "cross_event",
        "qa_type": "mcqa",
        "old_answer": "C"
    },
    {
        "qa_idx": 14,
        "qa_task": "descriptive-scene",
        "question": "Where do the animated characters interact with various objects like plants, flowerpots, and decorative items in the video from 1.0 to 2644.0 seconds?",
        "options": [
            "A. In a garden.",
            "B. In a cozy indoor setting.",
            "C. On a beach.",
            "D. In an urban street."
        ],
        "answer": "B",
        "qa_level": "long_term",
        "qa_type": "mcqa",
        "old_answer": "B"
    }
]