[
    {
        "qa_idx": 1,
        "qa_type": "qa",
        "qa_level": "frame",
        "qa_task": "character-understanding",
        "question": "Is there a toy-like figure in the bottom-left corner of the frame at the 110.0-second mark?",
        "answer": "Yes",
        "old_answer": "Yes"
    },
    {
        "qa_idx": 2,
        "qa_task": "descriptive-scene",
        "question": "What is presented in the frame at 3981.0 seconds into the video?",
        "options": [
            "A. A detailed technical specifications table for an electronic device.",
            "B. A scenic landscape view.",
            "C. A cooking recipe.",
            "D. A sports event."
        ],
        "answer": "A",
        "qa_level": "frame",
        "qa_type": "mcqa",
        "old_answer": "A"
    },
    {
        "qa_idx": 3,
        "qa_type": "qa",
        "qa_level": "within_event",
        "qa_task": "plot-understanding",
        "question": "Is the Reon Pocket device controlled via a smartphone application in the video event from 373.0 to 389.0 seconds?",
        "answer": "Yes",
        "old_answer": "Yes"
    },
    {
        "qa_idx": 5,
        "qa_task": "speed",
        "question": "Between the dual-screen video call setup and the promotional webpage showcasing favorite items, which scene transitions faster in the video event from 2275.0 to 2299.0 seconds?",
        "options": [
            "A. The dual-screen video call setup.",
            "B. The promotional webpage showcasing favorite items.",
            "C. Both transitions occur at the same speed.",
            "D. None of the above."
        ],
        "answer": "B",
        "qa_level": "within_event",
        "qa_type": "mcqa",
        "old_answer": "B"
    },
    {
        "qa_idx": 6,
        "qa_type": "qa",
        "qa_level": "long_term",
        "qa_task": "action-understanding",
        "question": "During the webcast discussion in 'The WAN Show' from 90.0 to 6205.0 seconds, did the participants engage in a live cooking demonstration?",
        "answer": "No",
        "old_answer": "No"
    },
    {
        "qa_idx": 8,
        "qa_task": "spatial-relationship",
        "question": "In the split-screen webcast discussion from 90.0 to 6205.0 seconds, what is the background setting of the participant on the right?",
        "options": [
            "A. A neutral backdrop with closed doors.",
            "B. A setting with wooden elements and some greenery.",
            "C. A plain background with a door.",
            "D. A vibrant indoor scene with a wooden door and a potted plant."
        ],
        "answer": "B",
        "qa_level": "long_term",
        "qa_type": "mcqa",
        "old_answer": "B"
    },
    {
        "qa_idx": 11,
        "qa_task": "plot-understanding",
        "question": "What is the main focus of 'The WAN Show' webcast as depicted in the video events from 90.0 to 6205.0 seconds?",
        "options": [
            "A. Discussing the Reon Pocket device and its functionalities.",
            "B. Promoting new merchandise from LTTStore.com and engaging with viewers through social media.",
            "C. Demonstrating the One Netbook OneGx1 gaming laptop.",
            "D. Exploring a pixelated animated forest environment."
        ],
        "answer": "B",
        "qa_level": "long_term",
        "qa_type": "mcqa",
        "old_answer": "B"
    },
    {
        "qa_idx": 12,
        "qa_task": "camera-direction",
        "question": "How does the camera direction change from the webcast discussion to the advertisement for the Reon Pocket between 90.0 and 6205.0 seconds?",
        "options": [
            "A. The camera zooms in on the webcast participants.",
            "B. The camera shifts from a split-screen view to a close-up of the Reon Pocket device.",
            "C. The camera pans from the webcast participants to a wide shot of the Reon Pocket advertisement.",
            "D. The camera remains static on the webcast participants."
        ],
        "answer": "B",
        "qa_level": "long_term",
        "qa_type": "mcqa",
        "old_answer": "B"
    },
    {
        "qa_idx": 14,
        "qa_task": "attribute-change",
        "question": "How does the background of the webcast participants change from the beginning to the end of the video event?",
        "options": [
            "A. The background remains the same throughout the video.",
            "B. The background changes from a neutral backdrop to a pixelated forest environment.",
            "C. The background changes from a neutral backdrop to a promotional webpage.",
            "D. The background changes from a neutral backdrop to a minimalist white canvas with hexagonal shapes."
        ],
        "answer": "B",
        "qa_level": "long_term",
        "qa_type": "mcqa",
        "old_answer": "B"
    },
    {
        "qa_idx": 17,
        "qa_task": "time-order",
        "question": "In which order do the events occur in the video from 90.0 to 6205.0 seconds?",
        "options": [
            "A. (a) Two individuals engaged in a webcast discussion. (b) Informational scene about the Reon Pocket. (c) Advertisement or review of the 'REON POCKET.' (d) Online shopping interface for cooling devices. (e) Split-screen setup for 'The WAN Show.' (f) Pixelated animated scene in a forest.",
            "B. (a) Informational scene about the Reon Pocket. (b) Two individuals engaged in a webcast discussion. (c) Advertisement or review of the 'REON POCKET.' (d) Split-screen setup for 'The WAN Show.' (e) Online shopping interface for cooling devices. (f) Pixelated animated scene in a forest.",
            "C. (a) Advertisement or review of the 'REON POCKET.' (b) Two individuals engaged in a webcast discussion. (c) Informational scene about the Reon Pocket. (d) Split-screen setup for 'The WAN Show.' (e) Online shopping interface for cooling devices. (f) Pixelated animated scene in a forest.",
            "D. (a) Two individuals engaged in a webcast discussion. (b) Advertisement or review of the 'REON POCKET.' (c) Informational scene about the Reon Pocket. (d) Online shopping interface for cooling devices. (e) Split-screen setup for 'The WAN Show.' (f) Pixelated animated scene in a forest."
        ],
        "answer": "A",
        "qa_level": "long_term",
        "qa_type": "mcqa",
        "old_answer": "A"
    }
]