[
    {
        "qa_idx": 0,
        "qa_type": "qa",
        "qa_level": "frame",
        "qa_task": "character-understanding",
        "question": "At 896.0 seconds into the video, is the person wearing sneakers?",
        "answer": "Yes",
        "old_answer": "Yes"
    },
    {
        "qa_idx": 2,
        "qa_task": "object understanding",
        "question": "What items are present on the wooden table at 1583.0 seconds into the video?",
        "options": [
            "A. Books and pens.",
            "B. Leaves and string.",
            "C. Paints and brushes.",
            "D. Electronic gadgets."
        ],
        "answer": "B",
        "qa_level": "frame",
        "qa_type": "mcqa",
        "old_answer": "B"
    },
    {
        "qa_idx": 5,
        "qa_task": "spatial-relationship",
        "question": "What is the spatial relationship between the outdoor setting and the indoor museum space in the video events from 1078.0 to 1166.0 seconds?",
        "options": [
            "A. The outdoor setting is adjacent to the museum space.",
            "B. The outdoor setting is far away from the museum space.",
            "C. The outdoor setting is inside the museum space.",
            "D. The outdoor setting is above the museum space."
        ],
        "answer": "A",
        "qa_level": "cross_event",
        "qa_type": "mcqa",
        "old_answer": "A"
    },
    {
        "qa_idx": 6,
        "qa_task": "temporal-relationship",
        "question": "What happens after the scene inside a bus populated with numerous passengers?",
        "options": [
            "A. The scene transitions to a well-lit cabin with blue curtains on a train or bus.",
            "B. The scene transitions to a bustling street filled with people.",
            "C. The scene transitions to a serene courtyard within a house.",
            "D. The scene transitions to a culinary scene with a container of tofu."
        ],
        "answer": "A",
        "qa_level": "long_term",
        "qa_type": "mcqa",
        "old_answer": "A"
    },
    {
        "qa_idx": 7,
        "qa_task": "time-order",
        "question": "In which order do the events occur in the video from 1.0 to 2064.0 seconds?",
        "options": [
            "A. The video starts with a scene inside a bus, transitions to a train journey, then to a bustling train station, followed by a traditional town with a historic bridge, and ends with a serene nighttime scene by a waterway.",
            "B. The video starts with a bustling train station, transitions to a train journey, then to a scene inside a bus, followed by a traditional town with a historic bridge, and ends with a serene nighttime scene by a waterway.",
            "C. The video starts with a traditional town with a historic bridge, transitions to a train journey, then to a bustling train station, followed by a scene inside a bus, and ends with a serene nighttime scene by a waterway.",
            "D. The video starts with a serene nighttime scene by a waterway, transitions to a traditional town with a historic bridge, then to a bustling train station, followed by a train journey, and ends with a scene inside a bus."
        ],
        "answer": "A",
        "qa_level": "long_term",
        "qa_type": "mcqa",
        "old_answer": "A"
    },
    {
        "qa_idx": 8,
        "qa_task": "plot-understanding",
        "question": "What is the main setting of the video from 1.0 to 2064.0 seconds?",
        "options": [
            "A. A bus journey.",
            "B. A train journey.",
            "C. A traditional town.",
            "D. A bustling street market."
        ],
        "answer": "B",
        "qa_level": "long_term",
        "qa_type": "mcqa",
        "old_answer": "B"
    },
    {
        "qa_idx": 9,
        "qa_task": "speed",
        "question": "Which mode of transportation is depicted as moving faster in the video from 1.0 to 2064.0 seconds?",
        "options": [
            "A. The bus.",
            "B. The train.",
            "C. Both are at the same speed.",
            "D. None of the above."
        ],
        "answer": "B",
        "qa_level": "long_term",
        "qa_type": "mcqa",
        "old_answer": "B"
    },
    {
        "qa_idx": 12,
        "qa_task": "descriptive-scene",
        "question": "Where do the events from 1.0 to 2064.0 seconds primarily take place?",
        "options": [
            "A. On a bus and a train.",
            "B. In a traditional town and a modern city.",
            "C. In a bustling street market and a cozy dining area.",
            "D. On a boat and by a riverside."
        ],
        "answer": "A",
        "qa_level": "long_term",
        "qa_type": "mcqa",
        "old_answer": "A"
    }
]