[
    {
        "qa_idx": 0,
        "qa_type": "qa",
        "qa_level": "frame",
        "qa_task": "object understanding",
        "question": "Is there a tissue box on the desk in the recording studio at 366.0 seconds into the video?",
        "answer": "Yes",
        "old_answer": "Yes"
    },
    {
        "qa_idx": 1,
        "qa_type": "qa",
        "qa_level": "frame",
        "qa_task": "object understanding",
        "question": "Is there a monitor displaying partial text mounted on the wall behind the individuals at the 320.0-second mark in the video?",
        "answer": "Yes",
        "old_answer": "Yes"
    },
    {
        "qa_idx": 2,
        "qa_task": "descriptive-scene",
        "question": "Where are the individuals in the video frame at 1186.0 seconds?",
        "options": [
            "A. In a kitchen.",
            "B. In a recording studio.",
            "C. In a living room.",
            "D. In an office."
        ],
        "answer": "B",
        "qa_level": "frame",
        "qa_type": "mcqa",
        "old_answer": "B"
    },
    {
        "qa_idx": 3,
        "qa_type": "qa",
        "qa_level": "within_event",
        "qa_task": "speed",
        "question": "Did the individuals in the studio setting move quickly during the event from 1519.0 to 1589.0 seconds?",
        "answer": "No",
        "old_answer": "No"
    },
    {
        "qa_idx": 4,
        "qa_type": "qa",
        "qa_level": "within_event",
        "qa_task": "speed",
        "question": "Is the conversation or interview taking place at a fast pace from 764.0 to 850.0 seconds?",
        "answer": "No",
        "old_answer": "No"
    },
    {
        "qa_idx": 5,
        "qa_task": "spatial-relationship",
        "question": "Where is the computer monitor located in the frame captured at 1772.0 seconds?",
        "options": [
            "A. At the left edge of the frame.",
            "B. In the center of the frame.",
            "C. At the right edge of the frame.",
            "D. Behind the individuals."
        ],
        "answer": "C",
        "qa_level": "frame",
        "qa_type": "mcqa",
        "old_answer": "C"
    },
    {
        "qa_idx": 6,
        "qa_type": "qa",
        "qa_level": "cross_event",
        "qa_task": "speed",
        "question": "From 275.0 to 330.0, did the individuals in the recording studio appear to be engaged in their activities at a fast pace compared to the individuals from 342.0 to 370.0?",
        "answer": "No",
        "old_answer": "No"
    },
    {
        "qa_idx": 7,
        "qa_type": "qa",
        "qa_level": "cross_event",
        "qa_task": "speed",
        "question": "Between 114.0 to 123.0 and 146.0 to 206.0, did the individuals in the recording studio appear to be moving or speaking at a fast pace?",
        "answer": "No",
        "old_answer": "No"
    },
    {
        "qa_idx": 9,
        "qa_type": "qa",
        "qa_level": "long_term",
        "qa_task": "speed",
        "question": "Throughout the video from 6.0 to 2434.0 seconds, do the individuals in the recording studio appear to be engaged in their activities at a fast pace?",
        "answer": "No",
        "old_answer": "No"
    },
    {
        "qa_idx": 10,
        "qa_task": "camera-direction",
        "question": "Does the camera focus more on the woman or the overall studio setting from 492.0 to 553.0 seconds?",
        "options": [
            "A. The camera focuses more on the woman.",
            "B. The camera focuses more on the overall studio setting.",
            "C. The camera alternates between the woman and the overall studio setting.",
            "D. The camera focuses on the equipment only."
        ],
        "answer": "C",
        "qa_level": "within_event",
        "qa_type": "mcqa",
        "old_answer": "C"
    },
    {
        "qa_idx": 12,
        "qa_task": "object-direction",
        "question": "In the video events from 2273.0 to 2338.0 seconds and H to e seconds, what is the direction of the smartphone movement?",
        "options": [
            "A. The smartphone is passed from the woman to the man.",
            "B. The smartphone is passed from the man to the woman.",
            "C. The smartphone remains stationary in the woman's hand.",
            "D. The smartphone is placed on the couch between the two individuals."
        ],
        "answer": "C",
        "qa_level": "cross_event",
        "qa_type": "mcqa",
        "old_answer": "C"
    },
    {
        "qa_idx": 19,
        "qa_task": "camera-direction",
        "question": "In the video from 6.0 to 2434.0 seconds, what is the camera movement when the woman in a denim jacket and headphones is shown speaking into a microphone with the Comedy Central logo and 'YOU UP w/ NIKKI GLASER' sign in the background?",
        "options": [
            "A. The camera moves closer to the woman.",
            "B. The camera moves away from the woman.",
            "C. The camera remains stationary.",
            "D. The camera pans to the left."
        ],
        "answer": "A",
        "qa_level": "long_term",
        "qa_type": "mcqa",
        "old_answer": "A"
    },
    {
        "qa_idx": 20,
        "qa_task": "speed",
        "question": "Who is faster in engaging with the audio equipment in the recording studio from 6.0 to 2434.0 seconds?",
        "options": [
            "A. The woman in the denim jacket.",
            "B. The man in the gray shirt.",
            "C. Both are equally fast.",
            "D. None of the above."
        ],
        "answer": "A",
        "qa_level": "long_term",
        "qa_type": "mcqa",
        "old_answer": "A"
    },
    {
        "qa_idx": 21,
        "qa_task": "attribute-change",
        "question": "How does the background change in the recording studio from 6.0 to 2434.0 seconds?",
        "options": [
            "A. The background changes from a plain wall to a Comedy Central logo and 'YOU UP' sign.",
            "B. The background changes from a Comedy Central logo to a plain wall.",
            "C. The background changes from a 'YOU UP' sign to a different show logo.",
            "D. The background remains the same throughout."
        ],
        "answer": "A",
        "qa_level": "long_term",
        "qa_type": "mcqa",
        "old_answer": "A"
    },
    {
        "qa_idx": 23,
        "qa_task": "object understanding",
        "question": "What objects are featured on the desk in the recording studio from 6.0 to 2434.0 seconds?",
        "options": [
            "A. A can of soda, a bottle of hand sanitizer, and a small router.",
            "B. A book, a pen, and a lamp.",
            "C. A cup of coffee, a notebook, and a plant.",
            "D. A pair of glasses, a phone, and a mouse."
        ],
        "answer": "A",
        "qa_level": "long_term",
        "qa_type": "mcqa",
        "old_answer": "A"
    }
]