[
    {
        "qa_idx": 0,
        "qa_type": "qa",
        "qa_level": "frame",
        "qa_task": "character-understanding",
        "question": "Is the person in the video frame at 82.0 seconds depicted with a pixelated design?",
        "answer": "Yes",
        "old_answer": "Yes"
    },
    {
        "qa_idx": 2,
        "qa_type": "qa",
        "qa_level": "frame",
        "qa_task": "object understanding",
        "question": "Is the man wearing a dark T-shirt with a graphic of a mountainous landscape beneath a yellow sun at 1543.0 seconds into the video?",
        "answer": "Yes",
        "old_answer": "Yes"
    },
    {
        "qa_idx": 3,
        "qa_type": "qa",
        "qa_level": "within_event",
        "qa_task": "camera-direction",
        "question": "Does the camera remain stationary while capturing the person in the orange chair labeled 'MAXNOMIC' and 'linus' from 994.0 to 1073.0 seconds?",
        "answer": "Yes",
        "old_answer": "Yes"
    },
    {
        "qa_idx": 4,
        "qa_type": "qa",
        "qa_level": "within_event",
        "qa_task": "action-understanding",
        "question": "During the video sequence from 98.0 to 358.0 seconds, do the pixelated human figures engage in a dance routine against the stark white background?",
        "answer": "No",
        "old_answer": "No"
    },
    {
        "qa_idx": 5,
        "qa_type": "qa",
        "qa_level": "cross_event",
        "qa_task": "action-understanding",
        "question": "In both events from 607.0 to 667.0 and 857.0 to 993.0, is the person interacting with a microphone mounted on a boom arm?",
        "answer": "Yes",
        "old_answer": "Yes"
    },
    {
        "qa_idx": 7,
        "qa_type": "qa",
        "qa_level": "long_term",
        "qa_task": "speed",
        "question": "Did the character in the pixelated forest environment navigate through the swamp quickly? (78.0 to 3273.0 seconds)",
        "answer": "No",
        "old_answer": "No"
    },
    {
        "qa_idx": 8,
        "qa_task": "time-order",
        "question": "What is the sequence of events in the video from 607.0 to 667.0 seconds?",
        "options": [
            "A. A man is seen in a recording studio with a colorful backdrop, interacting with a microphone, and promoting 'The WAN Show'.",
            "B. A man is seen in a recording studio with a colorful backdrop, promoting 'The WAN Show', and then interacting with a microphone.",
            "C. A man is seen promoting 'The WAN Show', interacting with a microphone, and then in a recording studio with a colorful backdrop.",
            "D. A man is seen interacting with a microphone, promoting 'The WAN Show', and then in a recording studio with a colorful backdrop."
        ],
        "answer": "A",
        "qa_level": "cross_event",
        "qa_type": "mcqa",
        "old_answer": "A"
    },
    {
        "qa_idx": 9,
        "qa_task": "temporal-relationship",
        "question": "What happens after the character in the pixelated forest humorously contemplates 'Maybe if I clench hard enough... Nope, I'm dead'?",
        "options": [
            "A. The character navigates through the swamp.",
            "B. The character engages in a conversation with another character wearing a black t-shirt with a yellow-orange emblem.",
            "C. The scene transitions to a minimalist depiction featuring geometric shapes.",
            "D. The character stands in a brown elongated boat holding a pole."
        ],
        "answer": "B",
        "qa_level": "long_term",
        "qa_type": "mcqa",
        "old_answer": "B"
    },
    {
        "qa_idx": 10,
        "qa_task": "causal",
        "question": "Why does the character in the pixelated forest environment humorously contemplate 'Maybe if I clench hard enough... Nope, I'm dead'?",
        "options": [
            "A. The character is trying to navigate through the swamp.",
            "B. The character is facing a moment of introspection and sudden realization of danger.",
            "C. The character is preparing for a tech show.",
            "D. The character is engaged in a conversation with another character."
        ],
        "answer": "B",
        "qa_level": "long_term",
        "qa_type": "mcqa",
        "old_answer": "B"
    },
    {
        "qa_idx": 12,
        "qa_task": "camera-direction",
        "question": "In the video sequence from 78.0 to 3273.0 seconds, what direction does the camera move when transitioning from the pixelated forest environment to the tech show studio setup?",
        "options": [
            "A. The camera moves closer to the pixelated character.",
            "B. The camera zooms out to show the entire forest.",
            "C. The camera transitions to a different scene entirely.",
            "D. The camera pans to the left to reveal the tech show studio."
        ],
        "answer": "C",
        "qa_level": "long_term",
        "qa_type": "mcqa",
        "old_answer": "C"
    },
    {
        "qa_idx": 13,
        "qa_task": "attribute-change",
        "question": "How does the background change from the beginning to the end of the video sequence from 78.0 to 3273.0 seconds?",
        "options": [
            "A. From a pixelated, lush, green forest environment to a minimalist scene with hexagonal shapes.",
            "B. From a minimalist scene with hexagonal shapes to a pixelated, lush, green forest environment.",
            "C. From a professional studio setup to a pixelated, lush, green forest environment.",
            "D. From a pixelated, lush, green forest environment to a professional studio setup."
        ],
        "answer": "A",
        "qa_level": "long_term",
        "qa_type": "mcqa",
        "old_answer": "A"
    },
    {
        "qa_idx": 15,
        "qa_task": "descriptive-scene",
        "question": "Where does the event featuring a pixelated character navigating through a swamp take place?",
        "options": [
            "A. In a pixelated, lush, green forest environment.",
            "B. In a high-tech studio setting.",
            "C. In a minimalist scene with hexagonal shapes.",
            "D. In a recording or broadcasting studio."
        ],
        "answer": "A",
        "qa_level": "long_term",
        "qa_type": "mcqa",
        "old_answer": "A"
    }
]