[
    {
        "qa_idx": 0,
        "qa_type": "qa",
        "qa_level": "frame",
        "qa_task": "object understanding",
        "question": "Is the title 'Sígueme el Viaje' visible on the most prominent document in the frame at 5641.0 seconds?",
        "answer": "Yes",
        "old_answer": "Yes"
    },
    {
        "qa_idx": 1,
        "qa_task": "object understanding",
        "question": "What is the backdrop design in the scene at 533.0 seconds into the video?",
        "options": [
            "A. A plain white background.",
            "B. A blue, cloudy pattern.",
            "C. A green forest scenery.",
            "D. A red brick wall."
        ],
        "answer": "B",
        "qa_level": "frame",
        "qa_type": "mcqa",
        "old_answer": "B"
    },
    {
        "qa_idx": 2,
        "qa_type": "qa",
        "qa_level": "within_event",
        "qa_task": "object understanding",
        "question": "Is there a red X marked over one of the photographs in the file containing detailed profiles of 'Principales Sospechosos' related to case number 6969 from 5624.0 to 5641.0 seconds?",
        "answer": "Yes",
        "old_answer": "Yes"
    },
    {
        "qa_idx": 3,
        "qa_task": "descriptive-scene",
        "question": "What is the background of the video frame at 2033.0 seconds?",
        "options": [
            "A. A blue cloud-like background.",
            "B. A green forest background.",
            "C. A red brick wall background.",
            "D. A yellow desert background."
        ],
        "answer": "A",
        "qa_level": "frame",
        "qa_type": "mcqa",
        "old_answer": "A"
    },
    {
        "qa_idx": 4,
        "qa_type": "qa",
        "qa_level": "within_event",
        "qa_task": "speed",
        "question": "Are the men in the video moving quickly during the broadcast session from 3506.0 to 4007.0 seconds?",
        "answer": "No",
        "old_answer": "No"
    },
    {
        "qa_idx": 6,
        "qa_type": "qa",
        "qa_level": "cross_event",
        "qa_task": "action-understanding",
        "question": "In the event from 1532.0 to 2033.0, is Macario Brujo standing while speaking into a microphone?",
        "answer": "Yes",
        "old_answer": "Yes"
    },
    {
        "qa_idx": 8,
        "qa_type": "qa",
        "qa_level": "cross_event",
        "qa_task": "action-understanding",
        "question": "During the event from 1532.0 to 2033.0, do Macario Brujo and Franco Escamilla perform a live musical performance against the blue, cloud-like background?",
        "answer": "No",
        "old_answer": "No"
    },
    {
        "qa_idx": 9,
        "qa_task": "scene-understanding",
        "question": "What is the title of the open folder displayed from 21.0 to 33.0 seconds?",
        "options": [
            "A. Principales Sospechosos.",
            "B. Sígueme el Viaje.",
            "C. RAPOSDIA.",
            "D. RPM."
        ],
        "answer": "A",
        "qa_level": "within_event",
        "qa_type": "mcqa",
        "old_answer": "A"
    },
    {
        "qa_idx": 10,
        "qa_task": "speed",
        "question": "Based on the descriptions, which individual appears to be more active in terms of movement during the event from 1532.0 to 2033.0 seconds?",
        "options": [
            "A. Macario Brujo.",
            "B. Franco Escamilla.",
            "C. Both are equally active.",
            "D. Neither is active."
        ],
        "answer": "A",
        "qa_level": "cross_event",
        "qa_type": "mcqa",
        "old_answer": "A"
    },
    {
        "qa_idx": 15,
        "qa_task": "speed",
        "question": "During the online broadcast featuring Macario Brujo and Franco Escamilla, who appears to be more active and engaged in the conversation based on their gestures and actions from 782.0 to 5642.0 seconds?",
        "options": [
            "A. Macario Brujo.",
            "B. Franco Escamilla.",
            "C. Both are equally active.",
            "D. Neither of them."
        ],
        "answer": "A",
        "qa_level": "long_term",
        "qa_type": "mcqa",
        "old_answer": "A"
    },
    {
        "qa_idx": 16,
        "qa_task": "attribute-change",
        "question": "How does the background change from the beginning to the end of the video segment from 6.0 to 5642.0 seconds?",
        "options": [
            "A. From a dark backdrop to a blue, cloud-like background.",
            "B. From a blue, cloud-like background to a dark backdrop.",
            "C. From a dark backdrop to a completely black frame.",
            "D. From a blue, cloud-like background to a completely black frame."
        ],
        "answer": "C",
        "qa_level": "long_term",
        "qa_type": "mcqa",
        "old_answer": "C"
    },
    {
        "qa_idx": 17,
        "qa_task": "character-understanding",
        "question": "What is the name of the man wearing a black t-shirt with a graphic design and holding a microphone in the split-screen format against a blue, cloud-like background from 782.0 to 1331.0 seconds?",
        "options": [
            "A. Franco Escamilla.",
            "B. Macario Brujo.",
            "C. Rob Zombie.",
            "D. Centro de Investigación Reñoño."
        ],
        "answer": "B",
        "qa_level": "long_term",
        "qa_type": "mcqa",
        "old_answer": "B"
    }
]