[
    {
        "qa_idx": 0,
        "qa_type": "qa",
        "qa_level": "frame",
        "qa_task": "object understanding",
        "question": "Are there blue plastic cups with yellow straws on the table at 794.0 seconds into the video?",
        "answer": "Yes",
        "old_answer": "Yes"
    },
    {
        "qa_idx": 1,
        "qa_type": "qa",
        "qa_level": "frame",
        "qa_task": "object understanding",
        "question": "Is there a poster or decorative item visible on the wooden wall at 787.0 seconds into the video?",
        "answer": "Yes",
        "old_answer": "Yes"
    },
    {
        "qa_idx": 2,
        "qa_task": "descriptive-scene",
        "question": "Where does the scene at 148.0 seconds into the video take place?",
        "options": [
            "A. In a bar or pub.",
            "B. In a living room.",
            "C. In a garden.",
            "D. In an office."
        ],
        "answer": "A",
        "qa_level": "frame",
        "qa_type": "mcqa",
        "old_answer": "A"
    },
    {
        "qa_idx": 3,
        "qa_type": "qa",
        "qa_level": "within_event",
        "qa_task": "action-understanding",
        "question": "During the event from 1528.0 to 1584.0 seconds, does anyone perform a live musical performance on a stage?",
        "answer": "No",
        "old_answer": "No"
    },
    {
        "qa_idx": 5,
        "qa_type": "qa",
        "qa_level": "within_event",
        "qa_task": "action-understanding",
        "question": "During the event from 1030.0 to 1109.0 seconds, do the individuals seated around the table engage in a dance performance?",
        "answer": "No",
        "old_answer": "No"
    },
    {
        "qa_idx": 6,
        "qa_type": "qa",
        "qa_level": "cross_event",
        "qa_task": "character-understanding",
        "question": "Were there individuals holding blue cups in both events from 1.0 to 51.0 seconds and 52.0 to 112.0 seconds?",
        "answer": "Yes",
        "old_answer": "Yes"
    },
    {
        "qa_idx": 8,
        "qa_type": "qa",
        "qa_level": "long_term",
        "qa_task": "speed",
        "question": "Did the individuals in the bar-like setting engage in their activities at a fast pace between 52.0 seconds and 1023.0 seconds?",
        "answer": "No",
        "old_answer": "No"
    },
    {
        "qa_idx": 9,
        "qa_task": "attribute-change",
        "question": "How does the background change from 1851.0 seconds to 1856.0 seconds in the video?",
        "options": [
            "A. The background changes from a vibrant red to a lively blue and then to a completely black frame.",
            "B. The background remains red throughout the entire sequence.",
            "C. The background changes from blue to red and then to green.",
            "D. The background changes from black to red and then to blue."
        ],
        "answer": "A",
        "qa_level": "within_event",
        "qa_type": "mcqa",
        "old_answer": "A"
    },
    {
        "qa_idx": 11,
        "qa_task": "speed",
        "question": "Between 1.0 seconds and 1856.0 seconds, which scene depicts a faster pace of activity?",
        "options": [
            "A. The scene at 1.0 seconds featuring a person running against a backdrop of radiant red rays and striking yellow and white diagonal lines.",
            "B. The scene at 42.0 seconds where a group of people gather around a wooden table with 'CAMP CAMP' signage, interacting casually.",
            "C. The scene at 52.0 seconds capturing three men sitting at a counter in a casual setting with blue plastic cups.",
            "D. The scene at 1810.0 seconds featuring a group of four individuals seated around a central table adorned with blue cups and papers."
        ],
        "answer": "A",
        "qa_level": "long_term",
        "qa_type": "mcqa",
        "old_answer": "A"
    },
    {
        "qa_idx": 12,
        "qa_task": "attribute-change",
        "question": "How does the background change from the beginning to the end of the event?",
        "options": [
            "A. From a dynamic red and yellow pattern to a black frame.",
            "B. From a static blue background to a dynamic red and yellow pattern.",
            "C. From a black frame to a dynamic red and yellow pattern.",
            "D. From a dynamic red and yellow pattern to a static blue background."
        ],
        "answer": "A",
        "qa_level": "long_term",
        "qa_type": "mcqa",
        "old_answer": "A"
    },
    {
        "qa_idx": 13,
        "qa_task": "character-understanding",
        "question": "What are the individuals primarily doing in the scenes from 1.0 to 1856.0 seconds?",
        "options": [
            "A. Engaging in casual conversations and social interactions.",
            "B. Participating in a formal meeting.",
            "C. Competing in a sports event.",
            "D. Performing on stage."
        ],
        "answer": "A",
        "qa_level": "long_term",
        "qa_type": "mcqa",
        "old_answer": "A"
    },
    {
        "qa_idx": 14,
        "qa_task": "object understanding",
        "question": "What objects are prominently featured on the table in the casual indoor settings throughout the video from 1.0 to 1856.0 seconds?",
        "options": [
            "A. Red cups with white straws.",
            "B. Blue cups with colorful straws.",
            "C. Green cups with black straws.",
            "D. Yellow cups with red straws."
        ],
        "answer": "B",
        "qa_level": "long_term",
        "qa_type": "mcqa",
        "old_answer": "B"
    }
]