[
    {
        "qa_idx": 0,
        "qa_type": "qa",
        "qa_level": "frame",
        "qa_task": "object understanding",
        "question": "Is the pink panther character wearing a green garment with a bone design at 863.0 seconds into the video?",
        "answer": "Yes",
        "old_answer": "Yes"
    },
    {
        "qa_idx": 1,
        "qa_task": "spatial-relationship",
        "question": "Where is the flower that appears to be walking purposefully located in the frame at 116.0 seconds?",
        "options": [
            "A. In the background on the right.",
            "B. In the foreground on the left.",
            "C. In the lower part of the frame on the right.",
            "D. In the upper part of the frame on the left."
        ],
        "answer": "B",
        "qa_level": "frame",
        "qa_type": "mcqa",
        "old_answer": "B"
    },
    {
        "qa_idx": 2,
        "qa_task": "character-understanding",
        "question": "What is the main feature of the house in the video frame at 205.0 seconds?",
        "options": [
            "A. The house has a flat roof with chimneys.",
            "B. The house has a sloped roof with no chimneys.",
            "C. The house has a thatched roof.",
            "D. The house has a dome-shaped roof."
        ],
        "answer": "A",
        "qa_level": "frame",
        "qa_type": "mcqa",
        "old_answer": "A"
    },
    {
        "qa_idx": 3,
        "qa_type": "qa",
        "qa_level": "within_event",
        "qa_task": "action-understanding",
        "question": "During the event from 1387.0 to 1437.0 seconds, does the white anthropomorphic character plant a new tree beside the large central tree?",
        "answer": "No",
        "old_answer": "No"
    },
    {
        "qa_idx": 4,
        "qa_task": "descriptive-scene",
        "question": "What is visible in the background of the scene at 674.0 seconds?",
        "options": [
            "A. A forest.",
            "B. A bridge.",
            "C. A building.",
            "D. A mountain."
        ],
        "answer": "B",
        "qa_level": "frame",
        "qa_type": "mcqa",
        "old_answer": "B"
    },
    {
        "qa_idx": 5,
        "qa_type": "qa",
        "qa_level": "within_event",
        "qa_task": "object understanding",
        "question": "Is there a brown monkey in an open cabinet in the bathroom from 1784.0 to 1849.0 seconds?",
        "answer": "Yes",
        "old_answer": "Yes"
    },
    {
        "qa_idx": 6,
        "qa_task": "spatial-relationship",
        "question": "Where is the character resembling the Pink Panther positioned in the frame at 1213.0 seconds?",
        "options": [
            "A. To the left.",
            "B. To the right.",
            "C. In the center.",
            "D. At the top."
        ],
        "answer": "B",
        "qa_level": "frame",
        "qa_type": "mcqa",
        "old_answer": "B"
    },
    {
        "qa_idx": 7,
        "qa_type": "qa",
        "qa_level": "cross_event",
        "qa_task": "character-understanding",
        "question": "Did the pink panther character interact with plumbing fixtures in both events from 1784.0 to 1849.0 and 1853.0 to 1917.0?",
        "answer": "Yes",
        "old_answer": "Yes"
    },
    {
        "qa_idx": 8,
        "qa_task": "character-understanding",
        "question": "What is the pink panther character wearing in the video event from 1110.0 to 1176.0 seconds?",
        "options": [
            "A. A red shirt and blue jeans.",
            "B. A knight's armor with a helmet featuring a red feather.",
            "C. A superhero costume with a cape.",
            "D. A casual outfit with a hat."
        ],
        "answer": "B",
        "qa_level": "within_event",
        "qa_type": "mcqa",
        "old_answer": "B"
    },
    {
        "qa_idx": 9,
        "qa_type": "qa",
        "qa_level": "cross_event",
        "qa_task": "action-understanding",
        "question": "In the scene from 1922.0 to 1989.0, does the white cartoon figure in the bathtub start a fire in the bathroom?",
        "answer": "No",
        "old_answer": "No"
    },
    {
        "qa_idx": 10,
        "qa_task": "camera-direction",
        "question": "During the event from 1387.0 to 1437.0 seconds, how does the camera movement emphasize the large tree with the house built in its canopy?",
        "options": [
            "A. The camera zooms out to show the entire cityscape.",
            "B. The camera pans to the left to reveal more of the urban environment.",
            "C. The camera keeps the large tree centered while showing the surrounding urban infrastructure.",
            "D. The camera moves upward to focus on the high-rise buildings."
        ],
        "answer": "C",
        "qa_level": "within_event",
        "qa_type": "mcqa",
        "old_answer": "C"
    },
    {
        "qa_idx": 11,
        "qa_task": "camera-direction",
        "question": "During the video sequence from 2073.0 to 2133.0 seconds, how does the camera transition from the suburban neighborhood to the more tranquil suburban environment?",
        "options": [
            "A. The camera moves backward to reveal the tranquil environment.",
            "B. The camera pans to the left to show the tranquil environment.",
            "C. The camera transitions smoothly to the adjacent tranquil environment.",
            "D. The camera zooms in on the tranquil environment."
        ],
        "answer": "C",
        "qa_level": "within_event",
        "qa_type": "mcqa",
        "old_answer": "C"
    },
    {
        "qa_idx": 12,
        "qa_type": "qa",
        "qa_level": "long_term",
        "qa_task": "character-understanding",
        "question": "Does the pink panther character appear in both indoor and outdoor settings throughout the video from 1.0 to 2133.0 seconds?",
        "answer": "Yes",
        "old_answer": "Yes"
    },
    {
        "qa_idx": 13,
        "qa_task": "temporal-relationship",
        "question": "What happens after the animated white character struggles in the light blue aquatic environment from 2011.0 to 2071.0 seconds?",
        "options": [
            "A. The character continues to struggle in the water.",
            "B. The scene transitions to a vertical viewpoint looking up a ladder against a large off-white wall.",
            "C. The character is seen scrubbing in a bathtub.",
            "D. The scene shifts to a suburban neighborhood with quaint homes."
        ],
        "answer": "B",
        "qa_level": "cross_event",
        "qa_type": "mcqa",
        "old_answer": "B"
    },
    {
        "qa_idx": 14,
        "qa_task": "causal",
        "question": "Why did the pink panther character wear a gas mask in various indoor settings from 1110.0 seconds to 2133.0 seconds?",
        "options": [
            "A. To protect from a bad odor.",
            "B. To hide its identity.",
            "C. To look fashionable.",
            "D. To scare other characters."
        ],
        "answer": "A",
        "qa_level": "long_term",
        "qa_type": "mcqa",
        "old_answer": "A"
    },
    {
        "qa_idx": 16,
        "qa_task": "object understanding",
        "question": "What objects are featured in the bathroom scenes from 1110.0 to 2133.0 seconds?",
        "options": [
            "A. A vintage-style bathtub, purple shower curtains, and a wicker laundry basket.",
            "B. A large white appliance, a fireplace, and a boiler.",
            "C. A yellow wrecking ball vehicle, tree stumps, and a control panel.",
            "D. A large tree trunk, a parachute, and a wooden log."
        ],
        "answer": "A",
        "qa_level": "long_term",
        "qa_type": "mcqa",
        "old_answer": "A"
    },
    {
        "qa_idx": 17,
        "qa_task": "time-order",
        "question": "In which order do the events occur in the video from 1.0 to 2133.0 seconds?",
        "options": [
            "A. The video starts with a black screen, transitions to the Pink Panther holding its nose, then shows a residential area, followed by indoor scenes with a vacuum cleaner, and ends with a whimsical animated sequence featuring a fishbowl.",
            "B. The video starts with a black screen, transitions to the Pink Panther holding its nose, then shows a residential area, followed by indoor scenes with a vacuum cleaner, and ends with a whimsical animated sequence featuring a knight and a dragon.",
            "C. The video starts with a black screen, transitions to the Pink Panther holding its nose, then shows a residential area, followed by indoor scenes with a vacuum cleaner, and ends with a whimsical animated sequence featuring a medieval castle.",
            "D. The video starts with a black screen, transitions to the Pink Panther holding its nose, then shows a residential area, followed by indoor scenes with a vacuum cleaner, and ends with a whimsical animated sequence featuring a suburban neighborhood."
        ],
        "answer": "A",
        "qa_level": "long_term",
        "qa_type": "mcqa",
        "old_answer": "A"
    }
]