[
    {
        "qa_idx": 0,
        "qa_task": "object understanding",
        "question": "What is the character in the animated scene wearing on their head at 543.0 seconds into the video?",
        "options": [
            "A. A red baseball cap.",
            "B. A black pirate hat with a skull and crossbones emblem.",
            "C. A blue wizard hat with stars.",
            "D. A green beanie with a pom-pom."
        ],
        "answer": "B",
        "qa_level": "frame",
        "qa_type": "mcqa",
        "old_answer": "B"
    },
    {
        "qa_idx": 1,
        "qa_task": "character-understanding",
        "question": "What is the setting of the scene at 132.0 seconds into the video?",
        "options": [
            "A. A classroom.",
            "B. A living room or common area.",
            "C. A kitchen.",
            "D. A garden."
        ],
        "answer": "B",
        "qa_level": "frame",
        "qa_type": "mcqa",
        "old_answer": "B"
    },
    {
        "qa_idx": 2,
        "qa_type": "qa",
        "qa_level": "within_event",
        "qa_task": "action-understanding",
        "question": "During the indoor scene from 507.0 to 565.0 seconds, do the animated characters engage in a cooking activity?",
        "answer": "No",
        "old_answer": "No"
    },
    {
        "qa_idx": 3,
        "qa_task": "object understanding",
        "question": "What playground equipment is prominently featured in the scene at 873.0 seconds into the video?",
        "options": [
            "A. A blue slide and a seesaw.",
            "B. A red metal monkey bar structure with a hanging tire swing.",
            "C. A yellow swing set and a sandbox.",
            "D. A green merry-go-round and a climbing wall."
        ],
        "answer": "B",
        "qa_level": "frame",
        "qa_type": "mcqa",
        "old_answer": "B"
    },
    {
        "qa_idx": 5,
        "qa_type": "qa",
        "qa_level": "cross_event",
        "qa_task": "action-understanding",
        "question": "Between 794.0 and 961.5 seconds, do the animated pig characters engage in a cooking competition at the playground?",
        "answer": "No",
        "old_answer": "No"
    },
    {
        "qa_idx": 6,
        "qa_type": "qa",
        "qa_level": "long_term",
        "qa_task": "object understanding",
        "question": "Are there framed pictures on the walls in the indoor scenes from 56.0 to 1837.0 seconds?",
        "answer": "Yes",
        "old_answer": "Yes"
    },
    {
        "qa_idx": 8,
        "qa_task": "descriptive-scene",
        "question": "Where does the event take place in the video from 1248.0 to 1370.0 seconds?",
        "options": [
            "A. In a dark forest.",
            "B. In a cheerful outdoor scene under a clear blue sky.",
            "C. Inside a house.",
            "D. In a busy city street."
        ],
        "answer": "B",
        "qa_level": "cross_event",
        "qa_type": "mcqa",
        "old_answer": "B"
    },
    {
        "qa_idx": 9,
        "qa_task": "time-order",
        "question": "What is the correct sequence of events from the two video descriptions between 1093.0 seconds to 1159.0 seconds?",
        "options": [
            "A. Characters sleeping in a bedroom, classroom scene, exterior nighttime scene, another children's bedroom, classroom scene with musical activity.",
            "B. Characters sleeping in a bedroom, another children's bedroom, classroom scene, exterior nighttime scene, classroom scene with musical activity.",
            "C. Characters sleeping in a bedroom, another children's bedroom, exterior nighttime scene, classroom scene, classroom scene with musical activity.",
            "D. Characters sleeping in a bedroom, classroom scene, another children's bedroom, exterior nighttime scene, classroom scene with musical activity."
        ],
        "answer": "C",
        "qa_level": "cross_event",
        "qa_type": "mcqa",
        "old_answer": "C"
    },
    {
        "qa_idx": 10,
        "qa_task": "temporal-relationship",
        "question": "What were the anthropomorphic characters doing before they were seen engaging in playful activities on a grassy field under a clear blue sky?",
        "options": [
            "A. They were sleeping in sleeping bags indoors.",
            "B. They were watching television.",
            "C. They were playing with toys in a children's room.",
            "D. They were having a barbecue."
        ],
        "answer": "A",
        "qa_level": "long_term",
        "qa_type": "mcqa",
        "old_answer": "A"
    },
    {
        "qa_idx": 11,
        "qa_task": "spatial-relationship",
        "question": "Where are the colorful bags located in the living room?",
        "options": [
            "A. On the couch.",
            "B. On the floor.",
            "C. On the table.",
            "D. On the wall."
        ],
        "answer": "B",
        "qa_level": "long_term",
        "qa_type": "mcqa",
        "old_answer": "B"
    },
    {
        "qa_idx": 12,
        "qa_task": "causal",
        "question": "Why are the anthropomorphic animal characters engaging in playful and social activities in the brightly colored and cheerful living room with purple-painted walls and a vibrant red couch from 56.0 to 1837.0 seconds?",
        "options": [
            "A. They are preparing for a sleepover or gathering.",
            "B. They are celebrating a birthday party.",
            "C. They are having a picnic.",
            "D. They are attending a school event."
        ],
        "answer": "A",
        "qa_level": "long_term",
        "qa_type": "mcqa",
        "old_answer": "A"
    },
    {
        "qa_idx": 14,
        "qa_task": "attribute-change",
        "question": "How does the setting change from the beginning to the end of the video from 56.0 to 1837.0 seconds?",
        "options": [
            "A. From a brightly colored indoor scene to a nighttime bedroom scene.",
            "B. From an indoor playroom to an outdoor playground.",
            "C. From a cheerful living room to a rainy outdoor scene.",
            "D. From a sunny outdoor scene to a nighttime classroom scene."
        ],
        "answer": "A",
        "qa_level": "long_term",
        "qa_type": "mcqa",
        "old_answer": "A"
    },
    {
        "qa_idx": 15,
        "qa_task": "character-understanding",
        "question": "What is the rabbit character doing in the scene from 56.0 to 1837.0 seconds?",
        "options": [
            "A. The rabbit character is holding a teddy bear toy.",
            "B. The rabbit character is positioned towards the right side of the frame with toy objects near the center and left side of the frame.",
            "C. The rabbit character is wearing a blue mail carrier uniform.",
            "D. The rabbit character is standing on a grassy field with a yellow coat and green boots."
        ],
        "answer": "B",
        "qa_level": "long_term",
        "qa_type": "mcqa",
        "old_answer": "B"
    },
    {
        "qa_idx": 16,
        "qa_task": "object understanding",
        "question": "What kind of toys are scattered around the room in the living room scene with purple walls and a red couch?",
        "options": [
            "A. Teddy bear, carrot, frog, and hedgehog.",
            "B. Toy cars, action figures, and building blocks.",
            "C. Dolls, toy trains, and puzzles.",
            "D. Stuffed animals, toy cars, and board games."
        ],
        "answer": "A",
        "qa_level": "long_term",
        "qa_type": "mcqa",
        "old_answer": "A"
    },
    {
        "qa_idx": 17,
        "qa_task": "time-order",
        "question": "In which order do the events occur in the video from 56.0 to 1837.0 seconds?",
        "options": [
            "A. Characters engage in playful activities in a brightly colored living room, followed by a sleepover scene, then outdoor playful activities, and finally a nighttime scene with characters sleeping.",
            "B. Characters engage in playful activities in a brightly colored living room, followed by a nighttime scene with characters sleeping, then outdoor playful activities, and finally a sleepover scene.",
            "C. Characters engage in outdoor playful activities, followed by a sleepover scene, then a brightly colored living room, and finally a nighttime scene with characters sleeping.",
            "D. Characters engage in a nighttime scene with characters sleeping, followed by a brightly colored living room, then outdoor playful activities, and finally a sleepover scene."
        ],
        "answer": "A",
        "qa_level": "long_term",
        "qa_type": "mcqa",
        "old_answer": "A"
    },
    {
        "qa_idx": 18,
        "qa_task": "descriptive-scene",
        "question": "Where do the anthropomorphic animal characters engage in playful and social activities at the beginning of the event from 56.0 to 1837.0 seconds?",
        "options": [
            "A. In a brightly colored and cheerful living room with purple-painted walls.",
            "B. In a grassy field under a clear blue sky.",
            "C. In a classroom with educational materials.",
            "D. In a playground with swings and slides."
        ],
        "answer": "A",
        "qa_level": "long_term",
        "qa_type": "mcqa",
        "old_answer": "A"
    }
]