[
    {
        "qa_idx": 0,
        "qa_type": "qa",
        "qa_level": "frame",
        "qa_task": "object understanding",
        "question": "Is there a horse prominently positioned in the foreground of the video frame at 1126.0 seconds?",
        "answer": "Yes",
        "old_answer": "Yes"
    },
    {
        "qa_idx": 1,
        "qa_task": "object understanding",
        "question": "What are the distinct features of the green retro-style car depicted at 593.0 seconds into the video?",
        "options": [
            "A. Two prominently visible wheels and a large horn mounted on the side.",
            "B. Four modern wheels and a small antenna on the roof.",
            "C. A sleek design with tinted windows and a spoiler.",
            "D. A convertible top and chrome bumpers."
        ],
        "answer": "A",
        "qa_level": "frame",
        "qa_type": "mcqa",
        "old_answer": "A"
    },
    {
        "qa_idx": 2,
        "qa_task": "object understanding",
        "question": "What is the person in the foreground holding at 1471.0 seconds into the video?",
        "options": [
            "A. A large blue sponge.",
            "B. A red bucket.",
            "C. A green watering can.",
            "D. A yellow broom."
        ],
        "answer": "A",
        "qa_level": "frame",
        "qa_type": "mcqa",
        "old_answer": "A"
    },
    {
        "qa_idx": 3,
        "qa_type": "qa",
        "qa_level": "within_event",
        "qa_task": "action-understanding",
        "question": "Between 1082.0 and 1184.0 seconds, does the person holding the golden trophy on horseback perform a juggling act with the trophy?",
        "answer": "No",
        "old_answer": "No"
    },
    {
        "qa_idx": 4,
        "qa_task": "object understanding",
        "question": "What is the animated horse doing at 2505.0 seconds into the video?",
        "options": [
            "A. Standing still on a grassy field.",
            "B. Grazing near a wooden fence.",
            "C. Galloping along a dirt path.",
            "D. Drinking water from a stream."
        ],
        "answer": "C",
        "qa_level": "frame",
        "qa_type": "mcqa",
        "old_answer": "C"
    },
    {
        "qa_idx": 5,
        "qa_task": "character-understanding",
        "question": "What action is the character performing in the video frame at 991.0 seconds?",
        "options": [
            "A. Waving.",
            "B. Knocking.",
            "C. Pointing.",
            "D. Clapping."
        ],
        "answer": "B",
        "qa_level": "frame",
        "qa_type": "mcqa",
        "old_answer": "B"
    },
    {
        "qa_idx": 6,
        "qa_type": "qa",
        "qa_level": "cross_event",
        "qa_task": "plot-understanding",
        "question": "Does the blue color play a significant role in both video events from 2266.0 to 2320.0 and 2321.0 to 2386.0?",
        "answer": "Yes",
        "old_answer": "Yes"
    },
    {
        "qa_idx": 7,
        "qa_type": "qa",
        "qa_level": "long_term",
        "qa_task": "object understanding",
        "question": "Is there a green frog among the animated toy characters in the video event descriptions from 10.0 to 2573.0 seconds?",
        "answer": "Yes",
        "old_answer": "Yes"
    },
    {
        "qa_idx": 8,
        "qa_task": "time-order",
        "question": "What is the correct sequence of events in the video from 2461.0 to 2525.0 seconds?",
        "options": [
            "A. A young boy in a workshop, a horse on a farm, a blue cake with 'AZUL' floating, a whimsical setting with a blue object.",
            "B. A whimsical setting with a blue object, a blue cake with 'AZUL' floating, a young boy in a workshop, a horse on a farm.",
            "C. A horse on a farm, a whimsical setting with a blue object, a young boy in a workshop, a blue cake with 'AZUL' floating.",
            "D. A blue cake with 'AZUL' floating, a whimsical setting with a blue object, a horse on a farm, a young boy in a workshop."
        ],
        "answer": "B",
        "qa_level": "cross_event",
        "qa_type": "mcqa",
        "old_answer": "B"
    },
    {
        "qa_idx": 11,
        "qa_task": "speed",
        "question": "Which vehicle is faster, the green vintage car or the orange vintage car, as depicted in the video from 318.0 seconds to 646.0 seconds?",
        "options": [
            "A. The green vintage car.",
            "B. The orange vintage car.",
            "C. Both are at the same speed.",
            "D. None of the above."
        ],
        "answer": "A",
        "qa_level": "long_term",
        "qa_type": "mcqa",
        "old_answer": "A"
    },
    {
        "qa_idx": 13,
        "qa_task": "object understanding",
        "question": "What is the color of the balloon resembling the number '2' in the video event from 10.0 to 2573.0 seconds?",
        "options": [
            "A. Red.",
            "B. Blue.",
            "C. Gold.",
            "D. Green."
        ],
        "answer": "C",
        "qa_level": "long_term",
        "qa_type": "mcqa",
        "old_answer": "C"
    },
    {
        "qa_idx": 14,
        "qa_task": "time-order",
        "question": "In which order do the events occur in the video from 10.0 to 2573.0 seconds?",
        "options": [
            "A. The video begins with a serene outdoor scene set on a clear day in a picturesque countryside environment, featuring three children standing on a dirt pathway. The event continues with scenes featuring various toy birds in different colors and a playful atmosphere. The event concludes with a prominently animated blue bird with large eyes and an orange beak standing on a haystack.",
            "B. The video begins with a vibrant outdoor scene on a farm featuring a brightly colored, animated yellow toy chick. The event continues with a large yellow bird toy becoming more prominent. The event concludes with a green bird toy on a pile of hay.",
            "C. The video begins with a detailed scene showcasing an animated green bird character positioned centrally against a vibrant, rural backdrop. The event continues with a brightly colored toy standing on dirt ground in a farm environment. The event concludes with a brightly colored outdoor scene depicting a large orange animated character resembling a toy bird.",
            "D. The video begins with a digitally animated scene in an outdoor farm-like environment featuring toy-like characters with expressive eyes. The event continues with a large animated bird character on a straw-covered surface. The event concludes with a scene dominated by an animated owl with bold orange eyes and a red beak standing on an earthen ground."
        ],
        "answer": "A",
        "qa_level": "long_term",
        "qa_type": "mcqa",
        "old_answer": "A"
    }
]