[
    {
        "qa_idx": 0,
        "qa_type": "qa",
        "qa_level": "frame",
        "qa_task": "object understanding",
        "question": "Is there any other noticeable vegetation in the vicinity of the green plant in the frame at 342.0 seconds?",
        "answer": "No",
        "old_answer": "No"
    },
    {
        "qa_idx": 1,
        "qa_type": "qa",
        "qa_level": "frame",
        "qa_task": "object understanding",
        "question": "Is there any vegetation visible on the peak of Jebel Hafeet mountain at 2774.0 seconds into the video?",
        "answer": "No",
        "old_answer": "No"
    },
    {
        "qa_idx": 2,
        "qa_task": "descriptive-scene",
        "question": "Where does the video frame at 2392.0 seconds take place?",
        "options": [
            "A. In a park.",
            "B. On a race track.",
            "C. In a shopping mall.",
            "D. At a beach."
        ],
        "answer": "B",
        "qa_level": "frame",
        "qa_type": "mcqa",
        "old_answer": "B"
    },
    {
        "qa_idx": 3,
        "qa_task": "object understanding",
        "question": "What is the prominent structure showcased in the video frame at 842.0 seconds?",
        "options": [
            "A. A historical monument.",
            "B. A prominent skyscraper.",
            "C. A large stadium.",
            "D. A dense forest."
        ],
        "answer": "B",
        "qa_level": "frame",
        "qa_type": "mcqa",
        "old_answer": "B"
    },
    {
        "qa_idx": 4,
        "qa_type": "qa",
        "qa_level": "within_event",
        "qa_task": "action-understanding",
        "question": "Between 1708.0 and 1766.0 seconds, does the woman in traditional attire start playing a musical instrument in the lavishly decorated room?",
        "answer": "No",
        "old_answer": "No"
    },
    {
        "qa_idx": 5,
        "qa_type": "qa",
        "qa_level": "cross_event",
        "qa_task": "object understanding",
        "question": "Is there a car with the number 128 undergoing maintenance in the pit lane during the event from 2357.0 to 2446.0?",
        "answer": "Yes",
        "old_answer": "Yes"
    },
    {
        "qa_idx": 6,
        "qa_type": "qa",
        "qa_level": "cross_event",
        "qa_task": "camera-direction",
        "question": "Does the camera transition from an indoor exhibit to an outdoor desert landscape between the time of 2670.0 to 2734.0?",
        "answer": "Yes",
        "old_answer": "Yes"
    },
    {
        "qa_idx": 7,
        "qa_task": "causal",
        "question": "Why are several people congregating around the camel at the beginning of the event from 612.0 to 665.0 seconds?",
        "options": [
            "A. They are preparing for a camel riding activity.",
            "B. They are feeding the camel.",
            "C. They are taking photos with the camel.",
            "D. They are setting up a tent."
        ],
        "answer": "A",
        "qa_level": "within_event",
        "qa_type": "mcqa",
        "old_answer": "A"
    },
    {
        "qa_idx": 8,
        "qa_type": "qa",
        "qa_level": "long_term",
        "qa_task": "action-understanding",
        "question": "After the camel race, did the participants immediately start a bonfire in the desert? (Time: 1.0 to 2878.0 seconds)",
        "answer": "No",
        "old_answer": "No"
    },
    {
        "qa_idx": 9,
        "qa_task": "speed",
        "question": "From 2670.0 to 2734.0 seconds, which scene transition occurs more quickly?",
        "options": [
            "A. From the display case with wooden pieces to the ornate setting with a golden decorative object.",
            "B. From the vast desert landscape to the wide view of an arid landscape with dark hills.",
            "C. From the sophisticated room with a large glass vessel to the indoor exhibit with a fish-shaped glass object.",
            "D. From the desolate rocky hill to the serene, shaded outdoor scene in a park-like setting."
        ],
        "answer": "B",
        "qa_level": "within_event",
        "qa_type": "mcqa",
        "old_answer": "B"
    },
    {
        "qa_idx": 10,
        "qa_type": "qa",
        "qa_level": "long_term",
        "qa_task": "object understanding",
        "question": "Are there any traditional wooden boats shown in the video between 1.0 and 2878.0 seconds?",
        "answer": "Yes",
        "old_answer": "Yes"
    },
    {
        "qa_idx": 11,
        "qa_task": "camera-direction",
        "question": "In the video from 2136.0 to 2175.0 seconds, what direction does the camera move to capture the intricately designed entrance with golden latticework?",
        "options": [
            "A. The camera moves away from the entrance.",
            "B. The camera moves towards the entrance.",
            "C. The camera remains stationary.",
            "D. The camera moves sideways."
        ],
        "answer": "B",
        "qa_level": "within_event",
        "qa_type": "mcqa",
        "old_answer": "B"
    },
    {
        "qa_idx": 13,
        "qa_task": "scene-understanding",
        "question": "How does the scene transition from the professional race track to the urban setting in the video events from 2521.0 to 2582.0 seconds?",
        "options": [
            "A. The scene transitions from the race track to a nighttime urban setting with well-lit streets and festive lights.",
            "B. The scene transitions from the race track to a daytime urban setting with crowded streets and heavy traffic.",
            "C. The scene transitions from the race track to a rural setting with open fields and sparse buildings.",
            "D. The scene transitions from the race track to a beach setting with sandy shores and ocean waves."
        ],
        "answer": "A",
        "qa_level": "cross_event",
        "qa_type": "mcqa",
        "old_answer": "A"
    },
    {
        "qa_idx": 14,
        "qa_task": "temporal-relationship",
        "question": "What happens after the scene with camels on a track near an urban region?",
        "options": [
            "A. The focus shifts to a cultural or social event with people dressed in traditional attire near tents and buildings.",
            "B. The scene transitions to a bustling racetrack with multiple race cars.",
            "C. The video captures a panoramic urban coastal cityscape inclusive of parks, green spaces, and modern high-rise buildings.",
            "D. The scene shows a marina filled with various boats docked."
        ],
        "answer": "A",
        "qa_level": "long_term",
        "qa_type": "mcqa",
        "old_answer": "A"
    },
    {
        "qa_idx": 17,
        "qa_task": "object-direction",
        "question": "In which direction do the camels move during the camel riding or racing event from 1.0 to 2878.0 seconds?",
        "options": [
            "A. Towards the urban region.",
            "B. Away from the urban region.",
            "C. Towards the desert.",
            "D. Away from the desert."
        ],
        "answer": "A",
        "qa_level": "long_term",
        "qa_type": "mcqa",
        "old_answer": "A"
    },
    {
        "qa_idx": 18,
        "qa_task": "camera-direction",
        "question": "How does the camera movement change from the serene desert landscape to the bustling marina scene between 1.0 and 2878.0 seconds?",
        "options": [
            "A. The camera moves from a static position to a dynamic, moving perspective.",
            "B. The camera remains static throughout the entire sequence.",
            "C. The camera zooms in and out without changing its position.",
            "D. The camera only captures still images without any movement."
        ],
        "answer": "A",
        "qa_level": "long_term",
        "qa_type": "mcqa",
        "old_answer": "A"
    },
    {
        "qa_idx": 19,
        "qa_task": "speed",
        "question": "Which is faster, the race cars at the racetrack or the camels on the track near the urban region?",
        "options": [
            "A. The race cars at the racetrack.",
            "B. The camels on the track near the urban region.",
            "C. Both are at the same speed.",
            "D. None of the above."
        ],
        "answer": "A",
        "qa_level": "long_term",
        "qa_type": "mcqa",
        "old_answer": "A"
    },
    {
        "qa_idx": 20,
        "qa_task": "attribute-change",
        "question": "How does the scene change from the beginning to the end of the video from 1.0 to 2878.0 seconds?",
        "options": [
            "A. From a serene desert landscape to a bustling urban coastal cityscape.",
            "B. From a busy harbor scene to a tranquil desert landscape.",
            "C. From a cultural event to a serene desert landscape.",
            "D. From a bustling urban coastal cityscape to a serene desert landscape."
        ],
        "answer": "A",
        "qa_level": "long_term",
        "qa_type": "mcqa",
        "old_answer": "A"
    },
    {
        "qa_idx": 21,
        "qa_task": "object understanding",
        "question": "What types of boats are visible in the marina scene from 1.0 to 2878.0 seconds?",
        "options": [
            "A. Traditional wooden boats and modern designs.",
            "B. Only modern speedboats.",
            "C. Only traditional dhows.",
            "D. Submarines and yachts."
        ],
        "answer": "A",
        "qa_level": "long_term",
        "qa_type": "mcqa",
        "old_answer": "A"
    },
    {
        "qa_idx": 22,
        "qa_task": "time-order",
        "question": "In which order do the events occur in the video from 1.0 to 2878.0 seconds?",
        "options": [
            "A. The video begins with a serene desert landscape, transitions to a bustling racetrack, and ends with a lively marina scene.",
            "B. The video starts with a busy harbor scene, moves to a cultural event with traditional attire, and concludes with a bustling urban street.",
            "C. The video begins with a serene desert landscape, transitions to a bustling racetrack, and ends with a bustling urban street.",
            "D. The video starts with a busy harbor scene, moves to a cultural event with traditional attire, and concludes with a lively marina scene."
        ],
        "answer": "A",
        "qa_level": "long_term",
        "qa_type": "mcqa",
        "old_answer": "A"
    }
]