[
    {
        "qa_idx": 1,
        "qa_task": "object understanding",
        "question": "What is the man wearing in the room at 2417.0 seconds into the video?",
        "options": [
            "A. A dark blue shirt.",
            "B. A light blue shirt.",
            "C. A white shirt.",
            "D. A green shirt."
        ],
        "answer": "B",
        "qa_level": "frame",
        "qa_type": "mcqa",
        "old_answer": "B"
    },
    {
        "qa_idx": 2,
        "qa_type": "qa",
        "qa_level": "within_event",
        "qa_task": "camera-direction",
        "question": "Is the camera moving around the man during the event from 788.0 to 867.0 seconds?",
        "answer": "No",
        "old_answer": "No"
    },
    {
        "qa_idx": 3,
        "qa_type": "qa",
        "qa_level": "within_event",
        "qa_task": "character-understanding",
        "question": "Is the man wearing earphones from 4043.0 to 4104.0 seconds?",
        "answer": "Yes",
        "old_answer": "Yes"
    },
    {
        "qa_idx": 5,
        "qa_type": "qa",
        "qa_level": "cross_event",
        "qa_task": "camera-direction",
        "question": "In the events from 3945.0 to 4016.0 and 4043.0 to 4104.0, does the camera move to capture different angles of the man seated indoors?",
        "answer": "No",
        "old_answer": "No"
    },
    {
        "qa_idx": 7,
        "qa_type": "qa",
        "qa_level": "long_term",
        "qa_task": "character-understanding",
        "question": "Is the man wearing a light blue shirt throughout the video from 84.0 to 7293.0 seconds?",
        "answer": "Yes",
        "old_answer": "Yes"
    },
    {
        "qa_idx": 15,
        "qa_task": "counting",
        "question": "How many times is the man seen wearing earphones in the video from 84.0 to 7293.0 seconds?",
        "options": [
            "A. 1 time.",
            "B. 2 times.",
            "C. 3 times.",
            "D. Multiple times."
        ],
        "answer": "D",
        "qa_level": "long_term",
        "qa_type": "mcqa",
        "old_answer": "D"
    },
    {
        "qa_idx": 18,
        "qa_task": "speed",
        "question": "How does the man's hand movement appear in the video from 84.0 to 7293.0 seconds?",
        "options": [
            "A. The man's hand movement appears slow and deliberate.",
            "B. The man's hand movement appears blurred due to motion.",
            "C. The man's hand movement appears still and stationary.",
            "D. The man's hand movement appears fast and erratic."
        ],
        "answer": "B",
        "qa_level": "long_term",
        "qa_type": "mcqa",
        "old_answer": "B"
    },
    {
        "qa_idx": 19,
        "qa_task": "attribute-change",
        "question": "How does the design of the mouse pad change throughout the video from 84.0 to 7293.0 seconds?",
        "options": [
            "A. It changes from a green and yellow circular design to a blue and yellow design.",
            "B. It changes from a blue and yellow design to a green and yellow design.",
            "C. It changes from a green and yellow circular design to a Brazilian flag design.",
            "D. It changes from a Brazilian flag design to a blue and yellow design."
        ],
        "answer": "C",
        "qa_level": "long_term",
        "qa_type": "mcqa",
        "old_answer": "C"
    },
    {
        "qa_idx": 21,
        "qa_task": "object understanding",
        "question": "What objects are consistently seen on the table in front of the man throughout the video from 84.0 to 7293.0 seconds?",
        "options": [
            "A. A mouse pad with a green and yellow design, a remote control, and a fan.",
            "B. A stack of books, a lamp, and a coffee mug.",
            "C. A laptop, a phone, and a water bottle.",
            "D. A printer, a plant, and a notebook."
        ],
        "answer": "A",
        "qa_level": "long_term",
        "qa_type": "mcqa",
        "old_answer": "A"
    },
    {
        "qa_idx": 22,
        "qa_task": "time-order",
        "question": "In which order do the events occur in the video from 84.0 to 7293.0 seconds?",
        "options": [
            "A. The man is seen seated in front of a large flat-screen television, wearing a light blue shirt and earphones, with a fan visible to the left.",
            "B. The man is engaged in a conversation or presentation, indicated by his expressive gesturing hand.",
            "C. The man adjusts his earphones and interacts with the television or monitor in front of him.",
            "D. The man is captured centrally, gesturing, which indicates he might be engaged in communication or a presentation."
        ],
        "answer": "A",
        "qa_level": "long_term",
        "qa_type": "mcqa",
        "old_answer": "A"
    }
]