[
    {
        "qa_idx": 0,
        "qa_type": "qa",
        "qa_level": "frame",
        "qa_task": "object understanding",
        "question": "Is the individual on the left side of the split-screen wearing a headset at 1378.0 seconds into the video?",
        "answer": "Yes",
        "old_answer": "Yes"
    },
    {
        "qa_idx": 1,
        "qa_type": "qa",
        "qa_level": "frame",
        "qa_task": "object understanding",
        "question": "Is there a computer chair visible in the background on the right side of the split-screen at 1210.0 seconds?",
        "answer": "Yes",
        "old_answer": "Yes"
    },
    {
        "qa_idx": 2,
        "qa_task": "character-understanding",
        "question": "What is prominently inscribed on the circular border of the logo at 5.0 seconds into the video?",
        "options": [
            "A. PRODUCCIONES.",
            "B. FRANCO ESCAMILLA.",
            "C. CLASSIC EYEGLASSES.",
            "D. RED HORNS."
        ],
        "answer": "B",
        "qa_level": "frame",
        "qa_type": "mcqa",
        "old_answer": "B"
    },
    {
        "qa_idx": 3,
        "qa_type": "qa",
        "qa_level": "within_event",
        "qa_task": "camera-direction",
        "question": "Does the camera move to follow any individual from 1041.0 to 1100.0 seconds?",
        "answer": "No",
        "old_answer": "No"
    },
    {
        "qa_idx": 4,
        "qa_task": "spatial-relationship",
        "question": "What is the background of the top section of the screen at the 3456.0-second mark?",
        "options": [
            "A. A blue, possibly cloudy background.",
            "B. A green forest background.",
            "C. A plain white background.",
            "D. A cityscape background."
        ],
        "answer": "A",
        "qa_level": "frame",
        "qa_type": "mcqa",
        "old_answer": "A"
    },
    {
        "qa_idx": 6,
        "qa_task": "object understanding",
        "question": "What is the background like on the left side of the split-screen at 2409.0 seconds into the video?",
        "options": [
            "A. Bright with wall decorations and a window.",
            "B. Dark with a silhouette of a person wearing headphones.",
            "C. A well-lit room with a bookshelf.",
            "D. A kitchen with various appliances."
        ],
        "answer": "B",
        "qa_level": "frame",
        "qa_type": "mcqa",
        "old_answer": "B"
    },
    {
        "qa_idx": 7,
        "qa_type": "qa",
        "qa_level": "cross_event",
        "qa_task": "character-understanding",
        "question": "Were there individuals wearing headphones in both video events from 810.0 to 871.0 seconds and 1041.0 to 1100.0 seconds?",
        "answer": "Yes",
        "old_answer": "Yes"
    },
    {
        "qa_idx": 9,
        "qa_type": "qa",
        "qa_level": "long_term",
        "qa_task": "character-understanding",
        "question": "Are the two men in the video call or conference seen in different environments from 810.0 seconds to 1100.0 seconds?",
        "answer": "Yes",
        "old_answer": "Yes"
    },
    {
        "qa_idx": 10,
        "qa_task": "scene-understanding",
        "question": "What is the title of the document shown at the beginning of the event from 3561.0 to 3578.0 seconds?",
        "options": [
            "A. Principales Sospechosos.",
            "B. Sígueme el Viaje.",
            "C. Centro de Investigación Rehoño.",
            "D. Caso no. 6969."
        ],
        "answer": "A",
        "qa_level": "within_event",
        "qa_type": "mcqa",
        "old_answer": "A"
    },
    {
        "qa_idx": 13,
        "qa_task": "character-understanding",
        "question": "What action does the man on the right perform during the virtual meeting between 2950.0 seconds and 3560.0 seconds?",
        "options": [
            "A. He speaks into a microphone.",
            "B. He makes a thumbs-up gesture.",
            "C. He adjusts his headphones.",
            "D. He stands up from his chair."
        ],
        "answer": "B",
        "qa_level": "cross_event",
        "qa_type": "mcqa",
        "old_answer": "B"
    },
    {
        "qa_idx": 14,
        "qa_task": "object understanding",
        "question": "What are the distinguishing features of the environments of the two participants in the video call from 274.0 to 616.0 seconds?",
        "options": [
            "A. The left participant is in a well-lit room with a plain background, while the right participant is in a cluttered room with framed pictures and other items.",
            "B. Both participants are in well-lit rooms with plain backgrounds.",
            "C. The left participant is in a cluttered room with framed pictures, while the right participant is in a well-lit room with a plain background.",
            "D. Both participants are in cluttered rooms with various items."
        ],
        "answer": "A",
        "qa_level": "cross_event",
        "qa_type": "mcqa",
        "old_answer": "A"
    },
    {
        "qa_idx": 16,
        "qa_task": "time-order",
        "question": "In which order do the events occur in the video from 4.0 seconds to 3578.0 seconds?",
        "options": [
            "A. The frame shows a document titled 'Principales Sospechosos' with detailed profiles of suspects.",
            "B. Two men participate in a video call or conference with different backgrounds.",
            "C. The frame shows a logo featuring a stylized hat, glasses, and red horns with 'FRANCO ESCAMILLA' and 'PRODUCCIONES'.",
            "D. The frame shows a split-screen with two individuals in different settings, one in a well-lit room and the other in a darker room."
        ],
        "answer": "C",
        "qa_level": "long_term",
        "qa_type": "mcqa",
        "old_answer": "C"
    },
    {
        "qa_idx": 18,
        "qa_task": "object-direction",
        "question": "In the video event from 810.0 seconds to 1100.0 seconds, which direction is the person on the left side of the split-screen facing?",
        "options": [
            "A. Facing towards the right.",
            "B. Facing towards the left.",
            "C. Facing towards the camera.",
            "D. Facing away from the camera."
        ],
        "answer": "C",
        "qa_level": "long_term",
        "qa_type": "mcqa",
        "old_answer": "C"
    },
    {
        "qa_idx": 19,
        "qa_task": "camera-direction",
        "question": "What is the direction of the camera movement from 4.0 seconds to 3578.0 seconds?",
        "options": [
            "A. The camera moves closer to the documents and then transitions to a split-screen virtual meeting setup.",
            "B. The camera moves away from the documents and then transitions to a split-screen virtual meeting setup.",
            "C. The camera remains stationary throughout the video.",
            "D. The camera moves around the room capturing different angles."
        ],
        "answer": "A",
        "qa_level": "long_term",
        "qa_type": "mcqa",
        "old_answer": "A"
    },
    {
        "qa_idx": 20,
        "qa_task": "speed",
        "question": "Which participant in the virtual meeting appears to be in a brighter room, and how does this affect the perceived speed of their interaction compared to the participant in the darker room from 810.0 seconds to 3578.0 seconds?",
        "options": [
            "A. The participant in the brighter room appears to interact more quickly.",
            "B. The participant in the darker room appears to interact more quickly.",
            "C. Both participants interact at the same speed.",
            "D. The speed of interaction is not affected by the room's brightness."
        ],
        "answer": "A",
        "qa_level": "long_term",
        "qa_type": "mcqa",
        "old_answer": "A"
    },
    {
        "qa_idx": 21,
        "qa_task": "attribute-change",
        "question": "How does the background change from 4.0 seconds to 3578.0 seconds in the video?",
        "options": [
            "A. It remains consistently dark throughout.",
            "B. It transitions from a dark background to a blue sky with clouds and then back to a dark background.",
            "C. It changes from a dark background to a well-lit room and then to a blue sky with clouds.",
            "D. It starts with a dark background, transitions to various virtual meeting backgrounds, and ends with a dark background."
        ],
        "answer": "D",
        "qa_level": "long_term",
        "qa_type": "mcqa",
        "old_answer": "D"
    }
]