[
    {
        "qa_idx": 0,
        "qa_type": "qa",
        "qa_level": "frame",
        "qa_task": "character-understanding",
        "question": "At 2262.0 seconds into the video, is the man wearing a dark suit with a red shirt?",
        "answer": "Yes",
        "old_answer": "Yes"
    },
    {
        "qa_idx": 1,
        "qa_task": "spatial-relationship",
        "question": "What is located in the background adjacent to the woman wearing a pink headscarf at 1265.0 seconds into the video?",
        "options": [
            "A. A large, ornate vase with a floral design.",
            "B. Wooden shelves displaying glassware and additional decorative items.",
            "C. A painting.",
            "D. A window with curtains."
        ],
        "answer": "B",
        "qa_level": "frame",
        "qa_type": "mcqa",
        "old_answer": "B"
    },
    {
        "qa_idx": 2,
        "qa_task": "object understanding",
        "question": "What is the man wearing in the frame captured at 480.0 seconds into the video?",
        "options": [
            "A. A red shirt and a hat.",
            "B. A blue shirt and a necklace with a pendant.",
            "C. A green shirt and a scarf.",
            "D. A yellow shirt and a watch."
        ],
        "answer": "B",
        "qa_level": "frame",
        "qa_type": "mcqa",
        "old_answer": "B"
    },
    {
        "qa_idx": 3,
        "qa_type": "qa",
        "qa_level": "within_event",
        "qa_task": "character-understanding",
        "question": "Was there a woman leading a discussion inside the bus from 1641.0 to 1709.0 seconds?",
        "answer": "Yes",
        "old_answer": "Yes"
    },
    {
        "qa_idx": 5,
        "qa_type": "qa",
        "qa_level": "within_event",
        "qa_task": "action-understanding",
        "question": "Is the girl standing nearby making phone calls while engaging with the infant during the event from 1974.0 to 2032.0 seconds?",
        "answer": "Yes",
        "old_answer": "Yes"
    },
    {
        "qa_idx": 6,
        "qa_task": "character-understanding",
        "question": "Where is the man positioned in the room at 2394.0 seconds into the video?",
        "options": [
            "A. Near a leather sofa set.",
            "B. Near a polished wooden cabinet adorned with a vase of flowers.",
            "C. Near an intricately designed railing.",
            "D. Near a chair."
        ],
        "answer": "B",
        "qa_level": "frame",
        "qa_type": "mcqa",
        "old_answer": "B"
    },
    {
        "qa_idx": 7,
        "qa_type": "qa",
        "qa_level": "cross_event",
        "qa_task": "object understanding",
        "question": "Is there a painting of colorful fruits in the background of both events from 575.0 to 599.0 and 600.0 to 660.0?",
        "answer": "Yes",
        "old_answer": "Yes"
    },
    {
        "qa_idx": 8,
        "qa_type": "qa",
        "qa_level": "cross_event",
        "qa_task": "action-understanding",
        "question": "Between 1086.0 and 1148.0 seconds, does the video feature women in traditional attire in an indoor setting?",
        "answer": "Yes",
        "old_answer": "Yes"
    },
    {
        "qa_idx": 10,
        "qa_task": "descriptive-scene",
        "question": "Where does the event from 131.0 to 191.0 seconds take place?",
        "options": [
            "A. A well-furnished living room.",
            "B. A busy street.",
            "C. An office.",
            "D. A park."
        ],
        "answer": "A",
        "qa_level": "cross_event",
        "qa_type": "mcqa",
        "old_answer": "A"
    },
    {
        "qa_idx": 13,
        "qa_task": "object-direction",
        "question": "In the video events from 2870.0 to 2937.0 seconds and H to e seconds, what is the direction of the mobile phone's movement when displaying the incoming call from 'Ibu'?",
        "options": [
            "A. The mobile phone moves from left to right.",
            "B. The mobile phone moves from right to left.",
            "C. The mobile phone remains stationary.",
            "D. The mobile phone moves from top to bottom."
        ],
        "answer": "C",
        "qa_level": "cross_event",
        "qa_type": "mcqa",
        "old_answer": "C"
    },
    {
        "qa_idx": 14,
        "qa_task": "temporal-relationship",
        "question": "What happens after the scene featuring a man in a teal shirt standing near a refrigerator and vase?",
        "options": [
            "A. The focus shifts to a woman in patterned clothing in a cozy kitchen environment.",
            "B. The scene transitions to a man in a dark suit with a red shirt standing near a decorative glass panel.",
            "C. The scene captures a woman in a pink hijab and patterned outfit in a well-decorated indoor setting.",
            "D. The scene shows a man in a blue shirt lying on a bed adorned with floral-patterned bedding."
        ],
        "answer": "A",
        "qa_level": "long_term",
        "qa_type": "mcqa",
        "old_answer": "A"
    },
    {
        "qa_idx": 15,
        "qa_task": "spatial-relationship",
        "question": "Where is the woman in floral-patterned clothing positioned in the well-decorated room?",
        "options": [
            "A. Near a window with wooden frames and curtains.",
            "B. In front of an ornate decorative background.",
            "C. Near a white sofa.",
            "D. Near a glass coffee table."
        ],
        "answer": "B",
        "qa_level": "long_term",
        "qa_type": "mcqa",
        "old_answer": "B"
    },
    {
        "qa_idx": 17,
        "qa_task": "camera-direction",
        "question": "What is the camera doing when the scene transitions from the reflective, metallic-styled object in the water to the logo with initials 'MD' and 'entertainment' beneath it?",
        "options": [
            "A. The camera is zooming in on the object.",
            "B. The camera is panning to the left.",
            "C. The camera is moving closer to the logo.",
            "D. The camera is zooming out from the object."
        ],
        "answer": "C",
        "qa_level": "long_term",
        "qa_type": "mcqa",
        "old_answer": "C"
    },
    {
        "qa_idx": 18,
        "qa_task": "speed",
        "question": "Which character appears to be moving faster in the video from 1.0 to 3706.0 seconds?",
        "options": [
            "A. The woman in floral-patterned clothing.",
            "B. The man in a dark outfit.",
            "C. The girl in a green top.",
            "D. The man in a teal shirt."
        ],
        "answer": "D",
        "qa_level": "long_term",
        "qa_type": "mcqa",
        "old_answer": "D"
    },
    {
        "qa_idx": 19,
        "qa_task": "attribute-change",
        "question": "How does the setting change from the beginning to the end of the video from 1.0 to 3706.0 seconds?",
        "options": [
            "A. From an outdoor scene with a reflective metallic object to an indoor scene with a woman in traditional clothing.",
            "B. From an indoor scene with a woman in floral-patterned clothing to an outdoor scene with a pedestrian walkway.",
            "C. From an outdoor scene with a reflective metallic object to an outdoor scene with a pedestrian walkway.",
            "D. From an indoor scene with a woman in floral-patterned clothing to an indoor scene with a woman in traditional clothing."
        ],
        "answer": "C",
        "qa_level": "long_term",
        "qa_type": "mcqa",
        "old_answer": "C"
    },
    {
        "qa_idx": 21,
        "qa_task": "time-order",
        "question": "In which order do the events occur in the video from 1.0 to 3706.0 seconds?",
        "options": [
            "A. The video begins with a reflective, metallic-styled object emerging from water, transitions to a logo display, then shifts to an indoor environment with a woman in floral-patterned clothing, and concludes with a scene featuring a glossy blue-green metallic logo.",
            "B. The video begins with a woman in floral-patterned clothing in an indoor environment, transitions to a reflective, metallic-styled object emerging from water, then shifts to a logo display, and concludes with a scene featuring a glossy blue-green metallic logo.",
            "C. The video begins with a logo display, transitions to a reflective, metallic-styled object emerging from water, then shifts to an indoor environment with a woman in floral-patterned clothing, and concludes with a scene featuring a glossy blue-green metallic logo.",
            "D. The video begins with a reflective, metallic-styled object emerging from water, transitions to an indoor environment with a woman in floral-patterned clothing, then shifts to a logo display, and concludes with a scene featuring a glossy blue-green metallic logo."
        ],
        "answer": "A",
        "qa_level": "long_term",
        "qa_type": "mcqa",
        "old_answer": "A"
    },
    {
        "qa_idx": 22,
        "qa_task": "descriptive-scene",
        "question": "Where does the interaction between the man in traditional attire and the woman in floral top and grey skirt take place?",
        "options": [
            "A. In a well-decorated room with wooden furniture and medical supplies.",
            "B. In a room with a wooden chest of drawers, a lamp, and casual footwear scattered around.",
            "C. In a living room with a white sofa, glass coffee table, and decorative pieces.",
            "D. In a kitchen with ornate cookware and a fruit bowl."
        ],
        "answer": "B",
        "qa_level": "long_term",
        "qa_type": "mcqa",
        "old_answer": "B"
    }
]