[
    {
        "qa_idx": 1,
        "qa_type": "qa",
        "qa_level": "cross_event",
        "qa_task": "plot-understanding",
        "question": "Do both video events from 980.0 to 1080.0 and 1188.0 to 1248.0 depict a similar setting and activity involving the same group of people?",
        "answer": "Yes",
        "old_answer": "Yes"
    },
    {
        "qa_idx": 2,
        "qa_type": "qa",
        "qa_level": "cross_event",
        "qa_task": "action-understanding",
        "question": "In the event from 1188.0 to 1248.0, are the participants seated in a semi-circle around a central table?",
        "answer": "Yes",
        "old_answer": "Yes"
    },
    {
        "qa_idx": 3,
        "qa_task": "scene-understanding",
        "question": "What is the background color and main graphic displayed at the beginning of the event sequence from 10.0 to 15.0 seconds?",
        "options": [
            "A. Blue background with a star graphic.",
            "B. Green background with a tree graphic.",
            "C. Red background with a logo of a hat and glasses with red devil horns.",
            "D. Yellow background with a sun graphic."
        ],
        "answer": "C",
        "qa_level": "within_event",
        "qa_type": "mcqa",
        "old_answer": "C"
    },
    {
        "qa_idx": 4,
        "qa_task": "speed",
        "question": "From 1963.0 to 1970.0 seconds, how does the scene transition in the video?",
        "options": [
            "A. Slowly fades to black.",
            "B. Quickly transitions to a graphic with a white background and red gradient.",
            "C. Gradually changes to a different room.",
            "D. Remains the same throughout."
        ],
        "answer": "B",
        "qa_level": "within_event",
        "qa_type": "mcqa",
        "old_answer": "B"
    },
    {
        "qa_idx": 9,
        "qa_task": "temporal-relationship",
        "question": "What happens after the introductory title screen featuring the 'FRANCO ESCAMILLA' logo and text?",
        "options": [
            "A. The group of five people starts their discussion.",
            "B. The scene transitions to a brightly colored frame with the text 'NO ME DIGAS'.",
            "C. The participants introduce themselves.",
            "D. The video ends."
        ],
        "answer": "B",
        "qa_level": "long_term",
        "qa_type": "mcqa",
        "old_answer": "B"
    },
    {
        "qa_idx": 10,
        "qa_task": "spatial-relationship",
        "question": "What is the arrangement of the sofas where the group of five individuals is seated?",
        "options": [
            "A. In a straight line.",
            "B. In a U-shape.",
            "C. In an L-shape.",
            "D. In a circular arrangement."
        ],
        "answer": "C",
        "qa_level": "long_term",
        "qa_type": "mcqa",
        "old_answer": "C"
    },
    {
        "qa_idx": 14,
        "qa_task": "object-direction",
        "question": "In which direction are the participants seated around the central table during the group discussion from 10.0 to 4392.0 seconds?",
        "options": [
            "A. In a straight line.",
            "B. In a U-shape.",
            "C. In an L-shape.",
            "D. In a circular arrangement."
        ],
        "answer": "C",
        "qa_level": "long_term",
        "qa_type": "mcqa",
        "old_answer": "C"
    },
    {
        "qa_idx": 15,
        "qa_task": "camera-direction",
        "question": "How does the camera movement change from the introductory title screen to the group discussion setting between 10.0 to 4392.0 seconds?",
        "options": [
            "A. The camera zooms in on the logo and then transitions to a static shot of the group discussion.",
            "B. The camera pans from the logo to the group discussion setting.",
            "C. The camera remains static on the logo and then cuts directly to the group discussion.",
            "D. The camera zooms out from the logo to reveal the group discussion setting."
        ],
        "answer": "C",
        "qa_level": "long_term",
        "qa_type": "mcqa",
        "old_answer": "C"
    },
    {
        "qa_idx": 16,
        "qa_task": "attribute-change",
        "question": "How does the background change from the beginning to the end of the video segment from 10.0 to 4392.0 seconds?",
        "options": [
            "A. The background changes from a prominently red background with a logo to a cozy indoor setting with motivational phrases.",
            "B. The background changes from a cozy indoor setting with motivational phrases to a prominently red background with a logo.",
            "C. The background remains the same throughout the video segment.",
            "D. The background changes from a blue background with a logo to a cozy indoor setting with motivational phrases."
        ],
        "answer": "A",
        "qa_level": "long_term",
        "qa_type": "mcqa",
        "old_answer": "A"
    },
    {
        "qa_idx": 17,
        "qa_task": "object understanding",
        "question": "What personal items are placed on the central table in the cozy and informal indoor setting?",
        "options": [
            "A. A smartphone and a remote control.",
            "B. A book and a pen.",
            "C. A laptop and a notebook.",
            "D. A cup and a plate."
        ],
        "answer": "A",
        "qa_level": "long_term",
        "qa_type": "mcqa",
        "old_answer": "A"
    },
    {
        "qa_idx": 18,
        "qa_task": "time-order",
        "question": "In which order do the events occur in the video from 10.0 to 4392.0 seconds?",
        "options": [
            "A. The event sequence begins with a prominently red background featuring a centered rectangular graphic displaying a logo of a hat and glasses, accompanied by red devil horns. The text 'FRANCO ESCAMILLA' encircles the logo in a circular band, with the same name and additional information 'ESCAN PRODUCCIONES PRESENTAN' displayed on the left in a slanted, minimalist font, suggesting the introductory title screen or opening credits of a media production.",
            "B. The scene then transitions to a brightly colored frame dominated by red, showcasing the bold text 'NO ME DIGAS' with 'NO ME' in red and 'DIGAS' in black, outlined for enhanced visibility. Beside it, there is a graphic resembling a digital stopwatch.",
            "C. In a cozy and informal indoor setting, a group of five people, comprising three men and two women, are seated on sofas arranged in an L-shape around a central table holding various items. The participants, dressed in casual attire, each hold a microphone, suggesting they are engaged in a group discussion, interview, or podcast recording.",
            "D. The scene transitions to a graphic with a predominantly white background and a gradient turning into a darker red hue. The central feature is a colorful text overlay that reads 'NO ME DIGAS LO MISMO' in bold letters, with a small digital clock graphic and a cartoon of a female character with blonde hair, suggesting a segment introduction in the video."
        ],
        "answer": "A",
        "qa_level": "long_term",
        "qa_type": "mcqa",
        "old_answer": "A"
    }
]