[
    {
        "qa_idx": 1,
        "qa_task": "character-understanding",
        "question": "What is the woman in the pink jacket holding in her hands at 1197.0 seconds into the video?",
        "options": [
            "A. A book.",
            "B. A compact makeup item.",
            "C. Eyeglasses.",
            "D. A phone."
        ],
        "answer": "C",
        "qa_level": "frame",
        "qa_type": "mcqa",
        "old_answer": "C"
    },
    {
        "qa_idx": 2,
        "qa_task": "object understanding",
        "question": "What text is displayed on the vibrant backdrop in the studio at 2407.0 seconds into the video?",
        "options": [
            "A. Vietnam Why Not.",
            "B. Live Broadcast.",
            "C. Modern Studio.",
            "D. TikTok Live."
        ],
        "answer": "A",
        "qa_level": "frame",
        "qa_type": "mcqa",
        "old_answer": "A"
    },
    {
        "qa_idx": 3,
        "qa_type": "qa",
        "qa_level": "cross_event",
        "qa_task": "action-understanding",
        "question": "Between 585.0 to 645.0 seconds and 654.0 to 703.0 seconds, does the video consistently use a split-screen format to contrast indoor and outdoor scenes?",
        "answer": "Yes",
        "old_answer": "Yes"
    },
    {
        "qa_idx": 4,
        "qa_type": "qa",
        "qa_level": "cross_event",
        "qa_task": "action-understanding",
        "question": "In both video events from 1250.0 to 1310.0 and 1386.0 to 1449.0, are the women holding electronic devices such as smartphones or tablets?",
        "answer": "Yes",
        "old_answer": "Yes"
    },
    {
        "qa_idx": 5,
        "qa_task": "scene-understanding",
        "question": "What is the primary setting of the video event from 739.0 to 810.0 seconds?",
        "options": [
            "A. A split-screen composition showing both indoor and outdoor scenes.",
            "B. A single indoor scene with a green background.",
            "C. An outdoor market scene by the river.",
            "D. A studio setup with six individuals."
        ],
        "answer": "A",
        "qa_level": "within_event",
        "qa_type": "mcqa",
        "old_answer": "A"
    },
    {
        "qa_idx": 12,
        "qa_task": "speed",
        "question": "Which group of individuals is shown to be engaged in discussions or presentations at a faster pace in the video from 69.0 to 3752.0 seconds?",
        "options": [
            "A. The group of six individuals seated on stools in front of a 'VietNam Why Not' backdrop.",
            "B. The group of three individuals seated against a green and yellow background.",
            "C. The group of four individuals seated against a green abstract background.",
            "D. The group of five women seated in front of a 'TikTok LIVE' logo with 'VietNam' backdrop."
        ],
        "answer": "A",
        "qa_level": "long_term",
        "qa_type": "mcqa",
        "old_answer": "A"
    },
    {
        "qa_idx": 14,
        "qa_task": "object understanding",
        "question": "What logo is prominently displayed in the studio setup during the event?",
        "options": [
            "A. YouTube.",
            "B. TikTok.",
            "C. Facebook.",
            "D. Instagram."
        ],
        "answer": "B",
        "qa_level": "long_term",
        "qa_type": "mcqa",
        "old_answer": "B"
    },
    {
        "qa_idx": 15,
        "qa_task": "time-order",
        "question": "In which order do the events occur in the video from 69.0 to 3752.0 seconds?",
        "options": [
            "A. The event starts with a promotional scene featuring 'Vietnam Why Not!' text and transitions to a modern studio with six individuals seated on stools. Then, the scene shifts to a casual interaction with three individuals against a colorful backdrop. Finally, the frame concludes with a green-themed backdrop with a man and two women casually engaged.",
            "B. The event starts with a casual interaction with three individuals against a colorful backdrop. Then, the scene shifts to a modern studio with six individuals seated on stools. Next, the frame concludes with a green-themed backdrop with a man and two women casually engaged. Finally, the event ends with a promotional scene featuring 'Vietnam Why Not!' text.",
            "C. The event starts with a modern studio with six individuals seated on stools. Then, the scene shifts to a casual interaction with three individuals against a colorful backdrop. Next, the frame concludes with a green-themed backdrop with a man and two women casually engaged. Finally, the event ends with a promotional scene featuring 'Vietnam Why Not!' text.",
            "D. The event starts with a green-themed backdrop with a man and two women casually engaged. Then, the scene shifts to a casual interaction with three individuals against a colorful backdrop. Next, the frame concludes with a modern studio with six individuals seated on stools. Finally, the event ends with a promotional scene featuring 'Vietnam Why Not!' text."
        ],
        "answer": "A",
        "qa_level": "long_term",
        "qa_type": "mcqa",
        "old_answer": "A"
    }
]