[
    {
        "qa_idx": 0,
        "qa_task": "character-understanding",
        "question": "What is the condition of the camels' mouths in the video frame at 635.0 seconds?",
        "options": [
            "A. The camels have foam forming in their mouths.",
            "B. The camels have no foam in their mouths.",
            "C. The camels have food in their mouths.",
            "D. The camels have water in their mouths."
        ],
        "answer": "A",
        "qa_level": "frame",
        "qa_type": "mcqa",
        "old_answer": "A"
    },
    {
        "qa_idx": 1,
        "qa_task": "object understanding",
        "question": "What items are visible on the wooden shelf unit to the right of the person at 1260.0 seconds into the video?",
        "options": [
            "A. Books, a lamp, and a vase.",
            "B. A TV, bowls, and numerous containers.",
            "C. A computer, a printer, and some files.",
            "D. A stereo, CDs, and a clock."
        ],
        "answer": "B",
        "qa_level": "frame",
        "qa_type": "mcqa",
        "old_answer": "B"
    },
    {
        "qa_idx": 2,
        "qa_type": "qa",
        "qa_level": "within_event",
        "qa_task": "action-understanding",
        "question": "During the event from 767.0 to 926.0 seconds, does the man in traditional clothing perform a dance routine while explaining the plant named 'jaet'?",
        "answer": "No",
        "old_answer": "No"
    },
    {
        "qa_idx": 4,
        "qa_type": "qa",
        "qa_level": "within_event",
        "qa_task": "character-understanding",
        "question": "Were there people inside cars observing the rising water levels between 213.0 and 373.0 seconds?",
        "answer": "Yes",
        "old_answer": "Yes"
    },
    {
        "qa_idx": 5,
        "qa_type": "qa",
        "qa_level": "cross_event",
        "qa_task": "camera-direction",
        "question": "From the time of 1261.0 to 1329.0, does the camera focus on the detailed interaction with the chest and its contents?",
        "answer": "Yes",
        "old_answer": "Yes"
    },
    {
        "qa_idx": 9,
        "qa_task": "object understanding",
        "question": "What is the appearance and function of the black SUV seen in the video from 1728.0 to 1797.0 seconds?",
        "options": [
            "A. A black SUV with its doors open, indicating ongoing activity inside and near the vehicle.",
            "B. A red sports car parked with no activity around it.",
            "C. A white van with closed doors and no people around.",
            "D. A blue truck driving through a forest."
        ],
        "answer": "A",
        "qa_level": "cross_event",
        "qa_type": "mcqa",
        "old_answer": "A"
    },
    {
        "qa_idx": 10,
        "qa_task": "attribute-change",
        "question": "How does the environment change from the beginning to the end of the video events between 1728.0 to 1797.0 seconds?",
        "options": [
            "A. The environment changes from a desert-like, arid environment to a peaceful campsite setting.",
            "B. The environment changes from a forest to a bustling city.",
            "C. The environment changes from a snowy mountain to a sunny beach.",
            "D. The environment remains the same throughout the video."
        ],
        "answer": "A",
        "qa_level": "cross_event",
        "qa_type": "mcqa",
        "old_answer": "A"
    },
    {
        "qa_idx": 13,
        "qa_task": "object-direction",
        "question": "In the video sequence from 5.0 to 2074.0 seconds, which direction are the camels racing towards during the camel race?",
        "options": [
            "A. Towards the viewer.",
            "B. Away from the viewer.",
            "C. From left to right.",
            "D. From right to left."
        ],
        "answer": "A",
        "qa_level": "long_term",
        "qa_type": "mcqa",
        "old_answer": "A"
    },
    {
        "qa_idx": 14,
        "qa_task": "camera-direction",
        "question": "How does the camera movement change from the scene featuring a boy with a wicker basket to the scene with a polar bear and a rustic building labeled 'HOSTEL' between 5.0 and 2074.0 seconds?",
        "options": [
            "A. The camera zooms in on the boy and then pans to the polar bear.",
            "B. The camera remains static on the boy and then cuts to the polar bear.",
            "C. The camera pans from the boy to the polar bear and then zooms out to show the rustic building.",
            "D. The camera zooms out from the boy and then cuts to a close-up of the polar bear."
        ],
        "answer": "C",
        "qa_level": "long_term",
        "qa_type": "mcqa",
        "old_answer": "C"
    },
    {
        "qa_idx": 15,
        "qa_task": "speed",
        "question": "Which mode of transportation was faster during the camel race scene from 1200.0 to 1300.0 seconds?",
        "options": [
            "A. The camels.",
            "B. The cars driving parallel to the camels.",
            "C. Both were at the same speed.",
            "D. None of the above."
        ],
        "answer": "B",
        "qa_level": "long_term",
        "qa_type": "mcqa",
        "old_answer": "B"
    },
    {
        "qa_idx": 16,
        "qa_task": "attribute-change",
        "question": "How does the landscape change from the beginning to the end of the video sequence from 5.0 to 2074.0 seconds?",
        "options": [
            "A. From a natural landscape with mountains and water to a serene beachscape.",
            "B. From a bustling cityscape to a quiet village.",
            "C. From a dense forest to an open meadow.",
            "D. From a snowy landscape to a tropical rainforest."
        ],
        "answer": "A",
        "qa_level": "long_term",
        "qa_type": "mcqa",
        "old_answer": "A"
    },
    {
        "qa_idx": 17,
        "qa_task": "time-order",
        "question": "In which order do the events occur in the video from 5.0 to 2074.0 seconds?",
        "options": [
            "A. A boy carrying a wicker basket stands in front of a tree, followed by a camel race, then a scene of a man navigating sand dunes, and finally a serene beachscape.",
            "B. A camel race, followed by a boy carrying a wicker basket, then a man navigating sand dunes, and finally a serene beachscape.",
            "C. A man navigating sand dunes, followed by a boy carrying a wicker basket, then a camel race, and finally a serene beachscape.",
            "D. A serene beachscape, followed by a camel race, then a boy carrying a wicker basket, and finally a man navigating sand dunes."
        ],
        "answer": "A",
        "qa_level": "long_term",
        "qa_type": "mcqa",
        "old_answer": "A"
    }
]