[
    {
        "qa_idx": 0,
        "qa_type": "qa",
        "qa_level": "frame",
        "qa_task": "object understanding",
        "question": "Is the animated character wearing a red cap with an antenna-like protrusion at 383.0 seconds into the video?",
        "answer": "Yes",
        "old_answer": "Yes"
    },
    {
        "qa_idx": 1,
        "qa_task": "spatial-relationship",
        "question": "Which character is holding the contract in the animated newspaper at 842.0 seconds?",
        "options": [
            "A. The character on the left with red hair.",
            "B. The character on the right dressed in a suit.",
            "C. Both characters.",
            "D. Neither character."
        ],
        "answer": "B",
        "qa_level": "frame",
        "qa_type": "mcqa",
        "old_answer": "B"
    },
    {
        "qa_idx": 2,
        "qa_type": "qa",
        "qa_level": "frame",
        "qa_task": "object understanding",
        "question": "Is the character on the right holding a contract in the video frame at 842.0 seconds?",
        "answer": "Yes",
        "old_answer": "Yes"
    },
    {
        "qa_idx": 3,
        "qa_type": "qa",
        "qa_level": "cross_event",
        "qa_task": "object understanding",
        "question": "Is there a watering can present in both video events from 1922.0 to 1987.0 and 1999.0 to 2025.0?",
        "answer": "Yes",
        "old_answer": "Yes"
    },
    {
        "qa_idx": 4,
        "qa_task": "camera-direction",
        "question": "At the beginning of the event from 632.0 to 761.0 seconds, what does the camera focus on?",
        "options": [
            "A. A futuristic robot police officer.",
            "B. A close-up of a cartoon driver's license.",
            "C. Characters in a construction-themed scene.",
            "D. A colorful, lively backdrop with purple structures."
        ],
        "answer": "B",
        "qa_level": "within_event",
        "qa_type": "mcqa",
        "old_answer": "B"
    },
    {
        "qa_idx": 5,
        "qa_task": "speed",
        "question": "During the event from 632.0 to 761.0 seconds, which element in the scene changes the fastest?",
        "options": [
            "A. The display of the cartoon driver's license.",
            "B. The shift to a futuristic setting.",
            "C. The construction activities in the urban site.",
            "D. The interaction of characters in the vibrant environment."
        ],
        "answer": "A",
        "qa_level": "within_event",
        "qa_type": "mcqa",
        "old_answer": "A"
    },
    {
        "qa_idx": 6,
        "qa_type": "qa",
        "qa_level": "long_term",
        "qa_task": "object understanding",
        "question": "Is there a yellow doorknob on the red-brick house shown in the video between 3.0 and 2107.0 seconds?",
        "answer": "Yes",
        "old_answer": "Yes"
    },
    {
        "qa_idx": 9,
        "qa_task": "temporal-relationship",
        "question": "What was the character doing before interacting with the tree supporting a beehive?",
        "options": [
            "A. The character was riding a bicycle.",
            "B. The character was walking across the green landscape.",
            "C. The character was tinkering with a small rectangular device.",
            "D. The character was standing near a rock with yellow liquid."
        ],
        "answer": "D",
        "qa_level": "long_term",
        "qa_type": "mcqa",
        "old_answer": "D"
    },
    {
        "qa_idx": 11,
        "qa_task": "causal",
        "question": "Why did the character in the blue body and white head start walking across the green landscape?",
        "options": [
            "A. To interact with the beehive.",
            "B. To find a pizzeria.",
            "C. To avoid the distressed insect character.",
            "D. To reach the construction site."
        ],
        "answer": "A",
        "qa_level": "long_term",
        "qa_type": "mcqa",
        "old_answer": "A"
    },
    {
        "qa_idx": 13,
        "qa_task": "attribute-change",
        "question": "How does the background change from the beginning to the end of the video event from 3.0 to 2107.0 seconds?",
        "options": [
            "A. From a colorful animated scene to a lined notebook paper background.",
            "B. From a lined notebook paper background to a colorful animated scene.",
            "C. From a realistic outdoor scene to a lined notebook paper background.",
            "D. From a lined notebook paper background to a realistic outdoor scene."
        ],
        "answer": "A",
        "qa_level": "long_term",
        "qa_type": "mcqa",
        "old_answer": "A"
    }
]