[
    {
        "qa_idx": 0,
        "qa_type": "qa",
        "qa_level": "frame",
        "qa_task": "object understanding",
        "question": "Is the person seated on an ornately carved, wooden chair at 2184.0 seconds into the video?",
        "answer": "Yes",
        "old_answer": "Yes"
    },
    {
        "qa_idx": 1,
        "qa_type": "qa",
        "qa_level": "frame",
        "qa_task": "character-understanding",
        "question": "Were there people standing on an upper balcony at 2880.0 seconds into the video?",
        "answer": "Yes",
        "old_answer": "Yes"
    },
    {
        "qa_idx": 3,
        "qa_type": "qa",
        "qa_level": "within_event",
        "qa_task": "action-understanding",
        "question": "During the event from 4265.0 to 4327.0 seconds, does the central figure on the ornate chair perform a dance routine?",
        "answer": "No",
        "old_answer": "No"
    },
    {
        "qa_idx": 4,
        "qa_task": "camera-direction",
        "question": "Does the camera move towards the individual seated on the ornately carved wooden chair or transition to a crowded indoor setting from 4770.0 to 4838.0 seconds?",
        "options": [
            "A. The camera moves towards the individual seated on the ornately carved wooden chair.",
            "B. The camera transitions to a crowded indoor setting.",
            "C. The camera moves away from the individual seated on the ornately carved wooden chair.",
            "D. The camera remains stationary."
        ],
        "answer": "B",
        "qa_level": "within_event",
        "qa_type": "mcqa",
        "old_answer": "B"
    },
    {
        "qa_idx": 5,
        "qa_type": "qa",
        "qa_level": "long_term",
        "qa_task": "action-understanding",
        "question": "Did the individual seated on the ornately carved wooden chair perform a dance during the ceremonial event from 19.0 to 7407.0 seconds?",
        "answer": "No",
        "old_answer": "No"
    },
    {
        "qa_idx": 6,
        "qa_task": "object-direction",
        "question": "In which direction are the individuals in vivid yellow and red attire seated relative to the central figure on the elevated platform during the ceremony from 6338.0 to 6366.0 seconds?",
        "options": [
            "A. In front of the central figure.",
            "B. Behind the central figure.",
            "C. To the left of the central figure.",
            "D. To the right of the central figure."
        ],
        "answer": "A",
        "qa_level": "within_event",
        "qa_type": "mcqa",
        "old_answer": "A"
    },
    {
        "qa_idx": 7,
        "qa_type": "qa",
        "qa_level": "long_term",
        "qa_task": "object understanding",
        "question": "Is there a mural depicting buildings and greenery in the background throughout the event from 19.0 to 7407.0 seconds?",
        "answer": "Yes",
        "old_answer": "Yes"
    },
    {
        "qa_idx": 8,
        "qa_task": "temporal-relationship",
        "question": "What happens after the individual dressed in traditional robes is seated on the ornately carved chair?",
        "options": [
            "A. The setting transitions to a larger hall where a religious or cultural event is taking place.",
            "B. The individual starts giving a speech.",
            "C. The audience starts clapping.",
            "D. The individual leaves the chair."
        ],
        "answer": "A",
        "qa_level": "long_term",
        "qa_type": "mcqa",
        "old_answer": "A"
    },
    {
        "qa_idx": 9,
        "qa_task": "spatial-relationship",
        "question": "Where are the monks seated in the larger hall during the religious or cultural event?",
        "options": [
            "A. On the right side of the stage.",
            "B. On the left side of the stage.",
            "C. In the center of the stage.",
            "D. At the back of the hall."
        ],
        "answer": "B",
        "qa_level": "long_term",
        "qa_type": "mcqa",
        "old_answer": "B"
    },
    {
        "qa_idx": 10,
        "qa_task": "counting",
        "question": "How many monks in traditional robes are seated on the left side of the stage during the religious or cultural event from 19.0 to 7407.0 seconds?",
        "options": [
            "A. Several monks.",
            "B. One monk.",
            "C. No monks.",
            "D. Two monks."
        ],
        "answer": "A",
        "qa_level": "long_term",
        "qa_type": "mcqa",
        "old_answer": "A"
    },
    {
        "qa_idx": 13,
        "qa_task": "camera-direction",
        "question": "How does the camera movement change from the beginning to the end of the event from 19.0 to 7407.0 seconds?",
        "options": [
            "A. The camera remains static throughout the event.",
            "B. The camera moves from a close-up of the individual to a wider shot of the entire hall.",
            "C. The camera zooms in on the individual and then zooms out to capture the audience.",
            "D. The camera pans from left to right across the hall."
        ],
        "answer": "B",
        "qa_level": "long_term",
        "qa_type": "mcqa",
        "old_answer": "B"
    },
    {
        "qa_idx": 14,
        "qa_task": "speed",
        "question": "Which group of individuals is described as being more densely packed and closely seated in the video events from 19.0 to 7407.0 seconds?",
        "options": [
            "A. Monks in traditional robes.",
            "B. Students in school uniforms.",
            "C. Men and women in casual attire.",
            "D. Individuals in traditional maroon and yellow robes."
        ],
        "answer": "B",
        "qa_level": "long_term",
        "qa_type": "mcqa",
        "old_answer": "B"
    },
    {
        "qa_idx": 15,
        "qa_task": "attribute-change",
        "question": "How does the setting change from the beginning to the end of the event from 19.0 to 7407.0 seconds?",
        "options": [
            "A. The setting remains the same throughout.",
            "B. The setting changes from a formal ceremonial environment to a crowded educational gathering.",
            "C. The setting changes from an outdoor event to an indoor classroom.",
            "D. The setting changes from a casual meeting to a formal religious ceremony."
        ],
        "answer": "B",
        "qa_level": "long_term",
        "qa_type": "mcqa",
        "old_answer": "B"
    },
    {
        "qa_idx": 16,
        "qa_task": "character-understanding",
        "question": "What is the attire of the central figure seated on the ornately carved wooden chair during the event from 19.0 to 7407.0 seconds?",
        "options": [
            "A. Traditional robes in yellow and maroon.",
            "B. Casual clothing.",
            "C. Formal suit.",
            "D. Sportswear."
        ],
        "answer": "A",
        "qa_level": "long_term",
        "qa_type": "mcqa",
        "old_answer": "A"
    }
]