[
    {
        "qa_idx": 0,
        "qa_type": "qa",
        "qa_level": "within_event",
        "qa_task": "plot-understanding",
        "question": "Is the dog in the video resting inside a white metal cage on a pink bed from 4717.0 to 4718.0 seconds?",
        "answer": "Yes",
        "old_answer": "Yes"
    },
    {
        "qa_idx": 2,
        "qa_type": "qa",
        "qa_level": "within_event",
        "qa_task": "camera-direction",
        "question": "Does the camera capture a close-up view of a person's hands holding a spiral-bound notebook with a pen poised above a blank page between 1568.0 and 1628.0 seconds?",
        "answer": "Yes",
        "old_answer": "Yes"
    },
    {
        "qa_idx": 4,
        "qa_type": "qa",
        "qa_level": "long_term",
        "qa_task": "object understanding",
        "question": "Is there a plush toy resembling a hamburger visible in the video from 2.0 to 4718.0 seconds?",
        "answer": "Yes",
        "old_answer": "Yes"
    },
    {
        "qa_idx": 7,
        "qa_task": "object-direction",
        "question": "In the scene from 2099.0 to 3347.0 seconds, where is the dog positioned in relation to the frame?",
        "options": [
            "A. Middle left.",
            "B. Middle right.",
            "C. Top left.",
            "D. Bottom right."
        ],
        "answer": "B",
        "qa_level": "cross_event",
        "qa_type": "mcqa",
        "old_answer": "B"
    },
    {
        "qa_idx": 8,
        "qa_task": "scene-understanding",
        "question": "What is the main difference between the environments depicted in the two video events from 1568.0 to 1628.0 seconds and H to e seconds?",
        "options": [
            "A. The first event takes place in a multifunctional room with a dog resting, while the second event focuses on a specific fine-grained action.",
            "B. The first event is set outdoors with a dog playing, while the second event is indoors with a person writing.",
            "C. Both events take place in a music studio with a person playing an instrument.",
            "D. The first event features a person cooking in a kitchen, while the second event shows a person drawing in a living room."
        ],
        "answer": "A",
        "qa_level": "cross_event",
        "qa_type": "mcqa",
        "old_answer": "A"
    },
    {
        "qa_idx": 11,
        "qa_task": "object-direction",
        "question": "In which direction did the dog move from the beginning to the end of the video from 2.0 to 4718.0 seconds?",
        "options": [
            "A. From the left side of the room to the right side.",
            "B. From the right side of the room to the left side.",
            "C. From the center of the room to the back.",
            "D. From the back of the room to the center."
        ],
        "answer": "A",
        "qa_level": "long_term",
        "qa_type": "mcqa",
        "old_answer": "A"
    },
    {
        "qa_idx": 12,
        "qa_task": "camera-direction",
        "question": "How does the camera movement change from 2.0 seconds to 4718.0 seconds in the video?",
        "options": [
            "A. The camera moves closer to the dog and then shifts to a close-up of a person's hands holding a sketchbook.",
            "B. The camera remains static throughout the video.",
            "C. The camera moves away from the dog and then shifts to a close-up of a person's hands holding a sketchbook.",
            "D. The camera moves closer to the dog and then shifts to a wide view of the entire room."
        ],
        "answer": "A",
        "qa_level": "long_term",
        "qa_type": "mcqa",
        "old_answer": "A"
    },
    {
        "qa_idx": 13,
        "qa_task": "speed",
        "question": "Which object in the video is moving faster, the dog or the hand touching the dog?",
        "options": [
            "A. The dog.",
            "B. The hand touching the dog.",
            "C. Both are moving at the same speed.",
            "D. None of the above."
        ],
        "answer": "A",
        "qa_level": "long_term",
        "qa_type": "mcqa",
        "old_answer": "A"
    },
    {
        "qa_idx": 16,
        "qa_task": "object understanding",
        "question": "What objects are visible in the dog's resting area in the video from 2.0 to 4718.0 seconds?",
        "options": [
            "A. A pink bed, a white wire cage, a striped mat, and a plush hamburger toy.",
            "B. A blue bed, a black wire cage, a plain mat, and a plush bone toy.",
            "C. A green bed, a wooden crate, a checkered mat, and a plush ball toy.",
            "D. A red bed, a metal crate, a floral mat, and a plush fish toy."
        ],
        "answer": "A",
        "qa_level": "long_term",
        "qa_type": "mcqa",
        "old_answer": "A"
    },
    {
        "qa_idx": 17,
        "qa_task": "time-order",
        "question": "In which order do the events occur in the video from 2.0 to 4718.0 seconds?",
        "options": [
            "A. The dog is captured in motion on a striped mat, the dog shifts to various positions, the dog is gently touched by a hand, the dog is seen entering a crate, the dog is resting in a pink bed inside a metal crate, a person is holding a spiral-bound notebook, the person continues sketching in the notebook, the individual showcases a detailed drawing of human figures.",
            "B. The dog is captured in motion on a striped mat, the dog is gently touched by a hand, the dog shifts to various positions, the dog is seen entering a crate, the dog is resting in a pink bed inside a metal crate, a person is holding a spiral-bound notebook, the person continues sketching in the notebook, the individual showcases a detailed drawing of human figures.",
            "C. The dog is captured in motion on a striped mat, the dog shifts to various positions, the dog is seen entering a crate, the dog is gently touched by a hand, the dog is resting in a pink bed inside a metal crate, a person is holding a spiral-bound notebook, the person continues sketching in the notebook, the individual showcases a detailed drawing of human figures.",
            "D. The dog is captured in motion on a striped mat, the dog shifts to various positions, the dog is seen entering a crate, the dog is resting in a pink bed inside a metal crate, the dog is gently touched by a hand, a person is holding a spiral-bound notebook, the person continues sketching in the notebook, the individual showcases a detailed drawing of human figures."
        ],
        "answer": "A",
        "qa_level": "long_term",
        "qa_type": "mcqa",
        "old_answer": "A"
    }
]