[
    {
        "qa_idx": 0,
        "qa_type": "qa",
        "qa_level": "frame",
        "qa_task": "character-understanding",
        "question": "Is the man sitting on a chair at 100.0 seconds into the video?",
        "answer": "Yes",
        "old_answer": "Yes"
    },
    {
        "qa_idx": 2,
        "qa_type": "qa",
        "qa_level": "frame",
        "qa_task": "character-understanding",
        "question": "Is the person standing behind a wooden podium at 75.0 seconds into the video?",
        "answer": "Yes",
        "old_answer": "Yes"
    },
    {
        "qa_idx": 3,
        "qa_type": "qa",
        "qa_level": "within_event",
        "qa_task": "object understanding",
        "question": "Is the man wearing a light blue polo shirt with an embroidered logo and text from 767.0 to 873.0 seconds?",
        "answer": "Yes",
        "old_answer": "Yes"
    },
    {
        "qa_idx": 4,
        "qa_task": "object understanding",
        "question": "What is the man wearing in the video frame at 2754.0 seconds?",
        "options": [
            "A. A dark blue collared shirt and a wristwatch on his right wrist.",
            "B. A light blue collared shirt and a wristwatch on his left wrist.",
            "C. A white t-shirt and no wristwatch.",
            "D. A black suit and a wristwatch on his left wrist."
        ],
        "answer": "B",
        "qa_level": "frame",
        "qa_type": "mcqa",
        "old_answer": "B"
    },
    {
        "qa_idx": 5,
        "qa_type": "qa",
        "qa_level": "within_event",
        "qa_task": "object understanding",
        "question": "Is there a woman holding a microphone in the video event from 889.0 to 894.0 seconds?",
        "answer": "Yes",
        "old_answer": "Yes"
    },
    {
        "qa_idx": 6,
        "qa_type": "qa",
        "qa_level": "cross_event",
        "qa_task": "speed",
        "question": "From the time of 1693.0 to 1759.0, did the formal event or presentation in the auditorium progress at a fast pace?",
        "answer": "No",
        "old_answer": "No"
    },
    {
        "qa_idx": 7,
        "qa_type": "qa",
        "qa_level": "cross_event",
        "qa_task": "camera-direction",
        "question": "Does the camera remain stationary while capturing the man in the light blue polo shirt against the blue backdrop from 1781.0 to 1847.0?",
        "answer": "Yes",
        "old_answer": "Yes"
    },
    {
        "qa_idx": 8,
        "qa_task": "camera-direction",
        "question": "Does the camera move closer to the man or stay at a consistent distance throughout the video from 1935.0 to 1992.0 seconds?",
        "options": [
            "A. The camera moves closer to the man.",
            "B. The camera stays at a consistent distance.",
            "C. The camera moves away from the man.",
            "D. The camera moves around the man."
        ],
        "answer": "B",
        "qa_level": "within_event",
        "qa_type": "mcqa",
        "old_answer": "B"
    },
    {
        "qa_idx": 10,
        "qa_type": "qa",
        "qa_level": "long_term",
        "qa_task": "character-understanding",
        "question": "Is there a man wearing a light blue polo shirt with an embroidered logo related to 'Curiosity Landing' present in the video between 647.0 and 3090.0 seconds?",
        "answer": "Yes",
        "old_answer": "Yes"
    },
    {
        "qa_idx": 12,
        "qa_task": "attribute-change",
        "question": "How does the background change from the beginning to the end of the events between 453.0 seconds to 561.0 seconds and H seconds to e seconds?",
        "options": [
            "A. The background changes from a solid blue to a patterned design.",
            "B. The background changes from a solid blue to a plain color and then back to a solid blue.",
            "C. The background changes from a solid blue to a plain color and then to a different solid color.",
            "D. The background remains solid blue throughout the events."
        ],
        "answer": "B",
        "qa_level": "cross_event",
        "qa_type": "mcqa",
        "old_answer": "B"
    },
    {
        "qa_idx": 13,
        "qa_task": "temporal-relationship",
        "question": "What happens after the man seated against a plain blue backdrop, wearing a light blue polo shirt with embroidery, gestures with his hands?",
        "options": [
            "A. The scene transitions to a formal event at NASA's Jet Propulsion Laboratory with a speaker at a podium.",
            "B. The man continues to gesture and speak without any scene change.",
            "C. The scene shifts to an outdoor environment.",
            "D. The man stands up and leaves the frame."
        ],
        "answer": "A",
        "qa_level": "long_term",
        "qa_type": "mcqa",
        "old_answer": "A"
    },
    {
        "qa_idx": 14,
        "qa_task": "spatial-relationship",
        "question": "Where is the American flag positioned during the event hosted by NASA's Jet Propulsion Laboratory at the California Institute of Technology?",
        "options": [
            "A. To the left of the stage.",
            "B. To the right of the stage.",
            "C. Behind the podium.",
            "D. In the audience area."
        ],
        "answer": "A",
        "qa_level": "long_term",
        "qa_type": "mcqa",
        "old_answer": "A"
    },
    {
        "qa_idx": 15,
        "qa_task": "causal",
        "question": "Why is the man at the podium addressing the audience at the NASA Jet Propulsion Laboratory event?",
        "options": [
            "A. To introduce the speakers and the topic of space exploration.",
            "B. To announce a new space mission.",
            "C. To entertain the audience with a performance.",
            "D. To discuss the latest fashion trends."
        ],
        "answer": "A",
        "qa_level": "long_term",
        "qa_type": "mcqa",
        "old_answer": "A"
    },
    {
        "qa_idx": 18,
        "qa_task": "object-direction",
        "question": "In which direction is the man at the podium addressing the audience relative to the stage?",
        "options": [
            "A. To the left of the stage.",
            "B. To the right of the stage.",
            "C. In the center of the stage.",
            "D. Behind the stage."
        ],
        "answer": "A",
        "qa_level": "long_term",
        "qa_type": "mcqa",
        "old_answer": "A"
    },
    {
        "qa_idx": 19,
        "qa_task": "camera-direction",
        "question": "How does the camera move during the event at NASA's Jet Propulsion Laboratory at the California Institute of Technology from 3.0 to 3090.0 seconds?",
        "options": [
            "A. The camera remains stationary throughout the event.",
            "B. The camera moves closer to the speakers and audience.",
            "C. The camera moves away from the speakers and audience.",
            "D. The camera pans left and right to capture different angles."
        ],
        "answer": "B",
        "qa_level": "long_term",
        "qa_type": "mcqa",
        "old_answer": "B"
    },
    {
        "qa_idx": 20,
        "qa_task": "speed",
        "question": "Which is faster, the man speaking at the podium or the audience members taking notes and using electronic devices during the event from 3.0 to 3090.0 seconds?",
        "options": [
            "A. The man speaking at the podium.",
            "B. The audience members taking notes and using electronic devices.",
            "C. Both are at the same speed.",
            "D. None of the above."
        ],
        "answer": "B",
        "qa_level": "long_term",
        "qa_type": "mcqa",
        "old_answer": "B"
    },
    {
        "qa_idx": 21,
        "qa_task": "attribute-change",
        "question": "How does the background color change throughout the event from 3.0 to 3090.0 seconds?",
        "options": [
            "A. The background changes from dark blue to lighter blue.",
            "B. The background changes from light blue to dark blue.",
            "C. The background remains consistently dark blue.",
            "D. The background changes from dark blue to green."
        ],
        "answer": "A",
        "qa_level": "long_term",
        "qa_type": "mcqa",
        "old_answer": "A"
    },
    {
        "qa_idx": 22,
        "qa_task": "character-understanding",
        "question": "What is the man wearing who is seated centrally against a plain blue backdrop and gesturing with his hands?",
        "options": [
            "A. A light blue polo shirt with embroidery.",
            "B. A dark blue suit.",
            "C. A white lab coat.",
            "D. A red t-shirt."
        ],
        "answer": "A",
        "qa_level": "long_term",
        "qa_type": "mcqa",
        "old_answer": "A"
    }
]