[
    {
        "qa_idx": 0,
        "qa_type": "qa",
        "qa_level": "within_event",
        "qa_task": "object understanding",
        "question": "Is there a windmill in the background of the gaming environment from 1852.0 to 1937.0 seconds?",
        "answer": "Yes",
        "old_answer": "Yes"
    },
    {
        "qa_idx": 1,
        "qa_task": "character-understanding",
        "question": "What are the labels of the two distinct characters present on one of the platforms at 3129.0 seconds into the video?",
        "options": [
            "A. P1 and P2.",
            "B. pronto and sujo.",
            "C. P1 and pronto.",
            "D. sujo and P2."
        ],
        "answer": "A",
        "qa_level": "frame",
        "qa_type": "mcqa",
        "old_answer": "A"
    },
    {
        "qa_idx": 2,
        "qa_type": "qa",
        "qa_level": "cross_event",
        "qa_task": "character-understanding",
        "question": "Were there characters labeled 'P1' and 'P2' involved in the gameplay in the castle scene from 2217.0 to 2322.0 seconds?",
        "answer": "Yes",
        "old_answer": "Yes"
    },
    {
        "qa_idx": 3,
        "qa_task": "causal",
        "question": "What likely caused the celebratory actions of the three individuals in the gaming environment from 1852.0 to 1937.0 seconds?",
        "options": [
            "A. They completed a mission objective.",
            "B. They lost the game.",
            "C. They encountered a game glitch.",
            "D. They paused the game."
        ],
        "answer": "A",
        "qa_level": "cross_event",
        "qa_type": "mcqa",
        "old_answer": "A"
    },
    {
        "qa_idx": 4,
        "qa_task": "speed",
        "question": "Between the time of 2422.0 seconds to 2741.0 seconds, which character appears to move faster in the pixelated video game environment?",
        "options": [
            "A. P1.",
            "B. P2.",
            "C. Both characters move at the same speed.",
            "D. Neither character moves."
        ],
        "answer": "A",
        "qa_level": "cross_event",
        "qa_type": "mcqa",
        "old_answer": "A"
    },
    {
        "qa_idx": 5,
        "qa_task": "temporal-relationship",
        "question": "What happens after the man with a microphone addresses the audience about 'Turma da Mônica (Mauricio de Sousa Produções)'?",
        "options": [
            "A. The scene shifts to a modern building with reflective windows and parked cars.",
            "B. The man continues to address the audience under lighting setups.",
            "C. The scene transitions to a colorful playroom filled with vibrant decorations.",
            "D. The man starts playing a video game on stage."
        ],
        "answer": "A",
        "qa_level": "long_term",
        "qa_type": "mcqa",
        "old_answer": "A"
    },
    {
        "qa_idx": 7,
        "qa_task": "object-direction",
        "question": "In which direction did the man in the red shirt and glasses move during the event from 69.0 to 4928.0 seconds?",
        "options": [
            "A. Towards the left side of the stage.",
            "B. Towards the right side of the stage.",
            "C. Towards the back of the stage.",
            "D. Towards the front of the stage."
        ],
        "answer": "A",
        "qa_level": "long_term",
        "qa_type": "mcqa",
        "old_answer": "A"
    },
    {
        "qa_idx": 8,
        "qa_task": "camera-direction",
        "question": "What happens to the camera direction from 69.0 to 4928.0 seconds?",
        "options": [
            "A. The camera moves closer to the stage and then shifts to a modern building.",
            "B. The camera remains static throughout the event.",
            "C. The camera moves away from the stage and then shifts to a modern building.",
            "D. The camera only focuses on the audience."
        ],
        "answer": "A",
        "qa_level": "long_term",
        "qa_type": "mcqa",
        "old_answer": "A"
    },
    {
        "qa_idx": 9,
        "qa_task": "speed",
        "question": "Which character is faster in the gaming scenes between 1385.0 seconds and 2860.0 seconds?",
        "options": [
            "A. P1.",
            "B. P2.",
            "C. Both are at the same speed.",
            "D. None of the above."
        ],
        "answer": "A",
        "qa_level": "long_term",
        "qa_type": "mcqa",
        "old_answer": "A"
    },
    {
        "qa_idx": 10,
        "qa_task": "attribute-change",
        "question": "How does the setting change from the beginning to the end of the event from 69.0 to 4928.0 seconds?",
        "options": [
            "A. From a promotional scene to a gaming event.",
            "B. From a gaming event to a promotional scene.",
            "C. From a formal presentation to an animated video game scene.",
            "D. From an animated video game scene to a formal presentation."
        ],
        "answer": "A",
        "qa_level": "long_term",
        "qa_type": "mcqa",
        "old_answer": "A"
    },
    {
        "qa_idx": 12,
        "qa_task": "object understanding",
        "question": "What kind of chairs are prominently featured in the event setting?",
        "options": [
            "A. Office chairs.",
            "B. Gaming chairs.",
            "C. Dining chairs.",
            "D. Lounge chairs."
        ],
        "answer": "B",
        "qa_level": "long_term",
        "qa_type": "mcqa",
        "old_answer": "B"
    }
]