[
    {
        "qa_idx": 0,
        "qa_type": "qa",
        "qa_level": "frame",
        "qa_task": "object understanding",
        "question": "Is there a fish prominently positioned within the aquarium environment at 226.0 seconds into the video?",
        "answer": "Yes",
        "old_answer": "Yes"
    },
    {
        "qa_idx": 1,
        "qa_task": "character-understanding",
        "question": "What is the main feature of the fish in the video frame at 230.0 seconds?",
        "options": [
            "A. The fish has a pattern of yellow and dark bands.",
            "B. The fish is completely red.",
            "C. The fish has a pattern of blue and white stripes.",
            "D. The fish is entirely black."
        ],
        "answer": "A",
        "qa_level": "frame",
        "qa_type": "mcqa",
        "old_answer": "A"
    },
    {
        "qa_idx": 2,
        "qa_type": "qa",
        "qa_level": "within_event",
        "qa_task": "speed",
        "question": "Are the small fish swimming energetically in the clear water of the aquarium tank from 1130.0 to 1190.0 seconds?",
        "answer": "Yes",
        "old_answer": "Yes"
    },
    {
        "qa_idx": 3,
        "qa_type": "qa",
        "qa_level": "within_event",
        "qa_task": "action-understanding",
        "question": "During the underwater scene from 1263.0 to 1322.0 seconds, does a diver appear and start cleaning the aquarium walls?",
        "answer": "No",
        "old_answer": "No"
    },
    {
        "qa_idx": 4,
        "qa_task": "object understanding",
        "question": "What is the dominant color in the underwater scene at the 147.0-second mark of the video?",
        "options": [
            "A. Green.",
            "B. Red.",
            "C. Deep blue.",
            "D. Yellow."
        ],
        "answer": "C",
        "qa_level": "frame",
        "qa_type": "mcqa",
        "old_answer": "C"
    },
    {
        "qa_idx": 5,
        "qa_type": "qa",
        "qa_level": "cross_event",
        "qa_task": "action-understanding",
        "question": "Between 1338.0 and 1403.0 seconds, does the person in the dark hoodie and glasses feed the fish in the aquarium?",
        "answer": "No",
        "old_answer": "No"
    },
    {
        "qa_idx": 7,
        "qa_type": "qa",
        "qa_level": "long_term",
        "qa_task": "character-understanding",
        "question": "Are there two men interacting in a room with aquariums and blue walls between 4.0 and 1837.0 seconds?",
        "answer": "Yes",
        "old_answer": "Yes"
    },
    {
        "qa_idx": 13,
        "qa_task": "camera-direction",
        "question": "How does the camera movement change from 4.0 to 1837.0 seconds in the video?",
        "options": [
            "A. The camera moves closer to the aquariums and fish tanks.",
            "B. The camera moves away from the aquariums and fish tanks.",
            "C. The camera remains stationary throughout the video.",
            "D. The camera moves in a circular motion around the room."
        ],
        "answer": "A",
        "qa_level": "long_term",
        "qa_type": "mcqa",
        "old_answer": "A"
    },
    {
        "qa_idx": 14,
        "qa_task": "speed",
        "question": "Which is faster, the fish or the bubbles from the filtration device in the aquarium between 564.0 and 1837.0 seconds?",
        "options": [
            "A. The fish.",
            "B. The bubbles from the filtration device.",
            "C. Both are at the same speed.",
            "D. None of the above."
        ],
        "answer": "A",
        "qa_level": "long_term",
        "qa_type": "mcqa",
        "old_answer": "A"
    },
    {
        "qa_idx": 15,
        "qa_task": "attribute-change",
        "question": "How does the water in the aquariums change from the beginning to the end of the video (4.0 to 1837.0 seconds)?",
        "options": [
            "A. The water becomes clearer and more vibrant.",
            "B. The water becomes murkier and filled with particles.",
            "C. The water remains the same throughout.",
            "D. The water changes color to blue."
        ],
        "answer": "B",
        "qa_level": "long_term",
        "qa_type": "mcqa",
        "old_answer": "B"
    }
]