[
    {
        "qa_idx": 0,
        "qa_type": "qa",
        "qa_level": "frame",
        "qa_task": "character-understanding",
        "question": "Is the man in the lower part of the frame gesturing with his hands at 1622.0 seconds?",
        "answer": "Yes",
        "old_answer": "Yes"
    },
    {
        "qa_idx": 1,
        "qa_task": "spatial-relationship",
        "question": "Where is the primary man located in the split-screen setup at 882.0 seconds?",
        "options": [
            "A. In a home environment.",
            "B. In a forest.",
            "C. In an office.",
            "D. In a studio."
        ],
        "answer": "A",
        "qa_level": "frame",
        "qa_type": "mcqa",
        "old_answer": "A"
    },
    {
        "qa_idx": 2,
        "qa_type": "qa",
        "qa_level": "within_event",
        "qa_task": "action-understanding",
        "question": "During the event from 1391.0 to 1442.0 seconds, does the central man stand up and start dancing in the forest-like atmosphere?",
        "answer": "No",
        "old_answer": "No"
    },
    {
        "qa_idx": 4,
        "qa_type": "qa",
        "qa_level": "within_event",
        "qa_task": "character-understanding",
        "question": "Was the man sitting indoors in a living room at the beginning of the event from 403.0 to 466.0 seconds?",
        "answer": "Yes",
        "old_answer": "Yes"
    },
    {
        "qa_idx": 5,
        "qa_task": "descriptive-scene",
        "question": "What is the setting of the video frame at 1137.0 seconds?",
        "options": [
            "A. An outdoor forest.",
            "B. A cozy indoor setting.",
            "C. A beach.",
            "D. A city street."
        ],
        "answer": "B",
        "qa_level": "frame",
        "qa_type": "mcqa",
        "old_answer": "B"
    },
    {
        "qa_idx": 8,
        "qa_type": "qa",
        "qa_level": "cross_event",
        "qa_task": "character-understanding",
        "question": "Do both video events feature polaroid-style photographs of various individuals from the time of 2139.0 to 2260.0?",
        "answer": "Yes",
        "old_answer": "Yes"
    },
    {
        "qa_idx": 9,
        "qa_task": "camera-direction",
        "question": "During the video call setup from 810.0 to 883.0 seconds, how does the camera direction change when the setting switches to the person with a forest-themed background?",
        "options": [
            "A. The camera zooms in on the person with the forest-themed background.",
            "B. The camera pans to the left to show the person with the forest-themed background.",
            "C. The camera switches to a different angle to show the person with the forest-themed background.",
            "D. The camera remains stationary and the background changes."
        ],
        "answer": "C",
        "qa_level": "within_event",
        "qa_type": "mcqa",
        "old_answer": "C"
    },
    {
        "qa_idx": 10,
        "qa_type": "qa",
        "qa_level": "long_term",
        "qa_task": "action-understanding",
        "question": "Does the video show any action other than displaying text and photographs from 14.0 to 2305.0 seconds?",
        "answer": "No",
        "old_answer": "No"
    },
    {
        "qa_idx": 11,
        "qa_task": "attribute-change",
        "question": "How does the lighting and background change from the beginning to the end of the video event from 591.0 to 654.0 seconds?",
        "options": [
            "A. The lighting changes from bright to dim, and the background changes from a forest-themed mural to a plain wall.",
            "B. The lighting remains warm and ambient throughout, and the background consistently features nature-themed elements and decorations.",
            "C. The lighting changes from warm to cool, and the background changes from a nature-themed backdrop to a cityscape.",
            "D. The lighting becomes progressively darker, and the background changes from a forest-themed mural to a beach scene."
        ],
        "answer": "B",
        "qa_level": "cross_event",
        "qa_type": "mcqa",
        "old_answer": "B"
    },
    {
        "qa_idx": 12,
        "qa_task": "scene-understanding",
        "question": "What is the primary setting theme for the man in casual clothing during the event from 655.0 to 718.0 seconds?",
        "options": [
            "A. A minimalistic indoor room.",
            "B. A nature-themed indoor setting.",
            "C. An outdoor park.",
            "D. A busy office environment."
        ],
        "answer": "B",
        "qa_level": "cross_event",
        "qa_type": "mcqa",
        "old_answer": "B"
    },
    {
        "qa_idx": 15,
        "qa_task": "temporal-relationship",
        "question": "What happens after the scene with the text 'MOSES & FRIENDS STARTING SOON!' surrounded by polaroid pictures?",
        "options": [
            "A. The scene transitions to a vibrant yellow background filled with Polaroid-style photographs.",
            "B. The event starts with a frame featuring a vibrant, orange background with a prominent overlay text in bold white letters stating 'STARTING SOON!'.",
            "C. The scene prominently features a campaign supportive of comedy with bold text against the same yellow background reading 'TEAMCOO ♥ COMEDY'.",
            "D. The scene transitions to a video call setup featuring two men in different locations."
        ],
        "answer": "A",
        "qa_level": "long_term",
        "qa_type": "mcqa",
        "old_answer": "A"
    },
    {
        "qa_idx": 18,
        "qa_task": "camera-direction",
        "question": "How does the camera movement change from 14.0 seconds to 2305.0 seconds in the video?",
        "options": [
            "A. The camera remains static throughout the video.",
            "B. The camera zooms in and out on various scenes.",
            "C. The camera pans across different backgrounds and settings.",
            "D. The camera follows a single individual throughout the video."
        ],
        "answer": "C",
        "qa_level": "long_term",
        "qa_type": "mcqa",
        "old_answer": "C"
    },
    {
        "qa_idx": 19,
        "qa_task": "speed",
        "question": "How does the speed of the video transition between different scenes from 14.0 to 2305.0 seconds?",
        "options": [
            "A. The video transitions quickly between scenes.",
            "B. The video transitions slowly between scenes.",
            "C. The video maintains a constant speed throughout.",
            "D. The video transitions at varying speeds."
        ],
        "answer": "A",
        "qa_level": "long_term",
        "qa_type": "mcqa",
        "old_answer": "A"
    },
    {
        "qa_idx": 20,
        "qa_task": "attribute-change",
        "question": "How does the background color change from the beginning to the end of the video event from 14.0 to 2305.0 seconds?",
        "options": [
            "A. From bright orange to yellow.",
            "B. From yellow to bright orange.",
            "C. From bright orange to yellow-orange.",
            "D. From yellow-orange to bright orange."
        ],
        "answer": "D",
        "qa_level": "long_term",
        "qa_type": "mcqa",
        "old_answer": "D"
    },
    {
        "qa_idx": 23,
        "qa_task": "descriptive-scene",
        "question": "What is the main theme of the event depicted in the video from 14.0 to 2305.0 seconds?",
        "options": [
            "A. A nature documentary.",
            "B. A comedy support campaign.",
            "C. A cooking show.",
            "D. A music concert."
        ],
        "answer": "B",
        "qa_level": "long_term",
        "qa_type": "mcqa",
        "old_answer": "B"
    }
]