[
    {
        "qa_idx": 0,
        "qa_type": "qa",
        "qa_level": "frame",
        "qa_task": "object understanding",
        "question": "Is the foot of the primate fully visible in the frame at 269.0 seconds?",
        "answer": "No",
        "old_answer": "No"
    },
    {
        "qa_idx": 1,
        "qa_task": "character-understanding",
        "question": "What is the animal doing in the video frame at 973.0 seconds?",
        "options": [
            "A. The animal is sleeping.",
            "B. The animal is interacting with a plant.",
            "C. The animal is eating.",
            "D. The animal is running."
        ],
        "answer": "B",
        "qa_level": "frame",
        "qa_type": "mcqa",
        "old_answer": "B"
    },
    {
        "qa_idx": 2,
        "qa_type": "qa",
        "qa_level": "frame",
        "qa_task": "character-understanding",
        "question": "Is there any indication of human or animal activity in the forest scene at 1872.0 seconds?",
        "answer": "Yes",
        "old_answer": "Yes"
    },
    {
        "qa_idx": 4,
        "qa_type": "qa",
        "qa_level": "within_event",
        "qa_task": "plot-understanding",
        "question": "Does the event primarily focus on the interactions of monkeys in a lush, green jungle setting from 1451.0 to 1512.0 seconds?",
        "answer": "Yes",
        "old_answer": "Yes"
    },
    {
        "qa_idx": 6,
        "qa_type": "qa",
        "qa_level": "cross_event",
        "qa_task": "character-understanding",
        "question": "Were there any humans present in the forest environment between 2502.0 and 2578.0?",
        "answer": "No",
        "old_answer": "No"
    },
    {
        "qa_idx": 7,
        "qa_type": "qa",
        "qa_level": "cross_event",
        "qa_task": "character-understanding",
        "question": "Were there any gorillas present in the forest habitat between 718.0 to 879.0 seconds and 885.0 to 947.0 seconds?",
        "answer": "Yes",
        "old_answer": "Yes"
    },
    {
        "qa_idx": 9,
        "qa_task": "speed",
        "question": "From 885.0 to 947.0 seconds, which animal is depicted as moving faster in the video?",
        "options": [
            "A. The large gorilla.",
            "B. The black-furred monkeys.",
            "C. Both are moving at the same speed.",
            "D. None of the above."
        ],
        "answer": "D",
        "qa_level": "within_event",
        "qa_type": "mcqa",
        "old_answer": "D"
    },
    {
        "qa_idx": 10,
        "qa_task": "camera-direction",
        "question": "Does the camera move closer to the monkey or does the monkey move towards the camera in the video event from 455.0 to 516.0 seconds?",
        "options": [
            "A. The camera moves closer to the monkey.",
            "B. The monkey moves towards the camera.",
            "C. The camera moves away from the monkey.",
            "D. The monkey moves away from the camera."
        ],
        "answer": "A",
        "qa_level": "within_event",
        "qa_type": "mcqa",
        "old_answer": "A"
    },
    {
        "qa_idx": 11,
        "qa_task": "plot-understanding",
        "question": "How does the transition of the landscape from 108.0 seconds to 168.0 seconds contribute to the overall narrative of the video?",
        "options": [
            "A. It shows the transformation of a volcanic crater into a bustling city.",
            "B. It highlights the untouched and serene beauty of various natural landscapes.",
            "C. It depicts the destruction of natural landscapes due to human activities.",
            "D. It illustrates the seasonal changes in a mountainous region."
        ],
        "answer": "B",
        "qa_level": "cross_event",
        "qa_type": "mcqa",
        "old_answer": "B"
    },
    {
        "qa_idx": 14,
        "qa_task": "object-direction",
        "question": "In which direction do the people walk in the natural landscape featuring majestic mountains, lush greenery, trees, and people walking?",
        "options": [
            "A. Towards the left side of the frame.",
            "B. Towards the right side of the frame.",
            "C. Towards the center of the frame.",
            "D. Towards the background of the frame."
        ],
        "answer": "B",
        "qa_level": "long_term",
        "qa_type": "mcqa",
        "old_answer": "B"
    },
    {
        "qa_idx": 15,
        "qa_task": "camera-direction",
        "question": "How does the camera movement change from the beginning to the end of the video from 3.0 to 2971.0 seconds?",
        "options": [
            "A. The camera moves from a close-up of wildlife to a wide shot of a natural landscape.",
            "B. The camera moves from a wide shot of a natural landscape to a close-up of wildlife.",
            "C. The camera remains static throughout the video.",
            "D. The camera moves from a close-up of human activities to a wide shot of a natural landscape."
        ],
        "answer": "B",
        "qa_level": "long_term",
        "qa_type": "mcqa",
        "old_answer": "B"
    },
    {
        "qa_idx": 16,
        "qa_task": "speed",
        "question": "Which animal is moving faster in the video from 3.0 to 2971.0 seconds, the gorilla or the monkey?",
        "options": [
            "A. The gorilla.",
            "B. The monkey.",
            "C. Both are moving at the same speed.",
            "D. None of the above."
        ],
        "answer": "B",
        "qa_level": "long_term",
        "qa_type": "mcqa",
        "old_answer": "B"
    },
    {
        "qa_idx": 17,
        "qa_task": "attribute-change",
        "question": "How does the environment change from the beginning to the end of the video from 3.0 to 2971.0 seconds?",
        "options": [
            "A. The environment changes from a misty landscape to a dense forest with lush greenery.",
            "B. The environment changes from a dense forest to a barren volcanic landscape.",
            "C. The environment changes from a bustling marketplace to a serene natural landscape.",
            "D. The environment changes from a lush green forest to a rocky terrain."
        ],
        "answer": "A",
        "qa_level": "long_term",
        "qa_type": "mcqa",
        "old_answer": "A"
    },
    {
        "qa_idx": 19,
        "qa_task": "time-order",
        "question": "In which order do the events occur in the video from 3.0 to 2971.0 seconds?",
        "options": [
            "A. The video begins with a scene prominently featuring the 'Wild Things' logo, transitions to a misty landscape, and then to a vibrant communal setting.",
            "B. The video begins with a large gorilla in a dense, green forest, transitions to a close-up of a gorilla lying on the ground, and then to a scene with two black-furred animals resting.",
            "C. The video begins with a vast volcanic crater, transitions to a high-altitude view of a mountainous landscape, and then to a serene natural landscape dominated by trees and mountains.",
            "D. The video begins with a lush green environment densely populated with various types of vegetation, transitions to a group of monkeys interacting amidst the vegetation, and then to a large gorilla in a dense, green forest."
        ],
        "answer": "A",
        "qa_level": "long_term",
        "qa_type": "mcqa",
        "old_answer": "A"
    }
]