[
    {
        "qa_idx": 0,
        "qa_task": "character-understanding",
        "question": "What are the pigs in the video frame doing at 3452.0 seconds?",
        "options": [
            "A. The pigs are cooking.",
            "B. The pigs are cleaning.",
            "C. The pigs are looking at or reacting to something off-frame.",
            "D. The pigs are eating."
        ],
        "answer": "C",
        "qa_level": "frame",
        "qa_type": "mcqa",
        "old_answer": "C"
    },
    {
        "qa_idx": 1,
        "qa_type": "qa",
        "qa_level": "within_event",
        "qa_task": "camera-direction",
        "question": "Is the camera moving in the frame showcasing the closing credits of 'Peppa Pig' from 3788.0 to 3788.0 seconds?",
        "answer": "No",
        "old_answer": "No"
    },
    {
        "qa_idx": 2,
        "qa_task": "descriptive-scene",
        "question": "What is the overall environment of the scene at 850.0 seconds into the video?",
        "options": [
            "A. A sunny outdoor scene with a house, green grass, and plants.",
            "B. A rainy day with a dark sky and muddy ground.",
            "C. An indoor scene with a fireplace and cozy furniture.",
            "D. A snowy landscape with a frozen lake and snow-covered trees."
        ],
        "answer": "A",
        "qa_level": "frame",
        "qa_type": "mcqa",
        "old_answer": "A"
    },
    {
        "qa_idx": 3,
        "qa_type": "qa",
        "qa_level": "within_event",
        "qa_task": "action-understanding",
        "question": "During the event from 1689.0 to 1743.0 seconds, do the characters engage in a game of soccer?",
        "answer": "No",
        "old_answer": "No"
    },
    {
        "qa_idx": 4,
        "qa_task": "descriptive-scene",
        "question": "Where does the scene in the video frame at 90.0 seconds take place?",
        "options": [
            "A. In a forest.",
            "B. On a beach.",
            "C. At an observation deck.",
            "D. In a city park."
        ],
        "answer": "C",
        "qa_level": "frame",
        "qa_type": "mcqa",
        "old_answer": "C"
    },
    {
        "qa_idx": 5,
        "qa_type": "qa",
        "qa_level": "cross_event",
        "qa_task": "camera-direction",
        "question": "Does the camera move to focus on the animated characters interacting at an observation tower with metal structures and ladders from 3.0 to 65.0?",
        "answer": "Yes",
        "old_answer": "Yes"
    },
    {
        "qa_idx": 6,
        "qa_type": "qa",
        "qa_level": "cross_event",
        "qa_task": "action-understanding",
        "question": "In the event from 123.0 to 202.0, does the airplane take off from the grassy ground?",
        "answer": "No",
        "old_answer": "No"
    },
    {
        "qa_idx": 7,
        "qa_task": "attribute-change",
        "question": "How does the setting change from the beginning to the end of the video event from 3272.0 to 3335.0 seconds?",
        "options": [
            "A. The setting remains in the kitchen throughout the video.",
            "B. The setting transitions from a kitchen to a classroom, then to an outdoor event, and back to a classroom.",
            "C. The setting changes from a classroom to an outdoor event and then to a kitchen.",
            "D. The setting stays in the classroom for the entire duration."
        ],
        "answer": "B",
        "qa_level": "within_event",
        "qa_type": "mcqa",
        "old_answer": "B"
    },
    {
        "qa_idx": 8,
        "qa_type": "qa",
        "qa_level": "long_term",
        "qa_task": "action-understanding",
        "question": "In the video event from 3.0 to 3788.0 seconds, does the rabbit character in the blue helicopter ever land the helicopter on the ground?",
        "answer": "No",
        "old_answer": "No"
    },
    {
        "qa_idx": 10,
        "qa_task": "character-understanding",
        "question": "What are the main activities of the animated pig characters in the video events from 2638.0 to 2708.0 seconds?",
        "options": [
            "A. Interacting in a forested environment and engaging in crafting activities.",
            "B. Playing sports and cooking in the kitchen.",
            "C. Shopping in a mall and reading books.",
            "D. Swimming in a pool and dancing in a studio."
        ],
        "answer": "A",
        "qa_level": "cross_event",
        "qa_type": "mcqa",
        "old_answer": "A"
    },
    {
        "qa_idx": 11,
        "qa_task": "object-direction",
        "question": "In the video events from 3401.0 to 3478.0 seconds and H to e seconds, what is the direction of the soccer ball's movement in the outdoor sporting activity?",
        "options": [
            "A. The soccer ball is moving from left to right.",
            "B. The soccer ball is moving from right to left.",
            "C. The soccer ball is moving from top to bottom.",
            "D. The soccer ball is stationary."
        ],
        "answer": "D",
        "qa_level": "cross_event",
        "qa_type": "mcqa",
        "old_answer": "D"
    },
    {
        "qa_idx": 12,
        "qa_task": "object understanding",
        "question": "What is the appearance and function of the booth in the outdoor scene from the time of 2250.0 to 2312.0 seconds?",
        "options": [
            "A. A booth with a green and red striped canopy, run by a deer-like character, used for engaging with the pig family.",
            "B. A booth with a blue and yellow striped canopy, run by a rabbit-like character, used for selling food.",
            "C. A booth with a green and red striped canopy, run by a pig character, used for playing games.",
            "D. A booth with a red and white striped canopy, run by a deer-like character, used for providing information."
        ],
        "answer": "A",
        "qa_level": "cross_event",
        "qa_type": "mcqa",
        "old_answer": "A"
    },
    {
        "qa_idx": 14,
        "qa_task": "spatial-relationship",
        "question": "Where are the characters standing when they are looking upwards?",
        "options": [
            "A. On a circular outdoor platform enclosed by a metal railing.",
            "B. On a grassy area under a clear blue sky.",
            "C. Inside a hot air balloon basket.",
            "D. In a children's playroom."
        ],
        "answer": "A",
        "qa_level": "long_term",
        "qa_type": "mcqa",
        "old_answer": "A"
    },
    {
        "qa_idx": 15,
        "qa_task": "causal",
        "question": "Why did the pink pig character hang below the helicopter in the video from 3.0 to 3788.0 seconds?",
        "options": [
            "A. The pink pig character was secured by a harness for a sightseeing activity.",
            "B. The pink pig character was trying to fix the helicopter.",
            "C. The pink pig character was playing a game.",
            "D. The pink pig character was rescuing another character."
        ],
        "answer": "A",
        "qa_level": "long_term",
        "qa_type": "mcqa",
        "old_answer": "A"
    },
    {
        "qa_idx": 17,
        "qa_task": "camera-direction",
        "question": "What direction does the camera move when the helicopter hovers near the tower where several anthropomorphic animal characters are gathered on a balcony from 3.0 to 3788.0 seconds?",
        "options": [
            "A. The camera moves closer to the helicopter.",
            "B. The camera moves away from the helicopter.",
            "C. The camera moves to the left of the helicopter.",
            "D. The camera moves to the right of the helicopter."
        ],
        "answer": "A",
        "qa_level": "long_term",
        "qa_type": "mcqa",
        "old_answer": "A"
    },
    {
        "qa_idx": 18,
        "qa_task": "attribute-change",
        "question": "How does the setting change from the beginning to the end of the video from 3.0 to 3788.0 seconds?",
        "options": [
            "A. From a light blue background with the title 'Peppa Pig' to a colorful animated scene with anthropomorphic characters.",
            "B. From a vibrant market scene in Paris to a serene outdoor scene featuring a small house.",
            "C. From a whimsical animated rabbit piloting a helicopter to a vibrant and colorful animated scene in a children's play area.",
            "D. From a serene outdoor scene featuring a small house to a bright blue background with the title 'Peppa Pig'."
        ],
        "answer": "D",
        "qa_level": "long_term",
        "qa_type": "mcqa",
        "old_answer": "D"
    },
    {
        "qa_idx": 20,
        "qa_task": "object understanding",
        "question": "What objects are featured in the market scene in Paris from 3.0 to 3788.0 seconds?",
        "options": [
            "A. Miniature Eiffel Tower models, postcards, and other Paris-themed items.",
            "B. Hot air balloons, wicker baskets, and colorful flags.",
            "C. Barbecue grills, corn on the cob, and chef's hats.",
            "D. Ice cream cones, rainbows, and umbrellas."
        ],
        "answer": "A",
        "qa_level": "long_term",
        "qa_type": "mcqa",
        "old_answer": "A"
    }
]