[
    {
        "qa_idx": 0,
        "qa_type": "qa",
        "qa_level": "frame",
        "qa_task": "character-understanding",
        "question": "Is the person in the video frame at 1362.0 seconds engaged in agricultural work?",
        "answer": "Yes",
        "old_answer": "Yes"
    },
    {
        "qa_idx": 1,
        "qa_type": "qa",
        "qa_level": "within_event",
        "qa_task": "action-understanding",
        "question": "During the video event from 1060.0 to 1089.0 seconds, does the woman seated near the tree start painting the earthenware pots?",
        "answer": "No",
        "old_answer": "No"
    },
    {
        "qa_idx": 3,
        "qa_type": "qa",
        "qa_level": "within_event",
        "qa_task": "character-understanding",
        "question": "Were there children seen playing or working amidst traditional huts and natural surroundings between 1172.0 and 1238.0 seconds?",
        "answer": "Yes",
        "old_answer": "Yes"
    },
    {
        "qa_idx": 4,
        "qa_type": "qa",
        "qa_level": "cross_event",
        "qa_task": "character-understanding",
        "question": "In both events from 820.0 to 924.0 and 931.0 to 993.0, were men involved in communal activities?",
        "answer": "Yes",
        "old_answer": "Yes"
    },
    {
        "qa_idx": 5,
        "qa_task": "descriptive-scene",
        "question": "Where does the video event take place from 131.0 to 180.0 seconds?",
        "options": [
            "A. In a rural village.",
            "B. In a densely populated urban area near a large body of water.",
            "C. In a desert.",
            "D. In a forest."
        ],
        "answer": "B",
        "qa_level": "within_event",
        "qa_type": "mcqa",
        "old_answer": "B"
    },
    {
        "qa_idx": 6,
        "qa_type": "qa",
        "qa_level": "long_term",
        "qa_task": "action-understanding",
        "question": "After the scene featuring the polar bear moving leftward in front of snow-capped mountains, did the video show a person skiing down the mountains? (Time: 4.0 to 2079.0 seconds)",
        "answer": "No",
        "old_answer": "No"
    },
    {
        "qa_idx": 7,
        "qa_task": "object-direction",
        "question": "In the video from 1380.0 to 1449.0 seconds, which direction is the person holding the watering can standing relative to the field?",
        "options": [
            "A. In the foreground.",
            "B. In the background.",
            "C. To the left of the field.",
            "D. To the right of the field."
        ],
        "answer": "A",
        "qa_level": "within_event",
        "qa_type": "mcqa",
        "old_answer": "A"
    },
    {
        "qa_idx": 8,
        "qa_task": "causal",
        "question": "Why are the individuals in the video engaged in manual labor and agricultural activities from 1239.0 to 1379.0 seconds?",
        "options": [
            "A. They are participating in a community event.",
            "B. They are performing conservation efforts.",
            "C. They are involved in post-harvest cotton farming activities.",
            "D. They are preparing for a festival."
        ],
        "answer": "C",
        "qa_level": "cross_event",
        "qa_type": "mcqa",
        "old_answer": "C"
    },
    {
        "qa_idx": 9,
        "qa_task": "temporal-relationship",
        "question": "What happens after the scene featuring a large wheel, an expansive bridge over water, skyscrapers, and a boat?",
        "options": [
            "A. A surreal scene with desert dunes and remnants of historical structures.",
            "B. A scene with a polar bear moving leftward in front of snow-capped mountains.",
            "C. A scene with global monuments like the Eiffel Tower and Saint Basil's Cathedral.",
            "D. A scene with a blocky structure spelling 'ALL' in a landscape with trees and water."
        ],
        "answer": "A",
        "qa_level": "long_term",
        "qa_type": "mcqa",
        "old_answer": "A"
    },
    {
        "qa_idx": 10,
        "qa_task": "spatial-relationship",
        "question": "In the scene from 4.0 to 2079.0 seconds, where is the polar bear moving leftward?",
        "options": [
            "A. In front of snow-capped mountains.",
            "B. In front of a desert dune.",
            "C. In front of a large wheel.",
            "D. In front of a mural with Egyptian-style drawings."
        ],
        "answer": "A",
        "qa_level": "long_term",
        "qa_type": "mcqa",
        "old_answer": "A"
    },
    {
        "qa_idx": 11,
        "qa_task": "causal",
        "question": "Why does the video show a scene with a large wheel, an expansive bridge over water, skyscrapers, and a boat at sunset or sunrise at 4.0 to 2079.0 seconds?",
        "options": [
            "A. To emphasize the urban skyline and its contrast with natural elements.",
            "B. To highlight the importance of traditional musical instruments.",
            "C. To show the process of making traditional bricks.",
            "D. To depict the daily life and communal activities in a rural village."
        ],
        "answer": "A",
        "qa_level": "long_term",
        "qa_type": "mcqa",
        "old_answer": "A"
    },
    {
        "qa_idx": 12,
        "qa_task": "counting",
        "question": "How many different tribes are mentioned to inhabit Cote d'Ivoire in the video event descriptions from 4.0 to 2079.0 seconds?",
        "options": [
            "A. 50.",
            "B. 66.",
            "C. 75.",
            "D. 80."
        ],
        "answer": "B",
        "qa_level": "long_term",
        "qa_type": "mcqa",
        "old_answer": "B"
    },
    {
        "qa_idx": 15,
        "qa_task": "camera-direction",
        "question": "How does the camera move in the scene from 4.0 to 2079.0 seconds when transitioning from the mural with Egyptian-style drawings to the serene landscape with a centrally positioned tree?",
        "options": [
            "A. The camera zooms in on the mural and then cuts to the landscape.",
            "B. The camera pans from the mural to the landscape.",
            "C. The camera tilts from the mural to the landscape.",
            "D. The camera remains static and the scenes change."
        ],
        "answer": "B",
        "qa_level": "long_term",
        "qa_type": "mcqa",
        "old_answer": "B"
    },
    {
        "qa_idx": 16,
        "qa_task": "speed",
        "question": "Which mode of transportation is depicted as moving faster in the video from 4.0 to 2079.0 seconds?",
        "options": [
            "A. The polar bear moving leftward.",
            "B. The airplane flying over a detailed topographic map.",
            "C. The bicycle carrying a cage with live chickens.",
            "D. The man carrying a blue backpack."
        ],
        "answer": "B",
        "qa_level": "long_term",
        "qa_type": "mcqa",
        "old_answer": "B"
    },
    {
        "qa_idx": 17,
        "qa_task": "attribute-change",
        "question": "How does the scene transition from the beginning to the end of the video from 4.0 to 2079.0 seconds?",
        "options": [
            "A. From a textured beige background with natural and historical elements to a dense forest scene under soft lighting.",
            "B. From a busy street bustling with activity to a serene lake amidst an urban area.",
            "C. From a rustic outdoor cooking area to a traditional brick-making process.",
            "D. From an industrial scene in a factory to a communal gathering playing traditional musical instruments."
        ],
        "answer": "A",
        "qa_level": "long_term",
        "qa_type": "mcqa",
        "old_answer": "A"
    },
    {
        "qa_idx": 18,
        "qa_task": "object understanding",
        "question": "What kind of objects are featured in the scene at 4.0 to 2079.0 seconds?",
        "options": [
            "A. Traditional musical instruments, cotton balls, and rustic cooking utensils.",
            "B. Modern electronic devices, plastic containers, and synthetic fabrics.",
            "C. High-tech gadgets, metal furniture, and glass sculptures.",
            "D. Sports equipment, digital screens, and neon lights."
        ],
        "answer": "A",
        "qa_level": "long_term",
        "qa_type": "mcqa",
        "old_answer": "A"
    },
    {
        "qa_idx": 19,
        "qa_task": "time-order",
        "question": "In which order do the events occur in the video from 4.0 to 2079.0 seconds?",
        "options": [
            "A. The scene begins with a textured beige background featuring faint handwritten text, transitions to a mural with Egyptian-style drawings, and then shifts to a serene landscape with a centrally positioned tree.",
            "B. The event begins with an indoor scene set within a rustic space, transitions to an outdoor rural area with individuals playing traditional musical instruments, and then shows a village setting with men and a young boy engaged in a musical performance.",
            "C. The event starts with a wide aerial view of a densely populated urban area near a large body of water, shifts to a busy street bustling with activity, and then focuses on a woman in colorful clothing in a busy street scene.",
            "D. The sequence begins with a scene of a rustic outdoor cooking area, transitions to showing a bucket filled with whitish liquid beside a cooking pot, and then features a man wearing a sun hat and carrying a backpack."
        ],
        "answer": "A",
        "qa_level": "long_term",
        "qa_type": "mcqa",
        "old_answer": "A"
    }
]