[
    {
        "qa_idx": 0,
        "qa_type": "qa",
        "qa_level": "frame",
        "qa_task": "character-understanding",
        "question": "At 884.0 seconds into the video, was there a person with a yellow helmet riding a motorbike?",
        "answer": "Yes",
        "old_answer": "Yes"
    },
    {
        "qa_idx": 1,
        "qa_task": "object understanding",
        "question": "What items are cluttered on the blue table at 69.0 seconds into the video?",
        "options": [
            "A. A jar of coffee grounds, a box of cigarettes, a lighter, and a few other containers.",
            "B. A book, a cup of tea, a pen, and a notebook.",
            "C. A laptop, a water bottle, a pair of sunglasses, and a hat.",
            "D. A plate of food, a fork, a napkin, and a glass of juice."
        ],
        "answer": "A",
        "qa_level": "frame",
        "qa_type": "mcqa",
        "old_answer": "A"
    },
    {
        "qa_idx": 2,
        "qa_type": "qa",
        "qa_level": "frame",
        "qa_task": "object understanding",
        "question": "Is there another motorcycle parked in the background at 728.0 seconds into the video?",
        "answer": "Yes",
        "old_answer": "Yes"
    },
    {
        "qa_idx": 3,
        "qa_task": "object understanding",
        "question": "What is the man in the foreground wearing at 970.0 seconds into the video?",
        "options": [
            "A. A helmet and a backpack.",
            "B. A hat and a jacket.",
            "C. Sunglasses and a scarf.",
            "D. A suit and a tie."
        ],
        "answer": "A",
        "qa_level": "frame",
        "qa_type": "mcqa",
        "old_answer": "A"
    },
    {
        "qa_idx": 4,
        "qa_task": "spatial-relationship",
        "question": "What is positioned prominently on the left side of the frame at the 842.0-second mark?",
        "options": [
            "A. A large arch.",
            "B. A flag.",
            "C. A decorative pillar.",
            "D. A clear path."
        ],
        "answer": "B",
        "qa_level": "frame",
        "qa_type": "mcqa",
        "old_answer": "B"
    },
    {
        "qa_idx": 5,
        "qa_task": "object understanding",
        "question": "What is prominently featured in the foreground of the frame at 2223.0 seconds into the video?",
        "options": [
            "A. A television.",
            "B. A tablet computer.",
            "C. A smartphone.",
            "D. A laptop."
        ],
        "answer": "B",
        "qa_level": "frame",
        "qa_type": "mcqa",
        "old_answer": "B"
    },
    {
        "qa_idx": 6,
        "qa_type": "qa",
        "qa_level": "cross_event",
        "qa_task": "camera-direction",
        "question": "Does the camera move to capture different individuals and activities in the marketplace from the time of 131.0 to 160.0 and 161.0 to 326.0?",
        "answer": "Yes",
        "old_answer": "Yes"
    },
    {
        "qa_idx": 7,
        "qa_type": "qa",
        "qa_level": "cross_event",
        "qa_task": "speed",
        "question": "Did the motorcycle travel at a fast pace in the event from 718.0 to 785.0?",
        "answer": "No",
        "old_answer": "No"
    },
    {
        "qa_idx": 8,
        "qa_task": "object understanding",
        "question": "What is the man wearing at the beginning of the video event from 1404.0 to 1484.0 seconds?",
        "options": [
            "A. A red t-shirt, necklace, and backpack.",
            "B. A navy blue t-shirt, necklace, and backpack.",
            "C. A green t-shirt, hat, and backpack.",
            "D. A white t-shirt, necklace, and hat."
        ],
        "answer": "B",
        "qa_level": "within_event",
        "qa_type": "mcqa",
        "old_answer": "B"
    },
    {
        "qa_idx": 9,
        "qa_type": "qa",
        "qa_level": "long_term",
        "qa_task": "camera-direction",
        "question": "Does the camera capture both the serene riverside scene and the bustling marketplace from different angles between 1.0 and 2266.0 seconds?",
        "answer": "Yes",
        "old_answer": "Yes"
    },
    {
        "qa_idx": 10,
        "qa_task": "spatial-relationship",
        "question": "Between 1550.0 seconds and 1616.0 seconds, where is the large bird cage primarily located in the rural outdoor scene?",
        "options": [
            "A. Near a paved road with green vegetation and banana plants.",
            "B. In an open grassy area with three people standing around it.",
            "C. Next to a motorcycle with a prominently displayed license plate.",
            "D. On a dirt path surrounded by lush green fields."
        ],
        "answer": "B",
        "qa_level": "cross_event",
        "qa_type": "mcqa",
        "old_answer": "B"
    },
    {
        "qa_idx": 11,
        "qa_task": "temporal-relationship",
        "question": "What was the man in a blue shirt and black backpack doing before the scene transitioned to individuals preparing for a motorbike ride?",
        "options": [
            "A. He was standing near a body of water, gesturing with one arm.",
            "B. He was interacting with a motorbike.",
            "C. He was drinking from a coconut.",
            "D. He was sitting at a blue table playing a game on his smartphone."
        ],
        "answer": "A",
        "qa_level": "long_term",
        "qa_type": "mcqa",
        "old_answer": "A"
    },
    {
        "qa_idx": 12,
        "qa_task": "spatial-relationship",
        "question": "Where is the man with a blue shirt and black backpack standing in the initial outdoor scene?",
        "options": [
            "A. Near a body of water surrounded by rugged terrain and lush green trees.",
            "B. In a bustling urban street with multiple motorcycles and vehicles.",
            "C. Inside a convenience store filled with various items.",
            "D. In a rural landscape with a winding dirt road and banana plants."
        ],
        "answer": "A",
        "qa_level": "long_term",
        "qa_type": "mcqa",
        "old_answer": "A"
    },
    {
        "qa_idx": 13,
        "qa_task": "descriptive-scene",
        "question": "Where does the scene transition from a serene riverside to everyday activities involving individuals and motorbikes?",
        "options": [
            "A. In a bustling urban street.",
            "B. In a semi-rural market area.",
            "C. In a local food or drink stall.",
            "D. In a vibrant outdoor market."
        ],
        "answer": "B",
        "qa_level": "long_term",
        "qa_type": "mcqa",
        "old_answer": "B"
    },
    {
        "qa_idx": 14,
        "qa_task": "plot-understanding",
        "question": "What is the main setting of the video from 1.0 to 2266.0 seconds?",
        "options": [
            "A. A serene riverside scene transitioning to a vibrant marketplace.",
            "B. A bustling urban street transitioning to a quiet rural road.",
            "C. An indoor environment transitioning to a busy convenience store.",
            "D. A serene rural landscape transitioning to an industrial area."
        ],
        "answer": "A",
        "qa_level": "long_term",
        "qa_type": "mcqa",
        "old_answer": "A"
    },
    {
        "qa_idx": 16,
        "qa_task": "speed",
        "question": "Which mode of transportation is faster in the video from 1.0 to 2266.0 seconds, the motorcycle or the bicycle?",
        "options": [
            "A. The motorcycle.",
            "B. The bicycle.",
            "C. Both are at the same speed.",
            "D. None of the above."
        ],
        "answer": "A",
        "qa_level": "long_term",
        "qa_type": "mcqa",
        "old_answer": "A"
    },
    {
        "qa_idx": 17,
        "qa_task": "attribute-change",
        "question": "How does the setting change from the beginning to the end of the video from 1.0 to 2266.0 seconds?",
        "options": [
            "A. From a serene riverside scene to a bustling urban street.",
            "B. From a rural landscape to an indoor convenience store.",
            "C. From a semi-rural market to a tranquil countryside.",
            "D. From a busy marketplace to a quiet residential area."
        ],
        "answer": "B",
        "qa_level": "long_term",
        "qa_type": "mcqa",
        "old_answer": "B"
    },
    {
        "qa_idx": 18,
        "qa_task": "character-understanding",
        "question": "What is the man wearing while standing near a body of water and gesturing with one arm?",
        "options": [
            "A. A blue shirt and black backpack.",
            "B. A red shirt and white hat.",
            "C. A green jacket and brown shoes.",
            "D. A yellow t-shirt and blue jeans."
        ],
        "answer": "A",
        "qa_level": "long_term",
        "qa_type": "mcqa",
        "old_answer": "A"
    },
    {
        "qa_idx": 19,
        "qa_task": "object understanding",
        "question": "What items are visible on the blue table in the casual outdoor setting at the beginning of the event?",
        "options": [
            "A. A jar of coffee grounds, a box of cigarettes, a lighter, and other containers.",
            "B. A laptop, a cup of coffee, and a book.",
            "C. A basket of fruits, a bottle of water, and a newspaper.",
            "D. A camera, a map, and a pair of sunglasses."
        ],
        "answer": "A",
        "qa_level": "long_term",
        "qa_type": "mcqa",
        "old_answer": "A"
    },
    {
        "qa_idx": 20,
        "qa_task": "descriptive-scene",
        "question": "Where does the scene transition from a serene riverside to a vibrant marketplace?",
        "options": [
            "A. In a park.",
            "B. Near a bridge.",
            "C. At a local market.",
            "D. In a residential area."
        ],
        "answer": "C",
        "qa_level": "long_term",
        "qa_type": "mcqa",
        "old_answer": "C"
    }
]