[
    {
        "qa_idx": 0,
        "qa_type": "qa",
        "qa_level": "frame",
        "qa_task": "character-understanding",
        "question": "Are there two individuals seated in the lower-right corner of the frame at 3272.0 seconds?",
        "answer": "Yes",
        "old_answer": "Yes"
    },
    {
        "qa_idx": 1,
        "qa_task": "object understanding",
        "question": "What is displayed on the computer monitor at 603.0 seconds into the video?",
        "options": [
            "A. A video game.",
            "B. A browser window with several tabs open, primarily showing content related to Microsoft Teams.",
            "C. A movie.",
            "D. A photo editing software."
        ],
        "answer": "B",
        "qa_level": "frame",
        "qa_type": "mcqa",
        "old_answer": "B"
    },
    {
        "qa_idx": 3,
        "qa_type": "qa",
        "qa_level": "within_event",
        "qa_task": "camera-direction",
        "question": "Does the camera remain stationary while displaying the computer screen and the two individuals from 2764.0 to 2823.0 seconds?",
        "answer": "Yes",
        "old_answer": "Yes"
    },
    {
        "qa_idx": 4,
        "qa_type": "qa",
        "qa_level": "cross_event",
        "qa_task": "character-understanding",
        "question": "Were there two individuals engaged in a discussion about tech products in both events from 2450.0 to 2510.0 and 2613.0 to 2713.0?",
        "answer": "Yes",
        "old_answer": "Yes"
    },
    {
        "qa_idx": 6,
        "qa_type": "qa",
        "qa_level": "cross_event",
        "qa_task": "character-understanding",
        "question": "Were there two individuals discussing computer components in both events from 3145.0 to 3544.0 and 3643.0 to 3860.0?",
        "answer": "Yes",
        "old_answer": "Yes"
    },
    {
        "qa_idx": 7,
        "qa_type": "qa",
        "qa_level": "long_term",
        "qa_task": "character-understanding",
        "question": "Are the two individuals consistently seen seated at a desk with laptops throughout the video from 46.0 to 5107.0 seconds?",
        "answer": "Yes",
        "old_answer": "Yes"
    },
    {
        "qa_idx": 9,
        "qa_type": "qa",
        "qa_level": "long_term",
        "qa_task": "action-understanding",
        "question": "Did the individuals ever close their laptops during the video events from 46.0 to 5107.0 seconds?",
        "answer": "No",
        "old_answer": "No"
    },
    {
        "qa_idx": 10,
        "qa_task": "camera-direction",
        "question": "How does the camera movement change between the two events from 3643.0 to 3860.0 seconds and H to e seconds?",
        "options": [
            "A. The camera moves from a wide shot of the room to a close-up of the computer screens.",
            "B. The camera moves from a close-up of the computer screens to a wide shot of the room.",
            "C. The camera remains stationary throughout both events.",
            "D. The camera moves from a close-up of the individuals to a wide shot of the room."
        ],
        "answer": "A",
        "qa_level": "cross_event",
        "qa_type": "mcqa",
        "old_answer": "A"
    },
    {
        "qa_idx": 11,
        "qa_task": "time-order",
        "question": "What is the correct sequence of events in the video from 2450.0 to 2510.0 seconds and H to e seconds?",
        "options": [
            "A. Browsing various e-commerce websites, then two individuals engaging with laptops in a tech-savvy environment.",
            "B. Two individuals engaging with laptops in a tech-savvy environment, then browsing various e-commerce websites.",
            "C. Browsing various e-commerce websites, then a tech review series focusing on online shopping.",
            "D. A tech review series focusing on online shopping, then browsing various e-commerce websites."
        ],
        "answer": "A",
        "qa_level": "cross_event",
        "qa_type": "mcqa",
        "old_answer": "A"
    },
    {
        "qa_idx": 14,
        "qa_task": "temporal-relationship",
        "question": "What were the two individuals doing before they started discussing the Thermaltake Smart 700W OEM power supply?",
        "options": [
            "A. Reviewing the CORSAIR Vengeance 750M power supply.",
            "B. Browsing Amazon for Prime Day deals.",
            "C. Discussing the Thermaltake Toughpower Grand RGB 850W power supply.",
            "D. Reviewing the CORSAIR CARBIDE Mid-Tower case."
        ],
        "answer": "B",
        "qa_level": "long_term",
        "qa_type": "mcqa",
        "old_answer": "B"
    },
    {
        "qa_idx": 15,
        "qa_task": "spatial-relationship",
        "question": "Where is the individual wearing a blue shirt with a yellow graphic design seated relative to the individual wearing a dark hoodie with a patterned blue shirt?",
        "options": [
            "A. On the right.",
            "B. On the left.",
            "C. In front.",
            "D. Behind."
        ],
        "answer": "B",
        "qa_level": "long_term",
        "qa_type": "mcqa",
        "old_answer": "B"
    },
    {
        "qa_idx": 19,
        "qa_task": "camera-direction",
        "question": "What direction does the camera move in the video from 46.0 to 5107.0 seconds?",
        "options": [
            "A. The camera moves closer to the screen.",
            "B. The camera moves away from the screen.",
            "C. The camera remains stationary.",
            "D. The camera moves around the room."
        ],
        "answer": "A",
        "qa_level": "long_term",
        "qa_type": "mcqa",
        "old_answer": "A"
    },
    {
        "qa_idx": 20,
        "qa_task": "speed",
        "question": "Which website's product page was displayed faster, Amazon or Newegg, during the video events from 46.0 to 5107.0 seconds?",
        "options": [
            "A. Amazon.",
            "B. Newegg.",
            "C. Both were displayed at the same speed.",
            "D. None of the above."
        ],
        "answer": "A",
        "qa_level": "long_term",
        "qa_type": "mcqa",
        "old_answer": "A"
    },
    {
        "qa_idx": 21,
        "qa_task": "attribute-change",
        "question": "How does the focus of the video change from the beginning to the end between 46.0 and 5107.0 seconds?",
        "options": [
            "A. From a general discussion to a detailed product review.",
            "B. From a cooking tutorial to a tech review.",
            "C. From a travel vlog to a shopping guide.",
            "D. From a fitness routine to a gaming session."
        ],
        "answer": "A",
        "qa_level": "long_term",
        "qa_type": "mcqa",
        "old_answer": "A"
    },
    {
        "qa_idx": 23,
        "qa_task": "object understanding",
        "question": "What kind of items are prominently displayed on the shelves in the background throughout the video from 46.0 to 5107.0 seconds?",
        "options": [
            "A. Kitchen utensils and appliances.",
            "B. Books, decorations, and plants.",
            "C. Sports equipment and trophies.",
            "D. Clothing and accessories."
        ],
        "answer": "B",
        "qa_level": "long_term",
        "qa_type": "mcqa",
        "old_answer": "B"
    },
    {
        "qa_idx": 24,
        "qa_task": "time-order",
        "question": "In which order do the events occur in the video from 46.0 to 5107.0 seconds?",
        "options": [
            "A. Two individuals are seated at a table with laptops, then the focus shifts to a Google Chrome browser window, followed by an Amazon webpage, and finally a product review of the 'Thermaltake Smart 700W OEM' power supply.",
            "B. The video starts with a Google Chrome browser window, then transitions to two individuals seated at a table with laptops, followed by an Amazon webpage, and ends with a product review of the 'Thermaltake Smart 700W OEM' power supply.",
            "C. The video begins with an Amazon webpage, then shows two individuals seated at a table with laptops, followed by a Google Chrome browser window, and concludes with a product review of the 'Thermaltake Smart 700W OEM' power supply.",
            "D. The video starts with a product review of the 'Thermaltake Smart 700W OEM' power supply, then transitions to an Amazon webpage, followed by two individuals seated at a table with laptops, and ends with a Google Chrome browser window."
        ],
        "answer": "A",
        "qa_level": "long_term",
        "qa_type": "mcqa",
        "old_answer": "A"
    }
]