[
    {
        "qa_idx": 0,
        "qa_type": "qa",
        "qa_level": "frame",
        "qa_task": "object understanding",
        "question": "Is the person holding an open cardboard box at the 990.0-second mark in the video?",
        "answer": "Yes",
        "old_answer": "Yes"
    },
    {
        "qa_idx": 1,
        "qa_type": "qa",
        "qa_level": "frame",
        "qa_task": "object understanding",
        "question": "Is there a small white figure on the shelf in the background at the 2430.0-second mark?",
        "answer": "Yes",
        "old_answer": "Yes"
    },
    {
        "qa_idx": 3,
        "qa_type": "qa",
        "qa_level": "within_event",
        "qa_task": "character-understanding",
        "question": "Was the person seen handling a black, finned component during the event from 968.0 to 1030.0 seconds?",
        "answer": "Yes",
        "old_answer": "Yes"
    },
    {
        "qa_idx": 4,
        "qa_task": "spatial-relationship",
        "question": "Where is the computer monitor positioned in the frame at 3416.0 seconds?",
        "options": [
            "A. Towards the right side of the frame.",
            "B. Towards the left side of the frame.",
            "C. In the center of the frame.",
            "D. Not visible in the frame."
        ],
        "answer": "B",
        "qa_level": "frame",
        "qa_type": "mcqa",
        "old_answer": "B"
    },
    {
        "qa_idx": 5,
        "qa_type": "qa",
        "qa_level": "cross_event",
        "qa_task": "speed",
        "question": "Did the person in the room with blue walls interact with the electronic equipment at a fast pace between the time of 3797.0 to 3879.0?",
        "answer": "No",
        "old_answer": "No"
    },
    {
        "qa_idx": 9,
        "qa_task": "attribute-change",
        "question": "How does the lighting in the workspace change from the beginning to the end of the event sequence from 2246.0 to 2567.0 seconds?",
        "options": [
            "A. The lighting remains consistently bright throughout the sequence.",
            "B. The lighting changes from bright to dim.",
            "C. The lighting changes from dim to bright.",
            "D. The lighting fluctuates between bright and dim."
        ],
        "answer": "A",
        "qa_level": "cross_event",
        "qa_type": "mcqa",
        "old_answer": "A"
    },
    {
        "qa_idx": 11,
        "qa_task": "time-order",
        "question": "What is the correct sequence of events in the two video descriptions from the time of 3233.0 to 3336.0 seconds and H to e seconds?",
        "options": [
            "A. The person first interacts with computer equipment and then handles tools and electronic components.",
            "B. The person first handles tools and electronic components and then interacts with computer equipment.",
            "C. The person only interacts with computer equipment throughout both events.",
            "D. The person only handles tools and electronic components throughout both events."
        ],
        "answer": "A",
        "qa_level": "cross_event",
        "qa_type": "mcqa",
        "old_answer": "A"
    },
    {
        "qa_idx": 12,
        "qa_task": "temporal-relationship",
        "question": "What was the man doing before he started handling the black computer component?",
        "options": [
            "A. He was interacting with computer monitors displaying technical data.",
            "B. He was examining a black rectangular object closely.",
            "C. He was managing small cardboard boxes.",
            "D. He was adjusting a cooling system."
        ],
        "answer": "C",
        "qa_level": "long_term",
        "qa_type": "mcqa",
        "old_answer": "C"
    },
    {
        "qa_idx": 13,
        "qa_task": "spatial-relationship",
        "question": "Where is the computer monitor positioned in the workspace?",
        "options": [
            "A. On the left side of the frame.",
            "B. On the right side of the frame.",
            "C. In the center of the frame.",
            "D. Behind the person."
        ],
        "answer": "A",
        "qa_level": "long_term",
        "qa_type": "mcqa",
        "old_answer": "A"
    },
    {
        "qa_idx": 17,
        "qa_task": "object-direction",
        "question": "In which direction is the man positioned relative to the computer monitor displaying multiple windows and software applications from 22.0 to 5546.0 seconds?",
        "options": [
            "A. To the left of the monitor.",
            "B. To the right of the monitor.",
            "C. In front of the monitor.",
            "D. Behind the monitor."
        ],
        "answer": "B",
        "qa_level": "long_term",
        "qa_type": "mcqa",
        "old_answer": "B"
    },
    {
        "qa_idx": 18,
        "qa_task": "camera-direction",
        "question": "How does the camera movement change from 22.0 seconds to 1030.0 seconds in the video?",
        "options": [
            "A. The camera moves closer to the man.",
            "B. The camera moves away from the man.",
            "C. The camera remains stationary.",
            "D. The camera pans around the room."
        ],
        "answer": "C",
        "qa_level": "long_term",
        "qa_type": "mcqa",
        "old_answer": "C"
    },
    {
        "qa_idx": 19,
        "qa_task": "attribute-change",
        "question": "How does the background color of the wall change from the beginning to the end of the video from 22.0 to 5546.0 seconds?",
        "options": [
            "A. From blue to green.",
            "B. From blue to white.",
            "C. From blue to red.",
            "D. It remains blue."
        ],
        "answer": "D",
        "qa_level": "long_term",
        "qa_type": "mcqa",
        "old_answer": "D"
    },
    {
        "qa_idx": 22,
        "qa_task": "descriptive-scene",
        "question": "Where does the video take place from 22.0 to 5546.0 seconds?",
        "options": [
            "A. In a tech-focused workspace with blue walls.",
            "B. In a garden.",
            "C. In a living room.",
            "D. In a kitchen."
        ],
        "answer": "A",
        "qa_level": "long_term",
        "qa_type": "mcqa",
        "old_answer": "A"
    }
]