[
    {
        "qa_idx": 0,
        "qa_type": "qa",
        "qa_level": "frame",
        "qa_task": "object understanding",
        "question": "Is there a green cross symbol on the side of the vehicle in the frame at 592.0 seconds?",
        "answer": "Yes",
        "old_answer": "Yes"
    },
    {
        "qa_idx": 2,
        "qa_type": "qa",
        "qa_level": "frame",
        "qa_task": "character-understanding",
        "question": "Are the characters in the video frame dressed in yellow firefighter uniforms at 1451.0 seconds?",
        "answer": "Yes",
        "old_answer": "Yes"
    },
    {
        "qa_idx": 3,
        "qa_type": "qa",
        "qa_level": "within_event",
        "qa_task": "camera-direction",
        "question": "Does the camera remain stationary while capturing the yellow house with a red roof and the blue boat from 2720.0 to 2734.0 seconds?",
        "answer": "Yes",
        "old_answer": "Yes"
    },
    {
        "qa_idx": 4,
        "qa_task": "character-understanding",
        "question": "What is the character in the video doing at 2088.0 seconds?",
        "options": [
            "A. The character is walking.",
            "B. The character is driving a red car.",
            "C. The character is riding a bicycle.",
            "D. The character is sitting on the grass."
        ],
        "answer": "B",
        "qa_level": "frame",
        "qa_type": "mcqa",
        "old_answer": "B"
    },
    {
        "qa_idx": 5,
        "qa_task": "camera-direction",
        "question": "During the scene from 1054.0 to 1155.0 seconds, how does the camera movement change when focusing on the cream-colored house with a blue gabled roof and the red train labeled '5'?",
        "options": [
            "A. The camera zooms out to show the entire house and train.",
            "B. The camera pans to the left to follow the train.",
            "C. The camera zooms in to focus on the details of the house and train.",
            "D. The camera remains stationary while the train moves."
        ],
        "answer": "C",
        "qa_level": "within_event",
        "qa_type": "mcqa",
        "old_answer": "C"
    },
    {
        "qa_idx": 6,
        "qa_type": "qa",
        "qa_level": "long_term",
        "qa_task": "action-understanding",
        "question": "After the train journey, do the characters engage in a cooking competition inside the train carriage? (Time: 3.0 to 2795.0 seconds)",
        "answer": "No",
        "old_answer": "No"
    },
    {
        "qa_idx": 7,
        "qa_type": "qa",
        "qa_level": "long_term",
        "qa_task": "speed",
        "question": "Did the train travel at a slow pace through the green hills from 3.0 to 2795.0 seconds?",
        "answer": "Yes",
        "old_answer": "Yes"
    },
    {
        "qa_idx": 8,
        "qa_task": "object understanding",
        "question": "What are the notable features of the boat in the scene from 2580.0 to 2642.0 seconds?",
        "options": [
            "A. The boat has a blue hull, a white upper deck, a ship's wheel, a pirate flag, and a green parrot figurine at the bow.",
            "B. The boat is entirely red with no additional features.",
            "C. The boat is a simple wooden raft with no decorations.",
            "D. The boat is a modern yacht with a sleek design and no pirate elements."
        ],
        "answer": "A",
        "qa_level": "cross_event",
        "qa_type": "mcqa",
        "old_answer": "A"
    },
    {
        "qa_idx": 9,
        "qa_task": "camera-direction",
        "question": "How does the camera movement emphasize the firefighting mission in the event from 1594.0 to 1700.0 seconds?",
        "options": [
            "A. The camera moves forward to show the detail of the barbecue grill emitting black smoke.",
            "B. The camera remains static, focusing on the characters in yellow firefighter uniforms.",
            "C. The camera pans to the left to capture the entire picnic scene.",
            "D. The camera zooms out to show the entire rural environment with rolling green hills."
        ],
        "answer": "A",
        "qa_level": "cross_event",
        "qa_type": "mcqa",
        "old_answer": "A"
    },
    {
        "qa_idx": 10,
        "qa_task": "spatial-relationship",
        "question": "Where is the rabbit character with glasses and a whistle positioned in the train scene at 3.0 to 2795.0 seconds?",
        "options": [
            "A. Inside the train carriage.",
            "B. Leaning out of the train window.",
            "C. Standing on the train platform.",
            "D. Sitting on a bench at the train station."
        ],
        "answer": "B",
        "qa_level": "long_term",
        "qa_type": "mcqa",
        "old_answer": "B"
    },
    {
        "qa_idx": 11,
        "qa_task": "causal",
        "question": "Why did the characters hold clipboards with checklists during the train journey from 3.0 to 2795.0 seconds?",
        "options": [
            "A. To play a game.",
            "B. To conduct an educational activity.",
            "C. To prepare for a test.",
            "D. To draw pictures."
        ],
        "answer": "B",
        "qa_level": "long_term",
        "qa_type": "mcqa",
        "old_answer": "B"
    },
    {
        "qa_idx": 12,
        "qa_task": "plot-understanding",
        "question": "What is the main theme of the video events from 3.0 to 2795.0 seconds?",
        "options": [
            "A. A family of pigs going on various adventures.",
            "B. A group of animals preparing for a sports event.",
            "C. A cooking competition among animated characters.",
            "D. A musical concert featuring anthropomorphic animals."
        ],
        "answer": "A",
        "qa_level": "long_term",
        "qa_type": "mcqa",
        "old_answer": "A"
    },
    {
        "qa_idx": 13,
        "qa_task": "camera-direction",
        "question": "What is the camera doing when the blue train is shown driving through green hills with the red engine driven by a smiling rabbit conductor at 3.0 to 2795.0 seconds?",
        "options": [
            "A. The camera is moving closer to the train.",
            "B. The camera is moving away from the train.",
            "C. The camera is panning to follow the train.",
            "D. The camera is stationary."
        ],
        "answer": "C",
        "qa_level": "long_term",
        "qa_type": "mcqa",
        "old_answer": "C"
    },
    {
        "qa_idx": 14,
        "qa_task": "speed",
        "question": "Which is faster, the blue train or the black taxi, as depicted in the video from 3.0 to 2795.0 seconds?",
        "options": [
            "A. The blue train.",
            "B. The black taxi.",
            "C. Both are at the same speed.",
            "D. None of the above."
        ],
        "answer": "A",
        "qa_level": "long_term",
        "qa_type": "mcqa",
        "old_answer": "A"
    },
    {
        "qa_idx": 15,
        "qa_task": "attribute-change",
        "question": "How does the setting change from the beginning to the end of the video event from 3.0 to 2795.0 seconds?",
        "options": [
            "A. From a colorful train station to a vibrant outdoor scene with a helicopter.",
            "B. From a cozy indoor room to a bustling supermarket.",
            "C. From a serene countryside to a lively maritime adventure.",
            "D. From a bright sunny day to a rainy stormy weather."
        ],
        "answer": "A",
        "qa_level": "long_term",
        "qa_type": "mcqa",
        "old_answer": "A"
    },
    {
        "qa_idx": 16,
        "qa_task": "character-understanding",
        "question": "What is the rabbit character wearing while leaning out of the train window and holding a red flag and a whistle at 3.0 to 2795.0 seconds?",
        "options": [
            "A. Glasses, a red bow tie, and a blue hat with a train logo.",
            "B. A yellow firefighter uniform and helmet.",
            "C. A green shirt and a red cap.",
            "D. A purple outfit with a red bow tie."
        ],
        "answer": "A",
        "qa_level": "long_term",
        "qa_type": "mcqa",
        "old_answer": "A"
    },
    {
        "qa_idx": 17,
        "qa_task": "object understanding",
        "question": "What objects are the characters holding during the train journey from 3.0 to 2795.0 seconds?",
        "options": [
            "A. Clipboards with checklists.",
            "B. Books.",
            "C. Toys.",
            "D. Food items."
        ],
        "answer": "A",
        "qa_level": "long_term",
        "qa_type": "mcqa",
        "old_answer": "A"
    },
    {
        "qa_idx": 18,
        "qa_task": "descriptive-scene",
        "question": "Where does the event featuring a cheerful pink pig dressed in a red outfit standing against a backdrop of a blue splash with the words 'Peppa Pig' prominently displayed take place?",
        "options": [
            "A. A train station.",
            "B. An airport.",
            "C. A veterinary clinic.",
            "D. A children's show setting."
        ],
        "answer": "D",
        "qa_level": "long_term",
        "qa_type": "mcqa",
        "old_answer": "D"
    }
]