[
    {
        "qa_idx": 0,
        "qa_task": "descriptive-scene",
        "question": "What is the background of the animation at the 670.0-second mark of the video?",
        "options": [
            "A. A textured, lined paper background resembling a sheet of notebook paper.",
            "B. A solid white background.",
            "C. A colorful, abstract background.",
            "D. A detailed, realistic background."
        ],
        "answer": "A",
        "qa_level": "frame",
        "qa_type": "mcqa",
        "old_answer": "A"
    },
    {
        "qa_idx": 1,
        "qa_type": "qa",
        "qa_level": "frame",
        "qa_task": "object understanding",
        "question": "Is the character on the left pink at 944.0 seconds into the video?",
        "answer": "Yes",
        "old_answer": "Yes"
    },
    {
        "qa_idx": 3,
        "qa_type": "qa",
        "qa_level": "within_event",
        "qa_task": "action-understanding",
        "question": "During the event from 1686.0 to 1752.0 seconds, does the stick figure on the crumpled lined paper perform a dance?",
        "answer": "No",
        "old_answer": "No"
    },
    {
        "qa_idx": 4,
        "qa_task": "character-understanding",
        "question": "What is the main focus of the frame at 221.0 seconds into the video?",
        "options": [
            "A. A person reading a book.",
            "B. A round table surrounded by chairs.",
            "C. A busy street scene.",
            "D. A group of people having a meeting."
        ],
        "answer": "B",
        "qa_level": "frame",
        "qa_type": "mcqa",
        "old_answer": "B"
    },
    {
        "qa_idx": 5,
        "qa_task": "character-understanding",
        "question": "What is the main message conveyed by the sign in the video frame at 61.0 seconds?",
        "options": [
            "A. Welcome.",
            "B. Danger.",
            "C. Quiet.",
            "D. Exit."
        ],
        "answer": "C",
        "qa_level": "frame",
        "qa_type": "mcqa",
        "old_answer": "C"
    },
    {
        "qa_idx": 6,
        "qa_type": "qa",
        "qa_level": "cross_event",
        "qa_task": "action-understanding",
        "question": "In the scene from 199.0 to 259.0 seconds, does the person floating in the pool on an inflatable ring eventually join the characters in the nighttime urban alley scene from 261.0 to 273.0 seconds?",
        "answer": "No",
        "old_answer": "No"
    },
    {
        "qa_idx": 7,
        "qa_type": "qa",
        "qa_level": "cross_event",
        "qa_task": "action-understanding",
        "question": "In the scene from 199.0 to 259.0 seconds, does the person floating in the pool on an inflatable ring start a fire in the barbecue grill?",
        "answer": "No",
        "old_answer": "No"
    },
    {
        "qa_idx": 9,
        "qa_task": "speed",
        "question": "From 906.0 to 909.0 seconds, which character is moving faster?",
        "options": [
            "A. The pink character.",
            "B. The blue character.",
            "C. The menacing dark character.",
            "D. All characters are moving at the same speed."
        ],
        "answer": "C",
        "qa_level": "within_event",
        "qa_type": "mcqa",
        "old_answer": "C"
    },
    {
        "qa_idx": 10,
        "qa_task": "scene-understanding",
        "question": "What is the primary setting of the events described in both video descriptions from the time of 1062.0 to 1148.0 seconds and H to e seconds?",
        "options": [
            "A. A classroom with students.",
            "B. A body of water with a small wooden boat.",
            "C. A busy city street.",
            "D. A forest with various animals."
        ],
        "answer": "B",
        "qa_level": "cross_event",
        "qa_type": "mcqa",
        "old_answer": "B"
    },
    {
        "qa_idx": 11,
        "qa_task": "plot-understanding",
        "question": "What is the main theme depicted in the video from 10.0 to 1785.0 seconds?",
        "options": [
            "A. A series of animated characters interacting in various whimsical and educational settings.",
            "B. A detailed exploration of a public library and its surroundings.",
            "C. A chaotic digital environment with numerous error messages and warnings.",
            "D. A sequence of animated characters engaging in a fishing activity."
        ],
        "answer": "A",
        "qa_level": "long_term",
        "qa_type": "mcqa",
        "old_answer": "A"
    },
    {
        "qa_idx": 12,
        "qa_task": "camera-direction",
        "question": "How does the camera move from the beginning to the end of the video event from 10.0 to 1785.0 seconds?",
        "options": [
            "A. The camera moves from an urban scene to various indoor settings and then to a backyard scene.",
            "B. The camera moves from a backyard scene to various indoor settings and then to an urban scene.",
            "C. The camera remains static throughout the video event.",
            "D. The camera moves from an indoor setting to a backyard scene and then to an urban scene."
        ],
        "answer": "A",
        "qa_level": "long_term",
        "qa_type": "mcqa",
        "old_answer": "A"
    },
    {
        "qa_idx": 13,
        "qa_task": "speed",
        "question": "Which character is moving faster in the video from 10.0 to 1785.0 seconds?",
        "options": [
            "A. The character floating in the pool on an inflatable ring.",
            "B. The character reclining on a lounge chair reading a book.",
            "C. The character tending a barbecue grill.",
            "D. The character brushing teeth in the bathroom."
        ],
        "answer": "A",
        "qa_level": "long_term",
        "qa_type": "mcqa",
        "old_answer": "A"
    },
    {
        "qa_idx": 14,
        "qa_task": "attribute-change",
        "question": "How does the setting change from the beginning to the end of the video event from 10.0 to 1785.0 seconds?",
        "options": [
            "A. From an urban library scene to a chaotic digital environment.",
            "B. From a serene library to a lively backyard and then to a chaotic digital environment.",
            "C. From a domestic setting to a whimsical animated scene.",
            "D. From a classroom-like environment to a minimalistic lined paper background."
        ],
        "answer": "B",
        "qa_level": "long_term",
        "qa_type": "mcqa",
        "old_answer": "B"
    },
    {
        "qa_idx": 15,
        "qa_task": "time-order",
        "question": "In which order do the events occur in the video from 10.0 to 1785.0 seconds?",
        "options": [
            "A. The event starts with an urban scene showcasing the 'B. Les Hugh Public Library'. The scene transitions into a library setting. The setting shifts slightly, illustrating a similar academic environment with bookcases filled with books. The end of the event captures a key moment illustrating a vibrant room characterized by storytelling.",
            "B. The event starts with a cityscape characterized by a cluster of high-rise buildings. The scene transitions to a workspace setup featuring a chair and table. The event concludes with a cluttered computer screen filled with numerous overlapping browser tabs.",
            "C. The event starts with a nighttime urban alley scene set against a blue-toned palette. The atmosphere intensifies as the scene subtly evolves showing a white, spherical-shaped figure lying on a mattress. The overall scene conveys desolation, a struggle to stay warm and makeshift accommodations.",
            "D. The event starts with a backyard scene where animated characters engage in leisure activities. The setting continues in a laundry room. The event transitions to a pink room with framed pictures. The scene captures a greenish spill on a brown surface near a whiteboard. The event concludes with an abstract scene of overlapping shapes, blues, grays, and purples."
        ],
        "answer": "A",
        "qa_level": "long_term",
        "qa_type": "mcqa",
        "old_answer": "A"
    }
]