[
    {
        "qa_idx": 0,
        "qa_type": "qa",
        "qa_level": "frame",
        "qa_task": "character-understanding",
        "question": "Are there at least two men seated at desks or tables in the frame captured at 965.0 seconds?",
        "answer": "Yes",
        "old_answer": "Yes"
    },
    {
        "qa_idx": 1,
        "qa_type": "qa",
        "qa_level": "within_event",
        "qa_task": "character-understanding",
        "question": "Were a man and a woman engaged in conversation at a table in the foreground from 1512.0 to 1587.0 seconds?",
        "answer": "Yes",
        "old_answer": "Yes"
    },
    {
        "qa_idx": 2,
        "qa_task": "object understanding",
        "question": "What is the person lying down wearing in the frame at 2036.0 seconds?",
        "options": [
            "A. A dark-colored top.",
            "B. A light-colored top.",
            "C. A striped shirt.",
            "D. A patterned dress."
        ],
        "answer": "B",
        "qa_level": "frame",
        "qa_type": "mcqa",
        "old_answer": "B"
    },
    {
        "qa_idx": 3,
        "qa_type": "qa",
        "qa_level": "cross_event",
        "qa_task": "character-understanding",
        "question": "In both events from 2816.0 to 2937.0 and 2982.0 to 3061.0, was there a person wearing a black sweater with the text 'I WILL NEVER COME FALL'?",
        "answer": "Yes",
        "old_answer": "Yes"
    },
    {
        "qa_idx": 4,
        "qa_type": "qa",
        "qa_level": "cross_event",
        "qa_task": "character-understanding",
        "question": "In both events from 328.0 to 476.0 and 509.0 to 589.0, was there a woman dressed in white involved in a professional or formal setting?",
        "answer": "Yes",
        "old_answer": "Yes"
    },
    {
        "qa_idx": 5,
        "qa_task": "camera-direction",
        "question": "Does the camera focus on the man in traditional bright attire and the woman in a black dress or does it shift to focus on the woman in a black dress seated at a table with a man across from her from 1385.0 to 1474.0 seconds?",
        "options": [
            "A. The camera focuses on the man in traditional bright attire and the woman in a black dress.",
            "B. The camera shifts to focus on the woman in a black dress seated at a table with a man across from her.",
            "C. The camera remains stationary and does not focus on any specific individuals.",
            "D. The camera focuses on the aquarium against the wooden wall."
        ],
        "answer": "B",
        "qa_level": "within_event",
        "qa_type": "mcqa",
        "old_answer": "B"
    },
    {
        "qa_idx": 6,
        "qa_task": "speed",
        "question": "How does the speed of the events change from the daytime scene to the nighttime scene in the video events from 2381.0 to 2446.0 seconds?",
        "options": [
            "A. The events slow down significantly from daytime to nighttime.",
            "B. The events speed up significantly from daytime to nighttime.",
            "C. The speed of the events remains constant from daytime to nighttime.",
            "D. The events have no discernible change in speed from daytime to nighttime."
        ],
        "answer": "A",
        "qa_level": "cross_event",
        "qa_type": "mcqa",
        "old_answer": "A"
    },
    {
        "qa_idx": 7,
        "qa_task": "character-understanding",
        "question": "What are the main actions and appearances of the individuals in the video from 2293.0 to 2353.0 seconds?",
        "options": [
            "A. A woman and a boy are seated at a table, a girl stands in a hallway, a boy is seen in a natural environment, and two females are in motion in a public place.",
            "B. A woman and a boy are playing outside, a girl is running in a park, a boy is reading a book, and two females are cooking in a kitchen.",
            "C. A woman and a boy are dancing, a girl is singing, a boy is painting, and two females are shopping in a mall.",
            "D. A woman and a boy are swimming, a girl is cycling, a boy is fishing, and two females are hiking in the mountains."
        ],
        "answer": "A",
        "qa_level": "cross_event",
        "qa_type": "mcqa",
        "old_answer": "A"
    },
    {
        "qa_idx": 8,
        "qa_task": "object understanding",
        "question": "What is the appearance and function of the room in the first event from 2634.0 to 2712.0 seconds?",
        "options": [
            "A. A modern, bright room with blue carpet flooring and light-colored walls, arranged for a meeting or class.",
            "B. A dark, cluttered room with wooden flooring and dim lighting, arranged for a casual gathering.",
            "C. A spacious, empty room with white walls and no furniture, used for storage.",
            "D. A small, cozy room with red carpet flooring and warm lighting, arranged for a family dinner."
        ],
        "answer": "A",
        "qa_level": "cross_event",
        "qa_type": "mcqa",
        "old_answer": "A"
    },
    {
        "qa_idx": 9,
        "qa_task": "object-direction",
        "question": "In the video events from 2381.0 to 2446.0 seconds and H to e seconds, what is the direction of the movement of the decorative lights in the nighttime scene?",
        "options": [
            "A. The lights move from left to right.",
            "B. The lights move from right to left.",
            "C. The lights move vertically.",
            "D. The lights do not move."
        ],
        "answer": "D",
        "qa_level": "cross_event",
        "qa_type": "mcqa",
        "old_answer": "D"
    },
    {
        "qa_idx": 10,
        "qa_task": "attribute-change",
        "question": "How does the setting change from the beginning to the end of the event from 1033.0 seconds to 1097.0 seconds?",
        "options": [
            "A. The setting changes from an indoor casual environment to a social setting within a room, and then to a cafe or casual dining area.",
            "B. The setting remains the same throughout the event.",
            "C. The setting changes from an outdoor environment to an indoor casual environment.",
            "D. The setting changes from a formal office environment to a casual dining area."
        ],
        "answer": "A",
        "qa_level": "cross_event",
        "qa_type": "mcqa",
        "old_answer": "A"
    },
    {
        "qa_idx": 11,
        "qa_task": "spatial-relationship",
        "question": "Where is the fish tank located in the indoor setting?",
        "options": [
            "A. On a piece of furniture to the right of the room.",
            "B. On a table in the center of the room.",
            "C. On the floor near the entrance.",
            "D. On a shelf above the couch."
        ],
        "answer": "A",
        "qa_level": "long_term",
        "qa_type": "mcqa",
        "old_answer": "A"
    },
    {
        "qa_idx": 14,
        "qa_task": "camera-direction",
        "question": "How does the camera move in the video from 4.0 to 3632.0 seconds?",
        "options": [
            "A. The camera moves closer to the subjects in the classroom.",
            "B. The camera pans across different scenes and settings.",
            "C. The camera zooms in on the logo and text elements.",
            "D. The camera remains stationary throughout the video."
        ],
        "answer": "B",
        "qa_level": "long_term",
        "qa_type": "mcqa",
        "old_answer": "B"
    },
    {
        "qa_idx": 15,
        "qa_task": "time-order",
        "question": "In which order do the events occur in the video from 4.0 to 3632.0 seconds?",
        "options": [
            "A. The video begins with a stylized, symmetrical graphical design featuring a diamond-shaped emblem at the center, followed by a classroom setting where several individuals are engaged in various activities, then a scene showcasing several individuals in an indoor setting, and finally a vibrant visual centering on a colorful diamond-shaped graphic.",
            "B. The video begins with a classroom setting where several individuals are engaged in various activities, followed by a stylized, symmetrical graphical design featuring a diamond-shaped emblem at the center, then a scene showcasing several individuals in an indoor setting, and finally a vibrant visual centering on a colorful diamond-shaped graphic.",
            "C. The video begins with a scene showcasing several individuals in an indoor setting, followed by a classroom setting where several individuals are engaged in various activities, then a stylized, symmetrical graphical design featuring a diamond-shaped emblem at the center, and finally a vibrant visual centering on a colorful diamond-shaped graphic.",
            "D. The video begins with a vibrant visual centering on a colorful diamond-shaped graphic, followed by a classroom setting where several individuals are engaged in various activities, then a scene showcasing several individuals in an indoor setting, and finally a stylized, symmetrical graphical design featuring a diamond-shaped emblem at the center."
        ],
        "answer": "A",
        "qa_level": "long_term",
        "qa_type": "mcqa",
        "old_answer": "A"
    }
]