[
    {
        "qa_idx": 1,
        "qa_task": "spatial-relationship",
        "question": "Where is the 'STREAM COCO' banner located in the game lobby frame at 3218.0 seconds?",
        "options": [
            "A. Upper right corner.",
            "B. Lower left corner.",
            "C. Center of the screen.",
            "D. Upper left corner."
        ],
        "answer": "B",
        "qa_level": "frame",
        "qa_type": "mcqa",
        "old_answer": "B"
    },
    {
        "qa_idx": 2,
        "qa_type": "qa",
        "qa_level": "cross_event",
        "qa_task": "action-understanding",
        "question": "During the gaming session from 2804.0 to 2906.0 and 2993.0 to 3053.0, does the person on the orange couch perform a dance routine?",
        "answer": "No",
        "old_answer": "No"
    },
    {
        "qa_idx": 7,
        "qa_task": "character-understanding",
        "question": "What is the main activity of the girl in the indoor setting from 1661.0 to 1722.0 seconds?",
        "options": [
            "A. Standing in front of a coffee table.",
            "B. Sitting on a couch.",
            "C. Playing a game.",
            "D. Cooking in the kitchen."
        ],
        "answer": "A",
        "qa_level": "cross_event",
        "qa_type": "mcqa",
        "old_answer": "A"
    },
    {
        "qa_idx": 8,
        "qa_task": "spatial-relationship",
        "question": "Where is the man sitting in the dimly lit room during the video game interface?",
        "options": [
            "A. On the left side.",
            "B. In the center.",
            "C. On the right side.",
            "D. Behind the game interface."
        ],
        "answer": "C",
        "qa_level": "long_term",
        "qa_type": "mcqa",
        "old_answer": "C"
    },
    {
        "qa_idx": 10,
        "qa_task": "speed",
        "question": "Which character moves faster in the video game, the one in the red jacket and khaki pants or the one in the skull-patterned sleeveless shirt? (Time: 151.0 to 5201.0 seconds)",
        "options": [
            "A. The character in the red jacket and khaki pants.",
            "B. The character in the skull-patterned sleeveless shirt.",
            "C. Both characters move at the same speed.",
            "D. None of the above."
        ],
        "answer": "A",
        "qa_level": "long_term",
        "qa_type": "mcqa",
        "old_answer": "A"
    },
    {
        "qa_idx": 13,
        "qa_task": "time-order",
        "question": "In which order do the events occur in the video from 151.0 to 5201.0 seconds?",
        "options": [
            "A. The video game interface shows 'How To Play' highlighted, then transitions to a 'Play Online' screen with player names and connection latency, followed by a cozy wood-paneled room with a man walking towards a wall painting.",
            "B. The video game interface shows 'How To Play' highlighted, then transitions to a cozy wood-paneled room with a man walking towards a wall painting, followed by a 'Play Online' screen with player names and connection latency.",
            "C. The video game interface shows 'How To Play' highlighted, then transitions to a 'Play Online' screen with player names and connection latency, followed by a dark room with candles and experience points displayed.",
            "D. The video game interface shows 'How To Play' highlighted, then transitions to a dark room with candles and experience points displayed, followed by a 'Play Online' screen with player names and connection latency."
        ],
        "answer": "A",
        "qa_level": "long_term",
        "qa_type": "mcqa",
        "old_answer": "A"
    }
]