[
    {
        "qa_idx": 0,
        "qa_type": "qa",
        "qa_level": "frame",
        "qa_task": "object understanding",
        "question": "Is the rocket stabilized by a tower in the video frame at 407.0 seconds?",
        "answer": "Yes",
        "old_answer": "Yes"
    },
    {
        "qa_idx": 1,
        "qa_task": "object understanding",
        "question": "What key points in the mission are labeled on the trajectory path in the frame at 1946.0 seconds?",
        "options": [
            "A. STAGE 1 and LANDING PAD.",
            "B. STAGE 2 and DRONE SHIP.",
            "C. LAUNCH PAD and ORBIT.",
            "D. STAGE 3 and SPACE STATION."
        ],
        "answer": "B",
        "qa_level": "frame",
        "qa_type": "mcqa",
        "old_answer": "B"
    },
    {
        "qa_idx": 2,
        "qa_type": "qa",
        "qa_level": "within_event",
        "qa_task": "action-understanding",
        "question": "During the event sequence from 1946.0 to 2447.0 seconds, does the animated visualization show astronauts performing a spacewalk outside the spacecraft?",
        "answer": "No",
        "old_answer": "No"
    },
    {
        "qa_idx": 4,
        "qa_task": "spatial-relationship",
        "question": "What continent is prominently visible in the frame at 3051.0 seconds into the video?",
        "options": [
            "A. Asia.",
            "B. Africa.",
            "C. Europe.",
            "D. South America."
        ],
        "answer": "B",
        "qa_level": "frame",
        "qa_type": "mcqa",
        "old_answer": "B"
    },
    {
        "qa_idx": 5,
        "qa_type": "qa",
        "qa_level": "cross_event",
        "qa_task": "speed",
        "question": "Did the rocket's pre-launch preparations progress at a fast pace between 255.0 to 320.0 seconds and 406.0 to 590.0 seconds?",
        "answer": "No",
        "old_answer": "No"
    },
    {
        "qa_idx": 6,
        "qa_type": "qa",
        "qa_level": "cross_event",
        "qa_task": "object understanding",
        "question": "Is the rocket labeled 'ECHOSTAR 105 / SES-11' visible in both video events from 406.0 to 590.0 and 677.0 to 732.0?",
        "answer": "Yes",
        "old_answer": "Yes"
    },
    {
        "qa_idx": 7,
        "qa_task": "temporal-relationship",
        "question": "What was the mission stage highlighted on the globe at T+00:18:26?",
        "options": [
            "A. STAGE 1.",
            "B. STAGE 2.",
            "C. DRONE SHIP.",
            "D. LIFTOFF."
        ],
        "answer": "B",
        "qa_level": "within_event",
        "qa_type": "mcqa",
        "old_answer": "B"
    },
    {
        "qa_idx": 8,
        "qa_type": "qa",
        "qa_level": "long_term",
        "qa_task": "speed",
        "question": "Does the rocket's speed increase from 6344 km/h to 34,727 km/h during the mission from 406.0 seconds to 3051.0 seconds?",
        "answer": "Yes",
        "old_answer": "Yes"
    },
    {
        "qa_idx": 9,
        "qa_task": "counting",
        "question": "How many times does the telemetry data update in the event sequence from 2696.0 seconds to 3051.0 seconds?",
        "options": [
            "A. Two times.",
            "B. Three times.",
            "C. Four times.",
            "D. Five times."
        ],
        "answer": "B",
        "qa_level": "cross_event",
        "qa_type": "mcqa",
        "old_answer": "B"
    },
    {
        "qa_idx": 11,
        "qa_task": "time-order",
        "question": "What is the correct sequence of events in the rocket launch video from 1231.0 seconds to 1344.0 seconds?",
        "options": [
            "A. The rocket ignites, reaches higher speed and altitude, and then the second stage engine nozzle is shown.",
            "B. The rocket reaches higher speed and altitude, the second stage engine nozzle is shown, and then the rocket ignites.",
            "C. The second stage engine nozzle is shown, the rocket ignites, and then it reaches higher speed and altitude.",
            "D. The rocket ignites, the second stage engine nozzle is shown, and then it reaches higher speed and altitude."
        ],
        "answer": "A",
        "qa_level": "cross_event",
        "qa_type": "mcqa",
        "old_answer": "A"
    },
    {
        "qa_idx": 13,
        "qa_task": "spatial-relationship",
        "question": "Where is the man seated at a desk located relative to the rocket launch site in the video from 475.0 seconds to 3051.0 seconds?",
        "options": [
            "A. In a control room.",
            "B. On the launch pad.",
            "C. Inside the rocket.",
            "D. On the drone ship."
        ],
        "answer": "A",
        "qa_level": "long_term",
        "qa_type": "mcqa",
        "old_answer": "A"
    },
    {
        "qa_idx": 14,
        "qa_task": "time-order",
        "question": "In which order do the events occur in the video from 11.0 to 3112.0 seconds?",
        "options": [
            "A. The video starts with the exterior of a modern building, followed by a spacecraft in mid-air, a rocket launch, and ends with the SpaceX logo in space.",
            "B. The video starts with a rocket launch site during the daytime, followed by pre-launch preparations, a man in a control room, and ends with a satellite in an indoor facility.",
            "C. The video starts with a split-screen layout featuring a man and a SpaceX rocket, followed by telemetry data, a controlled landing on a drone ship, and ends with real-time telemetry readout from a space mission.",
            "D. The video starts with a detailed view of a spacecraft's engine in space, followed by an animated visualization of the mission, and ends with a man seated at a desk discussing the mission stages."
        ],
        "answer": "C",
        "qa_level": "long_term",
        "qa_type": "mcqa",
        "old_answer": "C"
    },
    {
        "qa_idx": 17,
        "qa_task": "camera-direction",
        "question": "In the video sequence from 11.0 to 3112.0 seconds, what is the camera movement when the rocket is shown on the launch pad with the countdown timer reading T-00:10:33?",
        "options": [
            "A. The camera moves closer to the rocket.",
            "B. The camera moves away from the rocket.",
            "C. The camera remains stationary.",
            "D. The camera pans around the rocket."
        ],
        "answer": "C",
        "qa_level": "long_term",
        "qa_type": "mcqa",
        "old_answer": "C"
    },
    {
        "qa_idx": 18,
        "qa_task": "speed",
        "question": "What was the speed of the spacecraft at T+00:02:22 during the EchoStar 105/SES-11 mission?",
        "options": [
            "A. 6344 km/h.",
            "B. 6461 km/h.",
            "C. 8295 km/h.",
            "D. 8256 km/h."
        ],
        "answer": "B",
        "qa_level": "long_term",
        "qa_type": "mcqa",
        "old_answer": "B"
    },
    {
        "qa_idx": 19,
        "qa_task": "attribute-change",
        "question": "How does the environment change from the beginning to the end of the video sequence from 11.0 to 3112.0 seconds?",
        "options": [
            "A. From a modern building exterior to a space-themed background.",
            "B. From a rocket launch site to a control room.",
            "C. From a clear day to a night-time rocket landing.",
            "D. From a spacecraft launch to a graphical representation of Earth."
        ],
        "answer": "A",
        "qa_level": "long_term",
        "qa_type": "mcqa",
        "old_answer": "A"
    },
    {
        "qa_idx": 20,
        "qa_task": "character-understanding",
        "question": "What is the man wearing while seated at a desk in an indoor setting with an industrial or technical backdrop at 475.0 seconds and 3051.0 seconds?",
        "options": [
            "A. A long-sleeved shirt.",
            "B. A short-sleeved shirt.",
            "C. A jacket.",
            "D. A T-shirt."
        ],
        "answer": "A",
        "qa_level": "long_term",
        "qa_type": "mcqa",
        "old_answer": "A"
    }
]