[
    {
        "qa_idx": 0,
        "qa_type": "qa",
        "qa_level": "frame",
        "qa_task": "object understanding",
        "question": "Is the peacock feeding near a bright green bowl at 1028.0 seconds into the video?",
        "answer": "Yes",
        "old_answer": "Yes"
    },
    {
        "qa_idx": 1,
        "qa_type": "qa",
        "qa_level": "frame",
        "qa_task": "object understanding",
        "question": "Is there a reptile or small animal on a wooden platform inside the enclosure at 294.0 seconds into the video?",
        "answer": "Yes",
        "old_answer": "Yes"
    },
    {
        "qa_idx": 2,
        "qa_task": "character-understanding",
        "question": "What is the person in the video doing at 997.0 seconds?",
        "options": [
            "A. The person is playing with a peacock.",
            "B. The person is feeding a peacock.",
            "C. The person is cleaning the animal enclosures.",
            "D. The person is taking a photo of the peacock."
        ],
        "answer": "B",
        "qa_level": "frame",
        "qa_type": "mcqa",
        "old_answer": "B"
    },
    {
        "qa_idx": 4,
        "qa_type": "qa",
        "qa_level": "within_event",
        "qa_task": "camera-direction",
        "question": "Does the camera transition from an outdoor garden area to an industrial-looking corridor between 543.0 and 606.0 seconds?",
        "answer": "Yes",
        "old_answer": "Yes"
    },
    {
        "qa_idx": 8,
        "qa_type": "qa",
        "qa_level": "cross_event",
        "qa_task": "action-understanding",
        "question": "In the first event from 346.0 to 406.0, does the man in 'ANIMAL KEEPER' labeled clothing use a handheld device to measure temperature near a gated entrance?",
        "answer": "Yes",
        "old_answer": "Yes"
    },
    {
        "qa_idx": 9,
        "qa_task": "descriptive-scene",
        "question": "Where is the scene in the video frame at 193.0 seconds taking place?",
        "options": [
            "A. Indoors in a living room.",
            "B. Outdoors in a garden.",
            "C. In a kitchen.",
            "D. In a shopping mall."
        ],
        "answer": "B",
        "qa_level": "frame",
        "qa_type": "mcqa",
        "old_answer": "B"
    },
    {
        "qa_idx": 10,
        "qa_task": "spatial-relationship",
        "question": "What is the man wearing in the video frame at 132.0 seconds?",
        "options": [
            "A. A dark blue outfit.",
            "B. A red jacket.",
            "C. A white shirt.",
            "D. A green coat."
        ],
        "answer": "A",
        "qa_level": "frame",
        "qa_type": "mcqa",
        "old_answer": "A"
    },
    {
        "qa_idx": 12,
        "qa_task": "object understanding",
        "question": "What type of ceiling structure is visible in the corridor at 552 seconds into the video?",
        "options": [
            "A. Wooden panels.",
            "B. Mesh-like structure.",
            "C. Glass panels.",
            "D. Concrete slabs."
        ],
        "answer": "B",
        "qa_level": "frame",
        "qa_type": "mcqa",
        "old_answer": "B"
    },
    {
        "qa_idx": 13,
        "qa_task": "spatial-relationship",
        "question": "What is in the background of the room at the 67.0-second mark?",
        "options": [
            "A. A kitchen.",
            "B. A garden.",
            "C. Arched curtains.",
            "D. A bookshelf."
        ],
        "answer": "C",
        "qa_level": "frame",
        "qa_type": "mcqa",
        "old_answer": "C"
    },
    {
        "qa_idx": 14,
        "qa_task": "character-understanding",
        "question": "What is the person in the video doing at 136.0 seconds?",
        "options": [
            "A. The person is feeding a deer.",
            "B. The person is interacting with an ostrich.",
            "C. The person is taking a photo.",
            "D. The person is sitting on a bench."
        ],
        "answer": "B",
        "qa_level": "frame",
        "qa_type": "mcqa",
        "old_answer": "B"
    },
    {
        "qa_idx": 16,
        "qa_task": "camera-direction",
        "question": "During the event from 276.0 to 334.0 seconds, does the camera move closer to the raccoons or does it stay at a distance?",
        "options": [
            "A. The camera moves closer to the raccoons.",
            "B. The camera stays at a distance.",
            "C. The camera moves away from the raccoons.",
            "D. The camera does not focus on the raccoons."
        ],
        "answer": "A",
        "qa_level": "within_event",
        "qa_type": "mcqa",
        "old_answer": "A"
    },
    {
        "qa_idx": 17,
        "qa_task": "plot-understanding",
        "question": "What is the main activity taking place in the video from 916.0 to 969.0 seconds?",
        "options": [
            "A. Preparing food for animals.",
            "B. Cleaning animal enclosures.",
            "C. Observing animal behavior.",
            "D. Planting trees."
        ],
        "answer": "A",
        "qa_level": "within_event",
        "qa_type": "mcqa",
        "old_answer": "A"
    },
    {
        "qa_idx": 18,
        "qa_task": "attribute-change",
        "question": "How does the environment around the man change from the beginning to the end of the event from 1176.0 to 1232.0 seconds?",
        "options": [
            "A. The environment becomes more crowded with people.",
            "B. The environment becomes less organized and chaotic.",
            "C. The environment remains serene and well-maintained.",
            "D. The environment changes to an indoor setting."
        ],
        "answer": "C",
        "qa_level": "within_event",
        "qa_type": "mcqa",
        "old_answer": "C"
    },
    {
        "qa_idx": 19,
        "qa_task": "attribute-change",
        "question": "How does the background change throughout the scene from 503.0 to 542.0 seconds?",
        "options": [
            "A. The background transitions from a forested area to an urban setting.",
            "B. The background remains consistently natural with greenery and wooden structures.",
            "C. The background changes from a natural environment to an indoor laboratory.",
            "D. The background shifts from a dense forest to a beach setting."
        ],
        "answer": "B",
        "qa_level": "within_event",
        "qa_type": "mcqa",
        "old_answer": "B"
    },
    {
        "qa_idx": 20,
        "qa_task": "descriptive-scene",
        "question": "Where does the video event take place from 1379.0 to 1401.0 seconds?",
        "options": [
            "A. In a forest.",
            "B. In an indoor enclosure at an animal care or sanctuary facility.",
            "C. In a backyard.",
            "D. In a veterinary clinic."
        ],
        "answer": "B",
        "qa_level": "within_event",
        "qa_type": "mcqa",
        "old_answer": "B"
    },
    {
        "qa_idx": 22,
        "qa_task": "plot-understanding",
        "question": "What is the main activity depicted in both video events from 742.0 to 841.0 seconds and H to e seconds?",
        "options": [
            "A. Outdoor sports.",
            "B. Food preparation.",
            "C. Animal care.",
            "D. Gardening."
        ],
        "answer": "B",
        "qa_level": "cross_event",
        "qa_type": "mcqa",
        "old_answer": "B"
    },
    {
        "qa_idx": 23,
        "qa_task": "temporal-relationship",
        "question": "What was the man doing before he interacted with the caged tiger through one of the barred windows?",
        "options": [
            "A. He was handling containers filled with a variety of vegetables.",
            "B. He was seated on a wooden bench under a shaded patio.",
            "C. He was standing near a large, orange wall with two barred enclosures.",
            "D. He was inside an indoor enclosure, reaching towards a small animal."
        ],
        "answer": "C",
        "qa_level": "long_term",
        "qa_type": "mcqa",
        "old_answer": "C"
    },
    {
        "qa_idx": 24,
        "qa_task": "spatial-relationship",
        "question": "Where is the man standing when he interacts with the caged tiger through one of the barred windows?",
        "options": [
            "A. Near a large, orange wall with two barred enclosures.",
            "B. Near a wooden door in a domestic indoor setting.",
            "C. Near a metal gate or barrier in a residential or garden setting.",
            "D. Near a large tree and a metal fence in a park or zoo setting."
        ],
        "answer": "A",
        "qa_level": "long_term",
        "qa_type": "mcqa",
        "old_answer": "A"
    },
    {
        "qa_idx": 26,
        "qa_task": "speed",
        "question": "Which is faster, the man walking away from the camera or the small deer following him from 135.0 to 1870.0 seconds?",
        "options": [
            "A. The man.",
            "B. The small deer.",
            "C. Both are at the same speed.",
            "D. None of the above."
        ],
        "answer": "B",
        "qa_level": "long_term",
        "qa_type": "mcqa",
        "old_answer": "B"
    },
    {
        "qa_idx": 27,
        "qa_task": "attribute-change",
        "question": "How does the environment change from the beginning to the end of the video?",
        "options": [
            "A. From a zoo-like setting to a residential area.",
            "B. From an indoor setting to an outdoor zoo-like setting.",
            "C. From a garden to an industrial corridor.",
            "D. From a zoo-like setting to a farewell message."
        ],
        "answer": "D",
        "qa_level": "long_term",
        "qa_type": "mcqa",
        "old_answer": "D"
    },
    {
        "qa_idx": 29,
        "qa_task": "object understanding",
        "question": "What objects are featured on the kitchen counter at the beginning of the video?",
        "options": [
            "A. A red plastic container, a blue glass, and a white towel.",
            "B. A clear glass bottle with a brown cap, a clear glass, and a black textured mat.",
            "C. A green plastic bottle, a yellow glass, and a black mat.",
            "D. A white plastic container, a clear glass, and a red mat."
        ],
        "answer": "B",
        "qa_level": "long_term",
        "qa_type": "mcqa",
        "old_answer": "B"
    },
    {
        "qa_idx": 30,
        "qa_task": "time-order",
        "question": "In which order do the events occur in the video from 1.0 to 1870.0 seconds?",
        "options": [
            "A. The man interacts with a caged tiger, then prepares food, followed by indoor animal interaction, and ends with a farewell message to a deer named Bambi.",
            "B. The man prepares food, then interacts with a caged tiger, followed by a farewell message to a deer named Bambi, and ends with indoor animal interaction.",
            "C. The man interacts with a caged tiger, then prepares food, followed by a farewell message to a deer named Bambi, and ends with indoor animal interaction.",
            "D. The man prepares food, then interacts with a caged tiger, followed by indoor animal interaction, and ends with a farewell message to a deer named Bambi."
        ],
        "answer": "A",
        "qa_level": "long_term",
        "qa_type": "mcqa",
        "old_answer": "A"
    }
]