[
    {
        "qa_idx": 0,
        "qa_task": "spatial-relationship",
        "question": "What is positioned centrally in the frame at 472.0 seconds?",
        "options": [
            "A. A wooden fence.",
            "B. A goat.",
            "C. Lush green trees.",
            "D. A leaf."
        ],
        "answer": "B",
        "qa_level": "frame",
        "qa_type": "mcqa",
        "old_answer": "B"
    },
    {
        "qa_idx": 1,
        "qa_type": "qa",
        "qa_level": "within_event",
        "qa_task": "object understanding",
        "question": "Is there a red-roofed structure in the background of the video event from 413.0 to 478.0 seconds?",
        "answer": "Yes",
        "old_answer": "Yes"
    },
    {
        "qa_idx": 2,
        "qa_task": "descriptive-scene",
        "question": "Where does the scene at 819.0 seconds into the video take place?",
        "options": [
            "A. In a kitchen.",
            "B. In a garden or pumpkin patch.",
            "C. In a living room.",
            "D. In an office."
        ],
        "answer": "B",
        "qa_level": "frame",
        "qa_type": "mcqa",
        "old_answer": "B"
    },
    {
        "qa_idx": 3,
        "qa_type": "qa",
        "qa_level": "cross_event",
        "qa_task": "action-understanding",
        "question": "Between 784.0 and 848.0, do the anthropomorphic bears engage in a magical transformation involving a fairy godmother and a pumpkin carriage?",
        "answer": "No",
        "old_answer": "No"
    },
    {
        "qa_idx": 5,
        "qa_type": "qa",
        "qa_level": "cross_event",
        "qa_task": "camera-direction",
        "question": "From 628.0 to 718.0 seconds, does the camera capture a closer view of a single eye peeking through the red curtain?",
        "answer": "Yes",
        "old_answer": "Yes"
    },
    {
        "qa_idx": 6,
        "qa_task": "attribute-change",
        "question": "How does the lighting change throughout the event from 2241.0 to 2268.0 seconds?",
        "options": [
            "A. The lighting becomes dimmer and less vibrant.",
            "B. The lighting remains static and unchanging.",
            "C. The lighting becomes more dynamic with blue beams and vibrant effects.",
            "D. The lighting shifts to a monochromatic scheme."
        ],
        "answer": "C",
        "qa_level": "within_event",
        "qa_type": "mcqa",
        "old_answer": "C"
    },
    {
        "qa_idx": 7,
        "qa_task": "attribute-change",
        "question": "How does the sky's appearance change from the beginning to the end of the scene from 324.0 to 345.0 seconds?",
        "options": [
            "A. The sky becomes darker, suggesting nightfall.",
            "B. The sky becomes brighter, suggesting dawn.",
            "C. The sky remains the same throughout the scene.",
            "D. The sky changes to a stormy appearance."
        ],
        "answer": "A",
        "qa_level": "within_event",
        "qa_type": "mcqa",
        "old_answer": "A"
    },
    {
        "qa_idx": 8,
        "qa_task": "plot-understanding",
        "question": "What is the main activity being promoted in both the wooden building and the forest setting from 479.0 to 541.0 seconds?",
        "options": [
            "A. Gardening classes.",
            "B. Dance classes.",
            "C. Cooking classes.",
            "D. Art classes."
        ],
        "answer": "B",
        "qa_level": "cross_event",
        "qa_type": "mcqa",
        "old_answer": "B"
    },
    {
        "qa_idx": 9,
        "qa_task": "spatial-relationship",
        "question": "Where is the bear standing when it is holding a pink gift box?",
        "options": [
            "A. On a pathway through a lush garden or park.",
            "B. In a cozy indoor environment with a red and white striped armchair.",
            "C. In a picturesque forest surrounded by greenery, flowers, and clear blue skies.",
            "D. On a stage with bright lights and red curtains."
        ],
        "answer": "C",
        "qa_level": "long_term",
        "qa_type": "mcqa",
        "old_answer": "C"
    },
    {
        "qa_idx": 11,
        "qa_task": "attribute-change",
        "question": "How does the setting change from the beginning to the end of the video from 2.0 to 2268.0 seconds?",
        "options": [
            "A. From a plain white background to a vibrant outdoor festive setting.",
            "B. From a forested area to a cozy indoor environment.",
            "C. From a rustic indoor setting to a nighttime forest performance.",
            "D. From a serene garden to a lively concert stage."
        ],
        "answer": "A",
        "qa_level": "long_term",
        "qa_type": "mcqa",
        "old_answer": "A"
    },
    {
        "qa_idx": 13,
        "qa_task": "descriptive-scene",
        "question": "Where does the bear perform various acts of balance and coordination on a seesaw-like platform, juggling sausages and spinning a plate while a hula hoop encircles one of its legs?",
        "options": [
            "A. In a forested area with houses and greenery.",
            "B. On a pathway through a lush garden or park.",
            "C. On a seesaw-like platform against a plain white background.",
            "D. In a rustic cabin-like setting with a blue mailbox."
        ],
        "answer": "C",
        "qa_level": "long_term",
        "qa_type": "mcqa",
        "old_answer": "C"
    }
]