[
    {
        "qa_idx": 0,
        "qa_type": "qa",
        "qa_level": "frame",
        "qa_task": "object understanding",
        "question": "Is there an American flag displayed in the background at 192.0 seconds into the video?",
        "answer": "Yes",
        "old_answer": "Yes"
    },
    {
        "qa_idx": 1,
        "qa_task": "descriptive-scene",
        "question": "Where is the man in the video frame at 1389.0 seconds?",
        "options": [
            "A. Outdoors.",
            "B. In a car.",
            "C. In an indoor setting.",
            "D. On a stage."
        ],
        "answer": "C",
        "qa_level": "frame",
        "qa_type": "mcqa",
        "old_answer": "C"
    },
    {
        "qa_idx": 2,
        "qa_type": "qa",
        "qa_level": "frame",
        "qa_task": "character-understanding",
        "question": "Is the man wearing a red polo shirt with horizontal white and blue stripes at 3042.0 seconds into the video?",
        "answer": "Yes",
        "old_answer": "Yes"
    },
    {
        "qa_idx": 3,
        "qa_type": "qa",
        "qa_level": "within_event",
        "qa_task": "character-understanding",
        "question": "Was there any human presence in the video from 428.0 to 456.0 seconds?",
        "answer": "No",
        "old_answer": "No"
    },
    {
        "qa_idx": 4,
        "qa_task": "descriptive-scene",
        "question": "What is prominently positioned at the center of the frame at 3376.0 seconds into the video?",
        "options": [
            "A. The Moon.",
            "B. Mars.",
            "C. Earth.",
            "D. Jupiter."
        ],
        "answer": "B",
        "qa_level": "frame",
        "qa_type": "mcqa",
        "old_answer": "B"
    },
    {
        "qa_idx": 7,
        "qa_type": "qa",
        "qa_level": "long_term",
        "qa_task": "action-understanding",
        "question": "Between 3.0 and 3426.0 seconds, does the video show any individual removing a microphone from the podium?",
        "answer": "No",
        "old_answer": "No"
    },
    {
        "qa_idx": 8,
        "qa_task": "object-direction",
        "question": "In the video events from 3180.0 to 3245.0 seconds and H to e seconds, what is the direction of the scene transition?",
        "options": [
            "A. From a barren landscape to a busy control room.",
            "B. From a busy control room to a barren landscape.",
            "C. From a desert terrain to a control room.",
            "D. From a control room to a desert terrain."
        ],
        "answer": "B",
        "qa_level": "cross_event",
        "qa_type": "mcqa",
        "old_answer": "B"
    },
    {
        "qa_idx": 10,
        "qa_task": "attribute-change",
        "question": "How does the background change from the first event (1176.0 to 1296.0 seconds) to the second event (H to e seconds)?",
        "options": [
            "A. The background changes from dark and plain to a bright and colorful setting.",
            "B. The background remains dark and plain in both events.",
            "C. The background changes from dark and plain to a light and plain setting.",
            "D. The background changes from dark and plain to an outdoor setting."
        ],
        "answer": "B",
        "qa_level": "cross_event",
        "qa_type": "mcqa",
        "old_answer": "B"
    },
    {
        "qa_idx": 11,
        "qa_task": "temporal-relationship",
        "question": "What happens after the formal conference or press event setting affiliated with NASA?",
        "options": [
            "A. A barren desert landscape is shown.",
            "B. A man in a maroon polo shirt addresses an audience.",
            "C. A professional control room environment is depicted.",
            "D. A canyon with stratified rock formations is showcased."
        ],
        "answer": "C",
        "qa_level": "long_term",
        "qa_type": "mcqa",
        "old_answer": "C"
    },
    {
        "qa_idx": 12,
        "qa_task": "spatial-relationship",
        "question": "Where is the man in the maroon polo shirt with the logo 'Malin Space Science Systems' positioned during the formal event?",
        "options": [
            "A. Behind a podium with the NASA logo.",
            "B. In a control room with multiple workstations.",
            "C. In front of a plain dark blue background.",
            "D. In a barren desert landscape."
        ],
        "answer": "C",
        "qa_level": "long_term",
        "qa_type": "mcqa",
        "old_answer": "C"
    },
    {
        "qa_idx": 14,
        "qa_task": "time-order",
        "question": "In which order do the events occur in the video from 3.0 to 3426.0 seconds?",
        "options": [
            "A. Formal conference at NASA -> Control room activities -> Barren desert landscape -> Presentation at NASA JPL -> Rocky terrain -> Man in maroon polo shirt speaking -> Panel discussion -> Canyon view -> Scientific instrument system -> Mars graphical representation.",
            "B. Control room activities -> Formal conference at NASA -> Barren desert landscape -> Presentation at NASA JPL -> Man in maroon polo shirt speaking -> Rocky terrain -> Panel discussion -> Canyon view -> Scientific instrument system -> Mars graphical representation.",
            "C. Barren desert landscape -> Formal conference at NASA -> Control room activities -> Presentation at NASA JPL -> Rocky terrain -> Man in maroon polo shirt speaking -> Panel discussion -> Canyon view -> Scientific instrument system -> Mars graphical representation.",
            "D. Formal conference at NASA -> Barren desert landscape -> Control room activities -> Presentation at NASA JPL -> Man in maroon polo shirt speaking -> Rocky terrain -> Panel discussion -> Canyon view -> Scientific instrument system -> Mars graphical representation."
        ],
        "answer": "A",
        "qa_level": "long_term",
        "qa_type": "mcqa",
        "old_answer": "A"
    },
    {
        "qa_idx": 16,
        "qa_task": "camera-direction",
        "question": "How does the camera movement change from the initial conference setting to the barren desert landscape between 3.0 and 3426.0 seconds?",
        "options": [
            "A. The camera moves from a close-up of the speakers to a wide shot of the desert landscape.",
            "B. The camera zooms in on the speakers and then pans to the desert landscape.",
            "C. The camera remains static on the speakers and then cuts to the desert landscape.",
            "D. The camera moves from a wide shot of the speakers to a close-up of the desert landscape."
        ],
        "answer": "A",
        "qa_level": "long_term",
        "qa_type": "mcqa",
        "old_answer": "A"
    },
    {
        "qa_idx": 17,
        "qa_task": "speed",
        "question": "Which object is moving faster in the video sequence from 1454.0 to 3426.0 seconds, the 'Curiosity' rover or the 'Mars Reconnaissance Orbiter'?",
        "options": [
            "A. 'Curiosity' rover.",
            "B. 'Mars Reconnaissance Orbiter'.",
            "C. Both are moving at the same speed.",
            "D. None of the above."
        ],
        "answer": "B",
        "qa_level": "long_term",
        "qa_type": "mcqa",
        "old_answer": "B"
    },
    {
        "qa_idx": 18,
        "qa_task": "attribute-change",
        "question": "How does the setting change from the beginning to the end of the video between 3.0 and 3426.0 seconds?",
        "options": [
            "A. From a formal NASA conference to a barren desert landscape.",
            "B. From a barren desert landscape to a formal NASA conference.",
            "C. From a control room environment to a formal NASA conference.",
            "D. From a formal NASA conference to a control room environment."
        ],
        "answer": "A",
        "qa_level": "long_term",
        "qa_type": "mcqa",
        "old_answer": "A"
    },
    {
        "qa_idx": 19,
        "qa_task": "character-understanding",
        "question": "What is the man wearing who is speaking into a microphone at the NASA Jet Propulsion Laboratory event?",
        "options": [
            "A. A maroon polo shirt with the logo 'Malin Space Science Systems'.",
            "B. A blue buttoned-up shirt.",
            "C. A light-colored shirt with a black wristwatch.",
            "D. A red shirt with horizontal white and navy blue stripes."
        ],
        "answer": "A",
        "qa_level": "long_term",
        "qa_type": "mcqa",
        "old_answer": "A"
    },
    {
        "qa_idx": 21,
        "qa_task": "descriptive-scene",
        "question": "Where does the formal conference or press event take place, as described in the video from 3.0 to 3426.0 seconds?",
        "options": [
            "A. NASA's Jet Propulsion Laboratory.",
            "B. A barren desert landscape.",
            "C. A canyon.",
            "D. A control room."
        ],
        "answer": "A",
        "qa_level": "long_term",
        "qa_type": "mcqa",
        "old_answer": "A"
    }
]