[
    {
        "qa_idx": 0,
        "qa_type": "qa",
        "qa_level": "frame",
        "qa_task": "character-understanding",
        "question": "Are the two men in the foreground facing away from the camera at 684.0 seconds?",
        "answer": "Yes",
        "old_answer": "Yes"
    },
    {
        "qa_idx": 1,
        "qa_type": "qa",
        "qa_level": "within_event",
        "qa_task": "speed",
        "question": "During the time from 2564.0 to 2625.0 seconds, did the individuals in colorful uniforms move slowly in the natural outdoor environment?",
        "answer": "No",
        "old_answer": "No"
    },
    {
        "qa_idx": 2,
        "qa_task": "object understanding",
        "question": "What is the person in the foreground wearing in the frame at 2561.0 seconds into the video?",
        "options": [
            "A. A blue and white costume.",
            "B. A green and yellow uniform.",
            "C. A red and black costume.",
            "D. A brown and gray suit."
        ],
        "answer": "C",
        "qa_level": "frame",
        "qa_type": "mcqa",
        "old_answer": "C"
    },
    {
        "qa_idx": 3,
        "qa_type": "qa",
        "qa_level": "within_event",
        "qa_task": "character-understanding",
        "question": "Were the individuals in the video wearing helmets from 1610.0 to 1675.0 seconds?",
        "answer": "Yes",
        "old_answer": "Yes"
    },
    {
        "qa_idx": 4,
        "qa_task": "spatial-relationship",
        "question": "What is central to the frame at 2427.0 seconds into the video?",
        "options": [
            "A. A large, armored figure.",
            "B. A towering cliff.",
            "C. A low-lying vegetation.",
            "D. A cloudy sky."
        ],
        "answer": "A",
        "qa_level": "frame",
        "qa_type": "mcqa",
        "old_answer": "A"
    },
    {
        "qa_idx": 5,
        "qa_type": "qa",
        "qa_level": "long_term",
        "qa_task": "action-understanding",
        "question": "Did the video show any character removing their helmet during the sequence from 1.0 to 3639.0 seconds?",
        "answer": "No",
        "old_answer": "No"
    },
    {
        "qa_idx": 6,
        "qa_task": "camera-direction",
        "question": "How does the camera movement enhance the dramatic tension in the event sequence from 1438.0 to 1508.0 seconds?",
        "options": [
            "A. The camera remains static, focusing on the characters' costumes.",
            "B. The camera moves forward to highlight the details of the action figures and the dynamic poses.",
            "C. The camera pans upwards to show the clear blue sky and the spherical metallic objects.",
            "D. The camera zooms out to capture the entire amphitheater setting."
        ],
        "answer": "B",
        "qa_level": "cross_event",
        "qa_type": "mcqa",
        "old_answer": "B"
    },
    {
        "qa_idx": 8,
        "qa_task": "spatial-relationship",
        "question": "In the video events from 1275.0 to 1338.0 seconds and H to e seconds, where is the person in the red and gold costume located in relation to the semicircular building with an elevated stage and orange seating?",
        "options": [
            "A. In the same location.",
            "B. In a different location.",
            "C. On the elevated stage.",
            "D. Outside the building."
        ],
        "answer": "B",
        "qa_level": "cross_event",
        "qa_type": "mcqa",
        "old_answer": "B"
    },
    {
        "qa_idx": 9,
        "qa_task": "attribute-change",
        "question": "How does the visual attribute of the scene change from the beginning to the end of the event from 1815.0 to 1877.0 seconds?",
        "options": [
            "A. The scene starts with a clear blue sky and colorful toy figures, transitioning to intense color schemes and ending with six heroes against an architectural backdrop.",
            "B. The scene starts with a dark, gloomy sky and monochrome toy figures, transitioning to black and white schemes and ending with six villains against a forest backdrop.",
            "C. The scene starts with a clear blue sky and colorful toy figures, transitioning to a monochrome scheme and ending with six heroes against a forest backdrop.",
            "D. The scene starts with a dark, gloomy sky and colorful toy figures, transitioning to intense color schemes and ending with six heroes against an architectural backdrop."
        ],
        "answer": "A",
        "qa_level": "cross_event",
        "qa_type": "mcqa",
        "old_answer": "A"
    },
    {
        "qa_idx": 10,
        "qa_task": "temporal-relationship",
        "question": "What happens after the scene featuring a person in a red helmet with a black visor prominently displayed in front of a modern building with glass windows?",
        "options": [
            "A. The scene transitions to a person in a red and black suit with a helmet crouched in preparation for action against a backdrop of a large robotic structure.",
            "B. Six costumed individuals are captured in dynamic poses, scattered mostly towards the middle and right sides of the frame.",
            "C. The scene shifts to a group of people standing outdoors in a parking lot adjacent to a building.",
            "D. The scene transitions to a bustling workshop or garage setting with activities related to automotive work."
        ],
        "answer": "B",
        "qa_level": "long_term",
        "qa_type": "mcqa",
        "old_answer": "B"
    },
    {
        "qa_idx": 11,
        "qa_task": "spatial-relationship",
        "question": "Where is the person in a red helmet with a black visor prominently displayed?",
        "options": [
            "A. In front of a modern building with glass windows.",
            "B. In a park-like environment with lush greenery.",
            "C. In an industrial or mechanical workshop.",
            "D. On a paved surface surrounded by tall grass and trees."
        ],
        "answer": "A",
        "qa_level": "long_term",
        "qa_type": "mcqa",
        "old_answer": "A"
    },
    {
        "qa_idx": 13,
        "qa_task": "speed",
        "question": "Which character or object is depicted moving the fastest in the video from 1.0 to 3639.0 seconds?",
        "options": [
            "A. The person gliding on a hoverboard.",
            "B. The airplane in flight.",
            "C. The large robotic creature with multiple limbs.",
            "D. The person in a red and black suit with a helmet."
        ],
        "answer": "B",
        "qa_level": "long_term",
        "qa_type": "mcqa",
        "old_answer": "B"
    },
    {
        "qa_idx": 14,
        "qa_task": "attribute-change",
        "question": "How does the setting change from the beginning to the end of the video from 1.0 to 3639.0 seconds?",
        "options": [
            "A. From an outdoor event setting to a dynamic industrial and futuristic environment.",
            "B. From a calm indoor setting to a chaotic outdoor battle.",
            "C. From a serene natural environment to a bustling urban scene.",
            "D. From a quiet rural area to a lively cityscape."
        ],
        "answer": "A",
        "qa_level": "long_term",
        "qa_type": "mcqa",
        "old_answer": "A"
    }
]