[
    {
        "qa_idx": 0,
        "qa_type": "qa",
        "qa_level": "frame",
        "qa_task": "character-understanding",
        "question": "Is the character in the frame holding a baseball in its left hand at 2597.0 seconds?",
        "answer": "Yes",
        "old_answer": "Yes"
    },
    {
        "qa_idx": 1,
        "qa_type": "qa",
        "qa_level": "frame",
        "qa_task": "object understanding",
        "question": "Is the red animated character entangled in the net of the goalpost at 523.0 seconds into the video?",
        "answer": "Yes",
        "old_answer": "Yes"
    },
    {
        "qa_idx": 2,
        "qa_task": "object understanding",
        "question": "What is the red animated character entangled in at 523.0 seconds into the video?",
        "options": [
            "A. A tree.",
            "B. A soccer goal net.",
            "C. A basketball hoop.",
            "D. A swing."
        ],
        "answer": "B",
        "qa_level": "frame",
        "qa_type": "mcqa",
        "old_answer": "B"
    },
    {
        "qa_idx": 3,
        "qa_type": "qa",
        "qa_level": "within_event",
        "qa_task": "object understanding",
        "question": "Is there a wooden bench in the background of the park-like setting in the video from 2968.0 to 2971.0 seconds?",
        "answer": "Yes",
        "old_answer": "Yes"
    },
    {
        "qa_idx": 4,
        "qa_task": "spatial-relationship",
        "question": "What is positioned in front of the pedestal in the video frame at 924.0 seconds?",
        "options": [
            "A. A large golden bowl.",
            "B. Three brightly colored toy-like characters.",
            "C. A deep blue sky.",
            "D. A gold torch."
        ],
        "answer": "B",
        "qa_level": "frame",
        "qa_type": "mcqa",
        "old_answer": "B"
    },
    {
        "qa_idx": 5,
        "qa_type": "qa",
        "qa_level": "cross_event",
        "qa_task": "object understanding",
        "question": "In the event from 2294.0 to 2359.0, is there a blue plush anthropomorphic character shown suspended by a harness?",
        "answer": "Yes",
        "old_answer": "Yes"
    },
    {
        "qa_idx": 6,
        "qa_type": "qa",
        "qa_level": "long_term",
        "qa_task": "camera-direction",
        "question": "Does the camera zoom in on the tennis court to show a close-up of the tennis court and a portion of a camera and a board with two crossed tennis rackets between 3.0 and 2971.0 seconds?",
        "answer": "Yes",
        "old_answer": "Yes"
    },
    {
        "qa_idx": 7,
        "qa_task": "attribute-change",
        "question": "How does the scene change from the beginning to the end of the event from 1823.0 to 1897.0 seconds?",
        "options": [
            "A. A character in a pink costume with antennae starts focused at a grey podium, and the scene ends with the character displaying a surprised expression while inspecting a colorful gauge.",
            "B. The scene begins with a character in a blue costume and ends with the character walking away from the podium.",
            "C. The event starts with a character in a pink costume dancing and ends with the character sitting down.",
            "D. The scene starts with a character in a pink costume playing with toys and ends with the character leaving the frame."
        ],
        "answer": "A",
        "qa_level": "cross_event",
        "qa_type": "mcqa",
        "old_answer": "A"
    },
    {
        "qa_idx": 9,
        "qa_task": "spatial-relationship",
        "question": "Where is the blue character lying face down?",
        "options": [
            "A. On a tennis court.",
            "B. On a basketball court.",
            "C. On a football field.",
            "D. On a grassy field."
        ],
        "answer": "B",
        "qa_level": "long_term",
        "qa_type": "mcqa",
        "old_answer": "B"
    },
    {
        "qa_idx": 11,
        "qa_task": "attribute-change",
        "question": "How does the background change from the beginning to the end of the video from 3.0 to 2971.0 seconds?",
        "options": [
            "A. From a clear blue sky to a dark background with paw print patterns.",
            "B. From a clear blue sky to a snowy winter landscape.",
            "C. From a clear blue sky to a vibrant and colorful animated scene.",
            "D. From a clear blue sky to a serene river scene."
        ],
        "answer": "C",
        "qa_level": "long_term",
        "qa_type": "mcqa",
        "old_answer": "C"
    },
    {
        "qa_idx": 12,
        "qa_task": "character-understanding",
        "question": "What is the expression of the red character when it is looking upward?",
        "options": [
            "A. Curious expression with wide eyes and an open mouth.",
            "B. Angry expression with furrowed brows.",
            "C. Sad expression with tears in its eyes.",
            "D. Happy expression with a big smile."
        ],
        "answer": "A",
        "qa_level": "long_term",
        "qa_type": "mcqa",
        "old_answer": "A"
    }
]