[
    {
        "qa_idx": 0,
        "qa_type": "qa",
        "qa_level": "frame",
        "qa_task": "object understanding",
        "question": "Is there a woman in a bright floral-patterned outfit in the video frame at 296.0 seconds?",
        "answer": "Yes",
        "old_answer": "Yes"
    },
    {
        "qa_idx": 1,
        "qa_type": "qa",
        "qa_level": "within_event",
        "qa_task": "camera-direction",
        "question": "Does the camera remain stationary while the man in the dark-colored blazer is speaking into the microphone from 998.0 to 1049.0 seconds?",
        "answer": "Yes",
        "old_answer": "Yes"
    },
    {
        "qa_idx": 3,
        "qa_type": "qa",
        "qa_level": "within_event",
        "qa_task": "object understanding",
        "question": "Is the woman on the left wearing headphones at the beginning of the event from 701.0 to 749.0 seconds?",
        "answer": "Yes",
        "old_answer": "Yes"
    },
    {
        "qa_idx": 5,
        "qa_type": "qa",
        "qa_level": "cross_event",
        "qa_task": "action-understanding",
        "question": "During the event from 1717.0 to 1811.0, does the man in the suit jacket perform a musical performance with his microphone?",
        "answer": "No",
        "old_answer": "No"
    },
    {
        "qa_idx": 7,
        "qa_type": "qa",
        "qa_level": "cross_event",
        "qa_task": "speed",
        "question": "Did the transition between different speakers and scenes occur quickly in both events from 968.0 to 989.0 and 998.0 to 1049.0?",
        "answer": "No",
        "old_answer": "No"
    },
    {
        "qa_idx": 9,
        "qa_task": "camera-direction",
        "question": "How does the camera movement in the video from 95.0 to 156.0 seconds compare to the camera movement in the second video event?",
        "options": [
            "A. The camera in the first video event moves forward to show details of the event, while the second video event has a static camera.",
            "B. The camera in the first video event remains static, while the second video event has a moving camera.",
            "C. Both video events feature a static camera.",
            "D. Both video events feature a moving camera."
        ],
        "answer": "A",
        "qa_level": "cross_event",
        "qa_type": "mcqa",
        "old_answer": "A"
    },
    {
        "qa_idx": 11,
        "qa_task": "temporal-relationship",
        "question": "What happens after the scene featuring a man in a dark blazer suggesting a remote interview setup?",
        "options": [
            "A. A scene with a man in a bustling office environment.",
            "B. A scene with a man in a home or office setting with a sign 'THE DAILY SOCIAL DISTANCING'.",
            "C. A scene with a promotional image featuring formally dressed individuals.",
            "D. A scene with a man speaking, with his name 'Roy Wood Jr., Correspondent, The Daily Show' displayed."
        ],
        "answer": "B",
        "qa_level": "long_term",
        "qa_type": "mcqa",
        "old_answer": "B"
    },
    {
        "qa_idx": 12,
        "qa_task": "spatial-relationship",
        "question": "Where is the microphone positioned in the scene featuring a man in a dark jacket and black shirt?",
        "options": [
            "A. Near the lower left corner.",
            "B. Near the upper right corner.",
            "C. Near the center.",
            "D. Near the upper left corner."
        ],
        "answer": "A",
        "qa_level": "long_term",
        "qa_type": "mcqa",
        "old_answer": "A"
    },
    {
        "qa_idx": 15,
        "qa_task": "object-direction",
        "question": "In the video event from 4.0 to 1969.0 seconds, which direction is the man in the dark blazer and earphones facing when speaking into the microphone?",
        "options": [
            "A. Left.",
            "B. Right.",
            "C. Center.",
            "D. Down."
        ],
        "answer": "C",
        "qa_level": "long_term",
        "qa_type": "mcqa",
        "old_answer": "C"
    },
    {
        "qa_idx": 16,
        "qa_task": "speed",
        "question": "Which participant in the virtual meeting setup was actively engaging in audio-related activities with large headphones?",
        "options": [
            "A. The man in a dark blazer.",
            "B. The woman in a colorful patterned top.",
            "C. The woman in a light-colored sleeveless top.",
            "D. The man in a light-colored hoodie."
        ],
        "answer": "B",
        "qa_level": "long_term",
        "qa_type": "mcqa",
        "old_answer": "B"
    },
    {
        "qa_idx": 17,
        "qa_task": "attribute-change",
        "question": "How does the setting change from the beginning to the end of the video event from 4.0 to 1969.0 seconds?",
        "options": [
            "A. From a formal studio setting to a bustling office environment.",
            "B. From a formal studio setting to a virtual meeting setup.",
            "C. From a job fair or seminar to a virtual meeting setup.",
            "D. From a formal studio setting to a home office environment."
        ],
        "answer": "B",
        "qa_level": "long_term",
        "qa_type": "mcqa",
        "old_answer": "B"
    },
    {
        "qa_idx": 18,
        "qa_task": "object understanding",
        "question": "What objects are prominently featured in the video event from 4.0 to 1969.0 seconds?",
        "options": [
            "A. Microphone, headphones, and books.",
            "B. Microphone, headphones, and trophies.",
            "C. Microphone, headphones, and a television.",
            "D. Microphone, headphones, and a bookshelf."
        ],
        "answer": "B",
        "qa_level": "long_term",
        "qa_type": "mcqa",
        "old_answer": "B"
    },
    {
        "qa_idx": 19,
        "qa_task": "time-order",
        "question": "In which order do the events occur in the video from 4.0 to 1969.0 seconds?",
        "options": [
            "A. The video begins with a man in front of a microphone, transitions to a group of formally dressed individuals, and then shows a promotional image for 'The Daily Show with Trevor Noah'.",
            "B. The video starts with a split-screen setup featuring two women, transitions to a man in a dark blazer, and then shows a promotional graphic titled 'BEYOND THE SCENES'.",
            "C. The video begins with a man in front of a microphone, transitions to a split-screen setup featuring two women, and then shows a promotional graphic titled 'BEYOND THE SCENES'.",
            "D. The video starts with a split-screen setup featuring two women, transitions to a man in a dark blazer, and then shows a group of formally dressed individuals."
        ],
        "answer": "A",
        "qa_level": "long_term",
        "qa_type": "mcqa",
        "old_answer": "A"
    }
]