[
    {
        "qa_idx": 0,
        "qa_task": "descriptive-scene",
        "question": "Where does the scene at 2674.0 seconds into the video take place?",
        "options": [
            "A. In a bustling city park.",
            "B. On a grassy hill adjacent to a water body.",
            "C. In a dense forest.",
            "D. On a sandy beach."
        ],
        "answer": "B",
        "qa_level": "frame",
        "qa_type": "mcqa",
        "old_answer": "B"
    },
    {
        "qa_idx": 1,
        "qa_type": "qa",
        "qa_level": "frame",
        "qa_task": "character-understanding",
        "question": "At 1565.0 seconds into the video, is one of the anthropomorphic animal characters wearing a chef's hat?",
        "answer": "Yes",
        "old_answer": "Yes"
    },
    {
        "qa_idx": 2,
        "qa_type": "qa",
        "qa_level": "within_event",
        "qa_task": "object understanding",
        "question": "Is there a blue wall clock in the kitchen scene from 3200.0 to 3263.0 seconds?",
        "answer": "Yes",
        "old_answer": "Yes"
    },
    {
        "qa_idx": 3,
        "qa_task": "character-understanding",
        "question": "What is the animated character doing at 1823.0 seconds into the video?",
        "options": [
            "A. The character is reading a book.",
            "B. The character is holding a red telephone receiver to their ear.",
            "C. The character is eating a meal.",
            "D. The character is watching television."
        ],
        "answer": "B",
        "qa_level": "frame",
        "qa_type": "mcqa",
        "old_answer": "B"
    },
    {
        "qa_idx": 5,
        "qa_type": "qa",
        "qa_level": "cross_event",
        "qa_task": "action-understanding",
        "question": "In the video event from 794.0 to 854.0, does the rabbit conductor hold a whistle while standing by the open train door?",
        "answer": "Yes",
        "old_answer": "Yes"
    },
    {
        "qa_idx": 6,
        "qa_task": "plot-understanding",
        "question": "What is the main event that occurs during the sequence from 1540.0 to 1588.0 seconds?",
        "options": [
            "A. A pig character cooking in a kitchen.",
            "B. A barbecue event that goes awry with a fire-related incident.",
            "C. A pig character playing with a toy phone.",
            "D. A pig character having a picnic in the park."
        ],
        "answer": "B",
        "qa_level": "within_event",
        "qa_type": "mcqa",
        "old_answer": "B"
    },
    {
        "qa_idx": 7,
        "qa_task": "causal",
        "question": "Why is the rabbit in a conductor's uniform holding a whistle by the open train door in the scene from 794.0 to 854.0 seconds?",
        "options": [
            "A. The rabbit is preparing for the train's departure.",
            "B. The rabbit is welcoming new passengers.",
            "C. The rabbit is conducting a safety drill.",
            "D. The rabbit is playing with the children on the platform."
        ],
        "answer": "A",
        "qa_level": "cross_event",
        "qa_type": "mcqa",
        "old_answer": "A"
    },
    {
        "qa_idx": 8,
        "qa_task": "spatial-relationship",
        "question": "Where are the two toys located in the outdoor playground scene?",
        "options": [
            "A. On one side of the playground.",
            "B. In the middle of the playground.",
            "C. Near the basketball hoops.",
            "D. Next to the person."
        ],
        "answer": "A",
        "qa_level": "long_term",
        "qa_type": "mcqa",
        "old_answer": "A"
    },
    {
        "qa_idx": 10,
        "qa_task": "plot-understanding",
        "question": "What is the main theme depicted throughout the video from 3.0 to 3834.0 seconds?",
        "options": [
            "A. A series of playful and educational activities in various settings.",
            "B. A continuous sequence of cooking and baking activities.",
            "C. A detailed depiction of a construction site and roadwork.",
            "D. A narrative focused on a family trip and interactions with nature."
        ],
        "answer": "A",
        "qa_level": "long_term",
        "qa_type": "mcqa",
        "old_answer": "A"
    },
    {
        "qa_idx": 11,
        "qa_task": "object-direction",
        "question": "In the video event from 3.0 to 3834.0 seconds, which direction does the red car drive towards the house?",
        "options": [
            "A. Up a green hill.",
            "B. Down a green hill.",
            "C. Along a flat road.",
            "D. Around a circular path."
        ],
        "answer": "A",
        "qa_level": "long_term",
        "qa_type": "mcqa",
        "old_answer": "A"
    },
    {
        "qa_idx": 13,
        "qa_task": "speed",
        "question": "Which character is faster in the video from 3.0 to 3834.0 seconds, the dog riding a bicycle or the character in a yellow outfit with black glasses standing on a playground?",
        "options": [
            "A. The dog riding a bicycle.",
            "B. The character in a yellow outfit with black glasses standing on a playground.",
            "C. Both are at the same speed.",
            "D. None of the above."
        ],
        "answer": "A",
        "qa_level": "long_term",
        "qa_type": "mcqa",
        "old_answer": "A"
    },
    {
        "qa_idx": 14,
        "qa_task": "character-understanding",
        "question": "What is the main activity of the characters in the hospital-themed setting from 3.0 to 3834.0 seconds?",
        "options": [
            "A. Engaging in heartwarming interactions around a patient's bed.",
            "B. Playing hopscotch and running in the playground.",
            "C. Participating in a festive Christmas celebration.",
            "D. Engaging in a berry-picking activity."
        ],
        "answer": "A",
        "qa_level": "long_term",
        "qa_type": "mcqa",
        "old_answer": "A"
    },
    {
        "qa_idx": 15,
        "qa_task": "descriptive-scene",
        "question": "Where do the characters engage in playful and educational activities from 3.0 to 3834.0 seconds?",
        "options": [
            "A. In a playground and a classroom.",
            "B. In a hospital and a garden.",
            "C. In a kitchen and a living room.",
            "D. In a construction site and a farm."
        ],
        "answer": "A",
        "qa_level": "long_term",
        "qa_type": "mcqa",
        "old_answer": "A"
    }
]