[
    {
        "qa_idx": 0,
        "qa_type": "qa",
        "qa_level": "frame",
        "qa_task": "character-understanding",
        "question": "Is the woman in the center of the frame holding a green container at 211.0 seconds?",
        "answer": "Yes",
        "old_answer": "Yes"
    },
    {
        "qa_idx": 1,
        "qa_task": "descriptive-scene",
        "question": "Where is the scene at 1583.0 seconds from the video taking place?",
        "options": [
            "A. In a dining area.",
            "B. In a living room.",
            "C. In a garden.",
            "D. In an office."
        ],
        "answer": "A",
        "qa_level": "frame",
        "qa_type": "mcqa",
        "old_answer": "A"
    },
    {
        "qa_idx": 2,
        "qa_task": "object understanding",
        "question": "What is the woman wearing in the kitchen scene at 1730.0 seconds into the video?",
        "options": [
            "A. A floral-patterned dress.",
            "B. A plain white apron.",
            "C. A striped shirt and jeans.",
            "D. A solid-colored jumpsuit."
        ],
        "answer": "A",
        "qa_level": "frame",
        "qa_type": "mcqa",
        "old_answer": "A"
    },
    {
        "qa_idx": 3,
        "qa_type": "qa",
        "qa_level": "within_event",
        "qa_task": "object understanding",
        "question": "Is there a floral tablecloth on the table in the video from 2191.0 to 2255.0 seconds?",
        "answer": "Yes",
        "old_answer": "Yes"
    },
    {
        "qa_idx": 4,
        "qa_task": "spatial-relationship",
        "question": "What is the man wearing at 1746.0 seconds into the video?",
        "options": [
            "A. A black floral dress.",
            "B. A striped shirt with a maroon apron.",
            "C. A yellow shirt with blue jeans.",
            "D. A light blue shirt with a black handbag."
        ],
        "answer": "B",
        "qa_level": "frame",
        "qa_type": "mcqa",
        "old_answer": "B"
    },
    {
        "qa_idx": 5,
        "qa_type": "qa",
        "qa_level": "within_event",
        "qa_task": "speed",
        "question": "Is the man in the black shirt with a multicolored floral pattern moving quickly in the kitchen from 66.0 to 126.0 seconds?",
        "answer": "No",
        "old_answer": "No"
    },
    {
        "qa_idx": 7,
        "qa_task": "character-understanding",
        "question": "What is the man in a pink striped short-sleeve shirt doing in the video from 1370.0 to 1430.0 seconds?",
        "options": [
            "A. Interacting with a woman in a turquoise floral dress.",
            "B. Reading a book by the bookshelf.",
            "C. Playing with children near the couch.",
            "D. Holding a tray with a dessert or cake."
        ],
        "answer": "A",
        "qa_level": "within_event",
        "qa_type": "mcqa",
        "old_answer": "A"
    },
    {
        "qa_idx": 8,
        "qa_type": "qa",
        "qa_level": "cross_event",
        "qa_task": "speed",
        "question": "From the time of 1370.0 to 1430.0, did the individuals in the indoor settings move at a fast pace?",
        "answer": "No",
        "old_answer": "No"
    },
    {
        "qa_idx": 9,
        "qa_type": "qa",
        "qa_level": "long_term",
        "qa_task": "speed",
        "question": "Did the interactions among individuals in the living room and kitchen settings from 1.0 to 3590.0 seconds occur at a slow pace?",
        "answer": "No",
        "old_answer": "No"
    },
    {
        "qa_idx": 13,
        "qa_task": "camera-direction",
        "question": "How does the camera movement contribute to the depiction of the domestic environment in the events from 2440.0 to 2509.0 seconds?",
        "options": [
            "A. The camera remains static, focusing on a single area of the house.",
            "B. The camera moves forward to capture the details of the table and other furniture.",
            "C. The camera pans around to show different sections of the house, highlighting various elements like plants, furniture, and kitchen items.",
            "D. The camera zooms in on the characters' faces to emphasize their emotions."
        ],
        "answer": "C",
        "qa_level": "cross_event",
        "qa_type": "mcqa",
        "old_answer": "C"
    },
    {
        "qa_idx": 14,
        "qa_task": "plot-understanding",
        "question": "What is the primary activity taking place in the cozy living room from 243.0 to 313.0 seconds?",
        "options": [
            "A. A family is having a formal dinner.",
            "B. A man and a woman are relaxing and interacting with children.",
            "C. A group of friends is having a party.",
            "D. A woman is cleaning the room while the man is reading a book."
        ],
        "answer": "B",
        "qa_level": "cross_event",
        "qa_type": "mcqa",
        "old_answer": "B"
    },
    {
        "qa_idx": 16,
        "qa_task": "spatial-relationship",
        "question": "What is the main feature of the living room where the man and woman are interacting near the staircase?",
        "options": [
            "A. A red couch.",
            "B. A green-paneled staircase.",
            "C. A floral-patterned couch.",
            "D. A blue armchair."
        ],
        "answer": "B",
        "qa_level": "long_term",
        "qa_type": "mcqa",
        "old_answer": "B"
    },
    {
        "qa_idx": 19,
        "qa_task": "camera-direction",
        "question": "How does the camera movement change from the kitchen to the living room scenes between 1.0 and 3590.0 seconds?",
        "options": [
            "A. The camera zooms in on the kitchen and then pans to the living room.",
            "B. The camera remains static in the kitchen and then cuts to the living room.",
            "C. The camera follows the characters from the kitchen to the living room.",
            "D. The camera zooms out from the kitchen and then cuts to the living room."
        ],
        "answer": "A",
        "qa_level": "long_term",
        "qa_type": "mcqa",
        "old_answer": "A"
    },
    {
        "qa_idx": 20,
        "qa_task": "speed",
        "question": "Which individual is moving faster in the video from 1.0 to 3590.0 seconds?",
        "options": [
            "A. The man in the floral-patterned shirt.",
            "B. The woman in vibrant clothing with large hoop earrings.",
            "C. The children in school uniforms with backpacks.",
            "D. The man in the black shirt with a multicolored floral pattern."
        ],
        "answer": "C",
        "qa_level": "long_term",
        "qa_type": "mcqa",
        "old_answer": "C"
    },
    {
        "qa_idx": 21,
        "qa_task": "attribute-change",
        "question": "How does the setting change from the beginning to the end of the video event from 1.0 to 3590.0 seconds?",
        "options": [
            "A. The setting changes from a lively kitchen to a cozy living room.",
            "B. The setting changes from an outdoor scene to an indoor kitchen.",
            "C. The setting changes from a brightly lit kitchen to a dark living room.",
            "D. The setting changes from a casual living room to a formal dining room."
        ],
        "answer": "A",
        "qa_level": "long_term",
        "qa_type": "mcqa",
        "old_answer": "A"
    },
    {
        "qa_idx": 22,
        "qa_task": "character-understanding",
        "question": "What is the woman wearing who is engaged in a conversation in a brightly lit indoor setting with large hoop earrings?",
        "options": [
            "A. A floral-patterned dress.",
            "B. A vibrant top and large hoop earrings.",
            "C. A casual shirt with an apron.",
            "D. A black shirt with a multicolored floral pattern."
        ],
        "answer": "B",
        "qa_level": "long_term",
        "qa_type": "mcqa",
        "old_answer": "B"
    },
    {
        "qa_idx": 23,
        "qa_task": "object understanding",
        "question": "What kind of tablecloth is used on the dining table in the kitchen setting?",
        "options": [
            "A. A floral-patterned tablecloth.",
            "B. A striped tablecloth.",
            "C. A plain white tablecloth.",
            "D. A checkered tablecloth."
        ],
        "answer": "A",
        "qa_level": "long_term",
        "qa_type": "mcqa",
        "old_answer": "A"
    }
]