[
    {
        "qa_idx": 0,
        "qa_type": "qa",
        "qa_level": "frame",
        "qa_task": "character-understanding",
        "question": "At 477.0 seconds into the video, does the character have an angry expression?",
        "answer": "Yes",
        "old_answer": "Yes"
    },
    {
        "qa_idx": 2,
        "qa_task": "character-understanding",
        "question": "What is the character in the video frame doing at 660.0 seconds?",
        "options": [
            "A. The character is sitting on the ground.",
            "B. The character is reaching upwards with both arms extended.",
            "C. The character is running.",
            "D. The character is lying down."
        ],
        "answer": "B",
        "qa_level": "frame",
        "qa_type": "mcqa",
        "old_answer": "B"
    },
    {
        "qa_idx": 3,
        "qa_type": "qa",
        "qa_level": "within_event",
        "qa_task": "action-understanding",
        "question": "Does the blue character interact with the elevator button at the beginning of the event from 181.0 to 240.0 seconds?",
        "answer": "Yes",
        "old_answer": "Yes"
    },
    {
        "qa_idx": 5,
        "qa_type": "qa",
        "qa_level": "within_event",
        "qa_task": "speed",
        "question": "Is the vehicle or machinery operated by the character moving at a fast pace from 432.0 to 493.0 seconds?",
        "answer": "No",
        "old_answer": "No"
    },
    {
        "qa_idx": 7,
        "qa_type": "qa",
        "qa_level": "cross_event",
        "qa_task": "action-understanding",
        "question": "In the scene from 607.0 to 667.0 seconds, does the character with headphones clean up the scattered kitchen utensils and vegetables on the floor?",
        "answer": "No",
        "old_answer": "No"
    },
    {
        "qa_idx": 8,
        "qa_task": "scene-understanding",
        "question": "What is the setting of the scene from 432.0 to 493.0 seconds?",
        "options": [
            "A. A high-tech laboratory.",
            "B. A vehicle in motion.",
            "C. A classroom.",
            "D. A park."
        ],
        "answer": "B",
        "qa_level": "within_event",
        "qa_type": "mcqa",
        "old_answer": "B"
    },
    {
        "qa_idx": 9,
        "qa_task": "speed",
        "question": "Which character is depicted as moving swiftly in the scene from 680.0 to 741.0 seconds?",
        "options": [
            "A. The blue character with a clear helmet.",
            "B. The whimsical alien entity.",
            "C. The green tentacle.",
            "D. The blue-and-white character with concentric eyes."
        ],
        "answer": "D",
        "qa_level": "within_event",
        "qa_type": "mcqa",
        "old_answer": "D"
    },
    {
        "qa_idx": 11,
        "qa_task": "attribute-change",
        "question": "How does the scene change from the beginning to the end of the event between 1805.0 and 1806.0 seconds?",
        "options": [
            "A. The scene changes from a black rectangular shape to an animated scene with two blue humanoid figures.",
            "B. The scene changes from a colorful landscape to a black and white sketch.",
            "C. The scene changes from a detailed drawing to a blank white background.",
            "D. The scene changes from a blue rectangular shape to a black humanoid figure."
        ],
        "answer": "A",
        "qa_level": "within_event",
        "qa_type": "mcqa",
        "old_answer": "A"
    },
    {
        "qa_idx": 13,
        "qa_task": "temporal-relationship",
        "question": "What happens after the depiction of the winding mountainous road with sparse vegetation and a 'HWY 666' sign in the video event from 368.0 to 430.0 seconds?",
        "options": [
            "A. The scene shifts to an indoor setup showcasing animated characters in casual interactions.",
            "B. The characters start a conversation about the road sign.",
            "C. The scene shows the characters setting up a camp in the mountains.",
            "D. The characters begin hiking on the mountainous road."
        ],
        "answer": "A",
        "qa_level": "cross_event",
        "qa_type": "mcqa",
        "old_answer": "A"
    },
    {
        "qa_idx": 15,
        "qa_task": "temporal-relationship",
        "question": "What happens after the scene with the tortoise eating vegetables beside an animated character peering through a glass barrier?",
        "options": [
            "A. The focus shifts to a humorous context involving tortoises and pet care items.",
            "B. The scene transitions to a store with individuals interacting near checkout and shelves.",
            "C. The setting shifts to a brightly colored urban landscape featuring a pet store.",
            "D. The scene moves to an animated sequence with a character operating a vehicle or machinery."
        ],
        "answer": "A",
        "qa_level": "long_term",
        "qa_type": "mcqa",
        "old_answer": "A"
    },
    {
        "qa_idx": 16,
        "qa_task": "spatial-relationship",
        "question": "Where is the bird located in the pet store environment?",
        "options": [
            "A. Inside a round cage.",
            "B. In a bathtub labeled 'BABY GATORS (Do not Flush)'.",
            "C. On a shelf with colorful posters.",
            "D. Running on a wheel."
        ],
        "answer": "A",
        "qa_level": "long_term",
        "qa_type": "mcqa",
        "old_answer": "A"
    },
    {
        "qa_idx": 17,
        "qa_task": "plot-understanding",
        "question": "What is the main setting of the video from 9.0 to 1806.0 seconds?",
        "options": [
            "A. A pet store with various animals and animated characters.",
            "B. A high-rise building with a staircase and animated characters.",
            "C. A kitchen with animated characters preparing food.",
            "D. An outdoor park with animated characters."
        ],
        "answer": "A",
        "qa_level": "long_term",
        "qa_type": "mcqa",
        "old_answer": "A"
    },
    {
        "qa_idx": 18,
        "qa_task": "camera-direction",
        "question": "How does the camera move in the video from 9.0 to 1806.0 seconds?",
        "options": [
            "A. The camera moves closer to the characters and objects.",
            "B. The camera moves away from the characters and objects.",
            "C. The camera remains static throughout the video.",
            "D. The camera moves in a circular motion around the characters and objects."
        ],
        "answer": "A",
        "qa_level": "long_term",
        "qa_type": "mcqa",
        "old_answer": "A"
    },
    {
        "qa_idx": 19,
        "qa_task": "attribute-change",
        "question": "How does the setting change from the beginning to the end of the video from 9.0 to 1806.0 seconds?",
        "options": [
            "A. The setting changes from a pet store to a kitchen.",
            "B. The setting changes from a pet store to an urban street.",
            "C. The setting changes from a pet store to outer space.",
            "D. The setting changes from a pet store to a high-rise building."
        ],
        "answer": "A",
        "qa_level": "long_term",
        "qa_type": "mcqa",
        "old_answer": "A"
    },
    {
        "qa_idx": 20,
        "qa_task": "character-understanding",
        "question": "What is the person in orange doing in the pet store environment from 9.0 to 1806.0 seconds?",
        "options": [
            "A. Interacting with a chick.",
            "B. Feeding a tortoise.",
            "C. Shopping for pet supplies.",
            "D. Operating a cash register."
        ],
        "answer": "A",
        "qa_level": "long_term",
        "qa_type": "mcqa",
        "old_answer": "A"
    },
    {
        "qa_idx": 22,
        "qa_task": "descriptive-scene",
        "question": "Where does the event primarily take place from 9.0 to 1806.0 seconds?",
        "options": [
            "A. In a pet store.",
            "B. In a kitchen.",
            "C. In a high-rise building.",
            "D. In a park."
        ],
        "answer": "A",
        "qa_level": "long_term",
        "qa_type": "mcqa",
        "old_answer": "A"
    }
]