[
    {
        "qa_idx": 0,
        "qa_type": "qa",
        "qa_level": "frame",
        "qa_task": "character-understanding",
        "question": "Is there a tree partially entering the frame on the left at 3090.0 seconds?",
        "answer": "Yes",
        "old_answer": "Yes"
    },
    {
        "qa_idx": 1,
        "qa_task": "descriptive-scene",
        "question": "Where does the scene at 2137.0 seconds into the video take place?",
        "options": [
            "A. In a public park.",
            "B. In a shopping mall.",
            "C. In a residential area.",
            "D. In a school playground."
        ],
        "answer": "A",
        "qa_level": "frame",
        "qa_type": "mcqa",
        "old_answer": "A"
    },
    {
        "qa_idx": 2,
        "qa_type": "qa",
        "qa_level": "frame",
        "qa_task": "character-understanding",
        "question": "Is the person holding a knife in their right hand at 1467.0 seconds?",
        "answer": "Yes",
        "old_answer": "Yes"
    },
    {
        "qa_idx": 4,
        "qa_type": "qa",
        "qa_level": "within_event",
        "qa_task": "speed",
        "question": "Does the market scene from 2362.0 to 2445.0 seconds depict a slow-paced environment?",
        "answer": "No",
        "old_answer": "No"
    },
    {
        "qa_idx": 5,
        "qa_task": "spatial-relationship",
        "question": "What is prominently featured on the table at 1589.0 seconds into the video?",
        "options": [
            "A. A metallic plate with a fresh white onion on leafy greens.",
            "B. A wooden cutting board with sliced tomatoes.",
            "C. A glass bowl with mixed fruits.",
            "D. A ceramic plate with grilled chicken."
        ],
        "answer": "A",
        "qa_level": "frame",
        "qa_type": "mcqa",
        "old_answer": "A"
    },
    {
        "qa_idx": 6,
        "qa_type": "qa",
        "qa_level": "cross_event",
        "qa_task": "character-understanding",
        "question": "Between 2362.0 and 2445.0 seconds, were there individuals engaging with toys and clothing in the market?",
        "answer": "Yes",
        "old_answer": "Yes"
    },
    {
        "qa_idx": 7,
        "qa_type": "qa",
        "qa_level": "cross_event",
        "qa_task": "character-understanding",
        "question": "In both events from 89.0 to 127.0 and 131.0 to 193.0, was there a man wearing a colorful shirt?",
        "answer": "Yes",
        "old_answer": "Yes"
    },
    {
        "qa_idx": 9,
        "qa_type": "qa",
        "qa_level": "long_term",
        "qa_task": "speed",
        "question": "Did the video show any scenes where people were moving at a fast pace between 17.0 and 3572.0 seconds?",
        "answer": "No",
        "old_answer": "No"
    },
    {
        "qa_idx": 10,
        "qa_task": "time-order",
        "question": "What is the correct sequence of events in the video from 3101.0 seconds to 3188.0 seconds?",
        "options": [
            "A. The man examines the menu, points at the menu, gets served a salad, and enjoys his meal.",
            "B. The man gets served a salad, examines the menu, points at the menu, and enjoys his meal.",
            "C. The man enjoys his meal, examines the menu, points at the menu, and gets served a salad.",
            "D. The man points at the menu, examines the menu, gets served a salad, and enjoys his meal."
        ],
        "answer": "A",
        "qa_level": "cross_event",
        "qa_type": "mcqa",
        "old_answer": "A"
    },
    {
        "qa_idx": 11,
        "qa_task": "spatial-relationship",
        "question": "What is the background when a man is seen with his hands raised in an expressive manner?",
        "options": [
            "A. A large statue of a figure on horseback.",
            "B. A bright red vintage car.",
            "C. A pedestrian bridge with blue and yellow railings.",
            "D. A rotating metallic object with partial text 'NOT'."
        ],
        "answer": "A",
        "qa_level": "long_term",
        "qa_type": "mcqa",
        "old_answer": "A"
    },
    {
        "qa_idx": 13,
        "qa_task": "descriptive-scene",
        "question": "Where does the man in a colorful, patterned shirt enjoy his meal in the video sequence from 501.0 to 3572.0 seconds?",
        "options": [
            "A. In a cozy indoor dining area.",
            "B. In a serene outdoor or garden restaurant.",
            "C. In a bustling marketplace.",
            "D. In a public park."
        ],
        "answer": "B",
        "qa_level": "long_term",
        "qa_type": "mcqa",
        "old_answer": "B"
    },
    {
        "qa_idx": 14,
        "qa_task": "plot-understanding",
        "question": "What is the main theme depicted in the video sequence from 17.0 to 3572.0 seconds?",
        "options": [
            "A. A series of culinary demonstrations and dining experiences.",
            "B. A depiction of various urban and natural environments with social interactions.",
            "C. A competitive sports event with multiple activities.",
            "D. A historical reenactment with period costumes and settings."
        ],
        "answer": "B",
        "qa_level": "long_term",
        "qa_type": "mcqa",
        "old_answer": "B"
    },
    {
        "qa_idx": 15,
        "qa_task": "camera-direction",
        "question": "What is the camera doing when the scene transitions from the man standing on the pedestrian bridge to the rotating metallic object with partial text 'NOT' surrounded by scattered fragments?",
        "options": [
            "A. The camera is zooming in on the man.",
            "B. The camera is panning to the left.",
            "C. The camera is focusing on the rotating metallic object.",
            "D. The camera is moving away from the bridge."
        ],
        "answer": "C",
        "qa_level": "long_term",
        "qa_type": "mcqa",
        "old_answer": "C"
    },
    {
        "qa_idx": 16,
        "qa_task": "speed",
        "question": "Which mode of transportation is faster in the video sequence from 306.0 seconds to 3572.0 seconds?",
        "options": [
            "A. The man walking.",
            "B. The boy riding a bicycle.",
            "C. The man riding a hoverboard.",
            "D. The woman pushing a stroller."
        ],
        "answer": "B",
        "qa_level": "long_term",
        "qa_type": "mcqa",
        "old_answer": "B"
    },
    {
        "qa_idx": 17,
        "qa_task": "attribute-change",
        "question": "How does the background change from the beginning to the end of the video sequence from 17.0 to 3572.0 seconds?",
        "options": [
            "A. From a classical building to a minimalistic white background with a rotating metallic object.",
            "B. From a park to a bustling urban market.",
            "C. From a serene lakeside to a busy street corner.",
            "D. From a playground to a cozy indoor dining area."
        ],
        "answer": "A",
        "qa_level": "long_term",
        "qa_type": "mcqa",
        "old_answer": "A"
    },
    {
        "qa_idx": 18,
        "qa_task": "character-understanding",
        "question": "What is the man wearing while he is seated indoors, enjoying a meal with dining objects around him?",
        "options": [
            "A. A red sweater and a baseball cap.",
            "B. A colorful, patterned shirt.",
            "C. A black suit.",
            "D. A white chef's coat."
        ],
        "answer": "B",
        "qa_level": "long_term",
        "qa_type": "mcqa",
        "old_answer": "B"
    },
    {
        "qa_idx": 19,
        "qa_task": "time-order",
        "question": "In which order do the events occur in the video from 17.0 to 3572.0 seconds?",
        "options": [
            "A. A man is seen standing on a pedestrian bridge with blue and yellow railings.",
            "B. A man in a colorful shirt is seen eating in a cozy indoor dining area.",
            "C. A man in a colorful shirt is seen interacting with a vintage car in a park.",
            "D. A man in a colorful shirt is seen standing in front of a classical building with tall columns."
        ],
        "answer": "D",
        "qa_level": "long_term",
        "qa_type": "mcqa",
        "old_answer": "D"
    }
]