[
    {
        "qa_idx": 0,
        "qa_type": "qa",
        "qa_level": "frame",
        "qa_task": "object understanding",
        "question": "Is the airplane positioned towards the left side of the image at 1474.0 seconds into the video?",
        "answer": "Yes",
        "old_answer": "Yes"
    },
    {
        "qa_idx": 1,
        "qa_task": "object understanding",
        "question": "What is the appearance of the yellow character at 1275.0 seconds into the video?",
        "options": [
            "A. The yellow character has a calm expression and is surrounded by a bright light.",
            "B. The yellow character has a startled expression and is encased in a glowing, smoky aura.",
            "C. The yellow character is smiling and holding a cylindrical object.",
            "D. The yellow character is sitting beside an orange character."
        ],
        "answer": "B",
        "qa_level": "frame",
        "qa_type": "mcqa",
        "old_answer": "B"
    },
    {
        "qa_idx": 2,
        "qa_type": "qa",
        "qa_level": "frame",
        "qa_task": "character-understanding",
        "question": "Is there a bucket filled with miscellaneous items in the scene at 663.0 seconds?",
        "answer": "Yes",
        "old_answer": "Yes"
    },
    {
        "qa_idx": 4,
        "qa_task": "descriptive-scene",
        "question": "What is the theme of the poster captured at 281.0 seconds into the video?",
        "options": [
            "A. Baseball.",
            "B. Basketball.",
            "C. Soccer.",
            "D. Tennis."
        ],
        "answer": "B",
        "qa_level": "frame",
        "qa_type": "mcqa",
        "old_answer": "B"
    },
    {
        "qa_idx": 5,
        "qa_type": "qa",
        "qa_level": "long_term",
        "qa_task": "speed",
        "question": "Did the animated characters move quickly in the scenes from 1.0 to 2037.0 seconds?",
        "answer": "No",
        "old_answer": "No"
    },
    {
        "qa_idx": 6,
        "qa_task": "scene-understanding",
        "question": "What is the primary setting of the events described between 918.0 to 979.0 seconds and H to e seconds?",
        "options": [
            "A. A tranquil outdoor scene with a fountain and lush vegetation.",
            "B. A bustling cityscape with tall buildings.",
            "C. An indoor setting with modern furniture.",
            "D. A dark, eerie forest with dense trees."
        ],
        "answer": "A",
        "qa_level": "cross_event",
        "qa_type": "mcqa",
        "old_answer": "A"
    },
    {
        "qa_idx": 7,
        "qa_task": "attribute-change",
        "question": "How does the lighting condition change in the video from the time of 1616.0 to 1679.0 seconds?",
        "options": [
            "A. The lighting remains constant throughout the video.",
            "B. The lighting changes from bright to dim and then to bright again.",
            "C. The lighting changes from dim to bright and then to dim again.",
            "D. The lighting changes from bright to dim and remains dim."
        ],
        "answer": "B",
        "qa_level": "cross_event",
        "qa_type": "mcqa",
        "old_answer": "B"
    },
    {
        "qa_idx": 9,
        "qa_task": "speed",
        "question": "Which character moves faster in the video from 1.0 to 2037.0 seconds, the animated yellow worm-like creature or the animated slug-like creature?",
        "options": [
            "A. The animated yellow worm-like creature.",
            "B. The animated slug-like creature.",
            "C. Both move at the same speed.",
            "D. None of the above."
        ],
        "answer": "A",
        "qa_level": "long_term",
        "qa_type": "mcqa",
        "old_answer": "A"
    },
    {
        "qa_idx": 10,
        "qa_task": "attribute-change",
        "question": "How does the environment change from the beginning to the end of the video from 1.0 to 2037.0 seconds?",
        "options": [
            "A. From a minimalistic design to a cluttered and whimsical environment.",
            "B. From a dark and eerie setting to a bright and playful beach scene.",
            "C. From an indoor setting to an outdoor urban environment.",
            "D. From a serene natural environment to a chaotic industrial setting."
        ],
        "answer": "A",
        "qa_level": "long_term",
        "qa_type": "mcqa",
        "old_answer": "A"
    },
    {
        "qa_idx": 11,
        "qa_task": "descriptive-scene",
        "question": "Where does the scene with the animated yellow worm positioned at the center with expressive eyes and an open mouth take place?",
        "options": [
            "A. In a wooden-paneled room with sunlight streaming in.",
            "B. In a cluttered indoor environment resembling a study or workshop.",
            "C. In a rustic and somewhat cluttered environment characterized by wooden and brick textures.",
            "D. In a brightly lit room with wooden panels and distinct shadows."
        ],
        "answer": "D",
        "qa_level": "long_term",
        "qa_type": "mcqa",
        "old_answer": "D"
    }
]