[
    {
        "qa_idx": 1,
        "qa_type": "qa",
        "qa_level": "frame",
        "qa_task": "character-understanding",
        "question": "Are the man and woman seated side by side in the studio setting at 2291.0 seconds into the video?",
        "answer": "Yes",
        "old_answer": "Yes"
    },
    {
        "qa_idx": 2,
        "qa_type": "qa",
        "qa_level": "within_event",
        "qa_task": "object understanding",
        "question": "Are there name tags worn by the individuals in the video event from 2635.0 to 2726.0 seconds?",
        "answer": "Yes",
        "old_answer": "Yes"
    },
    {
        "qa_idx": 4,
        "qa_task": "character-understanding",
        "question": "What is the woman wearing in the video event from 3660.0 to 3663.0 seconds?",
        "options": [
            "A. A suit jacket.",
            "B. A light blue, patterned top.",
            "C. A red dress.",
            "D. A black t-shirt."
        ],
        "answer": "B",
        "qa_level": "within_event",
        "qa_type": "mcqa",
        "old_answer": "B"
    },
    {
        "qa_idx": 5,
        "qa_type": "qa",
        "qa_level": "long_term",
        "qa_task": "object understanding",
        "question": "Is there a large screen displaying visuals in the television studio set from 5.0 to 3663.0 seconds?",
        "answer": "Yes",
        "old_answer": "Yes"
    },
    {
        "qa_idx": 7,
        "qa_task": "attribute-change",
        "question": "How does the setting change from the beginning to the end of the event between 768.0 and 854.0 seconds?",
        "options": [
            "A. The setting remains the same throughout the event.",
            "B. The setting changes from a formal presentation to a lively talk show environment.",
            "C. The setting changes from an outdoor scene to an indoor studio.",
            "D. The setting changes from a casual conversation to a musical performance."
        ],
        "answer": "B",
        "qa_level": "within_event",
        "qa_type": "mcqa",
        "old_answer": "B"
    },
    {
        "qa_idx": 9,
        "qa_task": "spatial-relationship",
        "question": "Where is the audience seated in the television studio?",
        "options": [
            "A. On the left side of the frame.",
            "B. On the right side of the frame.",
            "C. In the center of the frame.",
            "D. Behind the stage."
        ],
        "answer": "B",
        "qa_level": "long_term",
        "qa_type": "mcqa",
        "old_answer": "B"
    },
    {
        "qa_idx": 13,
        "qa_task": "object-direction",
        "question": "In which direction is the audience seated relative to the central stage area in the television studio set from 5.0 to 3663.0 seconds?",
        "options": [
            "A. On the left side of the frame.",
            "B. On the right side of the frame.",
            "C. In front of the stage.",
            "D. Behind the stage."
        ],
        "answer": "B",
        "qa_level": "long_term",
        "qa_type": "mcqa",
        "old_answer": "B"
    },
    {
        "qa_idx": 14,
        "qa_task": "speed",
        "question": "Which individual was moving faster during the interaction in the studio setting between 145.0 seconds and 366.0 seconds?",
        "options": [
            "A. The man holding a microphone.",
            "B. The woman in a white jacket.",
            "C. The boy holding a circular sign.",
            "D. The girl in light-colored clothing."
        ],
        "answer": "A",
        "qa_level": "long_term",
        "qa_type": "mcqa",
        "old_answer": "A"
    },
    {
        "qa_idx": 15,
        "qa_task": "attribute-change",
        "question": "How does the studio setting change from the beginning to the end of the video between 5.0 and 3663.0 seconds?",
        "options": [
            "A. The studio becomes darker and less colorful.",
            "B. The studio setting remains the same throughout.",
            "C. The studio setting becomes more vibrant and colorful with more participants and dynamic interactions.",
            "D. The studio setting changes to an outdoor environment."
        ],
        "answer": "C",
        "qa_level": "long_term",
        "qa_type": "mcqa",
        "old_answer": "C"
    }
]