[
    {
        "qa_idx": 0,
        "qa_type": "qa",
        "qa_level": "frame",
        "qa_task": "character-understanding",
        "question": "Is the man on the left gesturing with his hand at 2812.0 seconds into the video?",
        "answer": "Yes",
        "old_answer": "Yes"
    },
    {
        "qa_idx": 2,
        "qa_task": "descriptive-scene",
        "question": "What is the main focus of the online shopping interface displayed in the video frame at 9945.0 seconds?",
        "options": [
            "A. Clothing and accessories.",
            "B. Home appliances.",
            "C. PlayStation 4 and PlayStation 5 games.",
            "D. Books and magazines."
        ],
        "answer": "C",
        "qa_level": "frame",
        "qa_type": "mcqa",
        "old_answer": "C"
    },
    {
        "qa_idx": 3,
        "qa_type": "qa",
        "qa_level": "within_event",
        "qa_task": "character-understanding",
        "question": "Were there two individuals in a studio shown in the bottom right inset during the event from 3326.0 to 3337.0 seconds?",
        "answer": "Yes",
        "old_answer": "Yes"
    },
    {
        "qa_idx": 4,
        "qa_task": "object understanding",
        "question": "What is the color of the case for the Tramontina 41191165 toolkit displayed on the Amazon web page at 11027.0 seconds into the video?",
        "options": [
            "A. Red.",
            "B. Blue.",
            "C. Turquoise.",
            "D. Black."
        ],
        "answer": "C",
        "qa_level": "frame",
        "qa_type": "mcqa",
        "old_answer": "C"
    },
    {
        "qa_idx": 5,
        "qa_task": "object understanding",
        "question": "What product is being advertised on the Amazon Brazilian site at 2585.0 seconds into the video?",
        "options": [
            "A. Echo Show 5.",
            "B. Kindle Paperwhite.",
            "C. Fire TV Stick.",
            "D. Amazon Echo Dot."
        ],
        "answer": "A",
        "qa_level": "frame",
        "qa_type": "mcqa",
        "old_answer": "A"
    },
    {
        "qa_idx": 6,
        "qa_task": "camera-direction",
        "question": "During the video event from 2688.0 to 2768.0 seconds, does the camera move closer to the man and woman seated on the couch or does it stay stationary?",
        "options": [
            "A. The camera moves closer to the man and woman.",
            "B. The camera stays stationary.",
            "C. The camera moves away from the man and woman.",
            "D. The camera pans to the left."
        ],
        "answer": "B",
        "qa_level": "within_event",
        "qa_type": "mcqa",
        "old_answer": "B"
    },
    {
        "qa_idx": 7,
        "qa_type": "qa",
        "qa_level": "cross_event",
        "qa_task": "action-understanding",
        "question": "In the event from 8414.0 to 8488.0 seconds, does the video show a transition from an Amazon product page to a Slack interface discussing Prime Day deals?",
        "answer": "Yes",
        "old_answer": "Yes"
    },
    {
        "qa_idx": 8,
        "qa_task": "camera-direction",
        "question": "During the online promotional showcase for PlayStation games on Prime Day from 9942.0 to 9955.0 seconds, does the camera focus more on the game titles and their details or on the live chat/streaming setup with the two individuals?",
        "options": [
            "A. The camera focuses more on the game titles and their details.",
            "B. The camera focuses more on the live chat/streaming setup with the two individuals.",
            "C. The camera equally focuses on both the game titles and the live chat/streaming setup.",
            "D. The camera does not focus on either the game titles or the live chat/streaming setup."
        ],
        "answer": "A",
        "qa_level": "within_event",
        "qa_type": "mcqa",
        "old_answer": "A"
    },
    {
        "qa_idx": 9,
        "qa_task": "attribute-change",
        "question": "How does the information about the JBL wireless Bluetooth earbuds change from the beginning to the end of the event between 3326.0 and 3337.0 seconds?",
        "options": [
            "A. The price of the earbuds increases.",
            "B. The product description becomes less detailed.",
            "C. The product page includes more detailed information such as technical specifications and user reviews.",
            "D. The product listing is removed from the page."
        ],
        "answer": "C",
        "qa_level": "within_event",
        "qa_type": "mcqa",
        "old_answer": "C"
    },
    {
        "qa_idx": 10,
        "qa_task": "speed",
        "question": "Between the time frames of 8414.0 to 8488.0 seconds, how does the speed of the transition between different Amazon product pages compare to the speed of the transition to the Slack interface?",
        "options": [
            "A. The transition between Amazon product pages is faster than the transition to the Slack interface.",
            "B. The transition to the Slack interface is faster than the transition between Amazon product pages.",
            "C. Both transitions occur at the same speed.",
            "D. There is no transition to the Slack interface."
        ],
        "answer": "A",
        "qa_level": "cross_event",
        "qa_type": "mcqa",
        "old_answer": "A"
    },
    {
        "qa_idx": 11,
        "qa_task": "time-order",
        "question": "What is the sequence of events in the two video descriptions from the time of 800.0 to 1069.0 seconds and H to e seconds?",
        "options": [
            "A. The man and woman are seated on a couch discussing or presenting, followed by a different event.",
            "B. A different event occurs first, followed by the man and woman seated on a couch discussing or presenting.",
            "C. Both events occur simultaneously.",
            "D. The events are unrelated and occur in different settings."
        ],
        "answer": "A",
        "qa_level": "cross_event",
        "qa_type": "mcqa",
        "old_answer": "A"
    },
    {
        "qa_idx": 12,
        "qa_task": "temporal-relationship",
        "question": "What happens after the promotional imagery centered around Amazon Prime Day with countdown timers?",
        "options": [
            "A. A man and a woman are seated on a grey couch, engaging with various devices.",
            "B. The scene features a webpage from the Amazon website featuring an advertisement for the Fire TV Stick 4K with Voice Remote with Alexa.",
            "C. A detailed capture of an Amazon web page focused on promoting Alexa-related features and products.",
            "D. A man and a woman are seated on a couch, engaged in an activity related to the 'Prime Day LIVE' event."
        ],
        "answer": "A",
        "qa_level": "long_term",
        "qa_type": "mcqa",
        "old_answer": "A"
    },
    {
        "qa_idx": 13,
        "qa_task": "spatial-relationship",
        "question": "Where are the Amazon packages positioned in the scenes from 249.0 to 12693.0 seconds?",
        "options": [
            "A. Near a closed door.",
            "B. On a table.",
            "C. In a car.",
            "D. On a shelf."
        ],
        "answer": "A",
        "qa_level": "long_term",
        "qa_type": "mcqa",
        "old_answer": "A"
    },
    {
        "qa_idx": 16,
        "qa_task": "camera-direction",
        "question": "What direction does the camera move in the video event from 249.0 to 12693.0 seconds?",
        "options": [
            "A. The camera moves closer to the screen displaying Prime Day promotions.",
            "B. The camera moves away from the screen displaying Prime Day promotions.",
            "C. The camera remains stationary throughout the video.",
            "D. The camera moves around the room capturing different angles."
        ],
        "answer": "A",
        "qa_level": "long_term",
        "qa_type": "mcqa",
        "old_answer": "A"
    },
    {
        "qa_idx": 17,
        "qa_task": "attribute-change",
        "question": "How does the countdown timer change throughout the Prime Day promotional event from 249.0 to 12693.0 seconds?",
        "options": [
            "A. The countdown timer starts at '04:57' and ends at '00:01'.",
            "B. The countdown timer starts at '00:51' and ends at '04:57'.",
            "C. The countdown timer starts at '00:01' and ends at '04:57'.",
            "D. The countdown timer starts at '04:57' and ends at '00:51'."
        ],
        "answer": "A",
        "qa_level": "long_term",
        "qa_type": "mcqa",
        "old_answer": "A"
    },
    {
        "qa_idx": 20,
        "qa_task": "time-order",
        "question": "In which order do the events occur in the video from 249.0 to 12693.0 seconds?",
        "options": [
            "A. The scene features promotional imagery centered around Amazon Prime Day, followed by a studio setup with a man and a woman engaging with devices, and then a detailed capture of an Amazon web page promoting the Fire TV Stick 4K.",
            "B. The scene features a studio setup with a man and a woman engaging with devices, followed by promotional imagery centered around Amazon Prime Day, and then a detailed capture of an Amazon web page promoting the Fire TV Stick 4K.",
            "C. The scene features a detailed capture of an Amazon web page promoting the Fire TV Stick 4K, followed by promotional imagery centered around Amazon Prime Day, and then a studio setup with a man and a woman engaging with devices.",
            "D. The scene features promotional imagery centered around Amazon Prime Day, followed by a detailed capture of an Amazon web page promoting the Fire TV Stick 4K, and then a studio setup with a man and a woman engaging with devices."
        ],
        "answer": "A",
        "qa_level": "long_term",
        "qa_type": "mcqa",
        "old_answer": "A"
    }
]