[
    {
        "qa_idx": 0,
        "qa_type": "qa",
        "qa_level": "frame",
        "qa_task": "object understanding",
        "question": "Is there a blue toy box on red wheels in the room at 467.0 seconds into the video?",
        "answer": "Yes",
        "old_answer": "Yes"
    },
    {
        "qa_idx": 1,
        "qa_task": "descriptive-scene",
        "question": "What is the main feature of the landscape at 1623.0 seconds into the video?",
        "options": [
            "A. A bustling cityscape.",
            "B. A brightly colored landscape with a train.",
            "C. A dense forest.",
            "D. A sandy desert."
        ],
        "answer": "B",
        "qa_level": "frame",
        "qa_type": "mcqa",
        "old_answer": "B"
    },
    {
        "qa_idx": 2,
        "qa_type": "qa",
        "qa_level": "frame",
        "qa_task": "object understanding",
        "question": "Is the animated cat wearing a hat at 2682.0 seconds into the video?",
        "answer": "No",
        "old_answer": "No"
    },
    {
        "qa_idx": 3,
        "qa_task": "object understanding",
        "question": "What is depicted in the picture frame closer to the center at 2257.0 seconds into the video?",
        "options": [
            "A. A snow-capped mountain.",
            "B. A red fruit.",
            "C. A blue background with a pink flower in a vase.",
            "D. A green forest."
        ],
        "answer": "B",
        "qa_level": "frame",
        "qa_type": "mcqa",
        "old_answer": "B"
    },
    {
        "qa_idx": 4,
        "qa_type": "qa",
        "qa_level": "within_event",
        "qa_task": "camera-direction",
        "question": "Does the camera shift to a close-up of an anthropomorphic elderly cat holding a lit candle during the event from 875.0 to 935.0 seconds?",
        "answer": "Yes",
        "old_answer": "Yes"
    },
    {
        "qa_idx": 6,
        "qa_type": "qa",
        "qa_level": "within_event",
        "qa_task": "object understanding",
        "question": "Are there any anthropomorphic cat characters holding flashlights in the video event from 1072.0 to 1127.0 seconds?",
        "answer": "Yes",
        "old_answer": "Yes"
    },
    {
        "qa_idx": 7,
        "qa_task": "spatial-relationship",
        "question": "What is to the left of the red and blue train in the frame at 668.0 seconds?",
        "options": [
            "A. A body of water.",
            "B. A small house with a fenced yard.",
            "C. Rolling green hills.",
            "D. Trees of varying shapes and sizes."
        ],
        "answer": "B",
        "qa_level": "frame",
        "qa_type": "mcqa",
        "old_answer": "B"
    },
    {
        "qa_idx": 8,
        "qa_type": "qa",
        "qa_level": "cross_event",
        "qa_task": "speed",
        "question": "From the time of 937.0 to 999.0, do the cat characters move quickly while exploring the dimly lit storage room?",
        "answer": "No",
        "old_answer": "No"
    },
    {
        "qa_idx": 9,
        "qa_task": "speed",
        "question": "How does the speed of the characters' actions change from the beginning to the end of the events between 937.0 seconds to 999.0 seconds?",
        "options": [
            "A. The speed of the characters' actions remains constant throughout the events.",
            "B. The speed of the characters' actions increases as they move from one scene to another.",
            "C. The speed of the characters' actions decreases as they transition from outdoor to indoor scenes.",
            "D. The speed of the characters' actions varies, with some scenes showing faster movements and others slower."
        ],
        "answer": "D",
        "qa_level": "cross_event",
        "qa_type": "mcqa",
        "old_answer": "D"
    },
    {
        "qa_idx": 10,
        "qa_task": "causal",
        "question": "Why are the anthropomorphic cats focused on something in the indoor scene at the beginning of the event from 737.0 to 797.0 seconds?",
        "options": [
            "A. They are preparing to board a train.",
            "B. They are watching a performance.",
            "C. They are looking at a clock.",
            "D. They are interacting with a red bird."
        ],
        "answer": "A",
        "qa_level": "cross_event",
        "qa_type": "mcqa",
        "old_answer": "A"
    },
    {
        "qa_idx": 11,
        "qa_task": "temporal-relationship",
        "question": "What were the anthropomorphic cats doing before they were seen playing with paper planes in a grassy area?",
        "options": [
            "A. They were enjoying meals around a table filled with sushi.",
            "B. They were performing a dance against playful backdrops.",
            "C. They were engaging in activities involving paper cranes and books.",
            "D. They were interacting animatedly with one holding two pink fans."
        ],
        "answer": "A",
        "qa_level": "long_term",
        "qa_type": "mcqa",
        "old_answer": "A"
    },
    {
        "qa_idx": 12,
        "qa_task": "spatial-relationship",
        "question": "Where is the small wooden chest of drawers located in relation to the yellow door in the indoor setting?",
        "options": [
            "A. To the left of the door.",
            "B. To the right of the door.",
            "C. In front of the door.",
            "D. Behind the door."
        ],
        "answer": "B",
        "qa_level": "long_term",
        "qa_type": "mcqa",
        "old_answer": "B"
    },
    {
        "qa_idx": 14,
        "qa_task": "camera-direction",
        "question": "How does the camera movement change from the indoor scene with the yellow door and pink umbrella to the outdoor scene with the train station platform from 42.0 to 2718.0 seconds?",
        "options": [
            "A. The camera zooms in on the indoor scene and then zooms out to reveal the outdoor scene.",
            "B. The camera pans from the indoor scene to the outdoor scene.",
            "C. The camera remains static in both scenes.",
            "D. The camera moves closer to the characters in the indoor scene and then transitions to a wide shot of the outdoor scene."
        ],
        "answer": "D",
        "qa_level": "long_term",
        "qa_type": "mcqa",
        "old_answer": "D"
    },
    {
        "qa_idx": 15,
        "qa_task": "attribute-change",
        "question": "How does the outdoor environment change from the beginning to the end of the video event from 42.0 to 2718.0 seconds?",
        "options": [
            "A. It changes from a snowy landscape to a lush green countryside.",
            "B. It changes from a sunny day to a rainy day.",
            "C. It changes from a desert to a forest.",
            "D. It changes from a beach to a mountain."
        ],
        "answer": "A",
        "qa_level": "long_term",
        "qa_type": "mcqa",
        "old_answer": "A"
    },
    {
        "qa_idx": 17,
        "qa_task": "object understanding",
        "question": "What objects are placed on the small wooden chest of drawers to the right of the yellow door?",
        "options": [
            "A. A framed picture of a cat character and a blue vase containing tulips.",
            "B. A framed picture of a dog character and a red vase containing roses.",
            "C. A framed picture of a bird character and a green vase containing daisies.",
            "D. A framed picture of a fish character and a yellow vase containing sunflowers."
        ],
        "answer": "A",
        "qa_level": "long_term",
        "qa_type": "mcqa",
        "old_answer": "A"
    },
    {
        "qa_idx": 18,
        "qa_task": "time-order",
        "question": "In which order do the events occur in the video from 42.0 to 2718.0 seconds?",
        "options": [
            "A. The cats gather in a room with striped wallpaper, then move to a cozy room with bunk beds, followed by playful interactions outdoors, and finally a tea-time gathering.",
            "B. The cats start with a tea-time gathering, then move to a cozy room with bunk beds, followed by playful interactions outdoors, and finally gather in a room with striped wallpaper.",
            "C. The cats gather in a room with striped wallpaper, then have a tea-time gathering, followed by playful interactions outdoors, and finally move to a cozy room with bunk beds.",
            "D. The cats start with playful interactions outdoors, then gather in a room with striped wallpaper, followed by a tea-time gathering, and finally move to a cozy room with bunk beds."
        ],
        "answer": "A",
        "qa_level": "long_term",
        "qa_type": "mcqa",
        "old_answer": "A"
    },
    {
        "qa_idx": 19,
        "qa_task": "descriptive-scene",
        "question": "Where do the anthropomorphic cat characters engage in various playful activities and interactions, including crafting, reading, and enjoying meals?",
        "options": [
            "A. In a cozy indoor room with blue metal bunk beds and colorful pillows.",
            "B. In a vibrant outdoor market with rolling hills.",
            "C. In a medical setting with a blue cat dressed as a doctor.",
            "D. In a serene winter night scene with a quaint house."
        ],
        "answer": "A",
        "qa_level": "long_term",
        "qa_type": "mcqa",
        "old_answer": "A"
    }
]