[
    {
        "qa_idx": 0,
        "qa_type": "qa",
        "qa_level": "frame",
        "qa_task": "character-understanding",
        "question": "At the 116.0-second mark, were there any characters stepping out of the house?",
        "answer": "Yes",
        "old_answer": "Yes"
    },
    {
        "qa_idx": 1,
        "qa_type": "qa",
        "qa_level": "frame",
        "qa_task": "character-understanding",
        "question": "At 457.0 seconds into the video, is one of the smaller pigs holding a lollipop?",
        "answer": "Yes",
        "old_answer": "Yes"
    },
    {
        "qa_idx": 2,
        "qa_type": "qa",
        "qa_level": "within_event",
        "qa_task": "character-understanding",
        "question": "Was the animated character dressed in a red dress at the beginning of the event from 3.0 to 62.0 seconds?",
        "answer": "Yes",
        "old_answer": "Yes"
    },
    {
        "qa_idx": 3,
        "qa_type": "qa",
        "qa_level": "cross_event",
        "qa_task": "speed",
        "question": "Did the characters in the first event (from 493.0 to 601.0) move at a fast pace during the celebration?",
        "answer": "No",
        "old_answer": "No"
    },
    {
        "qa_idx": 4,
        "qa_type": "qa",
        "qa_level": "cross_event",
        "qa_task": "character-understanding",
        "question": "Did the character with glasses and a party hat appear in both events from 283.0 to 448.0 and 452.0 to 492.0?",
        "answer": "Yes",
        "old_answer": "Yes"
    },
    {
        "qa_idx": 5,
        "qa_type": "qa",
        "qa_level": "long_term",
        "qa_task": "plot-understanding",
        "question": "Does the video depict a family of anthropomorphic pigs engaging in various activities both indoors and outdoors, including a birthday celebration, a museum visit, a space adventure, and a camping trip from 3.0 seconds to 1912.0 seconds?",
        "answer": "Yes",
        "old_answer": "Yes"
    },
    {
        "qa_idx": 7,
        "qa_task": "causal",
        "question": "Why are the characters holding balloons marked with the number '2' in the event from 223.0 to 282.0 seconds?",
        "options": [
            "A. They are celebrating a second anniversary or milestone.",
            "B. They are preparing for a science experiment.",
            "C. They are participating in a sports event.",
            "D. They are attending a music concert."
        ],
        "answer": "A",
        "qa_level": "cross_event",
        "qa_type": "mcqa",
        "old_answer": "A"
    },
    {
        "qa_idx": 8,
        "qa_task": "time-order",
        "question": "What is the correct sequence of events in the video from 1005.0 to 1066.0 seconds?",
        "options": [
            "A. The bus travels through picturesque landscapes, then the characters prepare for a picnic, and finally, the bus floats on water.",
            "B. The characters prepare for a picnic, then the bus travels through picturesque landscapes, and finally, the bus floats on water.",
            "C. The bus floats on water, then the characters prepare for a picnic, and finally, the bus travels through picturesque landscapes.",
            "D. The characters prepare for a picnic, then the bus floats on water, and finally, the bus travels through picturesque landscapes."
        ],
        "answer": "B",
        "qa_level": "cross_event",
        "qa_type": "mcqa",
        "old_answer": "B"
    },
    {
        "qa_idx": 9,
        "qa_task": "temporal-relationship",
        "question": "What happens after the pig characters interact within the bedroom and transition to the kitchen setting?",
        "options": [
            "A. The pig characters gather around a table holding a green gift box, indicative of a celebration.",
            "B. The pig characters go outside to play in the garden.",
            "C. The pig characters start cleaning the house.",
            "D. The pig characters go to sleep."
        ],
        "answer": "A",
        "qa_level": "long_term",
        "qa_type": "mcqa",
        "old_answer": "A"
    },
    {
        "qa_idx": 10,
        "qa_task": "speed",
        "question": "Which is faster, the red car or the yellow bus, during the scenes from 3.0 to 1912.0 seconds?",
        "options": [
            "A. The red car.",
            "B. The yellow bus.",
            "C. Both are at the same speed.",
            "D. None of the above."
        ],
        "answer": "A",
        "qa_level": "long_term",
        "qa_type": "mcqa",
        "old_answer": "A"
    },
    {
        "qa_idx": 12,
        "qa_task": "descriptive-scene",
        "question": "Where do the anthropomorphic pig characters gather around a table holding a green gift box, indicative of a celebration?",
        "options": [
            "A. In a cozy, child-themed bedroom.",
            "B. In a brightly colored animated environment with a yellow double-story house.",
            "C. In a family-friendly, colorful kitchen environment.",
            "D. In an ornately decorated room with carved floral motifs."
        ],
        "answer": "C",
        "qa_level": "long_term",
        "qa_type": "mcqa",
        "old_answer": "C"
    }
]