[
    {
        "qa_idx": 0,
        "qa_type": "qa",
        "qa_level": "frame",
        "qa_task": "object understanding",
        "question": "Is there a teal-colored can with a pull-tab top visible in the video frame at 1301.0 seconds?",
        "answer": "Yes",
        "old_answer": "Yes"
    },
    {
        "qa_idx": 1,
        "qa_task": "spatial-relationship",
        "question": "What is positioned centrally in the scene at 365.0 seconds into the video?",
        "options": [
            "A. A brick wall.",
            "B. A large green plant.",
            "C. A white flower.",
            "D. An animated creature."
        ],
        "answer": "B",
        "qa_level": "frame",
        "qa_type": "mcqa",
        "old_answer": "B"
    },
    {
        "qa_idx": 2,
        "qa_type": "qa",
        "qa_level": "frame",
        "qa_task": "character-understanding",
        "question": "At 1336.0 seconds into the video, is the red, worm-like character to the left of the purple liquid?",
        "answer": "Yes",
        "old_answer": "Yes"
    },
    {
        "qa_idx": 4,
        "qa_type": "qa",
        "qa_level": "within_event",
        "qa_task": "action-understanding",
        "question": "Does the whimsical and animated vegetable character levitate above the sink at the beginning of the event from 152.0 to 191.0 seconds?",
        "answer": "Yes",
        "old_answer": "Yes"
    },
    {
        "qa_idx": 5,
        "qa_task": "spatial-relationship",
        "question": "What is casting shadows on the wall in the frame at 967.0 seconds?",
        "options": [
            "A. A latticed wooden structure.",
            "B. A tree.",
            "C. A window with curtains.",
            "D. A chandelier."
        ],
        "answer": "A",
        "qa_level": "frame",
        "qa_type": "mcqa",
        "old_answer": "A"
    },
    {
        "qa_idx": 7,
        "qa_task": "character-understanding",
        "question": "What is the yellow worm-like character interacting with in the video from 64.0 to 84.0 seconds?",
        "options": [
            "A. A green pipe-like object.",
            "B. A brown, pineapple-like patterned object.",
            "C. A large-eyed animated object.",
            "D. A small yellow figure."
        ],
        "answer": "B",
        "qa_level": "within_event",
        "qa_type": "mcqa",
        "old_answer": "B"
    },
    {
        "qa_idx": 8,
        "qa_task": "character-understanding",
        "question": "What is the main action of the gray animated character with large ears and a red nose in the scene from 612.0 to 673.0 seconds?",
        "options": [
            "A. Inspecting a brightly colored ball.",
            "B. Swimming in a pool.",
            "C. Climbing a tree.",
            "D. Sleeping in a bed."
        ],
        "answer": "A",
        "qa_level": "cross_event",
        "qa_type": "mcqa",
        "old_answer": "A"
    },
    {
        "qa_idx": 9,
        "qa_task": "time-order",
        "question": "What is the correct sequence of events in the video from 951.0 seconds to 1014.0 seconds?",
        "options": [
            "A. The scene starts with an outdoor neglected environment, transitions to an artistic scene, and then moves to an indoor space with natural light.",
            "B. The scene starts with an indoor space with natural light, transitions to an artistic scene, and then moves to an outdoor neglected environment.",
            "C. The scene starts with an artistic scene, transitions to an outdoor neglected environment, and then moves to an indoor space with natural light.",
            "D. The scene starts with an indoor space with natural light, transitions to an outdoor neglected environment, and then moves to an artistic scene."
        ],
        "answer": "A",
        "qa_level": "cross_event",
        "qa_type": "mcqa",
        "old_answer": "A"
    },
    {
        "qa_idx": 10,
        "qa_task": "temporal-relationship",
        "question": "What happens after the scene with the dog riding a bicycle near a picket fence adorned with sunflowers?",
        "options": [
            "A. A vibrant urban street scene appears.",
            "B. A bathroom scene with a yellow rubber duck floating in a bathtub appears.",
            "C. A swimming pool scene with a yellow rubber duck and other toys appears.",
            "D. An underwater scene with various creatures and bubble effects appears."
        ],
        "answer": "A",
        "qa_level": "long_term",
        "qa_type": "mcqa",
        "old_answer": "A"
    },
    {
        "qa_idx": 12,
        "qa_task": "speed",
        "question": "Which character moves faster in the video from 2.0 to 2350.0 seconds, the dog riding a bicycle or the green caterpillar-like creature?",
        "options": [
            "A. The dog riding a bicycle.",
            "B. The green caterpillar-like creature.",
            "C. Both move at the same speed.",
            "D. None of the above."
        ],
        "answer": "A",
        "qa_level": "long_term",
        "qa_type": "mcqa",
        "old_answer": "A"
    },
    {
        "qa_idx": 13,
        "qa_task": "attribute-change",
        "question": "How does the environment change from the beginning to the end of the video event from 2.0 to 2350.0 seconds?",
        "options": [
            "A. From a lively and colorful animated scene to a serene and tranquil indoor garden scene.",
            "B. From a dark and eerie underwater scene to a bustling urban street scene.",
            "C. From a whimsical bathroom scene to a chaotic and cluttered indoor environment.",
            "D. From a serene garden scene to a dramatic urban landscape under heavy rain."
        ],
        "answer": "A",
        "qa_level": "long_term",
        "qa_type": "mcqa",
        "old_answer": "A"
    }
]