[
    {
        "qa_idx": 0,
        "qa_task": "descriptive-scene",
        "question": "Where does the scene at 2475.0 seconds into the video take place?",
        "options": [
            "A. In a park.",
            "B. In a cafe or lounge.",
            "C. In a classroom.",
            "D. In a hospital."
        ],
        "answer": "B",
        "qa_level": "frame",
        "qa_type": "mcqa",
        "old_answer": "B"
    },
    {
        "qa_idx": 1,
        "qa_type": "qa",
        "qa_level": "frame",
        "qa_task": "character-understanding",
        "question": "Is the man in the driver's seat holding the steering wheel at 6832.0 seconds into the video?",
        "answer": "Yes",
        "old_answer": "Yes"
    },
    {
        "qa_idx": 2,
        "qa_task": "object understanding",
        "question": "What is the man holding in the video frame at 1561.0 seconds?",
        "options": [
            "A. A book.",
            "B. A smartphone.",
            "C. A remote control.",
            "D. A cup."
        ],
        "answer": "B",
        "qa_level": "frame",
        "qa_type": "mcqa",
        "old_answer": "B"
    },
    {
        "qa_idx": 3,
        "qa_type": "qa",
        "qa_level": "within_event",
        "qa_task": "action-understanding",
        "question": "Between 406.0 and 487.0 seconds, does the video show a person dancing in front of the bokeh lights?",
        "answer": "No",
        "old_answer": "No"
    },
    {
        "qa_idx": 4,
        "qa_task": "spatial-relationship",
        "question": "What is the person reaching for at 4130.0 seconds into the video?",
        "options": [
            "A. A phone.",
            "B. A set of keys.",
            "C. A wallet.",
            "D. A book."
        ],
        "answer": "B",
        "qa_level": "frame",
        "qa_type": "mcqa",
        "old_answer": "B"
    },
    {
        "qa_idx": 5,
        "qa_type": "qa",
        "qa_level": "within_event",
        "qa_task": "action-understanding",
        "question": "During the scene from 2361.0 to 2429.0 seconds, does the woman in the dark floral dress start dancing in the middle of the corridor?",
        "answer": "No",
        "old_answer": "No"
    },
    {
        "qa_idx": 6,
        "qa_type": "qa",
        "qa_level": "cross_event",
        "qa_task": "camera-direction",
        "question": "In the event from 281.0 to 344.0, does the camera move towards the car on the roadway lined with trees?",
        "answer": "Yes",
        "old_answer": "Yes"
    },
    {
        "qa_idx": 7,
        "qa_type": "qa",
        "qa_level": "cross_event",
        "qa_task": "speed",
        "question": "Did the person in the wheelchair move quickly through the medical facility from the time of 7293.0 to 7349.0 and 7350.0 to 7462.0?",
        "answer": "No",
        "old_answer": "No"
    },
    {
        "qa_idx": 8,
        "qa_task": "camera-direction",
        "question": "In the video event from 844.0 to 904.0 seconds, how does the camera movement contribute to the depiction of the indoor setting?",
        "options": [
            "A. The camera remains stationary throughout the event.",
            "B. The camera moves closer to the individuals to capture their interactions.",
            "C. The camera moves away from the individuals to show the entire room.",
            "D. The camera focuses only on the decorations and not on the individuals."
        ],
        "answer": "B",
        "qa_level": "within_event",
        "qa_type": "mcqa",
        "old_answer": "B"
    },
    {
        "qa_idx": 9,
        "qa_type": "qa",
        "qa_level": "long_term",
        "qa_task": "action-understanding",
        "question": "After the woman in traditional attire was seen in the hospital corridor at 3.0 seconds, did she perform a dance in the hospital room at 7523.0 seconds?",
        "answer": "No",
        "old_answer": "No"
    },
    {
        "qa_idx": 10,
        "qa_task": "attribute-change",
        "question": "How does the lighting in the environment change from the beginning to the end of the video segment from 3892.0 seconds to 3970.0 seconds?",
        "options": [
            "A. The lighting becomes dimmer.",
            "B. The lighting remains well-lit throughout.",
            "C. The lighting changes to a strobe effect.",
            "D. The lighting becomes brighter."
        ],
        "answer": "B",
        "qa_level": "cross_event",
        "qa_type": "mcqa",
        "old_answer": "B"
    },
    {
        "qa_idx": 11,
        "qa_task": "plot-understanding",
        "question": "What is the main theme depicted in the video from 3.0 to 7523.0 seconds?",
        "options": [
            "A. A festive celebration with traditional attire and cultural rituals.",
            "B. A series of medical emergencies and hospital scenes.",
            "C. A journey through various urban and rural landscapes.",
            "D. A professional office environment with formal interactions."
        ],
        "answer": "B",
        "qa_level": "long_term",
        "qa_type": "mcqa",
        "old_answer": "B"
    },
    {
        "qa_idx": 12,
        "qa_task": "attribute-change",
        "question": "How does the setting change from the beginning to the end of the video from 3.0 to 7523.0 seconds?",
        "options": [
            "A. From a hospital environment to a festive celebration.",
            "B. From a serene outdoor setting to a bustling urban environment.",
            "C. From a medical emergency to a tranquil park scene.",
            "D. From a clinical setting to a vibrant social gathering."
        ],
        "answer": "B",
        "qa_level": "long_term",
        "qa_type": "mcqa",
        "old_answer": "B"
    },
    {
        "qa_idx": 13,
        "qa_task": "character-understanding",
        "question": "What is the woman in traditional attire doing in the hospital corridor at 3.0 to 7523.0 seconds?",
        "options": [
            "A. She is seated near a professionally dressed man, suggesting they are waiting for news.",
            "B. She is pushing a hospital gurney.",
            "C. She is operating medical equipment.",
            "D. She is giving a speech."
        ],
        "answer": "A",
        "qa_level": "long_term",
        "qa_type": "mcqa",
        "old_answer": "A"
    }
]