[
    {
        "qa_idx": 0,
        "qa_type": "qa",
        "qa_level": "frame",
        "qa_task": "character-understanding",
        "question": "Is the person using a caliper to measure an object at 238.0 seconds into the video?",
        "answer": "Yes",
        "old_answer": "Yes"
    },
    {
        "qa_idx": 2,
        "qa_task": "character-understanding",
        "question": "What is the person doing at 238.0 seconds into the video?",
        "options": [
            "A. Writing notes.",
            "B. Using a caliper to measure an object.",
            "C. Drawing a diagram.",
            "D. Clamping an object."
        ],
        "answer": "B",
        "qa_level": "frame",
        "qa_type": "mcqa",
        "old_answer": "B"
    },
    {
        "qa_idx": 3,
        "qa_type": "qa",
        "qa_level": "within_event",
        "qa_task": "plot-understanding",
        "question": "Is the man in the video wearing a dark jacket and glasses from 60.0 to 71.0 seconds?",
        "answer": "Yes",
        "old_answer": "Yes"
    },
    {
        "qa_idx": 4,
        "qa_task": "spatial-relationship",
        "question": "What is positioned prominently in the center of the frame at 239.0 seconds into the video?",
        "options": [
            "A. A black cylindrical object.",
            "B. A hand holding a small metallic or cylindrical item.",
            "C. A white sheet of paper with handwritten notes.",
            "D. A pen."
        ],
        "answer": "B",
        "qa_level": "frame",
        "qa_type": "mcqa",
        "old_answer": "B"
    },
    {
        "qa_idx": 5,
        "qa_type": "qa",
        "qa_level": "cross_event",
        "qa_task": "action-understanding",
        "question": "In the workshop environment from 3613.0 to 3688.0, does the person wearing a hat take a break to fly a toy airplane against a sunset sky?",
        "answer": "No",
        "old_answer": "No"
    },
    {
        "qa_idx": 6,
        "qa_task": "attribute-change",
        "question": "How does the background sky change throughout the event from 3699.0 to 3737.0 seconds?",
        "options": [
            "A. The sky changes from a warm, orange-yellow to a dark, stormy gray.",
            "B. The sky changes from a warm, orange-yellow to a golden hue at sunrise or sunset.",
            "C. The sky changes from a warm, orange-yellow to a clear blue.",
            "D. The sky changes from a warm, orange-yellow to a starry night."
        ],
        "answer": "B",
        "qa_level": "within_event",
        "qa_type": "mcqa",
        "old_answer": "B"
    },
    {
        "qa_idx": 7,
        "qa_task": "object-direction",
        "question": "From 2133.0 to 2187.0 seconds, where is the person initially situated in the workshop environment?",
        "options": [
            "A. On the right side.",
            "B. On the left side.",
            "C. In the center.",
            "D. At the back."
        ],
        "answer": "B",
        "qa_level": "within_event",
        "qa_type": "mcqa",
        "old_answer": "B"
    },
    {
        "qa_idx": 8,
        "qa_task": "attribute-change",
        "question": "How does the lighting in the workshop change from the beginning to the end of the first video event (1944.0 to 2026.0 seconds)?",
        "options": [
            "A. The lighting becomes dimmer over time.",
            "B. The lighting remains consistently bright throughout.",
            "C. The lighting changes from bright to dim and then back to bright.",
            "D. The lighting is initially dim and gradually becomes brighter."
        ],
        "answer": "B",
        "qa_level": "cross_event",
        "qa_type": "mcqa",
        "old_answer": "B"
    },
    {
        "qa_idx": 9,
        "qa_task": "spatial-relationship",
        "question": "What is the spatial relationship between the person working on the colorful painting and the man engaging with the workshop's dynamic equipment in the event from 3613.0 to 3688.0 seconds?",
        "options": [
            "A. The person working on the painting is at a workbench, while the man with the equipment is nearby.",
            "B. The person working on the painting is outside the workshop, while the man with the equipment is inside.",
            "C. The person working on the painting is in a different room from the man with the equipment.",
            "D. The person working on the painting is on the same workbench as the man with the equipment."
        ],
        "answer": "A",
        "qa_level": "cross_event",
        "qa_type": "mcqa",
        "old_answer": "A"
    },
    {
        "qa_idx": 11,
        "qa_task": "temporal-relationship",
        "question": "What was the person doing at 1441.0 seconds before they started using the power drill at 1544.0 seconds?",
        "options": [
            "A. Measuring a black cylindrical object with a caliper.",
            "B. Painting a vibrant sky scene.",
            "C. Engaging in a woodworking task with a piece of plywood.",
            "D. Organizing tools on a pegboard."
        ],
        "answer": "A",
        "qa_level": "long_term",
        "qa_type": "mcqa",
        "old_answer": "A"
    },
    {
        "qa_idx": 16,
        "qa_task": "camera-direction",
        "question": "At what point in the video does the camera focus on the detailed view of a mechanically-focused workbench featuring a sheet of paper filled with technical drawings and various tools?",
        "options": [
            "A. At 1441.0 seconds.",
            "B. At 1544.0 seconds.",
            "C. At 2006.0 seconds.",
            "D. At 2214.0 seconds."
        ],
        "answer": "A",
        "qa_level": "long_term",
        "qa_type": "mcqa",
        "old_answer": "A"
    },
    {
        "qa_idx": 17,
        "qa_task": "attribute-change",
        "question": "How does the workspace environment change from the beginning to the end of the video between 60.0 and 3769.0 seconds?",
        "options": [
            "A. The workspace becomes more cluttered and filled with ongoing projects.",
            "B. The workspace becomes less cluttered and more organized.",
            "C. The workspace changes from a mechanical focus to an artistic focus.",
            "D. The workspace changes from an artistic focus to a mechanical focus."
        ],
        "answer": "A",
        "qa_level": "long_term",
        "qa_type": "mcqa",
        "old_answer": "A"
    },
    {
        "qa_idx": 18,
        "qa_task": "character-understanding",
        "question": "What is the man wearing while working in the workshop or garage environment?",
        "options": [
            "A. A dark jacket and glasses.",
            "B. A white shirt and blue jeans.",
            "C. A red cap and black t-shirt.",
            "D. A green apron and safety goggles."
        ],
        "answer": "A",
        "qa_level": "long_term",
        "qa_type": "mcqa",
        "old_answer": "A"
    }
]