[
    {
        "qa_idx": 0,
        "qa_type": "qa",
        "qa_level": "frame",
        "qa_task": "object understanding",
        "question": "Is the child on the bottom bunk holding a green dinosaur toy at 366.0 seconds into the video?",
        "answer": "Yes",
        "old_answer": "Yes"
    },
    {
        "qa_idx": 1,
        "qa_task": "spatial-relationship",
        "question": "What is the anthropomorphic pig character gesturing towards in the frame at 1078.0 seconds?",
        "options": [
            "A. A table with toys.",
            "B. A window with white panes.",
            "C. An armchair with multiple patches.",
            "D. A purple wall."
        ],
        "answer": "C",
        "qa_level": "frame",
        "qa_type": "mcqa",
        "old_answer": "C"
    },
    {
        "qa_idx": 3,
        "qa_type": "qa",
        "qa_level": "within_event",
        "qa_task": "object understanding",
        "question": "Is there a tree with red fruit in the video from 1801.0 to 1809.0 seconds?",
        "answer": "Yes",
        "old_answer": "Yes"
    },
    {
        "qa_idx": 4,
        "qa_task": "object understanding",
        "question": "What is placed on top of the wooden table at 750.0 seconds into the video?",
        "options": [
            "A. A stack of books.",
            "B. A vase containing colorful flowers.",
            "C. A bowl of fruit.",
            "D. A lamp."
        ],
        "answer": "B",
        "qa_level": "frame",
        "qa_type": "mcqa",
        "old_answer": "B"
    },
    {
        "qa_idx": 5,
        "qa_task": "camera-direction",
        "question": "In the video event from 835.0 to 877.0 seconds, what is the camera's movement when the scene transitions to the living room setting?",
        "options": [
            "A. The camera zooms in on the purple couch.",
            "B. The camera pans to the left to reveal the living room.",
            "C. The camera moves closer to the adult character with glasses.",
            "D. The camera remains stationary while the characters move."
        ],
        "answer": "B",
        "qa_level": "within_event",
        "qa_type": "mcqa",
        "old_answer": "B"
    },
    {
        "qa_idx": 6,
        "qa_task": "camera-direction",
        "question": "During the video event from 1281.0 to 1343.0 seconds, does the camera move closer to the characters or does it stay stationary?",
        "options": [
            "A. The camera moves closer to the characters.",
            "B. The camera stays stationary.",
            "C. The camera moves away from the characters.",
            "D. The camera pans left and right."
        ],
        "answer": "A",
        "qa_level": "within_event",
        "qa_type": "mcqa",
        "old_answer": "A"
    },
    {
        "qa_idx": 7,
        "qa_type": "qa",
        "qa_level": "long_term",
        "qa_task": "plot-understanding",
        "question": "Does the video depict a family of anthropomorphic pigs engaging in various activities both indoors and outdoors, including playful interactions, meal times, and bedtime routines from 5.0 to 1809.0 seconds?",
        "answer": "Yes",
        "old_answer": "Yes"
    },
    {
        "qa_idx": 8,
        "qa_task": "temporal-relationship",
        "question": "What happens after the characters enjoy a communal meal in the family kitchen?",
        "options": [
            "A. The characters engage in playful activities with a colorful bird.",
            "B. The characters stand with umbrellas in a rainy outdoor scene.",
            "C. The characters interact in a cozy bedroom setting with a medical bag.",
            "D. The characters drive a red convertible car through a countryside landscape."
        ],
        "answer": "A",
        "qa_level": "long_term",
        "qa_type": "mcqa",
        "old_answer": "A"
    },
    {
        "qa_idx": 9,
        "qa_task": "spatial-relationship",
        "question": "Where is the green bird with colorful feathers positioned in the indoor environment?",
        "options": [
            "A. On a yellow armchair.",
            "B. On a purple perch.",
            "C. On a green perch.",
            "D. On a blue perch."
        ],
        "answer": "C",
        "qa_level": "long_term",
        "qa_type": "mcqa",
        "old_answer": "C"
    },
    {
        "qa_idx": 11,
        "qa_task": "attribute-change",
        "question": "How does the setting change from the beginning to the end of the video event from 5.0 to 1809.0 seconds?",
        "options": [
            "A. From a family kitchen to a children's bedroom.",
            "B. From a children's bedroom to an outdoor setting.",
            "C. From an outdoor setting to a classroom.",
            "D. From a classroom to a garden."
        ],
        "answer": "D",
        "qa_level": "long_term",
        "qa_type": "mcqa",
        "old_answer": "D"
    },
    {
        "qa_idx": 12,
        "qa_task": "object understanding",
        "question": "What objects are featured on the kitchen counter in the family kitchen scene?",
        "options": [
            "A. Two coffee cups and a cake.",
            "B. A green toy telephone and a wall calendar.",
            "C. A steaming coffee cup and a stove.",
            "D. A yellow armchair and a green bird."
        ],
        "answer": "A",
        "qa_level": "long_term",
        "qa_type": "mcqa",
        "old_answer": "A"
    },
    {
        "qa_idx": 13,
        "qa_task": "descriptive-scene",
        "question": "Where do the characters enjoy a communal meal with chocolate smudges on their faces and plates with food remnants?",
        "options": [
            "A. In a family kitchen with pastel purple walls and a floral curtain window.",
            "B. In a brightly lit entrance hall with yellow walls and a purple floor.",
            "C. In a children's bedroom with a bunk bed and dinosaur patterns.",
            "D. In an outdoor setting with a yellow house and a red roof."
        ],
        "answer": "A",
        "qa_level": "long_term",
        "qa_type": "mcqa",
        "old_answer": "A"
    }
]