[
    {
        "qa_idx": 0,
        "qa_type": "qa",
        "qa_level": "frame",
        "qa_task": "object understanding",
        "question": "Is the woman in the frame at 2235.0 seconds wearing multi-colored clothing?",
        "answer": "Yes",
        "old_answer": "Yes"
    },
    {
        "qa_idx": 1,
        "qa_task": "spatial-relationship",
        "question": "What is located in the lower right corner of the frame at 1321.0 seconds?",
        "options": [
            "A. A wooden log and a thin pole.",
            "B. A stack of hay bales.",
            "C. A wooden structure.",
            "D. A hint of greenery."
        ],
        "answer": "A",
        "qa_level": "frame",
        "qa_type": "mcqa",
        "old_answer": "A"
    },
    {
        "qa_idx": 2,
        "qa_task": "object understanding",
        "question": "What is the main object in focus at 608.0 seconds into the video?",
        "options": [
            "A. A metal pipe against a rough, concrete-textured wall.",
            "B. A wooden table with scattered tools.",
            "C. A glass window with a view of a garden.",
            "D. A metal door with a rusty handle."
        ],
        "answer": "A",
        "qa_level": "frame",
        "qa_type": "mcqa",
        "old_answer": "A"
    },
    {
        "qa_idx": 3,
        "qa_type": "qa",
        "qa_level": "within_event",
        "qa_task": "object understanding",
        "question": "Is there a rustic cross positioned against a stone wall in the video from 2219.0 to 2283.0 seconds?",
        "answer": "Yes",
        "old_answer": "Yes"
    },
    {
        "qa_idx": 4,
        "qa_task": "character-understanding",
        "question": "What is the woman in the white dress holding at 270.0 seconds into the video?",
        "options": [
            "A. A small gift box.",
            "B. A large bouquet.",
            "C. A glass of wine.",
            "D. A camera."
        ],
        "answer": "B",
        "qa_level": "frame",
        "qa_type": "mcqa",
        "old_answer": "B"
    },
    {
        "qa_idx": 5,
        "qa_task": "temporal-relationship",
        "question": "What was the person doing at the end of the event from 2767.0 to 2824.0 seconds?",
        "options": [
            "A. Sitting on a wooden cart or trailer.",
            "B. Handling a haystack.",
            "C. Walking with the dogs.",
            "D. Engaged in tasks related to agriculture."
        ],
        "answer": "B",
        "qa_level": "within_event",
        "qa_type": "mcqa",
        "old_answer": "B"
    },
    {
        "qa_idx": 6,
        "qa_type": "qa",
        "qa_level": "cross_event",
        "qa_task": "speed",
        "question": "From the time of 2667.0 to 2700.0, did the person walking alongside the animal pulling a cart laden with hay move at a faster pace compared to the person guiding a cart loaded with hay from the time of 2705.0 to 2766.0?",
        "answer": "No",
        "old_answer": "No"
    },
    {
        "qa_idx": 7,
        "qa_type": "qa",
        "qa_level": "long_term",
        "qa_task": "character-understanding",
        "question": "Did the video show a person driving a horse-drawn cart through a rugged mountainous terrain and later guiding a horse pulling a hay-laden cart through an open field? (6.0 to 2857.0 seconds)",
        "answer": "Yes",
        "old_answer": "Yes"
    },
    {
        "qa_idx": 9,
        "qa_type": "qa",
        "qa_level": "long_term",
        "qa_task": "object understanding",
        "question": "Is there a world map featuring continents and countries labeled in the Hangul script in the video between 6.0 and 2857.0 seconds?",
        "answer": "Yes",
        "old_answer": "Yes"
    },
    {
        "qa_idx": 12,
        "qa_task": "temporal-relationship",
        "question": "What activity is depicted after the scene of cooking skewers of meat over an open fire in a rustic outdoor setting?",
        "options": [
            "A. A person guiding a horse pulling a hay-laden cart through an open field.",
            "B. A person driving a horse-drawn cart along a narrow, winding dirt path.",
            "C. A person lighting candles in an ornate interior space.",
            "D. A person standing near a large sculpture amidst natural elements."
        ],
        "answer": "A",
        "qa_level": "long_term",
        "qa_type": "mcqa",
        "old_answer": "A"
    },
    {
        "qa_idx": 13,
        "qa_task": "spatial-relationship",
        "question": "What is visible in the background when the video captures a person driving a horse-drawn cart along a narrow, winding dirt path through a rugged mountainous terrain with rocky slopes and sparse vegetation?",
        "options": [
            "A. A vast, open field with numerous sheep.",
            "B. A majestic snow-capped peak and barren hills.",
            "C. An ancient rock-cut complex set into a steep cliff face.",
            "D. A bustling urban street scene."
        ],
        "answer": "B",
        "qa_level": "long_term",
        "qa_type": "mcqa",
        "old_answer": "B"
    },
    {
        "qa_idx": 15,
        "qa_task": "object-direction",
        "question": "In which direction is the horse-drawn cart moving through the rugged mountainous terrain from 6.0 to 2857.0 seconds?",
        "options": [
            "A. Up the mountain.",
            "B. Down the mountain.",
            "C. Along a narrow, winding dirt path.",
            "D. Across a flat field."
        ],
        "answer": "C",
        "qa_level": "long_term",
        "qa_type": "mcqa",
        "old_answer": "C"
    },
    {
        "qa_idx": 16,
        "qa_task": "camera-direction",
        "question": "What direction does the camera move towards when capturing the scene of the person driving a horse-drawn cart along a narrow, winding dirt path through a rugged mountainous terrain from 6.0 to 2857.0 seconds?",
        "options": [
            "A. The camera moves away from the cart.",
            "B. The camera moves closer to the cart.",
            "C. The camera remains stationary.",
            "D. The camera moves sideways."
        ],
        "answer": "B",
        "qa_level": "long_term",
        "qa_type": "mcqa",
        "old_answer": "B"
    },
    {
        "qa_idx": 18,
        "qa_task": "attribute-change",
        "question": "How does the landscape change from the beginning to the end of the video from 6.0 to 2857.0 seconds?",
        "options": [
            "A. From a serene mountainous landscape to a bustling urban environment.",
            "B. From a serene mountainous landscape to a rustic rural setting.",
            "C. From a bustling urban environment to a serene mountainous landscape.",
            "D. From a rustic rural setting to a bustling urban environment."
        ],
        "answer": "B",
        "qa_level": "long_term",
        "qa_type": "mcqa",
        "old_answer": "B"
    },
    {
        "qa_idx": 19,
        "qa_task": "time-order",
        "question": "In which order do the events occur in the video from 6.0 to 2857.0 seconds?",
        "options": [
            "A. The video begins with a serene mountainous landscape, transitions to a scenic landscape with sheep, captures a person driving a horse-drawn cart, and concludes with a world map featuring continents and countries labeled in Hangul script.",
            "B. The video begins with a detailed graphical representation of Georgia, transitions to a broad view of Tbilisi, captures busy urban scenes, and concludes with a world map featuring continents and countries labeled in Hangul script.",
            "C. The video begins with a serene mountainous landscape, transitions to a detailed graphical representation of Georgia, captures busy urban scenes in Tbilisi, and concludes with a world map featuring continents and countries labeled in Hangul script.",
            "D. The video begins with a detailed graphical representation of Georgia, transitions to a serene mountainous landscape, captures busy urban scenes in Tbilisi, and concludes with a world map featuring continents and countries labeled in Hangul script."
        ],
        "answer": "A",
        "qa_level": "long_term",
        "qa_type": "mcqa",
        "old_answer": "A"
    }
]