[
    {
        "qa_idx": 0,
        "qa_type": "qa",
        "qa_level": "frame",
        "qa_task": "character-understanding",
        "question": "Were the participants dressed in athletic wear at 1343.0 seconds into the video?",
        "answer": "Yes",
        "old_answer": "Yes"
    },
    {
        "qa_idx": 2,
        "qa_type": "qa",
        "qa_level": "frame",
        "qa_task": "character-understanding",
        "question": "Are the individuals in the frame dressed in a mix of casual and elaborate costumes at 901.0 seconds?",
        "answer": "Yes",
        "old_answer": "Yes"
    },
    {
        "qa_idx": 3,
        "qa_task": "character-understanding",
        "question": "What is the man doing in the video frame at 1732.0 seconds?",
        "options": [
            "A. The man is running.",
            "B. The man is sitting on a bench.",
            "C. The man is lying on an exercise mat.",
            "D. The man is standing."
        ],
        "answer": "B",
        "qa_level": "frame",
        "qa_type": "mcqa",
        "old_answer": "B"
    },
    {
        "qa_idx": 4,
        "qa_type": "qa",
        "qa_level": "within_event",
        "qa_task": "action-understanding",
        "question": "Between 1981.0 and 2047.0 seconds, are the individuals seen handling large blue containers of seafood?",
        "answer": "Yes",
        "old_answer": "Yes"
    },
    {
        "qa_idx": 5,
        "qa_task": "character-understanding",
        "question": "What is the person in the video doing at 2204.0 seconds?",
        "options": [
            "A. The person is painting.",
            "B. The person is cooking.",
            "C. The person is stretching and manipulating an orange sticky substance.",
            "D. The person is writing."
        ],
        "answer": "C",
        "qa_level": "frame",
        "qa_type": "mcqa",
        "old_answer": "C"
    },
    {
        "qa_idx": 6,
        "qa_task": "object understanding",
        "question": "What is the man wearing at 103.0 seconds into the video?",
        "options": [
            "A. A black shirt and blue jeans.",
            "B. A white shirt and a tan jacket.",
            "C. A red shirt and black pants.",
            "D. A green shirt and brown trousers."
        ],
        "answer": "B",
        "qa_level": "frame",
        "qa_type": "mcqa",
        "old_answer": "B"
    },
    {
        "qa_idx": 7,
        "qa_type": "qa",
        "qa_level": "cross_event",
        "qa_task": "speed",
        "question": "Did the individuals in the event from 1775.0 to 1832.0 seconds engage in their activities at a slower pace compared to the vibrant and playful interactions in the event from 1855.0 to 1916.0 seconds?",
        "answer": "Yes",
        "old_answer": "Yes"
    },
    {
        "qa_idx": 8,
        "qa_type": "qa",
        "qa_level": "cross_event",
        "qa_task": "speed",
        "question": "Did the individuals in the event from 2113.0 to 2205.0 handle the seafood at a faster pace compared to the individuals in the event from 2212.0 to 2276.0?",
        "answer": "No",
        "old_answer": "No"
    },
    {
        "qa_idx": 10,
        "qa_type": "qa",
        "qa_level": "long_term",
        "qa_task": "action-understanding",
        "question": "In the video event from 1.0 to 2453.0 seconds, does the scene ever show someone removing a toy from a shelf?",
        "answer": "No",
        "old_answer": "No"
    },
    {
        "qa_idx": 13,
        "qa_task": "temporal-relationship",
        "question": "What happens after the scene with the whimsical sky and cartoonish elements?",
        "options": [
            "A. The scene shifts to a vivid background with an orange-red gradient and illustrations of clouds and crescent moons.",
            "B. The scene transitions to a colorful playroom filled with toys and playful elements.",
            "C. The scene shows a man in a light brown jacket in a cozy indoor setting.",
            "D. The scene features a dynamic and playful event in an indoor children's playroom."
        ],
        "answer": "A",
        "qa_level": "long_term",
        "qa_type": "mcqa",
        "old_answer": "A"
    },
    {
        "qa_idx": 14,
        "qa_task": "descriptive-scene",
        "question": "Where does the event take place from 1.0 to 2453.0 seconds?",
        "options": [
            "A. In a whimsical sky scene with cartoonish elements.",
            "B. In a colorful indoor playroom or children's activity area.",
            "C. In a garden or courtyard setting with fitness activities.",
            "D. In a festive indoor setting with a seafood feast and musical performance."
        ],
        "answer": "B",
        "qa_level": "long_term",
        "qa_type": "mcqa",
        "old_answer": "B"
    },
    {
        "qa_idx": 15,
        "qa_task": "plot-understanding",
        "question": "What is the main theme of the event from 1.0 to 2453.0 seconds?",
        "options": [
            "A. A children's playroom or show with vibrant and playful elements.",
            "B. A cooking show with a focus on seafood.",
            "C. A fitness session in a garden-like setting.",
            "D. A musical performance with a live band."
        ],
        "answer": "A",
        "qa_level": "long_term",
        "qa_type": "mcqa",
        "old_answer": "A"
    },
    {
        "qa_idx": 16,
        "qa_task": "camera-direction",
        "question": "What is the camera doing when the scene transitions to a colorful scene capturing three individuals in distinct positions and attire, surrounded by props like red chairs and a potted plant?",
        "options": [
            "A. The camera is zooming in on the individuals.",
            "B. The camera is panning to the left.",
            "C. The camera is moving closer to the individuals.",
            "D. The camera is zooming out to capture the entire scene."
        ],
        "answer": "C",
        "qa_level": "long_term",
        "qa_type": "mcqa",
        "old_answer": "C"
    },
    {
        "qa_idx": 17,
        "qa_task": "speed",
        "question": "Which is faster, the individuals engaging in playful activities or the individuals engaging in physical activities?",
        "options": [
            "A. The individuals engaging in playful activities.",
            "B. The individuals engaging in physical activities.",
            "C. Both are at the same speed.",
            "D. None of the above."
        ],
        "answer": "B",
        "qa_level": "long_term",
        "qa_type": "mcqa",
        "old_answer": "B"
    },
    {
        "qa_idx": 18,
        "qa_task": "attribute-change",
        "question": "How does the background change from the beginning to the end of the video event from 1.0 to 2453.0 seconds?",
        "options": [
            "A. From a whimsical sky scene with gradient hues to a vibrant indoor playroom.",
            "B. From a dark and gloomy setting to a bright and sunny outdoor scene.",
            "C. From a monochrome background to a colorful animated scene.",
            "D. From a simple room to a complex outdoor garden."
        ],
        "answer": "A",
        "qa_level": "long_term",
        "qa_type": "mcqa",
        "old_answer": "A"
    },
    {
        "qa_idx": 19,
        "qa_task": "descriptive-scene",
        "question": "What is the main setting of the event described from 1.0 to 2453.0 seconds?",
        "options": [
            "A. A whimsical sky scene with cartoonish elements.",
            "B. A colorful indoor playroom or children's show set.",
            "C. An outdoor garden area with fitness activities.",
            "D. A festive indoor setting with a seafood feast."
        ],
        "answer": "B",
        "qa_level": "long_term",
        "qa_type": "mcqa",
        "old_answer": "B"
    }
]