[
    {
        "qa_idx": 0,
        "qa_task": "object understanding",
        "question": "What architectural features contribute to the charming, rustic appeal of the house at the 1304.0-second mark of the video?",
        "options": [
            "A. A flat roof and small, single-paned windows.",
            "B. A prominent arched entrance and large, multi-paned windows.",
            "C. A modern glass facade and sliding doors.",
            "D. A thatched roof and circular windows."
        ],
        "answer": "B",
        "qa_level": "frame",
        "qa_type": "mcqa",
        "old_answer": "B"
    },
    {
        "qa_idx": 2,
        "qa_type": "qa",
        "qa_level": "within_event",
        "qa_task": "object understanding",
        "question": "Is there a smartphone displaying a gallery of purple flowers in the video event from 2826.0 to 2889.0 seconds?",
        "answer": "Yes",
        "old_answer": "Yes"
    },
    {
        "qa_idx": 3,
        "qa_task": "descriptive-scene",
        "question": "Where is the scene at 2044.0 seconds into the video taking place?",
        "options": [
            "A. In a modern office.",
            "B. In a kitchen.",
            "C. In a garden.",
            "D. In a living room."
        ],
        "answer": "A",
        "qa_level": "frame",
        "qa_type": "mcqa",
        "old_answer": "A"
    },
    {
        "qa_idx": 4,
        "qa_type": "qa",
        "qa_level": "within_event",
        "qa_task": "action-understanding",
        "question": "Does the man successfully open the wooden door in the garden area between 980.0 and 1030.0 seconds?",
        "answer": "No",
        "old_answer": "No"
    },
    {
        "qa_idx": 5,
        "qa_type": "qa",
        "qa_level": "cross_event",
        "qa_task": "action-understanding",
        "question": "In the event from 202.0 to 262.0, does the woman in the brown jacket engage in a dance performance in the restaurant?",
        "answer": "No",
        "old_answer": "No"
    },
    {
        "qa_idx": 6,
        "qa_task": "plot-understanding",
        "question": "What is the primary setting of the video event from 1652.0 to 1717.0 seconds?",
        "options": [
            "A. A high-end retail store and a control room.",
            "B. A restaurant and a park.",
            "C. A hospital and a library.",
            "D. A gym and a swimming pool."
        ],
        "answer": "A",
        "qa_level": "within_event",
        "qa_type": "mcqa",
        "old_answer": "A"
    },
    {
        "qa_idx": 7,
        "qa_type": "qa",
        "qa_level": "cross_event",
        "qa_task": "character-understanding",
        "question": "Between 1722.0 and 1784.0 seconds, were there any women interacting in a dimly lit environment?",
        "answer": "Yes",
        "old_answer": "Yes"
    },
    {
        "qa_idx": 9,
        "qa_type": "qa",
        "qa_level": "long_term",
        "qa_task": "object understanding",
        "question": "Is there a teapot present in the café or dining area scene between 12.0 and 2889.0 seconds?",
        "answer": "Yes",
        "old_answer": "Yes"
    },
    {
        "qa_idx": 10,
        "qa_task": "attribute-change",
        "question": "How does the lighting change throughout the scenes from 695.0 to 754.0 seconds?",
        "options": [
            "A. The lighting remains consistently bright.",
            "B. The lighting transitions from well-lit to dimly lit.",
            "C. The lighting becomes progressively darker.",
            "D. The lighting changes from dimly lit to well-lit."
        ],
        "answer": "B",
        "qa_level": "within_event",
        "qa_type": "mcqa",
        "old_answer": "B"
    },
    {
        "qa_idx": 11,
        "qa_task": "temporal-relationship",
        "question": "What happens after the scene transitions from the busy city street to the inside of the cozy, well-lit restaurant in the video from 2103.0 to 2163.0 seconds?",
        "options": [
            "A. The man continues walking along the sidewalk.",
            "B. The double-decker bus stops at the bus shelter.",
            "C. Several individuals are seated at tables engaging in various activities.",
            "D. The streetlights turn off, and the city becomes dark."
        ],
        "answer": "C",
        "qa_level": "cross_event",
        "qa_type": "mcqa",
        "old_answer": "C"
    },
    {
        "qa_idx": 13,
        "qa_task": "plot-understanding",
        "question": "What is the primary setting of the events described in both video descriptions from 1100.0 to 1169.0 seconds and H to e seconds?",
        "options": [
            "A. A high-rise building with a mix of professional and casual environments.",
            "B. An outdoor park with various recreational activities.",
            "C. A busy street with heavy traffic and pedestrians.",
            "D. A rural area with open fields and farmhouses."
        ],
        "answer": "A",
        "qa_level": "cross_event",
        "qa_type": "mcqa",
        "old_answer": "A"
    },
    {
        "qa_idx": 14,
        "qa_task": "temporal-relationship",
        "question": "What happens after the scene with the 'CTC' text in large, rounded, three-dimensional letters?",
        "options": [
            "A. A serene underwater scene with a blue background, showcasing an abstract, illuminated white outline of a hand and a jellyfish.",
            "B. A scene in a café or dining area where a woman is engaged at a table with a coffee cup and a teapot.",
            "C. A close-up view of a mobile phone held by a hand, displaying a message application with visible text and phone numbers.",
            "D. A man lounging on a large sofa indoors, dressed in casual clothing."
        ],
        "answer": "A",
        "qa_level": "long_term",
        "qa_type": "mcqa",
        "old_answer": "A"
    },
    {
        "qa_idx": 16,
        "qa_task": "camera-direction",
        "question": "How does the camera movement change from the scene at 12.0 seconds to the scene at 2889.0 seconds?",
        "options": [
            "A. The camera moves from a close-up to a wide shot.",
            "B. The camera moves from a wide shot to a close-up.",
            "C. The camera remains static throughout.",
            "D. The camera moves from an indoor to an outdoor setting."
        ],
        "answer": "A",
        "qa_level": "long_term",
        "qa_type": "mcqa",
        "old_answer": "A"
    },
    {
        "qa_idx": 17,
        "qa_task": "attribute-change",
        "question": "How does the lighting change from the beginning to the end of the video from 12.0 to 2889.0 seconds?",
        "options": [
            "A. The lighting remains consistently bright throughout.",
            "B. The lighting transitions from bright to dim and then back to bright.",
            "C. The lighting starts dim and gradually becomes brighter.",
            "D. The lighting remains consistently dim throughout."
        ],
        "answer": "B",
        "qa_level": "long_term",
        "qa_type": "mcqa",
        "old_answer": "B"
    },
    {
        "qa_idx": 18,
        "qa_task": "object understanding",
        "question": "What objects are featured on the table in the café or dining area where the woman is engaged?",
        "options": [
            "A. A coffee cup and a teapot.",
            "B. A laptop and a smartphone.",
            "C. A book and a pen.",
            "D. A plate and a fork."
        ],
        "answer": "A",
        "qa_level": "long_term",
        "qa_type": "mcqa",
        "old_answer": "A"
    }
]