[
    {
        "qa_idx": 0,
        "qa_type": "qa",
        "qa_level": "frame",
        "qa_task": "object understanding",
        "question": "Is the man positioned predominantly to the left of the frame at 586.0 seconds into the video?",
        "answer": "Yes",
        "old_answer": "Yes"
    },
    {
        "qa_idx": 1,
        "qa_task": "character-understanding",
        "question": "What is the presence of people in the video frame at 1497.0 seconds?",
        "options": [
            "A. There are many people visible.",
            "B. There is one person visible.",
            "C. There are a few people visible.",
            "D. There are no people visible."
        ],
        "answer": "D",
        "qa_level": "frame",
        "qa_type": "mcqa",
        "old_answer": "D"
    },
    {
        "qa_idx": 2,
        "qa_type": "qa",
        "qa_level": "frame",
        "qa_task": "character-understanding",
        "question": "Did the text in the video frame at 1527.0 seconds mention a switch to using a digital camera?",
        "answer": "Yes",
        "old_answer": "Yes"
    },
    {
        "qa_idx": 3,
        "qa_type": "qa",
        "qa_level": "within_event",
        "qa_task": "speed",
        "question": "Did the man move quickly from the sparsely lit area to the left side of the image between 549.0 and 608.0 seconds?",
        "answer": "No",
        "old_answer": "No"
    },
    {
        "qa_idx": 4,
        "qa_task": "character-understanding",
        "question": "What is the man wearing in the video frame at 552.0 seconds?",
        "options": [
            "A. Solid-colored clothing.",
            "B. Patterned clothing.",
            "C. Striped clothing.",
            "D. Plain white clothing."
        ],
        "answer": "B",
        "qa_level": "frame",
        "qa_type": "mcqa",
        "old_answer": "B"
    },
    {
        "qa_idx": 5,
        "qa_type": "qa",
        "qa_level": "within_event",
        "qa_task": "speed",
        "question": "Did the scene transition quickly between different areas from 1189.0 seconds to 1260.0 seconds?",
        "answer": "No",
        "old_answer": "No"
    },
    {
        "qa_idx": 6,
        "qa_type": "qa",
        "qa_level": "cross_event",
        "qa_task": "action-understanding",
        "question": "Between the time of 1126.0 to 1180.0 and 1189.0 to 1260.0, do both events feature a dimly lit environment with signs of neglect and abandonment?",
        "answer": "Yes",
        "old_answer": "Yes"
    },
    {
        "qa_idx": 7,
        "qa_type": "qa",
        "qa_level": "cross_event",
        "qa_task": "character-understanding",
        "question": "Was there any human presence depicted in the video events from 1126.0 to 1180.0 and 1189.0 to 1260.0?",
        "answer": "No",
        "old_answer": "No"
    },
    {
        "qa_idx": 9,
        "qa_task": "object understanding",
        "question": "What is the primary function of the object being held by the person in the driver's seat during the event from 294.0 to 368.0 seconds?",
        "options": [
            "A. To navigate the vehicle.",
            "B. To adjust the vehicle's speed.",
            "C. To control the vehicle's direction.",
            "D. To communicate with other drivers."
        ],
        "answer": "C",
        "qa_level": "cross_event",
        "qa_type": "mcqa",
        "old_answer": "C"
    },
    {
        "qa_idx": 14,
        "qa_task": "object-direction",
        "question": "In which direction does the vehicle move as shown by the changing backgrounds, including a concrete barrier with safety markings and faintly visible green traffic lights, from 141.0 seconds to 1925.0 seconds?",
        "options": [
            "A. The vehicle moves forward.",
            "B. The vehicle moves backward.",
            "C. The vehicle moves sideways.",
            "D. The vehicle remains stationary."
        ],
        "answer": "A",
        "qa_level": "long_term",
        "qa_type": "mcqa",
        "old_answer": "A"
    },
    {
        "qa_idx": 15,
        "qa_task": "camera-direction",
        "question": "How does the camera movement change from the beginning to the end of the video sequence from 4.0 to 1925.0 seconds?",
        "options": [
            "A. The camera remains stationary throughout the video.",
            "B. The camera moves from a dimly lit indoor setting to a dimly lit outdoor setting and then back to an indoor setting.",
            "C. The camera starts with a close-up of a person and then moves to capture wider scenes of the environment.",
            "D. The camera moves from a well-lit indoor setting to a well-lit outdoor setting."
        ],
        "answer": "B",
        "qa_level": "long_term",
        "qa_type": "mcqa",
        "old_answer": "B"
    },
    {
        "qa_idx": 16,
        "qa_task": "speed",
        "question": "Which is faster, the vehicle in the dimly lit scenes or the person walking in the abandoned building?",
        "options": [
            "A. The vehicle in the dimly lit scenes.",
            "B. The person walking in the abandoned building.",
            "C. Both are at the same speed.",
            "D. None of the above."
        ],
        "answer": "A",
        "qa_level": "long_term",
        "qa_type": "mcqa",
        "old_answer": "A"
    }
]