[
    {
        "qa_idx": 0,
        "qa_type": "qa",
        "qa_level": "frame",
        "qa_task": "character-understanding",
        "question": "Are the individuals in the room mostly seated at 938.0 seconds into the video?",
        "answer": "Yes",
        "old_answer": "Yes"
    },
    {
        "qa_idx": 1,
        "qa_task": "object understanding",
        "question": "What is the man wearing in the video frame at 1456.0 seconds?",
        "options": [
            "A. A bright red shirt.",
            "B. A blue jacket.",
            "C. A white lab coat.",
            "D. A black suit."
        ],
        "answer": "A",
        "qa_level": "frame",
        "qa_type": "mcqa",
        "old_answer": "A"
    },
    {
        "qa_idx": 2,
        "qa_type": "qa",
        "qa_level": "frame",
        "qa_task": "character-understanding",
        "question": "At 2980.0 seconds into the video, are there four individuals seated behind a long table?",
        "answer": "Yes",
        "old_answer": "Yes"
    },
    {
        "qa_idx": 3,
        "qa_task": "descriptive-scene",
        "question": "Where is the scene taking place at 969.0 seconds into the video?",
        "options": [
            "A. In a kitchen.",
            "B. In a living room.",
            "C. In an office building.",
            "D. In a garden."
        ],
        "answer": "C",
        "qa_level": "frame",
        "qa_type": "mcqa",
        "old_answer": "C"
    },
    {
        "qa_idx": 4,
        "qa_type": "qa",
        "qa_level": "within_event",
        "qa_task": "speed",
        "question": "Did the presentation or discussion take place at a fast pace between 4470.0 seconds and 4547.0 seconds?",
        "answer": "No",
        "old_answer": "No"
    },
    {
        "qa_idx": 6,
        "qa_type": "qa",
        "qa_level": "within_event",
        "qa_task": "camera-direction",
        "question": "Is the camera moving towards the panel of individuals seated behind the desk from 3802.0 to 3890.0 seconds?",
        "answer": "No",
        "old_answer": "No"
    },
    {
        "qa_idx": 8,
        "qa_task": "speed",
        "question": "From 3119.0 to 3182.0 seconds, how does the background transition in the video?",
        "options": [
            "A. From red to blue.",
            "B. From blue to red.",
            "C. From green to yellow.",
            "D. From yellow to green."
        ],
        "answer": "B",
        "qa_level": "within_event",
        "qa_type": "mcqa",
        "old_answer": "B"
    },
    {
        "qa_idx": 9,
        "qa_type": "qa",
        "qa_level": "long_term",
        "qa_task": "action-understanding",
        "question": "In the video, does the person at the podium ever remove the microphone while speaking, as seen from 10.0 seconds to 5080.0 seconds?",
        "answer": "No",
        "old_answer": "No"
    },
    {
        "qa_idx": 11,
        "qa_task": "object-direction",
        "question": "In which direction is the person at the podium facing while giving the speech or presentation from 520.0 to 560.0 seconds?",
        "options": [
            "A. Towards the audience.",
            "B. Away from the audience.",
            "C. Towards the left side of the stage.",
            "D. Towards the right side of the stage."
        ],
        "answer": "A",
        "qa_level": "within_event",
        "qa_type": "mcqa",
        "old_answer": "A"
    },
    {
        "qa_idx": 13,
        "qa_task": "temporal-relationship",
        "question": "What was happening before the person at the podium addressed the audience in the NASA event from 2054.0 to 2117.0 seconds?",
        "options": [
            "A. A person was giving a presentation.",
            "B. The individuals were engaging in discussions.",
            "C. The event had not started yet.",
            "D. The audience was watching a video."
        ],
        "answer": "B",
        "qa_level": "cross_event",
        "qa_type": "mcqa",
        "old_answer": "B"
    },
    {
        "qa_idx": 15,
        "qa_task": "camera-direction",
        "question": "At what point does the camera transition to a broader view of a formal setting with a panel discussion involving five individuals behind a desk?",
        "options": [
            "A. At 2206.0 seconds.",
            "B. At 292.0 seconds.",
            "C. At 344.0 seconds.",
            "D. At 1842.0 seconds."
        ],
        "answer": "A",
        "qa_level": "long_term",
        "qa_type": "mcqa",
        "old_answer": "A"
    },
    {
        "qa_idx": 17,
        "qa_task": "descriptive-scene",
        "question": "Where is the professional event featuring multiple participants and NASA logos taking place, as described from 1.0 to 5080.0 seconds?",
        "options": [
            "A. In a residential room.",
            "B. In a space-themed virtual meeting.",
            "C. At the Jet Propulsion Laboratory, California Institute of Technology.",
            "D. In a clinical or laboratory environment."
        ],
        "answer": "C",
        "qa_level": "long_term",
        "qa_type": "mcqa",
        "old_answer": "C"
    }
]