[
    {
        "qa_idx": 0,
        "qa_type": "qa",
        "qa_level": "frame",
        "qa_task": "object understanding",
        "question": "Is the humanoid character holding an orange object near its mouth at 1598.0 seconds into the video?",
        "answer": "Yes",
        "old_answer": "Yes"
    },
    {
        "qa_idx": 2,
        "qa_type": "qa",
        "qa_level": "frame",
        "qa_task": "character-understanding",
        "question": "Is the cartoon character expressing an exaggerated emotion at 2067.0 seconds into the video?",
        "answer": "Yes",
        "old_answer": "Yes"
    },
    {
        "qa_idx": 4,
        "qa_type": "qa",
        "qa_level": "within_event",
        "qa_task": "speed",
        "question": "From 1719.0 to 1784.0 seconds, do the animated characters move quickly during their physical struggle?",
        "answer": "Yes",
        "old_answer": "Yes"
    },
    {
        "qa_idx": 5,
        "qa_task": "spatial-relationship",
        "question": "What is the animated character on the right side of the frame interacting with at 1949.0 seconds into the video?",
        "options": [
            "A. A large, abstract flower.",
            "B. A tree.",
            "C. A house.",
            "D. A car."
        ],
        "answer": "A",
        "qa_level": "frame",
        "qa_type": "mcqa",
        "old_answer": "A"
    },
    {
        "qa_idx": 6,
        "qa_type": "qa",
        "qa_level": "within_event",
        "qa_task": "object understanding",
        "question": "Is there a pen positioned diagonally on the right side of the white sheet of lined notebook paper in the video from 1796.0 to 1875.0 seconds?",
        "answer": "Yes",
        "old_answer": "Yes"
    },
    {
        "qa_idx": 7,
        "qa_type": "qa",
        "qa_level": "cross_event",
        "qa_task": "object understanding",
        "question": "Is there a whiteboard present in both video events from 1377.0 to 1416.0 and 1429.0 to 1488.0?",
        "answer": "Yes",
        "old_answer": "Yes"
    },
    {
        "qa_idx": 9,
        "qa_task": "scene-understanding",
        "question": "What is the initial scene in the video event from 1651.0 to 1718.0 seconds?",
        "options": [
            "A. A vintage wooden record player with a vinyl disc on its turntable and a spherical object on top, against a lined notebook paper background.",
            "B. An outdoor winter scene with two animated characters covering their faces.",
            "C. A character reading a newspaper beside a washing machine with a transparent window showing swirling water.",
            "D. A cheerful outdoor scene with three joyful characters near a house, a mailbox, and green trees."
        ],
        "answer": "A",
        "qa_level": "within_event",
        "qa_type": "mcqa",
        "old_answer": "A"
    },
    {
        "qa_idx": 11,
        "qa_task": "descriptive-scene",
        "question": "Where does the scene take place in the video events from 1004.0 to 1068.0 seconds?",
        "options": [
            "A. In a park.",
            "B. Inside an elevator.",
            "C. In a classroom.",
            "D. At a beach."
        ],
        "answer": "B",
        "qa_level": "cross_event",
        "qa_type": "mcqa",
        "old_answer": "B"
    },
    {
        "qa_idx": 12,
        "qa_task": "object understanding",
        "question": "What is the appearance and function of the red cosmetic kit labeled 'Jimbo's Emergency Cosmetic Kit' in the video event from 377.0 to 437.0 seconds?",
        "options": [
            "A. A red cosmetic kit used for emergency personal care.",
            "B. A blue cosmetic kit used for storing medical supplies.",
            "C. A green cosmetic kit used for organizing toiletries.",
            "D. A yellow cosmetic kit used for decoration."
        ],
        "answer": "A",
        "qa_level": "cross_event",
        "qa_type": "mcqa",
        "old_answer": "A"
    },
    {
        "qa_idx": 13,
        "qa_task": "character-understanding",
        "question": "How do the characters' interactions differ between the two video events from 454.0 to 519.0 seconds and H to e seconds?",
        "options": [
            "A. In the first event, the characters interact in a lively and playful manner, while in the second event, the focus is on understanding fine-grained actions.",
            "B. In the first event, the characters are engaged in a serious conversation, while in the second event, they are playing a game.",
            "C. In the first event, the characters are shown in a dark and gloomy setting, while in the second event, they are in a bright and cheerful environment.",
            "D. In the first event, the characters are depicted as animals, while in the second event, they are shown as humans."
        ],
        "answer": "A",
        "qa_level": "cross_event",
        "qa_type": "mcqa",
        "old_answer": "A"
    },
    {
        "qa_idx": 14,
        "qa_task": "temporal-relationship",
        "question": "What were the characters doing before they were seen driving a blue car through a colorful urban setting?",
        "options": [
            "A. Inspecting a broken helmet.",
            "B. Interacting with a large mechanical object.",
            "C. Engaging in a friendly interaction.",
            "D. Riding a makeshift vehicle adorned with items."
        ],
        "answer": "A",
        "qa_level": "long_term",
        "qa_type": "mcqa",
        "old_answer": "A"
    },
    {
        "qa_idx": 15,
        "qa_task": "causal",
        "question": "Why did the pink character appear distressed and clutching their face in the urban setting?",
        "options": [
            "A. Because the anthropomorphic eraser was crying.",
            "B. Because the blue character was driving recklessly.",
            "C. Because the pink character lost their sunglasses.",
            "D. Because the traffic light turned red."
        ],
        "answer": "A",
        "qa_level": "long_term",
        "qa_type": "mcqa",
        "old_answer": "A"
    },
    {
        "qa_idx": 17,
        "qa_task": "attribute-change",
        "question": "How does the background change from the beginning to the end of the video from 3.0 to 2095.0 seconds?",
        "options": [
            "A. From a colorful and humorous setting to a chaotic and cluttered environment.",
            "B. From a serene and peaceful setting to a vibrant and dynamic urban environment.",
            "C. From a simplistic lined notebook paper background to a vibrant and colorful animated cityscape.",
            "D. From a vibrant and dynamic urban environment to a simplistic lined notebook paper background."
        ],
        "answer": "D",
        "qa_level": "long_term",
        "qa_type": "mcqa",
        "old_answer": "D"
    },
    {
        "qa_idx": 18,
        "qa_task": "descriptive-scene",
        "question": "Where do the characters interact with a large mechanical object resembling a vehicle tire?",
        "options": [
            "A. In a whimsical outdoor setting with a house, tree, and tire swing.",
            "B. In an urban street with colorful vehicles and a blue sky.",
            "C. In an indoor environment with various posters and signs.",
            "D. In a vibrant park with a large multi-tiered water fountain."
        ],
        "answer": "C",
        "qa_level": "long_term",
        "qa_type": "mcqa",
        "old_answer": "C"
    }
]