[
    {
        "qa_idx": 1,
        "qa_task": "object understanding",
        "question": "What is the primary visual characteristic of the frame captured at 1776.0 seconds into the video?",
        "options": [
            "A. A clear and detailed landscape.",
            "B. A heavily overexposed scene with a predominantly bright white appearance.",
            "C. A dark and shadowy environment.",
            "D. A colorful and vibrant image."
        ],
        "answer": "B",
        "qa_level": "frame",
        "qa_type": "mcqa",
        "old_answer": "B"
    },
    {
        "qa_idx": 2,
        "qa_type": "qa",
        "qa_level": "within_event",
        "qa_task": "action-understanding",
        "question": "During the event from 2822.0 to 2858.0 seconds, does the man in the brown, striped sweater perform a dance routine in the studio setting?",
        "answer": "No",
        "old_answer": "No"
    },
    {
        "qa_idx": 3,
        "qa_task": "descriptive-scene",
        "question": "What is the setting of the video frame captured at 1083.0 seconds?",
        "options": [
            "A. Indoor with artificial lighting.",
            "B. Outdoor with natural lighting.",
            "C. Indoor with bright colors.",
            "D. Outdoor with vibrant colors."
        ],
        "answer": "B",
        "qa_level": "frame",
        "qa_type": "mcqa",
        "old_answer": "B"
    },
    {
        "qa_idx": 4,
        "qa_type": "qa",
        "qa_level": "cross_event",
        "qa_task": "object understanding",
        "question": "Is there a vehicle shown in the video events between 415.0 to 475.0 and 477.0 to 552.0?",
        "answer": "Yes",
        "old_answer": "Yes"
    },
    {
        "qa_idx": 5,
        "qa_type": "qa",
        "qa_level": "cross_event",
        "qa_task": "object understanding",
        "question": "Is there a lion depicted in both video events from 139.0 to 194.0 and 195.0 to 256.0?",
        "answer": "Yes",
        "old_answer": "Yes"
    },
    {
        "qa_idx": 6,
        "qa_task": "speed",
        "question": "During the video event from 2641.0 to 2769.0 seconds, which character's physical state suggests they experienced significant physical exertion?",
        "options": [
            "A. The man in a neutral-colored shirt in front of a lush, green backdrop.",
            "B. The man laying on dry, barren ground with rumpled and stained clothing.",
            "C. The man wearing a striped sweater against a dark backdrop.",
            "D. The man in a camouflaged shirt stained in various places."
        ],
        "answer": "B",
        "qa_level": "within_event",
        "qa_type": "mcqa",
        "old_answer": "B"
    },
    {
        "qa_idx": 9,
        "qa_task": "speed",
        "question": "Which is faster, the lion or the vehicle, as depicted in the video from 195.0 seconds to 334.0 seconds?",
        "options": [
            "A. The lion.",
            "B. The vehicle.",
            "C. Both are at the same speed.",
            "D. None of the above."
        ],
        "answer": "B",
        "qa_level": "long_term",
        "qa_type": "mcqa",
        "old_answer": "B"
    },
    {
        "qa_idx": 10,
        "qa_task": "time-order",
        "question": "In which order do the events occur in the video from 44.0 to 2865.0 seconds?",
        "options": [
            "A. A man in a light-yellow checkered shirt appears against a dark backdrop, followed by a lion in a natural savannah setting, then a person on a ladder working on a wire fence, and finally a man in a striped sweater in an interview setting.",
            "B. A lion in a natural savannah setting, followed by a man in a light-yellow checkered shirt against a dark backdrop, then a person on a ladder working on a wire fence, and finally a man in a striped sweater in an interview setting.",
            "C. A person on a ladder working on a wire fence, followed by a lion in a natural savannah setting, then a man in a light-yellow checkered shirt against a dark backdrop, and finally a man in a striped sweater in an interview setting.",
            "D. A man in a striped sweater in an interview setting, followed by a person on a ladder working on a wire fence, then a lion in a natural savannah setting, and finally a man in a light-yellow checkered shirt against a dark backdrop."
        ],
        "answer": "A",
        "qa_level": "long_term",
        "qa_type": "mcqa",
        "old_answer": "A"
    }
]