[
    {
        "qa_idx": 0,
        "qa_type": "qa",
        "qa_level": "frame",
        "qa_task": "object understanding",
        "question": "Is there a disclaimer about the risks of alcohol consumption in the video frame at 1119.0 seconds?",
        "answer": "Yes",
        "old_answer": "Yes"
    },
    {
        "qa_idx": 1,
        "qa_type": "qa",
        "qa_level": "frame",
        "qa_task": "object understanding",
        "question": "Is there a watermark on the top right of the frame at 2967.0 seconds?",
        "answer": "Yes",
        "old_answer": "Yes"
    },
    {
        "qa_idx": 2,
        "qa_task": "character-understanding",
        "question": "What is the man wearing in the video frame at 1706.0 seconds?",
        "options": [
            "A. A checkered shirt.",
            "B. A pink shirt.",
            "C. A white shirt.",
            "D. A floral shirt."
        ],
        "answer": "B",
        "qa_level": "frame",
        "qa_type": "mcqa",
        "old_answer": "B"
    },
    {
        "qa_idx": 3,
        "qa_type": "qa",
        "qa_level": "within_event",
        "qa_task": "camera-direction",
        "question": "Does the camera remain stationary while capturing the man sitting on the carved wooden chair from 5802.0 to 5876.0 seconds?",
        "answer": "Yes",
        "old_answer": "Yes"
    },
    {
        "qa_idx": 4,
        "qa_task": "character-understanding",
        "question": "What is the man doing at 3705.0 seconds into the video?",
        "options": [
            "A. The man is cooking.",
            "B. The man is reading or writing.",
            "C. The man is exercising.",
            "D. The man is watching TV."
        ],
        "answer": "B",
        "qa_level": "frame",
        "qa_type": "mcqa",
        "old_answer": "B"
    },
    {
        "qa_idx": 5,
        "qa_task": "spatial-relationship",
        "question": "Where is the figure dressed in dark clothing located in the frame at 1770.0 seconds?",
        "options": [
            "A. On the left side of the image.",
            "B. In the center of the image.",
            "C. On the right side of the image.",
            "D. In the background."
        ],
        "answer": "C",
        "qa_level": "frame",
        "qa_type": "mcqa",
        "old_answer": "C"
    },
    {
        "qa_idx": 7,
        "qa_type": "qa",
        "qa_level": "cross_event",
        "qa_task": "character-understanding",
        "question": "In the events from 557.0 to 617.0 and 636.0 to 680.0, were there individuals engaged in professional or educational activities?",
        "answer": "Yes",
        "old_answer": "Yes"
    },
    {
        "qa_idx": 8,
        "qa_type": "qa",
        "qa_level": "long_term",
        "qa_task": "action-understanding",
        "question": "After the man in the checkered shirt stands near the red car by the roadside during daytime (from 486.7 to 1279.8 seconds), does he then start painting the car?",
        "answer": "No",
        "old_answer": "No"
    },
    {
        "qa_idx": 9,
        "qa_task": "object-direction",
        "question": "In which direction does the man in black attire with beaded necklaces gesture during the conversation from 4136.0 to 4193.0 seconds?",
        "options": [
            "A. Towards the bookshelf.",
            "B. Towards the patterned curtains.",
            "C. Towards the chair with a patterned cushion.",
            "D. Towards the monochromatic wall art."
        ],
        "answer": "A",
        "qa_level": "within_event",
        "qa_type": "mcqa",
        "old_answer": "A"
    },
    {
        "qa_idx": 10,
        "qa_task": "spatial-relationship",
        "question": "In the scenes described between 3111.0 to 3172.0 seconds and H to e seconds, where is the man in the blue shirt typically positioned?",
        "options": [
            "A. Near the doorway.",
            "B. By the refrigerator.",
            "C. In the background.",
            "D. Near the foreground."
        ],
        "answer": "A",
        "qa_level": "cross_event",
        "qa_type": "mcqa",
        "old_answer": "A"
    },
    {
        "qa_idx": 12,
        "qa_task": "attribute-change",
        "question": "How does the focus of the video event change from the beginning to the end of the sequence from 1438.0 to 1498.0 seconds?",
        "options": [
            "A. The focus shifts from the man in the pink shirt to the woman in the blue dress.",
            "B. The focus shifts from the dining table to the restaurant's ambient lighting.",
            "C. The focus shifts from the couple's conversation to the background patrons.",
            "D. The focus shifts from the restaurant's landscaping to the intricate designs on the woman's outfit."
        ],
        "answer": "A",
        "qa_level": "cross_event",
        "qa_type": "mcqa",
        "old_answer": "A"
    },
    {
        "qa_idx": 13,
        "qa_task": "spatial-relationship",
        "question": "Where is the man positioned when he is seen playing a percussion instrument in a dark indoor setting?",
        "options": [
            "A. Near a metal gate.",
            "B. In front of a window.",
            "C. In a dimly lit room.",
            "D. On a stage."
        ],
        "answer": "C",
        "qa_level": "long_term",
        "qa_type": "mcqa",
        "old_answer": "C"
    },
    {
        "qa_idx": 16,
        "qa_task": "speed",
        "question": "Which is faster, the man playing the percussion instrument or the man interacting with the large drum?",
        "options": [
            "A. The man playing the percussion instrument.",
            "B. The man interacting with the large drum.",
            "C. Both are at the same speed.",
            "D. None of the above."
        ],
        "answer": "A",
        "qa_level": "long_term",
        "qa_type": "mcqa",
        "old_answer": "A"
    },
    {
        "qa_idx": 17,
        "qa_task": "attribute-change",
        "question": "How does the lighting change from the beginning to the end of the video?",
        "options": [
            "A. The lighting remains consistently bright throughout.",
            "B. The lighting transitions from dim to bright.",
            "C. The lighting transitions from bright to dim.",
            "D. The lighting remains consistently dim throughout."
        ],
        "answer": "C",
        "qa_level": "long_term",
        "qa_type": "mcqa",
        "old_answer": "C"
    },
    {
        "qa_idx": 18,
        "qa_task": "object understanding",
        "question": "What is the text displayed on the poster at the beginning of the video?",
        "options": [
            "A. BOLLY KICK.",
            "B. VASHAM.",
            "C. HI-5 ENTERTAINMENTS LLP.",
            "D. CHARRAN TV."
        ],
        "answer": "A",
        "qa_level": "long_term",
        "qa_type": "mcqa",
        "old_answer": "A"
    },
    {
        "qa_idx": 19,
        "qa_task": "time-order",
        "question": "In which order do the events occur in the video from 2.0 to 6388.0 seconds?",
        "options": [
            "A. The video begins with a poster showing 'BOLLY KICK', followed by a CBFC certification document, a shadowy silhouette, a deity depiction, disclaimers, and production credits.",
            "B. The video begins with a CBFC certification document, followed by a poster showing 'BOLLY KICK', a shadowy silhouette, a deity depiction, disclaimers, and production credits.",
            "C. The video begins with a shadowy silhouette, followed by a poster showing 'BOLLY KICK', a CBFC certification document, a deity depiction, disclaimers, and production credits.",
            "D. The video begins with a deity depiction, followed by a poster showing 'BOLLY KICK', a CBFC certification document, a shadowy silhouette, disclaimers, and production credits."
        ],
        "answer": "A",
        "qa_level": "long_term",
        "qa_type": "mcqa",
        "old_answer": "A"
    }
]