[
    {
        "qa_idx": 0,
        "qa_type": "qa",
        "qa_level": "frame",
        "qa_task": "character-understanding",
        "question": "At 169.0 seconds into the video, are the two men seated indoors?",
        "answer": "Yes",
        "old_answer": "Yes"
    },
    {
        "qa_idx": 1,
        "qa_task": "spatial-relationship",
        "question": "Where are the two men positioned in the frame at 3140.0 seconds?",
        "options": [
            "A. Upper left corner.",
            "B. Lower right corner.",
            "C. Upper right corner.",
            "D. Lower left corner."
        ],
        "answer": "C",
        "qa_level": "frame",
        "qa_type": "mcqa",
        "old_answer": "C"
    },
    {
        "qa_idx": 2,
        "qa_type": "qa",
        "qa_level": "within_event",
        "qa_task": "character-understanding",
        "question": "Were both men wearing gray T-shirts from 3078.0 to 3139.0 seconds?",
        "answer": "Yes",
        "old_answer": "Yes"
    },
    {
        "qa_idx": 4,
        "qa_type": "qa",
        "qa_level": "cross_event",
        "qa_task": "plot-understanding",
        "question": "Do both video events from 823.0 to 916.0 and 1341.0 to 1410.0 take place in the same setting?",
        "answer": "Yes",
        "old_answer": "Yes"
    },
    {
        "qa_idx": 5,
        "qa_type": "qa",
        "qa_level": "cross_event",
        "qa_task": "camera-direction",
        "question": "Does the camera remain stationary while capturing the two men in the studio setup from 3304.0 to 3711.0 seconds?",
        "answer": "Yes",
        "old_answer": "Yes"
    },
    {
        "qa_idx": 6,
        "qa_type": "qa",
        "qa_level": "long_term",
        "qa_task": "character-understanding",
        "question": "Are the two men consistently engaged in a discussion throughout the video from 169.0 to 3741.0 seconds?",
        "answer": "Yes",
        "old_answer": "Yes"
    },
    {
        "qa_idx": 7,
        "qa_type": "qa",
        "qa_level": "long_term",
        "qa_task": "object understanding",
        "question": "Is there a typewriter visible on the shelves in the background during the scenes from 169.0 to 3741.0 seconds?",
        "answer": "Yes",
        "old_answer": "Yes"
    },
    {
        "qa_idx": 8,
        "qa_task": "spatial-relationship",
        "question": "In the scene from 823.0 to 916.0 seconds, where is the microphone placed in relation to the two men?",
        "options": [
            "A. To the left of the man in the light gray shirt.",
            "B. To the right of the man in the black and orange jacket.",
            "C. Centrally between the two men.",
            "D. Behind the man in the orange MAXNOMIC chair."
        ],
        "answer": "C",
        "qa_level": "cross_event",
        "qa_type": "mcqa",
        "old_answer": "C"
    },
    {
        "qa_idx": 11,
        "qa_task": "temporal-relationship",
        "question": "What happens after the scene featuring two men seated indoors hosting 'The WAN Show'?",
        "options": [
            "A. The scene shifts to an animated pixelated character on a simplistic orange boat navigating through a swamp.",
            "B. The men start discussing the NVIDIA TITAN V graphics card.",
            "C. The scene shows a Google Images search page for 'titan v'.",
            "D. The men log into a platform named 'FLOATPLANE'."
        ],
        "answer": "A",
        "qa_level": "long_term",
        "qa_type": "mcqa",
        "old_answer": "A"
    },
    {
        "qa_idx": 16,
        "qa_task": "attribute-change",
        "question": "How does the background change from the beginning to the end of the video sequence from 169.0 to 3741.0 seconds?",
        "options": [
            "A. From a tech-oriented studio to a minimalist geometric pattern.",
            "B. From a minimalist geometric pattern to a tech-oriented studio.",
            "C. From a dense green forest to a tech-oriented studio.",
            "D. From a tech-oriented studio to a dense green forest."
        ],
        "answer": "A",
        "qa_level": "long_term",
        "qa_type": "mcqa",
        "old_answer": "A"
    },
    {
        "qa_idx": 18,
        "qa_task": "object understanding",
        "question": "What notable objects are visible on the shelves in the background during 'The WAN Show' segments from 169.0 to 3741.0 seconds?",
        "options": [
            "A. A typewriter and a box labeled 'Top Secret'.",
            "B. A vase and a painting.",
            "C. A guitar and a stack of books.",
            "D. A clock and a plant."
        ],
        "answer": "A",
        "qa_level": "long_term",
        "qa_type": "mcqa",
        "old_answer": "A"
    },
    {
        "qa_idx": 19,
        "qa_task": "time-order",
        "question": "In which order do the events occur in the video from 169.0 to 3741.0 seconds?",
        "options": [
            "A. Two men seated indoors hosting 'The WAN Show' -> Animated pixelated character on a boat in a swamp -> Pixel art depiction of a person in a jungle -> Two pixelated characters with a speech bubble -> Three hexagonal shapes on a white background.",
            "B. Animated pixelated character on a boat in a swamp -> Two men seated indoors hosting 'The WAN Show' -> Pixel art depiction of a person in a jungle -> Two pixelated characters with a speech bubble -> Three hexagonal shapes on a white background.",
            "C. Two pixelated characters with a speech bubble -> Animated pixelated character on a boat in a swamp -> Two men seated indoors hosting 'The WAN Show' -> Pixel art depiction of a person in a jungle -> Three hexagonal shapes on a white background.",
            "D. Three hexagonal shapes on a white background -> Two men seated indoors hosting 'The WAN Show' -> Animated pixelated character on a boat in a swamp -> Pixel art depiction of a person in a jungle -> Two pixelated characters with a speech bubble."
        ],
        "answer": "A",
        "qa_level": "long_term",
        "qa_type": "mcqa",
        "old_answer": "A"
    }
]