[
    {
        "qa_idx": 0,
        "qa_type": "qa",
        "qa_level": "frame",
        "qa_task": "character-understanding",
        "question": "Are there any visible swimming pools in the residential area at 375.0 seconds into the video?",
        "answer": "Yes",
        "old_answer": "Yes"
    },
    {
        "qa_idx": 1,
        "qa_task": "descriptive-scene",
        "question": "Where does the scene at 704.0 seconds into the video take place?",
        "options": [
            "A. In a kitchen.",
            "B. In a store or studio.",
            "C. In a garden.",
            "D. In an office."
        ],
        "answer": "B",
        "qa_level": "frame",
        "qa_type": "mcqa",
        "old_answer": "B"
    },
    {
        "qa_idx": 2,
        "qa_task": "object understanding",
        "question": "What is the woman in the foreground wearing at 152.0 seconds into the video?",
        "options": [
            "A. A dark-colored outfit.",
            "B. A brightly colored outfit.",
            "C. A casual outfit.",
            "D. A formal suit."
        ],
        "answer": "B",
        "qa_level": "frame",
        "qa_type": "mcqa",
        "old_answer": "B"
    },
    {
        "qa_idx": 3,
        "qa_type": "qa",
        "qa_level": "within_event",
        "qa_task": "object understanding",
        "question": "Is there a large mammal involved in the task at the start of the event from 1144.0 to 1202.0 seconds?",
        "answer": "Yes",
        "old_answer": "Yes"
    },
    {
        "qa_idx": 4,
        "qa_type": "qa",
        "qa_level": "cross_event",
        "qa_task": "object understanding",
        "question": "Is there a vehicle with headlights on in both video events from 2096.0 to 2161.0 and 2174.0 to 2244.0?",
        "answer": "Yes",
        "old_answer": "Yes"
    },
    {
        "qa_idx": 5,
        "qa_task": "character-understanding",
        "question": "What is the man wearing in the video event from 192.0 to 252.0 seconds?",
        "options": [
            "A. A white shirt, sunglasses, and a black face mask.",
            "B. A neon green jacket over dark clothing.",
            "C. A red jacket and blue jeans.",
            "D. A black suit and tie."
        ],
        "answer": "A",
        "qa_level": "within_event",
        "qa_type": "mcqa",
        "old_answer": "A"
    },
    {
        "qa_idx": 6,
        "qa_type": "qa",
        "qa_level": "long_term",
        "qa_task": "action-understanding",
        "question": "Does the man in the video ever stand up from the lounge chair while the woman in the vibrant dress walks past him? (6.0 - 3034.0 seconds)",
        "answer": "No",
        "old_answer": "No"
    },
    {
        "qa_idx": 7,
        "qa_type": "qa",
        "qa_level": "long_term",
        "qa_task": "plot-understanding",
        "question": "Does the video depict a transition from a serene outdoor setting to a bustling airport terminal and then to a natural landscape with waterfalls and dense forests between 6.0 and 479.0 seconds?",
        "answer": "Yes",
        "old_answer": "Yes"
    },
    {
        "qa_idx": 8,
        "qa_task": "plot-understanding",
        "question": "What is the main transition in the setting from the beginning to the end of the event between 2661.0 seconds to 2727.0 seconds?",
        "options": [
            "A. From a densely forested area to a serene mountainous landscape with a crater lake.",
            "B. From a bustling cityscape to a quiet suburban neighborhood.",
            "C. From a desert environment to a tropical beach.",
            "D. From a snowy mountain to a sunny valley."
        ],
        "answer": "A",
        "qa_level": "cross_event",
        "qa_type": "mcqa",
        "old_answer": "A"
    },
    {
        "qa_idx": 9,
        "qa_task": "spatial-relationship",
        "question": "What is the spatial relationship between the person and the vehicle in the nighttime outdoor scene from 2174.0 to 2244.0 seconds?",
        "options": [
            "A. The person is inside the vehicle.",
            "B. The person is standing far away from the vehicle.",
            "C. The person is crouched close to the ground near the vehicle.",
            "D. The person is on top of the vehicle."
        ],
        "answer": "C",
        "qa_level": "cross_event",
        "qa_type": "mcqa",
        "old_answer": "C"
    },
    {
        "qa_idx": 10,
        "qa_task": "temporal-relationship",
        "question": "What happened after the man in a white shirt, sunglasses, and a black face mask walked along a pathway beside orange and white traffic cones?",
        "options": [
            "A. The scene transitions to a detailed and organized outdoor area with a person in bright clothing standing near a car parked beside a row of traffic cones connected by chains.",
            "B. The scene transitions to a serene outdoor overlooking a picturesque hillside town with Mediterranean architecture.",
            "C. The scene transitions to a vibrant coastal cityscape bathed in daylight.",
            "D. The scene transitions to a lush, green waterfall cascading into a vibrant blue pool."
        ],
        "answer": "A",
        "qa_level": "long_term",
        "qa_type": "mcqa",
        "old_answer": "A"
    },
    {
        "qa_idx": 11,
        "qa_task": "spatial-relationship",
        "question": "Where is the man seen lounging on a white outdoor chaise lounge?",
        "options": [
            "A. On a terrace with a view of a serene body of water and mountainous landscape.",
            "B. In front of an airport terminal with tropical vegetation.",
            "C. Inside a bustling airport terminal.",
            "D. Near a waterfall surrounded by lush greenery."
        ],
        "answer": "A",
        "qa_level": "long_term",
        "qa_type": "mcqa",
        "old_answer": "A"
    },
    {
        "qa_idx": 12,
        "qa_task": "causal",
        "question": "Why did the man in the colorful tie-dye shirt extend his hand through the fence?",
        "options": [
            "A. To feed a large cat like a cougar or puma.",
            "B. To pet the animal.",
            "C. To clean the enclosure.",
            "D. To take a photo."
        ],
        "answer": "A",
        "qa_level": "long_term",
        "qa_type": "mcqa",
        "old_answer": "A"
    },
    {
        "qa_idx": 14,
        "qa_task": "object-direction",
        "question": "In which direction did the woman in the vibrant dress walk relative to the lounging man near the pool from 6.0 to 3034.0 seconds?",
        "options": [
            "A. Towards the man.",
            "B. Away from the man.",
            "C. Past the man.",
            "D. Around the man."
        ],
        "answer": "C",
        "qa_level": "long_term",
        "qa_type": "mcqa",
        "old_answer": "C"
    },
    {
        "qa_idx": 15,
        "qa_task": "camera-direction",
        "question": "In the video from 6.0 to 3034.0 seconds, what is the camera doing when the scene transitions from the serene coastal atmosphere with boats to the person walking along the tranquil beach?",
        "options": [
            "A. The camera is zooming in on the boats.",
            "B. The camera is panning to follow the person walking.",
            "C. The camera is zooming out to show the entire beach.",
            "D. The camera is tilting upwards to capture the sky."
        ],
        "answer": "B",
        "qa_level": "long_term",
        "qa_type": "mcqa",
        "old_answer": "B"
    },
    {
        "qa_idx": 16,
        "qa_task": "attribute-change",
        "question": "How does the environment change from the beginning to the end of the video from 6.0 to 3034.0 seconds?",
        "options": [
            "A. From a serene coastal landscape to a bustling urban area.",
            "B. From a lush green forest to a serene beach.",
            "C. From a tranquil natural setting to a vibrant coastal cityscape.",
            "D. From a dense forest to a modern resort area."
        ],
        "answer": "C",
        "qa_level": "long_term",
        "qa_type": "mcqa",
        "old_answer": "C"
    },
    {
        "qa_idx": 17,
        "qa_task": "character-understanding",
        "question": "What is the man wearing while lounging on the white outdoor chaise lounge on the terrace?",
        "options": [
            "A. A colorful tie-dye shirt.",
            "B. Casual attire.",
            "C. A neon green jacket.",
            "D. A white bathrobe."
        ],
        "answer": "B",
        "qa_level": "long_term",
        "qa_type": "mcqa",
        "old_answer": "B"
    },
    {
        "qa_idx": 18,
        "qa_task": "time-order",
        "question": "In which order do the events occur in the video from 6.0 to 3034.0 seconds?",
        "options": [
            "A. The man and woman interact near a pool, then the video shows a bustling airport terminal, followed by a serene coastal environment, and finally a lush forest with a suspension bridge.",
            "B. The video starts with a dynamic collage of landmarks, then shows a man and woman near a pool, followed by a serene coastal environment, and ends with a lush forest and a suspension bridge.",
            "C. The video begins with a dynamic collage of landmarks, then shows a bustling airport terminal, followed by a serene coastal environment, and ends with a lush forest and a suspension bridge.",
            "D. The video starts with a serene coastal environment, then shows a bustling airport terminal, followed by a dynamic collage of landmarks, and ends with a lush forest and a suspension bridge."
        ],
        "answer": "C",
        "qa_level": "long_term",
        "qa_type": "mcqa",
        "old_answer": "C"
    },
    {
        "qa_idx": 19,
        "qa_task": "descriptive-scene",
        "question": "Where does the scene with the man lounging on a white outdoor chaise lounge take place?",
        "options": [
            "A. On a terrace with a view of a serene body of water and mountainous landscape.",
            "B. In a bustling airport terminal.",
            "C. In a dense forest with a waterfall.",
            "D. In a modern indoor setting with large glass windows."
        ],
        "answer": "A",
        "qa_level": "long_term",
        "qa_type": "mcqa",
        "old_answer": "A"
    }
]