[
    {
        "qa_idx": 0,
        "qa_type": "qa",
        "qa_level": "frame",
        "qa_task": "object understanding",
        "question": "Is there an old-fashioned red rotary telephone on the table at 708.0 seconds into the video?",
        "answer": "Yes",
        "old_answer": "Yes"
    },
    {
        "qa_idx": 1,
        "qa_task": "object understanding",
        "question": "What is the animated character in the frame wearing at 421.0 seconds into the video?",
        "options": [
            "A. A blue dress.",
            "B. A pink dress.",
            "C. A green outfit.",
            "D. A yellow dress."
        ],
        "answer": "B",
        "qa_level": "frame",
        "qa_type": "mcqa",
        "old_answer": "B"
    },
    {
        "qa_idx": 2,
        "qa_type": "qa",
        "qa_level": "frame",
        "qa_task": "character-understanding",
        "question": "Are there four pig-like animated characters in the vehicle at 2253.0 seconds into the video?",
        "answer": "Yes",
        "old_answer": "Yes"
    },
    {
        "qa_idx": 3,
        "qa_task": "descriptive-scene",
        "question": "What is the overall environment of the scene at 311.0 seconds into the video?",
        "options": [
            "A. A dark and gloomy room.",
            "B. A brightly colored room with yellow walls and a purple floor.",
            "C. A monochrome room with gray walls and a black floor.",
            "D. A dimly lit room with blue walls and a green floor."
        ],
        "answer": "B",
        "qa_level": "frame",
        "qa_type": "mcqa",
        "old_answer": "B"
    },
    {
        "qa_idx": 4,
        "qa_task": "spatial-relationship",
        "question": "What is the position of the character dressed in blue at 2344.0 seconds into the video?",
        "options": [
            "A. Standing on the grass.",
            "B. Lying on its back with mud splashes around it.",
            "C. Sitting in the mud puddle.",
            "D. Running across the grass."
        ],
        "answer": "B",
        "qa_level": "frame",
        "qa_type": "mcqa",
        "old_answer": "B"
    },
    {
        "qa_idx": 5,
        "qa_type": "qa",
        "qa_level": "within_event",
        "qa_task": "object understanding",
        "question": "Are the pig characters wearing red and blue outfits in the video event from 2390.0 to 2454.0 seconds?",
        "answer": "Yes",
        "old_answer": "Yes"
    },
    {
        "qa_idx": 6,
        "qa_type": "qa",
        "qa_level": "cross_event",
        "qa_task": "camera-direction",
        "question": "In the events from 1686.0 to 1749.0 and 1762.0 to 1820.0, does the camera focus on the control panel inside the vehicle at any point?",
        "answer": "Yes",
        "old_answer": "Yes"
    },
    {
        "qa_idx": 7,
        "qa_task": "character-understanding",
        "question": "What is the cartoon pig character holding in the video from 2677.0 to 2737.0 seconds?",
        "options": [
            "A. A red ball and a small green toy car.",
            "B. A blue ball and a small yellow toy car.",
            "C. A red ball and a small blue toy car.",
            "D. A green ball and a small red toy car."
        ],
        "answer": "A",
        "qa_level": "within_event",
        "qa_type": "mcqa",
        "old_answer": "A"
    },
    {
        "qa_idx": 8,
        "qa_type": "qa",
        "qa_level": "long_term",
        "qa_task": "character-understanding",
        "question": "Do the anthropomorphic pig characters engage in family interactions both indoors and outdoors from 3.0 to 3011.0 seconds?",
        "answer": "Yes",
        "old_answer": "Yes"
    },
    {
        "qa_idx": 9,
        "qa_task": "camera-direction",
        "question": "During the event from 2459.0 to 2526.0 seconds, does the camera move closer to the wooden container filled with vegetable scraps or does it stay at a distance?",
        "options": [
            "A. The camera moves closer to the wooden container.",
            "B. The camera stays at a distance.",
            "C. The camera moves away from the wooden container.",
            "D. The camera moves around the wooden container."
        ],
        "answer": "A",
        "qa_level": "within_event",
        "qa_type": "mcqa",
        "old_answer": "A"
    },
    {
        "qa_idx": 10,
        "qa_task": "speed",
        "question": "During the event from 1113.0 to 1173.0 seconds, which object is depicted as moving faster?",
        "options": [
            "A. The miniature toy car.",
            "B. The character holding the guitar.",
            "C. The animated animals.",
            "D. None of the above."
        ],
        "answer": "D",
        "qa_level": "within_event",
        "qa_type": "mcqa",
        "old_answer": "D"
    },
    {
        "qa_idx": 11,
        "qa_task": "temporal-relationship",
        "question": "What happens after the yellow vehicle ascends the hill and passes the camping area sign in the video event from 2023.0 to 2089.0 seconds?",
        "options": [
            "A. A family of cartoon pig characters engages in a picnic near a body of water.",
            "B. The vehicle stops at a small stand adorned with duck-themed items.",
            "C. The vehicle turns around and descends the hill.",
            "D. The occupants of the vehicle set up a tent in the camping area."
        ],
        "answer": "A",
        "qa_level": "cross_event",
        "qa_type": "mcqa",
        "old_answer": "A"
    },
    {
        "qa_idx": 12,
        "qa_task": "attribute-change",
        "question": "How does the setting change from the beginning to the end of the video event from 1887.0 to 1949.0 seconds?",
        "options": [
            "A. The setting changes from a colorful, animated indoor environment to a dark, outdoor environment.",
            "B. The setting changes from a kitchen environment with a pink-patterned wall to a well-lit kitchen with a bright orange and green polka-dot wall.",
            "C. The setting changes from a living room environment to a bedroom environment.",
            "D. The setting remains the same throughout the video event."
        ],
        "answer": "B",
        "qa_level": "cross_event",
        "qa_type": "mcqa",
        "old_answer": "B"
    },
    {
        "qa_idx": 15,
        "qa_task": "time-order",
        "question": "In which order do the events occur in the video from 3.0 to 3011.0 seconds?",
        "options": [
            "A. Peppa Pig introduction, outdoor laundry scene, kitchen scene, family interaction in the kitchen, bedtime routine, classroom scene, outdoor picnic, camping trip, gardening activities, apple picking, playful indoor environment, fuel station, castle rampart, enjoying popsicles.",
            "B. Peppa Pig introduction, kitchen scene, outdoor laundry scene, family interaction in the kitchen, bedtime routine, classroom scene, outdoor picnic, camping trip, gardening activities, apple picking, playful indoor environment, fuel station, castle rampart, enjoying popsicles.",
            "C. Peppa Pig introduction, outdoor laundry scene, kitchen scene, family interaction in the kitchen, classroom scene, bedtime routine, outdoor picnic, camping trip, gardening activities, apple picking, playful indoor environment, fuel station, castle rampart, enjoying popsicles.",
            "D. Peppa Pig introduction, outdoor laundry scene, kitchen scene, family interaction in the kitchen, bedtime routine, classroom scene, outdoor picnic, camping trip, gardening activities, apple picking, playful indoor environment, castle rampart, fuel station, enjoying popsicles."
        ],
        "answer": "A",
        "qa_level": "long_term",
        "qa_type": "mcqa",
        "old_answer": "A"
    },
    {
        "qa_idx": 17,
        "qa_task": "speed",
        "question": "Which is faster, the red car or the yellow vehicle, as depicted in the video from 154.0 to 3011.0 seconds?",
        "options": [
            "A. The red car.",
            "B. The yellow vehicle.",
            "C. Both are at the same speed.",
            "D. None of the above."
        ],
        "answer": "B",
        "qa_level": "long_term",
        "qa_type": "mcqa",
        "old_answer": "B"
    },
    {
        "qa_idx": 18,
        "qa_task": "attribute-change",
        "question": "How does the shirt with the number '5' change throughout the video from 3.0 to 3011.0 seconds?",
        "options": [
            "A. It changes from white to pink.",
            "B. It changes from blue to red.",
            "C. It changes from pink to white.",
            "D. It changes from red to blue."
        ],
        "answer": "A",
        "qa_level": "long_term",
        "qa_type": "mcqa",
        "old_answer": "A"
    },
    {
        "qa_idx": 19,
        "qa_task": "character-understanding",
        "question": "What is the main activity the anthropomorphic pig characters are engaged in from 75.0 to 3011.0 seconds?",
        "options": [
            "A. Playing near muddy puddles.",
            "B. Engaging in household chores, particularly laundry.",
            "C. Having a picnic.",
            "D. Attending a classroom lesson."
        ],
        "answer": "B",
        "qa_level": "long_term",
        "qa_type": "mcqa",
        "old_answer": "B"
    },
    {
        "qa_idx": 20,
        "qa_task": "descriptive-scene",
        "question": "Where do the anthropomorphic pigs engage in various household chores and family interactions from 3.0 to 3011.0 seconds?",
        "options": [
            "A. In a kitchen.",
            "B. In a garden.",
            "C. In a classroom.",
            "D. In a living room."
        ],
        "answer": "A",
        "qa_level": "long_term",
        "qa_type": "mcqa",
        "old_answer": "A"
    }
]