[
    {
        "qa_idx": 1,
        "qa_task": "spatial-relationship",
        "question": "What is in the background of the frame at 1296.0 seconds?",
        "options": [
            "A. A forest.",
            "B. A beach.",
            "C. Silhouetted buildings.",
            "D. A mountain range."
        ],
        "answer": "C",
        "qa_level": "frame",
        "qa_type": "mcqa",
        "old_answer": "C"
    },
    {
        "qa_idx": 2,
        "qa_type": "qa",
        "qa_level": "frame",
        "qa_task": "character-understanding",
        "question": "At the 27.0-second mark, is one of the animated characters pouring syrup over the pancakes?",
        "answer": "Yes",
        "old_answer": "Yes"
    },
    {
        "qa_idx": 5,
        "qa_type": "qa",
        "qa_level": "cross_event",
        "qa_task": "speed",
        "question": "From 2587.0 to 2649.0, do the characters in the festive room move at a fast pace?",
        "answer": "No",
        "old_answer": "No"
    },
    {
        "qa_idx": 6,
        "qa_task": "speed",
        "question": "Between 364.0 seconds and 371.0 seconds, which character's emotional state changes the fastest?",
        "options": [
            "A. The large green creature.",
            "B. The perplexed green snail-like creature.",
            "C. The shocked pink character with a ponytail.",
            "D. The cheerful green cartoon creature."
        ],
        "answer": "A",
        "qa_level": "within_event",
        "qa_type": "mcqa",
        "old_answer": "A"
    },
    {
        "qa_idx": 7,
        "qa_task": "speed",
        "question": "From 927.0 to 987.0 seconds, which character is depicted as moving the fastest during the culinary activities?",
        "options": [
            "A. The character with the chef's hat.",
            "B. The character interacting with the flowerpot.",
            "C. The character with exaggerated facial expressions.",
            "D. The character in the background."
        ],
        "answer": "A",
        "qa_level": "within_event",
        "qa_type": "mcqa",
        "old_answer": "A"
    },
    {
        "qa_idx": 8,
        "qa_type": "qa",
        "qa_level": "long_term",
        "qa_task": "speed",
        "question": "Did the animated characters in the kitchen scenes (3.0 to 135.0 seconds) move at a slow pace?",
        "answer": "No",
        "old_answer": "No"
    },
    {
        "qa_idx": 9,
        "qa_task": "scene-understanding",
        "question": "How does the scene transition from the beginning to the end in the video events from 2440.0 to 2545.0 seconds?",
        "options": [
            "A. From a whimsical countryside to a disrupted scene and then to a tranquil rural environment.",
            "B. From a disrupted scene to a whimsical countryside and then to a tranquil rural environment.",
            "C. From a tranquil rural environment to a whimsical countryside and then to a disrupted scene.",
            "D. From a whimsical countryside to a tranquil rural environment and then to a disrupted scene."
        ],
        "answer": "A",
        "qa_level": "cross_event",
        "qa_type": "mcqa",
        "old_answer": "A"
    },
    {
        "qa_idx": 10,
        "qa_task": "speed",
        "question": "In the video events from 1776.0 to 1836.0 seconds and H to e seconds, which character is implied to have a slower speed based on their appearance and actions?",
        "options": [
            "A. The blue character.",
            "B. The green character.",
            "C. Both characters have the same speed.",
            "D. Speed is not implied for either character."
        ],
        "answer": "B",
        "qa_level": "cross_event",
        "qa_type": "mcqa",
        "old_answer": "B"
    },
    {
        "qa_idx": 11,
        "qa_task": "descriptive-scene",
        "question": "What is the primary setting of the events described between 2120.0 to 2181.0 seconds and H to e seconds?",
        "options": [
            "A. A bustling urban street with a cafe and a scenic coastal background.",
            "B. A quiet suburban neighborhood with a park.",
            "C. A busy shopping mall with various stores.",
            "D. A rural countryside with farms and fields."
        ],
        "answer": "A",
        "qa_level": "cross_event",
        "qa_type": "mcqa",
        "old_answer": "A"
    },
    {
        "qa_idx": 12,
        "qa_task": "temporal-relationship",
        "question": "What happened after the animated character in a state of action or distress at a table set with pancakes?",
        "options": [
            "A. The scene transitions to a grocery store aisle with a red hanging sign indicating aisle number 7.",
            "B. The scene transitions to a simple, stylized map highlighting the U.S.A. in white on a blue background.",
            "C. The scene transitions to a vibrant animated character with purple hair and a thrilled expression.",
            "D. The scene transitions to a whimsical, cartoonish scene set against a background that resembles lined paper."
        ],
        "answer": "A",
        "qa_level": "long_term",
        "qa_type": "mcqa",
        "old_answer": "A"
    },
    {
        "qa_idx": 13,
        "qa_task": "spatial-relationship",
        "question": "What is prominently featured in the background of the kitchen scenes?",
        "options": [
            "A. A blender, cabinets, and a stove.",
            "B. A large wooden barrel.",
            "C. A red hanging sign indicating aisle number 7.",
            "D. A blue vehicle partially visible."
        ],
        "answer": "A",
        "qa_level": "long_term",
        "qa_type": "mcqa",
        "old_answer": "A"
    },
    {
        "qa_idx": 14,
        "qa_task": "causal",
        "question": "Why did the character in the yellow shirt have a worried expression in the kitchen scene?",
        "options": [
            "A. Because the character was preparing to eat pancakes.",
            "B. Because the character was pouring syrup over pancakes.",
            "C. Because the character was in a state of action or distress at a table set with pancakes.",
            "D. Because the character was interacting with a blue figure."
        ],
        "answer": "C",
        "qa_level": "long_term",
        "qa_type": "mcqa",
        "old_answer": "C"
    },
    {
        "qa_idx": 16,
        "qa_task": "camera-direction",
        "question": "What direction does the camera move towards in the scene featuring the animated character in a state of action or distress at a table set with pancakes in a slightly cluttered kitchen background?",
        "options": [
            "A. The camera moves closer to the character.",
            "B. The camera moves away from the character.",
            "C. The camera moves to the left of the character.",
            "D. The camera moves to the right of the character."
        ],
        "answer": "A",
        "qa_level": "long_term",
        "qa_type": "mcqa",
        "old_answer": "A"
    },
    {
        "qa_idx": 17,
        "qa_task": "attribute-change",
        "question": "How does the background change from the beginning to the end of the video from 3.0 to 3615.0 seconds?",
        "options": [
            "A. From a vibrant and animated title card to a lined notebook paper background.",
            "B. From a grocery store aisle to a serene snowy landscape.",
            "C. From a domestic kitchen scene to a bustling airport terminal.",
            "D. From a colorful animated environment to a whimsical lined paper background."
        ],
        "answer": "D",
        "qa_level": "long_term",
        "qa_type": "mcqa",
        "old_answer": "D"
    },
    {
        "qa_idx": 18,
        "qa_task": "character-understanding",
        "question": "What is the expression of the character with a yellow shirt in the kitchen scene?",
        "options": [
            "A. Happy.",
            "B. Worried.",
            "C. Angry.",
            "D. Excited."
        ],
        "answer": "B",
        "qa_level": "long_term",
        "qa_type": "mcqa",
        "old_answer": "B"
    },
    {
        "qa_idx": 19,
        "qa_task": "object understanding",
        "question": "What objects are featured on the kitchen counter at the beginning of the video from 3.0 to 3615.0 seconds?",
        "options": [
            "A. A blender, cabinets, and a stove.",
            "B. A toaster, oven, and microwave.",
            "C. Salt and pepper shakers, a fork, and a knife.",
            "D. A blender, a toaster, and a microwave."
        ],
        "answer": "A",
        "qa_level": "long_term",
        "qa_type": "mcqa",
        "old_answer": "A"
    }
]