[
    {
        "qa_idx": 0,
        "qa_type": "qa",
        "qa_level": "frame",
        "qa_task": "character-understanding",
        "question": "Is the person in the yellow jacket smiling at 5.0 seconds into the video?",
        "answer": "Yes",
        "old_answer": "Yes"
    },
    {
        "qa_idx": 1,
        "qa_task": "spatial-relationship",
        "question": "Where is the small dog located in the frame at 311.0 seconds?",
        "options": [
            "A. On the stairs.",
            "B. Near the red door.",
            "C. Lower left side of the frame.",
            "D. Near the boxes."
        ],
        "answer": "C",
        "qa_level": "frame",
        "qa_type": "mcqa",
        "old_answer": "C"
    },
    {
        "qa_idx": 2,
        "qa_task": "spatial-relationship",
        "question": "What is the person holding in the frame at 1413.0 seconds?",
        "options": [
            "A. A small monkey-like character.",
            "B. A colorful balloon.",
            "C. A board displaying a silhouette with a red arrow.",
            "D. A geometric design."
        ],
        "answer": "C",
        "qa_level": "frame",
        "qa_type": "mcqa",
        "old_answer": "C"
    },
    {
        "qa_idx": 3,
        "qa_type": "qa",
        "qa_level": "within_event",
        "qa_task": "plot-understanding",
        "question": "Does the video event from 983.0 to 1040.0 seconds take place in a bedroom setting?",
        "answer": "Yes",
        "old_answer": "Yes"
    },
    {
        "qa_idx": 4,
        "qa_task": "object understanding",
        "question": "What household objects are visible in the frame at 1581.0 seconds into the video?",
        "options": [
            "A. A toilet paper roll, a broom, and a fishing pole.",
            "B. A book, a lamp, and a chair.",
            "C. A vase, a painting, and a table.",
            "D. A laptop, a phone, and a notebook."
        ],
        "answer": "A",
        "qa_level": "frame",
        "qa_type": "mcqa",
        "old_answer": "A"
    },
    {
        "qa_idx": 5,
        "qa_type": "qa",
        "qa_level": "cross_event",
        "qa_task": "action-understanding",
        "question": "Between 1426.0 and 1488.0 seconds, does the monkey engage in any creative activities indoors?",
        "answer": "Yes",
        "old_answer": "Yes"
    },
    {
        "qa_idx": 6,
        "qa_task": "character-understanding",
        "question": "What is the animated monkey character doing at the beginning of the video from 1300.0 to 1361.0 seconds?",
        "options": [
            "A. Playing in the park.",
            "B. Sleeping peacefully.",
            "C. Eating bananas.",
            "D. Running around."
        ],
        "answer": "B",
        "qa_level": "within_event",
        "qa_type": "mcqa",
        "old_answer": "B"
    },
    {
        "qa_idx": 7,
        "qa_task": "object-direction",
        "question": "In the video events from 920.0 to 982.0 seconds and H to e seconds, what direction does the monkey move in the kitchen setting?",
        "options": [
            "A. The monkey moves from left to right.",
            "B. The monkey moves from right to left.",
            "C. The monkey moves from top to bottom.",
            "D. The monkey moves from bottom to top."
        ],
        "answer": "A",
        "qa_level": "cross_event",
        "qa_type": "mcqa",
        "old_answer": "A"
    },
    {
        "qa_idx": 8,
        "qa_task": "camera-direction",
        "question": "How does the camera movement change from the beginning to the end of the video events between 856.0 seconds to 918.0 seconds and H seconds to e seconds?",
        "options": [
            "A. The camera starts with a static shot and then moves forward to show more details of the circus environment.",
            "B. The camera begins with a dynamic shot of the circus and then transitions to a static indoor scene.",
            "C. The camera starts with a close-up of the monkey and then zooms out to show the entire circus tent.",
            "D. The camera begins with an indoor scene and then moves outside to show the urban park."
        ],
        "answer": "B",
        "qa_level": "cross_event",
        "qa_type": "mcqa",
        "old_answer": "B"
    },
    {
        "qa_idx": 9,
        "qa_task": "scene-understanding",
        "question": "What is the primary setting of the events described between 484.0 to 570.0 seconds and H to e seconds?",
        "options": [
            "A. A lively indoor storage or utility room with various boxes, ladders, and machinery.",
            "B. An outdoor park with benches and trees.",
            "C. A quiet library with bookshelves and reading tables.",
            "D. A busy street market with various stalls and vendors."
        ],
        "answer": "A",
        "qa_level": "cross_event",
        "qa_type": "mcqa",
        "old_answer": "A"
    },
    {
        "qa_idx": 10,
        "qa_task": "temporal-relationship",
        "question": "What happens after the scene with the person in a white lab coat pointing towards a screen map?",
        "options": [
            "A. The setting shifts to a window with green, anchor-patterned curtains and nautical-themed decor.",
            "B. The scene transitions to an outdoor snowy environment with two characters in winter attire.",
            "C. The focus moves to a closer interaction between a penguin and an individual wearing a red outfit.",
            "D. The scene shows a person in a yellow suit standing on an ice floe with a sea lion nearby."
        ],
        "answer": "A",
        "qa_level": "long_term",
        "qa_type": "mcqa",
        "old_answer": "A"
    },
    {
        "qa_idx": 12,
        "qa_task": "speed",
        "question": "Which is faster, the seal or the penguin in the video from 1.0 to 2295.0 seconds?",
        "options": [
            "A. The seal.",
            "B. The penguin.",
            "C. Both are at the same speed.",
            "D. None of the above."
        ],
        "answer": "A",
        "qa_level": "long_term",
        "qa_type": "mcqa",
        "old_answer": "A"
    },
    {
        "qa_idx": 13,
        "qa_task": "character-understanding",
        "question": "What is the person in a yellow outfit doing at 1.0 to 2295.0 seconds?",
        "options": [
            "A. The person in a yellow outfit is holding a blue camera and taking a picture.",
            "B. The person in a yellow outfit is interacting with a monkey and other characters in various settings.",
            "C. The person in a yellow outfit is sitting quietly and reading a book.",
            "D. The person in a yellow outfit is cooking in the kitchen."
        ],
        "answer": "B",
        "qa_level": "long_term",
        "qa_type": "mcqa",
        "old_answer": "B"
    },
    {
        "qa_idx": 14,
        "qa_task": "descriptive-scene",
        "question": "Where do the interactions between the characters and the monkey take place from 1.0 to 2295.0 seconds?",
        "options": [
            "A. In a cozy kitchen or dining area.",
            "B. In an arctic landscape.",
            "C. In a vibrant amusement park.",
            "D. In a dynamic indoor environment."
        ],
        "answer": "D",
        "qa_level": "long_term",
        "qa_type": "mcqa",
        "old_answer": "D"
    }
]