[
    {
        "qa_idx": 0,
        "qa_type": "qa",
        "qa_level": "frame",
        "qa_task": "character-understanding",
        "question": "At 924.0 seconds into the video, is the person in the frame holding an open book?",
        "answer": "Yes",
        "old_answer": "Yes"
    },
    {
        "qa_idx": 1,
        "qa_task": "spatial-relationship",
        "question": "What is the person standing in front of at 2310.0 seconds into the video?",
        "options": [
            "A. A display screen.",
            "B. A counter with snacks and beverages.",
            "C. A seating area.",
            "D. A ticket booth."
        ],
        "answer": "B",
        "qa_level": "frame",
        "qa_type": "mcqa",
        "old_answer": "B"
    },
    {
        "qa_idx": 2,
        "qa_type": "qa",
        "qa_level": "within_event",
        "qa_task": "camera-direction",
        "question": "Does the camera remain stationary while capturing the interactions between the monkey and the elderly lady from 684.0 to 749.0 seconds?",
        "answer": "No",
        "old_answer": "No"
    },
    {
        "qa_idx": 3,
        "qa_type": "qa",
        "qa_level": "cross_event",
        "qa_task": "plot-understanding",
        "question": "Does the monkey character interact with a pink sculpture in both the outdoor alley and indoor settings from the time of 67.0 to 84.0 and 85.0 to 146.0?",
        "answer": "Yes",
        "old_answer": "Yes"
    },
    {
        "qa_idx": 4,
        "qa_task": "scene-understanding",
        "question": "What is the setting of the event from 174.0 to 184.0 seconds?",
        "options": [
            "A. A jungle.",
            "B. A laboratory or kitchen.",
            "C. A classroom.",
            "D. A park."
        ],
        "answer": "B",
        "qa_level": "within_event",
        "qa_type": "mcqa",
        "old_answer": "B"
    },
    {
        "qa_idx": 5,
        "qa_type": "qa",
        "qa_level": "cross_event",
        "qa_task": "action-understanding",
        "question": "In the event from 2704.0 to 2766.0, does the man in the yellow outfit play a musical instrument indoors?",
        "answer": "Yes",
        "old_answer": "Yes"
    },
    {
        "qa_idx": 6,
        "qa_task": "object-direction",
        "question": "In which direction is the person in the yellow hat and beige checkered coat kneeling and working with the ice blocks relative to the house with green doors and window shutters from 2458.0 to 2500.0 seconds?",
        "options": [
            "A. In front of the house.",
            "B. Behind the house.",
            "C. To the left of the house.",
            "D. To the right of the house."
        ],
        "answer": "A",
        "qa_level": "within_event",
        "qa_type": "mcqa",
        "old_answer": "A"
    },
    {
        "qa_idx": 7,
        "qa_task": "scene-understanding",
        "question": "What is the setting of the scene from 2293.0 to 2369.0 seconds?",
        "options": [
            "A. A quiet library.",
            "B. A busy concession counter.",
            "C. A deserted park.",
            "D. A classroom."
        ],
        "answer": "B",
        "qa_level": "within_event",
        "qa_type": "mcqa",
        "old_answer": "B"
    },
    {
        "qa_idx": 8,
        "qa_task": "spatial-relationship",
        "question": "In the event from 6.0 to 66.0 seconds, where is the vent located in relation to the stove?",
        "options": [
            "A. Above the stove.",
            "B. Next to the stove.",
            "C. Below the stove.",
            "D. In front of the stove."
        ],
        "answer": "A",
        "qa_level": "cross_event",
        "qa_type": "mcqa",
        "old_answer": "A"
    },
    {
        "qa_idx": 9,
        "qa_task": "temporal-relationship",
        "question": "What was the monkey doing before it interacted with the pink bear-shaped confection?",
        "options": [
            "A. The monkey was holding a white plate with a pink sculpture in an outdoor alley.",
            "B. The monkey was washing a red object resembling a cat under a running faucet.",
            "C. The monkey was interacting with a small dog near trash bins.",
            "D. The monkey was observing a gel-like bear figure."
        ],
        "answer": "B",
        "qa_level": "long_term",
        "qa_type": "mcqa",
        "old_answer": "B"
    },
    {
        "qa_idx": 11,
        "qa_task": "speed",
        "question": "Which character is faster in the video events from 6.0 to 2799.0 seconds, the monkey or the chef?",
        "options": [
            "A. The monkey.",
            "B. The chef.",
            "C. Both are at the same speed.",
            "D. None of the above."
        ],
        "answer": "A",
        "qa_level": "long_term",
        "qa_type": "mcqa",
        "old_answer": "A"
    },
    {
        "qa_idx": 12,
        "qa_task": "character-understanding",
        "question": "What is the animated chef wearing in the kitchen scene from 6.0 to 2799.0 seconds?",
        "options": [
            "A. A traditional attire with a hat and a red scarf.",
            "B. A blue apron and a white hat.",
            "C. A green shirt and a yellow hat.",
            "D. A black suit and a red tie."
        ],
        "answer": "A",
        "qa_level": "long_term",
        "qa_type": "mcqa",
        "old_answer": "A"
    },
    {
        "qa_idx": 13,
        "qa_task": "time-order",
        "question": "In which order do the events occur in the video from 6.0 to 2799.0 seconds?",
        "options": [
            "A. The animated chef interacts with a small monkey in a cluttered kitchen, followed by the monkey holding a white plate with a pink sculpture in an outdoor alley, and then the monkey and a dog observing a liquid substance erupting from a container in a likely laboratory or kitchen setting.",
            "B. The animated chef interacts with a small monkey in a cluttered kitchen, followed by the monkey holding a white plate with a pink sculpture in an outdoor alley, and then the monkey and a dog observing a liquid substance erupting from a container in a likely laboratory or kitchen setting, and finally the scene transitions to a serene winter scene with a brightly colored house and a child near an igloo.",
            "C. The animated chef interacts with a small monkey in a cluttered kitchen, followed by the monkey holding a white plate with a pink sculpture in an outdoor alley, and then the monkey and a dog observing a liquid substance erupting from a container in a likely laboratory or kitchen setting, and finally the scene transitions to a festive indoor gathering with colorful balloons and streamers.",
            "D. The animated chef interacts with a small monkey in a cluttered kitchen, followed by the monkey holding a white plate with a pink sculpture in an outdoor alley, and then the monkey and a dog observing a liquid substance erupting from a container in a likely laboratory or kitchen setting, and finally the scene transitions to a baseball game with players in red and blue uniforms."
        ],
        "answer": "C",
        "qa_level": "long_term",
        "qa_type": "mcqa",
        "old_answer": "C"
    },
    {
        "qa_idx": 14,
        "qa_task": "descriptive-scene",
        "question": "Where does the event involving the animated chef and the small monkey primarily take place?",
        "options": [
            "A. In a cluttered kitchen.",
            "B. In an urban alleyway.",
            "C. In a park.",
            "D. In a bedroom."
        ],
        "answer": "A",
        "qa_level": "long_term",
        "qa_type": "mcqa",
        "old_answer": "A"
    }
]