[
    {
        "qa_idx": 1,
        "qa_task": "character-understanding",
        "question": "What is the aesthetic style of the room captured at 844.0 seconds into the video?",
        "options": [
            "A. Modern.",
            "B. Vintage.",
            "C. Futuristic.",
            "D. Minimalist."
        ],
        "answer": "B",
        "qa_level": "frame",
        "qa_type": "mcqa",
        "old_answer": "B"
    },
    {
        "qa_idx": 2,
        "qa_type": "qa",
        "qa_level": "frame",
        "qa_task": "character-understanding",
        "question": "Was one of the individuals in the frame at 2002.0 seconds gesturing with his hands?",
        "answer": "Yes",
        "old_answer": "Yes"
    },
    {
        "qa_idx": 3,
        "qa_task": "object understanding",
        "question": "What objects are seen in front of the man on the left side of the frame at 238.0 seconds into the video?",
        "options": [
            "A. Several wine glasses and a fork.",
            "B. A book and a pen.",
            "C. A laptop and a coffee cup.",
            "D. A phone and a notepad."
        ],
        "answer": "A",
        "qa_level": "frame",
        "qa_type": "mcqa",
        "old_answer": "A"
    },
    {
        "qa_idx": 4,
        "qa_type": "qa",
        "qa_level": "within_event",
        "qa_task": "action-understanding",
        "question": "During the event from 3157.0 to 3217.0 seconds, does the woman in the checkered outfit start dancing on the dining table?",
        "answer": "No",
        "old_answer": "No"
    },
    {
        "qa_idx": 5,
        "qa_task": "character-understanding",
        "question": "What is the person in the video doing at 580.0 seconds?",
        "options": [
            "A. The person is reading a book.",
            "B. The person is eating.",
            "C. The person is writing.",
            "D. The person is talking on the phone."
        ],
        "answer": "B",
        "qa_level": "frame",
        "qa_type": "mcqa",
        "old_answer": "B"
    },
    {
        "qa_idx": 6,
        "qa_type": "qa",
        "qa_level": "within_event",
        "qa_task": "action-understanding",
        "question": "During the event from 1893.0 to 1960.0 seconds, do the individuals engage in a dance performance in the wine cellar?",
        "answer": "No",
        "old_answer": "No"
    },
    {
        "qa_idx": 7,
        "qa_task": "object understanding",
        "question": "What is the man wearing at 369.0 seconds into the video?",
        "options": [
            "A. A white hat and a checkered shirt.",
            "B. A black hat and a plain shirt.",
            "C. A white hat and a plain shirt.",
            "D. A black hat and a checkered shirt."
        ],
        "answer": "A",
        "qa_level": "frame",
        "qa_type": "mcqa",
        "old_answer": "A"
    },
    {
        "qa_idx": 9,
        "qa_type": "qa",
        "qa_level": "cross_event",
        "qa_task": "object understanding",
        "question": "In the event from 429.0 to 490.0, are there any wine glasses on the table?",
        "answer": "Yes",
        "old_answer": "Yes"
    },
    {
        "qa_idx": 10,
        "qa_task": "character-understanding",
        "question": "What is the man doing in the video event from 2650.0 to 2713.0 seconds?",
        "options": [
            "A. The man is cooking in the kitchen.",
            "B. The man is seated at the dining table.",
            "C. The man is shopping for groceries.",
            "D. The man is cleaning the kitchen."
        ],
        "answer": "B",
        "qa_level": "within_event",
        "qa_type": "mcqa",
        "old_answer": "B"
    },
    {
        "qa_idx": 11,
        "qa_task": "object understanding",
        "question": "What object is the girl holding in her hand in the vineyard scene from 2265.0 to 2332.0 seconds?",
        "options": [
            "A. A glass of red wine.",
            "B. A wicker basket.",
            "C. An object (unspecified).",
            "D. A bunch of grapes."
        ],
        "answer": "C",
        "qa_level": "cross_event",
        "qa_type": "mcqa",
        "old_answer": "C"
    },
    {
        "qa_idx": 12,
        "qa_task": "causal",
        "question": "Why did the individuals in the rural landscape engage in casual walks and leisurely conversations amidst rows of grapevines from 2145.0 to 2258.0 seconds?",
        "options": [
            "A. They were participating in a vineyard tour.",
            "B. They were looking for a lost item.",
            "C. They were preparing for a festival.",
            "D. They were working on agricultural tasks."
        ],
        "answer": "A",
        "qa_level": "cross_event",
        "qa_type": "mcqa",
        "old_answer": "A"
    },
    {
        "qa_idx": 13,
        "qa_task": "temporal-relationship",
        "question": "What happens after the scene featuring the Eiffel Tower and sunlit tree branches?",
        "options": [
            "A. A woman is depicted standing in a vineyard filled with rows of green grapevines.",
            "B. People energetically jump and pose near the Eiffel Tower.",
            "C. A man in a blue shirt stands near a wooden panel door with a casual discussion.",
            "D. Individuals interact near a building with large windows, a wooden door, and a car partially visible."
        ],
        "answer": "A",
        "qa_level": "long_term",
        "qa_type": "mcqa",
        "old_answer": "A"
    },
    {
        "qa_idx": 14,
        "qa_task": "spatial-relationship",
        "question": "Where is the man in a blue shirt standing during the indoor scene?",
        "options": [
            "A. Near a wooden panel door with a sheer curtain.",
            "B. Near a large window with a wooden door.",
            "C. Near a table with wine bottles and glasses.",
            "D. Near a kitchen with chefs cooking."
        ],
        "answer": "A",
        "qa_level": "long_term",
        "qa_type": "mcqa",
        "old_answer": "A"
    },
    {
        "qa_idx": 18,
        "qa_task": "object-direction",
        "question": "In which direction did the convertible car move in the video event from 2.0 to 3504.0 seconds?",
        "options": [
            "A. Towards the Eiffel Tower.",
            "B. Away from the Eiffel Tower.",
            "C. Parallel to the Eiffel Tower.",
            "D. Around the Eiffel Tower."
        ],
        "answer": "A",
        "qa_level": "long_term",
        "qa_type": "mcqa",
        "old_answer": "A"
    },
    {
        "qa_idx": 19,
        "qa_task": "speed",
        "question": "Which vehicle was moving faster during the journey from Lyon to Bourgogne, the red convertible car or the black car?",
        "options": [
            "A. The red convertible car.",
            "B. The black car.",
            "C. Both were moving at the same speed.",
            "D. None of the above."
        ],
        "answer": "A",
        "qa_level": "long_term",
        "qa_type": "mcqa",
        "old_answer": "A"
    },
    {
        "qa_idx": 20,
        "qa_task": "attribute-change",
        "question": "How does the lighting and atmosphere change from the beginning to the end of the video event sequence from 2.0 to 3504.0 seconds?",
        "options": [
            "A. The lighting changes from bright and sunny to dimly lit and cozy.",
            "B. The lighting remains consistently bright and sunny throughout.",
            "C. The lighting changes from dimly lit to bright and sunny.",
            "D. The lighting remains consistently dimly lit throughout."
        ],
        "answer": "A",
        "qa_level": "long_term",
        "qa_type": "mcqa",
        "old_answer": "A"
    },
    {
        "qa_idx": 21,
        "qa_task": "object understanding",
        "question": "What objects are prominently featured in the wine cellar scenes from 3351.0 to 3504.0 seconds?",
        "options": [
            "A. Wooden barrels and wine bottles.",
            "B. Cooking utensils and fresh vegetables.",
            "C. Books and magazines.",
            "D. Sports equipment and trophies."
        ],
        "answer": "A",
        "qa_level": "long_term",
        "qa_type": "mcqa",
        "old_answer": "A"
    }
]