[
    {
        "qa_idx": 0,
        "qa_type": "qa",
        "qa_level": "frame",
        "qa_task": "object understanding",
        "question": "Is there a crescent moon in the sky at 721.0 seconds into the video?",
        "answer": "Yes",
        "old_answer": "Yes"
    },
    {
        "qa_idx": 1,
        "qa_task": "character-understanding",
        "question": "What is the animated character doing in the video frame at 1302.0 seconds?",
        "options": [
            "A. The character is swimming in the water.",
            "B. The character is interacting with a pile of small rocks.",
            "C. The character is climbing a tree.",
            "D. The character is flying in the sky."
        ],
        "answer": "B",
        "qa_level": "frame",
        "qa_type": "mcqa",
        "old_answer": "B"
    },
    {
        "qa_idx": 2,
        "qa_type": "qa",
        "qa_level": "frame",
        "qa_task": "character-understanding",
        "question": "At 1625.0 seconds into the video, was the person dressed for colder weather?",
        "answer": "Yes",
        "old_answer": "Yes"
    },
    {
        "qa_idx": 3,
        "qa_task": "character-understanding",
        "question": "What is the yellow character doing in the video frame at 617.0 seconds?",
        "options": [
            "A. The yellow character is holding a camera.",
            "B. The yellow character is holding a boom microphone and listening through headphones.",
            "C. The yellow character is pressing elevator buttons.",
            "D. The yellow character is talking to the blue character."
        ],
        "answer": "B",
        "qa_level": "frame",
        "qa_type": "mcqa",
        "old_answer": "B"
    },
    {
        "qa_idx": 4,
        "qa_type": "qa",
        "qa_level": "within_event",
        "qa_task": "character-understanding",
        "question": "Was there a human figure prominently positioned in a room at the beginning of the event from 323.0 to 383.0 seconds?",
        "answer": "Yes",
        "old_answer": "Yes"
    },
    {
        "qa_idx": 5,
        "qa_task": "character-understanding",
        "question": "What is partially visible on the left side of the frame at 434.0 seconds into the video?",
        "options": [
            "A. A section of a green, cartoon-like character.",
            "B. A section of a red, cartoon-like character.",
            "C. A section of a blue, cartoon-like character.",
            "D. A section of a yellow, cartoon-like character."
        ],
        "answer": "A",
        "qa_level": "frame",
        "qa_type": "mcqa",
        "old_answer": "A"
    },
    {
        "qa_idx": 6,
        "qa_type": "qa",
        "qa_level": "within_event",
        "qa_task": "character-understanding",
        "question": "Were there three anthropomorphic characters leaping or dancing joyfully in the snowy outdoor setting from 1650.0 to 1659.0 seconds?",
        "answer": "Yes",
        "old_answer": "Yes"
    },
    {
        "qa_idx": 7,
        "qa_task": "descriptive-scene",
        "question": "What is visible through the window in the room at 1690.0 seconds into the video?",
        "options": [
            "A. A rainy sky with thunder.",
            "B. A sunny sky with a few clouds.",
            "C. A starry night sky.",
            "D. A snowy landscape."
        ],
        "answer": "B",
        "qa_level": "frame",
        "qa_type": "mcqa",
        "old_answer": "B"
    },
    {
        "qa_idx": 8,
        "qa_task": "object understanding",
        "question": "What is the character doing in the foreground of the frame at 1301.0 seconds into the video?",
        "options": [
            "A. Sitting on a bench.",
            "B. Walking along a paved sidewalk.",
            "C. Riding a bicycle.",
            "D. Running on a trail."
        ],
        "answer": "B",
        "qa_level": "frame",
        "qa_type": "mcqa",
        "old_answer": "B"
    },
    {
        "qa_idx": 9,
        "qa_task": "spatial-relationship",
        "question": "What is the character gripping at 389.0 seconds into the video?",
        "options": [
            "A. A door handle.",
            "B. The bars of a small rectangular window.",
            "C. A rope.",
            "D. A ladder."
        ],
        "answer": "B",
        "qa_level": "frame",
        "qa_type": "mcqa",
        "old_answer": "B"
    },
    {
        "qa_idx": 10,
        "qa_task": "spatial-relationship",
        "question": "What is the purple hand holding at 653.0 seconds into the video?",
        "options": [
            "A. A microphone.",
            "B. A tablet device.",
            "C. A notebook.",
            "D. A dish."
        ],
        "answer": "B",
        "qa_level": "frame",
        "qa_type": "mcqa",
        "old_answer": "B"
    },
    {
        "qa_idx": 11,
        "qa_task": "descriptive-scene",
        "question": "What is the primary focus of the scene at 219.0 seconds into the video?",
        "options": [
            "A. A pink, rectangular block.",
            "B. A green, circular object.",
            "C. A blue, triangular shape.",
            "D. A red, square block."
        ],
        "answer": "A",
        "qa_level": "frame",
        "qa_type": "mcqa",
        "old_answer": "A"
    },
    {
        "qa_idx": 12,
        "qa_task": "object understanding",
        "question": "What does the green cartoonish character look like at 2040.0 seconds into the video?",
        "options": [
            "A. It has large eyes and exaggerated, uneven teeth.",
            "B. It has small eyes and perfect teeth.",
            "C. It has no eyes and a smooth, even smile.",
            "D. It has large eyes and a smooth, even smile."
        ],
        "answer": "A",
        "qa_level": "frame",
        "qa_type": "mcqa",
        "old_answer": "A"
    },
    {
        "qa_idx": 13,
        "qa_task": "descriptive-scene",
        "question": "Where does the scene at the 50.0-second mark take place?",
        "options": [
            "A. In a whimsical outdoor setting.",
            "B. In a dark forest.",
            "C. In a busy city.",
            "D. In a classroom."
        ],
        "answer": "A",
        "qa_level": "frame",
        "qa_type": "mcqa",
        "old_answer": "A"
    },
    {
        "qa_idx": 14,
        "qa_task": "speed",
        "question": "Between 65.0 seconds and 66.0 seconds, which character is depicted in a dynamic posture?",
        "options": [
            "A. The animated animal with a blue collar.",
            "B. The red dog with a blue collar.",
            "C. The pink character with long hair.",
            "D. The red animated character with closed eyes."
        ],
        "answer": "B",
        "qa_level": "within_event",
        "qa_type": "mcqa",
        "old_answer": "B"
    },
    {
        "qa_idx": 16,
        "qa_task": "scene-understanding",
        "question": "What is the backdrop in the beginning of the event from 1276.0 to 1357.0 seconds?",
        "options": [
            "A. A city skyline near a water body.",
            "B. A clear blue sky and green landscape.",
            "C. An indoor setting with furniture.",
            "D. A dark night sky with stars."
        ],
        "answer": "B",
        "qa_level": "within_event",
        "qa_type": "mcqa",
        "old_answer": "B"
    },
    {
        "qa_idx": 18,
        "qa_task": "attribute-change",
        "question": "How does the background change throughout the video event from 384.0 to 478.0 seconds?",
        "options": [
            "A. The background remains the same throughout the video.",
            "B. The background changes from an indoor setting to an outdoor coastal scene and then back to the city.",
            "C. The background changes from a forest to a desert and then to a mountain.",
            "D. The background changes from a nighttime cityscape to a daytime rural area."
        ],
        "answer": "B",
        "qa_level": "within_event",
        "qa_type": "mcqa",
        "old_answer": "B"
    },
    {
        "qa_idx": 19,
        "qa_task": "speed",
        "question": "During the event from 1368.0 to 1439.0 seconds, which character is depicted as moving the fastest?",
        "options": [
            "A. The small animated character waving in a lush green field.",
            "B. The playful character running in a dynamic yet calm grassy landscape.",
            "C. The character holding onto a tree branch in a forested setting.",
            "D. The character in a lined paper backdrop surrounded by abstract green shapes."
        ],
        "answer": "B",
        "qa_level": "within_event",
        "qa_type": "mcqa",
        "old_answer": "B"
    },
    {
        "qa_idx": 20,
        "qa_task": "camera-direction",
        "question": "During the event from 1441.0 to 1505.0 seconds, how does the camera transition from the rainy scene focusing on two doors to the nighttime scene featuring a purple house?",
        "options": [
            "A. The camera zooms out from the doors to reveal the house.",
            "B. The camera pans left from the doors to the house.",
            "C. The camera cuts directly from the doors to the house.",
            "D. The camera moves upward from the doors to the house."
        ],
        "answer": "C",
        "qa_level": "within_event",
        "qa_type": "mcqa",
        "old_answer": "C"
    },
    {
        "qa_idx": 21,
        "qa_task": "speed",
        "question": "During the sequence from 1060.0 to 1121.0 seconds, which object is depicted as moving faster?",
        "options": [
            "A. The flying yellow taxi.",
            "B. The red airplanes.",
            "C. The delivery trucks.",
            "D. The animated characters."
        ],
        "answer": "B",
        "qa_level": "within_event",
        "qa_type": "mcqa",
        "old_answer": "B"
    },
    {
        "qa_idx": 23,
        "qa_task": "causal",
        "question": "Why do the animated characters in vibrant clothing and exaggerated expressions interact humorously with their environment in the urban setting from 1060.0 to 1121.0 seconds?",
        "options": [
            "A. To create a dynamic and entertaining urban ambiance.",
            "B. To showcase the architectural details of the buildings.",
            "C. To highlight the clear blue skies.",
            "D. To emphasize the indoor setting with simple cartoon-style animation."
        ],
        "answer": "A",
        "qa_level": "cross_event",
        "qa_type": "mcqa",
        "old_answer": "A"
    },
    {
        "qa_idx": 24,
        "qa_task": "descriptive-scene",
        "question": "Where do the animated characters interact with each other in the video from 26.0 to 2131.0 seconds?",
        "options": [
            "A. In a park.",
            "B. In a bathroom.",
            "C. In a cityscape.",
            "D. In a house."
        ],
        "answer": "A",
        "qa_level": "long_term",
        "qa_type": "mcqa",
        "old_answer": "A"
    },
    {
        "qa_idx": 26,
        "qa_task": "character-understanding",
        "question": "What is the blue anthropomorphic dog doing in the video from 26.0 to 2131.0 seconds?",
        "options": [
            "A. Playing a saxophone.",
            "B. Holding a large bone.",
            "C. Interacting with a small dog.",
            "D. Reading a book."
        ],
        "answer": "C",
        "qa_level": "long_term",
        "qa_type": "mcqa",
        "old_answer": "C"
    },
    {
        "qa_idx": 27,
        "qa_task": "object understanding",
        "question": "What objects are featured in the park scene at the beginning of the event?",
        "options": [
            "A. A large tree, a teal bench, a silver-colored trash container, and a lamppost.",
            "B. A fountain, a playground structure, a red bench, and a trash bin.",
            "C. A large tree, a red bench, a silver-colored trash container, and a lamppost.",
            "D. A fountain, a teal bench, a silver-colored trash container, and a lamppost."
        ],
        "answer": "A",
        "qa_level": "long_term",
        "qa_type": "mcqa",
        "old_answer": "A"
    },
    {
        "qa_idx": 28,
        "qa_task": "time-order",
        "question": "In which order do the events occur in the video from 26.0 to 2131.0 seconds?",
        "options": [
            "A. Serene park scene, animated blue dog with large eyes, red dog flexing muscles, pink character with long hair, animated blue dog playing saxophone, purple character slipping on soap, character holding bouquet of flowers, animated character in urban setting, blue stick figure driving red car, animated character holding bomb, blue cartoon character walking down path, animated character holding hot dog.",
            "B. Animated blue dog with large eyes, serene park scene, red dog flexing muscles, pink character with long hair, animated blue dog playing saxophone, purple character slipping on soap, character holding bouquet of flowers, animated character in urban setting, blue stick figure driving red car, animated character holding bomb, blue cartoon character walking down path, animated character holding hot dog.",
            "C. Serene park scene, animated blue dog with large eyes, pink character with long hair, red dog flexing muscles, animated blue dog playing saxophone, purple character slipping on soap, character holding bouquet of flowers, animated character in urban setting, blue stick figure driving red car, animated character holding bomb, blue cartoon character walking down path, animated character holding hot dog.",
            "D. Animated blue dog with large eyes, serene park scene, pink character with long hair, red dog flexing muscles, animated blue dog playing saxophone, purple character slipping on soap, character holding bouquet of flowers, animated character in urban setting, blue stick figure driving red car, animated character holding bomb, blue cartoon character walking down path, animated character holding hot dog."
        ],
        "answer": "A",
        "qa_level": "long_term",
        "qa_type": "mcqa",
        "old_answer": "A"
    }
]