[
    {
        "qa_idx": 0,
        "qa_type": "qa",
        "qa_level": "frame",
        "qa_task": "character-understanding",
        "question": "Is there a human face prominently featured in the frame at 524.0 seconds into the video?",
        "answer": "Yes",
        "old_answer": "Yes"
    },
    {
        "qa_idx": 1,
        "qa_task": "object understanding",
        "question": "What is the title of the tracklist on the CD or cassette cover held by the person at 598.0 seconds into the video?",
        "options": [
            "A. Greatest Hits Collection.",
            "B. GoldDisc Update 1.",
            "C. Classic Rock Anthems.",
            "D. Ultimate Music Compilation."
        ],
        "answer": "B",
        "qa_level": "frame",
        "qa_type": "mcqa",
        "old_answer": "B"
    },
    {
        "qa_idx": 2,
        "qa_type": "qa",
        "qa_level": "within_event",
        "qa_task": "speed",
        "question": "Did the individual handle the plant material quickly from 1190.0 to 1206.0 seconds?",
        "answer": "No",
        "old_answer": "No"
    },
    {
        "qa_idx": 3,
        "qa_task": "spatial-relationship",
        "question": "What is positioned on the concrete pad in the foreground at 885.0 seconds into the video?",
        "options": [
            "A. A car.",
            "B. A helicopter.",
            "C. A plane.",
            "D. A building."
        ],
        "answer": "B",
        "qa_level": "frame",
        "qa_type": "mcqa",
        "old_answer": "B"
    },
    {
        "qa_idx": 4,
        "qa_task": "spatial-relationship",
        "question": "Where is the boat positioned in the frame at 794.0 seconds into the video?",
        "options": [
            "A. In the center of the frame.",
            "B. To the left of the frame.",
            "C. To the right of the frame.",
            "D. At the bottom of the frame."
        ],
        "answer": "A",
        "qa_level": "frame",
        "qa_type": "mcqa",
        "old_answer": "A"
    },
    {
        "qa_idx": 5,
        "qa_type": "qa",
        "qa_level": "cross_event",
        "qa_task": "object understanding",
        "question": "Is there a rainbow visible in the video event from 963.0 to 1036.0?",
        "answer": "Yes",
        "old_answer": "Yes"
    },
    {
        "qa_idx": 6,
        "qa_task": "character-understanding",
        "question": "What are the two men dressed in kitchen attire doing in the video from 1602.0 to 1651.0 seconds?",
        "options": [
            "A. They are dining at a restaurant.",
            "B. They are busy with various activities in a commercial kitchen.",
            "C. They are setting up a beach event.",
            "D. They are shopping for groceries."
        ],
        "answer": "B",
        "qa_level": "within_event",
        "qa_type": "mcqa",
        "old_answer": "B"
    },
    {
        "qa_idx": 7,
        "qa_type": "qa",
        "qa_level": "long_term",
        "qa_task": "character-understanding",
        "question": "Did the video feature two men standing against a picturesque ocean backdrop with distant hills at any point between 2.0 and 2855.0 seconds?",
        "answer": "Yes",
        "old_answer": "Yes"
    },
    {
        "qa_idx": 8,
        "qa_task": "character-understanding",
        "question": "What is the woman in the market stall doing in the video from 2669.0 to 2735.0 seconds?",
        "options": [
            "A. Weaving a basket.",
            "B. Selling colorful woven baskets and bags.",
            "C. Cooking seafood.",
            "D. Painting traditional designs."
        ],
        "answer": "B",
        "qa_level": "within_event",
        "qa_type": "mcqa",
        "old_answer": "B"
    },
    {
        "qa_idx": 9,
        "qa_task": "camera-direction",
        "question": "Does the camera move towards the palm trees or away from them in the video event from 664.0 to 750.0 seconds?",
        "options": [
            "A. The camera moves towards the palm trees.",
            "B. The camera moves away from the palm trees.",
            "C. The camera remains stationary.",
            "D. The camera moves sideways."
        ],
        "answer": "A",
        "qa_level": "within_event",
        "qa_type": "mcqa",
        "old_answer": "A"
    },
    {
        "qa_idx": 10,
        "qa_task": "speed",
        "question": "How does the speed of scene transitions compare between the two video events from 2736.0 to 2827.0 seconds and H to e seconds?",
        "options": [
            "A. The first event has faster scene transitions than the second event.",
            "B. The second event has faster scene transitions than the first event.",
            "C. Both events have similar scene transition speeds.",
            "D. The speed of scene transitions is not mentioned in either event."
        ],
        "answer": "D",
        "qa_level": "cross_event",
        "qa_type": "mcqa",
        "old_answer": "D"
    },
    {
        "qa_idx": 11,
        "qa_task": "character-understanding",
        "question": "What is the main activity of the individual in the final frames of the event from 534.0 to 598.0 seconds?",
        "options": [
            "A. Examining a CD or cassette cover.",
            "B. Reading a book.",
            "C. Writing notes.",
            "D. Talking on the phone."
        ],
        "answer": "A",
        "qa_level": "cross_event",
        "qa_type": "mcqa",
        "old_answer": "A"
    },
    {
        "qa_idx": 12,
        "qa_task": "scene-understanding",
        "question": "What is the common theme in the settings of the two video events from 2736.0 to 2827.0 seconds and H to e seconds?",
        "options": [
            "A. Both events take place in a coastal village.",
            "B. Both events involve nighttime scenes with social gatherings.",
            "C. Both events are set in a bustling city environment.",
            "D. Both events feature indoor dining settings."
        ],
        "answer": "B",
        "qa_level": "cross_event",
        "qa_type": "mcqa",
        "old_answer": "B"
    },
    {
        "qa_idx": 16,
        "qa_task": "camera-direction",
        "question": "How does the camera movement change from the beginning to the end of the video from 2.0 to 2855.0 seconds?",
        "options": [
            "A. The camera moves from a close-up view to a wide aerial view.",
            "B. The camera remains static throughout the video.",
            "C. The camera moves from an indoor setting to an outdoor setting.",
            "D. The camera moves from a wide aerial view to a close-up view."
        ],
        "answer": "A",
        "qa_level": "long_term",
        "qa_type": "mcqa",
        "old_answer": "A"
    },
    {
        "qa_idx": 17,
        "qa_task": "speed",
        "question": "Which mode of transportation is faster in the video from 2.0 to 2855.0 seconds?",
        "options": [
            "A. Boats.",
            "B. Cars.",
            "C. Both are at the same speed.",
            "D. None of the above."
        ],
        "answer": "B",
        "qa_level": "long_term",
        "qa_type": "mcqa",
        "old_answer": "B"
    },
    {
        "qa_idx": 18,
        "qa_task": "attribute-change",
        "question": "How does the environment change from the beginning to the end of the video from 2.0 to 2855.0 seconds?",
        "options": [
            "A. The environment remains the same throughout the video.",
            "B. The environment changes from a calm, scenic waterway to a bustling urban area.",
            "C. The environment changes from a serene coastal landscape to a vibrant market scene.",
            "D. The environment changes from a serene coastal landscape to a completely black screen."
        ],
        "answer": "D",
        "qa_level": "long_term",
        "qa_type": "mcqa",
        "old_answer": "D"
    },
    {
        "qa_idx": 19,
        "qa_task": "character-understanding",
        "question": "What is the man wearing while working on the facade in the video from 2.0 to 2855.0 seconds?",
        "options": [
            "A. A colorful tropical shirt and sun hat.",
            "B. Paint-splattered attire and holding a measuring tape.",
            "C. A patterned dress and colorful shirt.",
            "D. A white shirt and jeans."
        ],
        "answer": "B",
        "qa_level": "long_term",
        "qa_type": "mcqa",
        "old_answer": "B"
    },
    {
        "qa_idx": 20,
        "qa_task": "time-order",
        "question": "In which order do the events occur in the video from 2.0 to 2855.0 seconds?",
        "options": [
            "A. Scenic waterway with boats, elegant outdoor dining, bustling market scene, serene coastal landscape, vibrant outdoor scene with palm trees, serene marine scene with boats, black screen.",
            "B. Elegant outdoor dining, bustling market scene, scenic waterway with boats, serene coastal landscape, vibrant outdoor scene with palm trees, serene marine scene with boats, black screen.",
            "C. Bustling market scene, scenic waterway with boats, elegant outdoor dining, serene coastal landscape, vibrant outdoor scene with palm trees, serene marine scene with boats, black screen.",
            "D. Scenic waterway with boats, bustling market scene, elegant outdoor dining, serene coastal landscape, vibrant outdoor scene with palm trees, serene marine scene with boats, black screen."
        ],
        "answer": "A",
        "qa_level": "long_term",
        "qa_type": "mcqa",
        "old_answer": "A"
    }
]