[
    {
        "qa_idx": 0,
        "qa_type": "qa",
        "qa_level": "frame",
        "qa_task": "character-understanding",
        "question": "Is the player shown in an inset window at 3472.0 seconds into the video?",
        "answer": "Yes",
        "old_answer": "Yes"
    },
    {
        "qa_idx": 2,
        "qa_type": "qa",
        "qa_level": "frame",
        "qa_task": "object understanding",
        "question": "Is there a mini-map showing the layout of the game level in the frame captured at 911.0 seconds?",
        "answer": "Yes",
        "old_answer": "Yes"
    },
    {
        "qa_idx": 3,
        "qa_task": "object understanding",
        "question": "What message is prominently displayed in the center-top of the screen at 4056.0 seconds into the video?",
        "options": [
            "A. Counter-Terrorists Win.",
            "B. Terrorists Win.",
            "C. Round Draw.",
            "D. Match Paused."
        ],
        "answer": "B",
        "qa_level": "frame",
        "qa_type": "mcqa",
        "old_answer": "B"
    },
    {
        "qa_idx": 4,
        "qa_type": "qa",
        "qa_level": "within_event",
        "qa_task": "object understanding",
        "question": "Is there a red hammer and sickle symbol on a building in the video event from 3222.0 to 3295.0 seconds?",
        "answer": "Yes",
        "old_answer": "Yes"
    },
    {
        "qa_idx": 5,
        "qa_type": "qa",
        "qa_level": "within_event",
        "qa_task": "character-understanding",
        "question": "Was the player on the Counter-Terrorist team at the beginning of the event from 4368.0 to 4449.0 seconds?",
        "answer": "Yes",
        "old_answer": "Yes"
    },
    {
        "qa_idx": 6,
        "qa_type": "qa",
        "qa_level": "cross_event",
        "qa_task": "object understanding",
        "question": "Is there a 'Bombsite B' notification in the event from 1540.0 to 1600.0?",
        "answer": "Yes",
        "old_answer": "Yes"
    },
    {
        "qa_idx": 7,
        "qa_type": "qa",
        "qa_level": "cross_event",
        "qa_task": "action-understanding",
        "question": "During the gameplay session from 8531.0 to 8604.0, does the player take a break to drink coffee while the game is in 'OVERTIME' mode?",
        "answer": "No",
        "old_answer": "No"
    },
    {
        "qa_idx": 8,
        "qa_type": "qa",
        "qa_level": "long_term",
        "qa_task": "action-understanding",
        "question": "After defusing the bomb, did the player immediately start planting another bomb at Bombsite B? (287.0 seconds to 1799.0 seconds)",
        "answer": "No",
        "old_answer": "No"
    },
    {
        "qa_idx": 9,
        "qa_task": "counting",
        "question": "How many times is the score 13-6 mentioned in the video events between 4679.0 seconds to 4735.0 seconds?",
        "options": [
            "A. Once.",
            "B. Twice.",
            "C. Three times.",
            "D. Four times."
        ],
        "answer": "B",
        "qa_level": "cross_event",
        "qa_type": "mcqa",
        "old_answer": "B"
    },
    {
        "qa_idx": 10,
        "qa_task": "spatial-relationship",
        "question": "Where is the player positioned when attempting to defuse the bomb without a kit in the game 'Counter-Strike: Global Offensive'?",
        "options": [
            "A. Near crates and industrial elements.",
            "B. In a narrow street lined with Arabic signs.",
            "C. In a room with a tiled floor marked by arrows labeled 'A' and 'B'.",
            "D. At the 'CT Start' area."
        ],
        "answer": "A",
        "qa_level": "long_term",
        "qa_type": "mcqa",
        "old_answer": "A"
    },
    {
        "qa_idx": 11,
        "qa_task": "time-order",
        "question": "In which order do the events occur in the video from 49.0 to 9274.0 seconds?",
        "options": [
            "A. The player defuses a bomb, the player is eliminated by 'DINOSOWER! Mino ☆', the player navigates through a map, the player holds a knife ready for action, the player holds a scoped AWP Lightning Strike sniper rifle.",
            "B. The player holds a scoped AWP Lightning Strike sniper rifle, the player defuses a bomb, the player is eliminated by 'DINOSOWER! Mino ☆', the player navigates through a map, the player holds a knife ready for action.",
            "C. The player holds a knife ready for action, the player holds a scoped AWP Lightning Strike sniper rifle, the player defuses a bomb, the player is eliminated by 'DINOSOWER! Mino ☆', the player navigates through a map.",
            "D. The player navigates through a map, the player holds a knife ready for action, the player holds a scoped AWP Lightning Strike sniper rifle, the player defuses a bomb, the player is eliminated by 'DINOSOWER! Mino ☆'."
        ],
        "answer": "A",
        "qa_level": "long_term",
        "qa_type": "mcqa",
        "old_answer": "A"
    },
    {
        "qa_idx": 12,
        "qa_task": "plot-understanding",
        "question": "What is the main objective of the player in the Counter-Strike: Global Offensive (CS:GO) game as described in the video events from 49.0 to 9274.0 seconds?",
        "options": [
            "A. To plant the bomb at Bombsite A or B.",
            "B. To defuse the bomb planted by the Terrorists.",
            "C. To capture the flag.",
            "D. To escort the payload."
        ],
        "answer": "B",
        "qa_level": "long_term",
        "qa_type": "mcqa",
        "old_answer": "B"
    },
    {
        "qa_idx": 13,
        "qa_task": "camera-direction",
        "question": "At what point does the camera transition from a first-person view to a matchmaking screen in the video game 'Counter-Strike: Global Offensive' (CSGO)?",
        "options": [
            "A. 49.0 seconds.",
            "B. 287.0 seconds.",
            "C. 525.0 seconds.",
            "D. 2756.0 seconds."
        ],
        "answer": "A",
        "qa_level": "long_term",
        "qa_type": "mcqa",
        "old_answer": "A"
    },
    {
        "qa_idx": 14,
        "qa_task": "speed",
        "question": "Which player achieved a faster victory in the game 'Counter-Strike: Global Offensive' (CSGO) based on the descriptions from 49.0 to 9274.0 seconds?",
        "options": [
            "A. The player who defused the bomb without a kit.",
            "B. The player who achieved a kill with an AK-47.",
            "C. The player who won the round with a Glock-18.",
            "D. The player who planted the bomb at Bombsite B."
        ],
        "answer": "A",
        "qa_level": "long_term",
        "qa_type": "mcqa",
        "old_answer": "A"
    },
    {
        "qa_idx": 15,
        "qa_task": "attribute-change",
        "question": "How does the player's weapon change from the beginning to the end of the video sequence from 49.0 to 9274.0 seconds?",
        "options": [
            "A. The player starts with a Butterfly Knife and ends with a Glock-18.",
            "B. The player starts with a Butterfly Knife and ends with an AWP Lightning Strike.",
            "C. The player starts with a FAMAS Pulse rifle and ends with a Desert Eagle.",
            "D. The player starts with a knife and ends with a P250 handgun."
        ],
        "answer": "B",
        "qa_level": "long_term",
        "qa_type": "mcqa",
        "old_answer": "B"
    },
    {
        "qa_idx": 17,
        "qa_task": "object understanding",
        "question": "What weapon is the player holding in the initial scene set on the map 'Dust2' in the 'Outside Long' area?",
        "options": [
            "A. Butterfly Knife.",
            "B. FAMAS Pulse rifle.",
            "C. Desert Eagle pistol.",
            "D. AWP Lightning Strike sniper rifle."
        ],
        "answer": "A",
        "qa_level": "long_term",
        "qa_type": "mcqa",
        "old_answer": "A"
    },
    {
        "qa_idx": 18,
        "qa_task": "descriptive-scene",
        "question": "What is the main setting of the video game scenes described from 49.0 to 9274.0 seconds?",
        "options": [
            "A. A medieval fantasy world.",
            "B. A futuristic sci-fi environment.",
            "C. An urban and industrial environment.",
            "D. A natural wilderness."
        ],
        "answer": "C",
        "qa_level": "long_term",
        "qa_type": "mcqa",
        "old_answer": "C"
    }
]