[
    {
        "qa_idx": 0,
        "qa_type": "qa",
        "qa_level": "frame",
        "qa_task": "object understanding",
        "question": "Is there a small Eiffel Tower replica on the table in the video frame at 6029 seconds?",
        "answer": "Yes",
        "old_answer": "Yes"
    },
    {
        "qa_idx": 1,
        "qa_type": "qa",
        "qa_level": "frame",
        "qa_task": "character-understanding",
        "question": "Is there an illustration of a person wearing glasses and a hat in the top right corner of the frame at 7393.0 seconds?",
        "answer": "Yes",
        "old_answer": "Yes"
    },
    {
        "qa_idx": 2,
        "qa_task": "descriptive-scene",
        "question": "Where does the scene at 5608.0 seconds into the video take place?",
        "options": [
            "A. In a kitchen.",
            "B. In an indoor studio.",
            "C. In a garden.",
            "D. In an office."
        ],
        "answer": "B",
        "qa_level": "frame",
        "qa_type": "mcqa",
        "old_answer": "B"
    },
    {
        "qa_idx": 5,
        "qa_type": "qa",
        "qa_level": "cross_event",
        "qa_task": "camera-direction",
        "question": "From the time of 6548.0 to 6618.0, does the camera move to follow the individuals as they engage in discussions around the table?",
        "answer": "No",
        "old_answer": "No"
    },
    {
        "qa_idx": 6,
        "qa_task": "object-direction",
        "question": "In the scene from 6901.0 to 7241.0 seconds, which direction does the individual in the 'Nirvana' t-shirt face relative to the promotional backdrop for 'Advertising Week LATAM'?",
        "options": [
            "A. Towards the backdrop.",
            "B. Away from the backdrop.",
            "C. To the left of the backdrop.",
            "D. To the right of the backdrop."
        ],
        "answer": "A",
        "qa_level": "within_event",
        "qa_type": "mcqa",
        "old_answer": "A"
    },
    {
        "qa_idx": 7,
        "qa_type": "qa",
        "qa_level": "long_term",
        "qa_task": "object understanding",
        "question": "Is there a miniature Eiffel Tower on the table during the podcast recording sessions from 250.0 seconds to 7855.0 seconds?",
        "answer": "Yes",
        "old_answer": "Yes"
    },
    {
        "qa_idx": 11,
        "qa_task": "speed",
        "question": "In the video events from 1908.0 to 2028.0 seconds and H to e seconds, what is the primary difference in the speed of activities taking place?",
        "options": [
            "A. The first event involves a lively and engaging discussion, while the second event involves a high-speed chase.",
            "B. The first event involves a casual conversation, while the second event involves a slow-paced walk.",
            "C. The first event involves a lively and engaging discussion, while the second event involves a speed-related activity.",
            "D. The first event involves a casual conversation, while the second event involves a stationary activity."
        ],
        "answer": "C",
        "qa_level": "cross_event",
        "qa_type": "mcqa",
        "old_answer": "C"
    },
    {
        "qa_idx": 13,
        "qa_task": "camera-direction",
        "question": "How does the camera direction change between the two events from 1381.0 to 1448.0 seconds?",
        "options": [
            "A. The camera moves from a close-up of the characters on the dock to a wide shot of the apocalyptic landscape.",
            "B. The camera remains static throughout both events.",
            "C. The camera zooms in on the circular logo and then pans to the animated characters.",
            "D. The camera starts with a wide shot of the apocalyptic landscape and then zooms in on the characters."
        ],
        "answer": "A",
        "qa_level": "cross_event",
        "qa_type": "mcqa",
        "old_answer": "A"
    },
    {
        "qa_idx": 15,
        "qa_task": "object-direction",
        "question": "In which direction is the Eiffel Tower model positioned on the table during the podcast recording sessions from 250.0 seconds to 7855.0 seconds?",
        "options": [
            "A. To the left of the table.",
            "B. To the right of the table.",
            "C. In the center of the table.",
            "D. At the back of the table."
        ],
        "answer": "C",
        "qa_level": "long_term",
        "qa_type": "mcqa",
        "old_answer": "C"
    },
    {
        "qa_idx": 16,
        "qa_task": "speed",
        "question": "Which event occurs faster, the transition from the text-heavy frame to the recording setup or the transition from the animated scene to the dramatic interaction?",
        "options": [
            "A. The transition from the text-heavy frame to the recording setup.",
            "B. The transition from the animated scene to the dramatic interaction.",
            "C. Both transitions occur at the same speed.",
            "D. None of the above."
        ],
        "answer": "A",
        "qa_level": "long_term",
        "qa_type": "mcqa",
        "old_answer": "A"
    },
    {
        "qa_idx": 17,
        "qa_task": "attribute-change",
        "question": "How does the setting change from the beginning of the video at 249.0 seconds to the end at 7855.0 seconds?",
        "options": [
            "A. From a text-heavy frame to a lively studio discussion.",
            "B. From an outdoor park to an indoor studio.",
            "C. From a cooking show to a sports event.",
            "D. From a music concert to a podcast recording."
        ],
        "answer": "A",
        "qa_level": "long_term",
        "qa_type": "mcqa",
        "old_answer": "A"
    }
]