[
    {
        "qa_idx": 0,
        "qa_type": "qa",
        "qa_level": "frame",
        "qa_task": "character-understanding",
        "question": "Is the anthropomorphic character wearing a martial arts uniform at 690.0 seconds into the video?",
        "answer": "Yes",
        "old_answer": "Yes"
    },
    {
        "qa_idx": 1,
        "qa_type": "qa",
        "qa_level": "frame",
        "qa_task": "object understanding",
        "question": "Is there a circular metallic structure visible in the frame at 181.0 seconds?",
        "answer": "Yes",
        "old_answer": "Yes"
    },
    {
        "qa_idx": 2,
        "qa_task": "object understanding",
        "question": "What is the background environment like at 360.0 seconds into the video?",
        "options": [
            "A. A natural landscape with trees and a river.",
            "B. A domestic setting with furniture and decorations.",
            "C. An industrial or mechanical environment with structural elements and metallic textures.",
            "D. A beach scene with sand and ocean waves."
        ],
        "answer": "C",
        "qa_level": "frame",
        "qa_type": "mcqa",
        "old_answer": "C"
    },
    {
        "qa_idx": 3,
        "qa_task": "spatial-relationship",
        "question": "What is positioned at the center of the frame at 332.0 seconds into the video?",
        "options": [
            "A. A colorful sky with clouds.",
            "B. An anthropomorphic airplane.",
            "C. A vibrant animated character.",
            "D. A sunset or sunrise."
        ],
        "answer": "B",
        "qa_level": "frame",
        "qa_type": "mcqa",
        "old_answer": "B"
    },
    {
        "qa_idx": 4,
        "qa_type": "qa",
        "qa_level": "within_event",
        "qa_task": "object understanding",
        "question": "Are the worm-like characters atop a yellow vehicle at the beginning of the scene from 489.0 to 515.0 seconds?",
        "answer": "Yes",
        "old_answer": "Yes"
    },
    {
        "qa_idx": 5,
        "qa_task": "descriptive-scene",
        "question": "What is the main focus of the scene at 1435.0 seconds into the video?",
        "options": [
            "A. A large, colorful balloon.",
            "B. A group of people.",
            "C. A scenic landscape.",
            "D. A piece of furniture."
        ],
        "answer": "A",
        "qa_level": "frame",
        "qa_type": "mcqa",
        "old_answer": "A"
    },
    {
        "qa_idx": 6,
        "qa_type": "qa",
        "qa_level": "cross_event",
        "qa_task": "camera-direction",
        "question": "Does the camera transition from an underwater scene to an urban street view between the times of 2091.0 to 2151.0 seconds?",
        "answer": "Yes",
        "old_answer": "Yes"
    },
    {
        "qa_idx": 8,
        "qa_type": "qa",
        "qa_level": "cross_event",
        "qa_task": "action-understanding",
        "question": "In the event from 1079.0 to 1185.0, does the scene transition from an outdoor snowy environment to an indoor setting with animated characters?",
        "answer": "Yes",
        "old_answer": "Yes"
    },
    {
        "qa_idx": 9,
        "qa_task": "plot-understanding",
        "question": "How does the setting transition from the beginning to the end of the event from 958.0 to 1027.0 seconds?",
        "options": [
            "A. From a serene sky with a dangerous object to a chaotic confined space with animated characters.",
            "B. From a bustling urban environment to a calm, serene sky.",
            "C. From a snow-covered urban landscape to a vibrant garden scene.",
            "D. From a rustic house with a garden to a bustling New York City backdrop."
        ],
        "answer": "A",
        "qa_level": "cross_event",
        "qa_type": "mcqa",
        "old_answer": "A"
    },
    {
        "qa_idx": 10,
        "qa_task": "temporal-relationship",
        "question": "What happens after the scene transitions to an underwater view with a brightly colored buoyant object?",
        "options": [
            "A. The setting shifts back to a naturalistic environment featuring a faded wall with overgrown vegetation.",
            "B. The scene transitions to an overhead view of a sunlit space enclosed by wooden beams.",
            "C. The video shows a title card for 'Larva Season 1' episode 'Snoring'.",
            "D. The scene shifts to a bustling street with a food cart and a napping vendor."
        ],
        "answer": "A",
        "qa_level": "long_term",
        "qa_type": "mcqa",
        "old_answer": "A"
    },
    {
        "qa_idx": 11,
        "qa_task": "spatial-relationship",
        "question": "Where are the two animated worm-like characters engaged in a playful tug-of-war using a stick?",
        "options": [
            "A. In an underwater view.",
            "B. In an outdoor, garden-like setting.",
            "C. In an urban setting.",
            "D. In a dimly lit area with sunlight streaming through a barred window."
        ],
        "answer": "B",
        "qa_level": "long_term",
        "qa_type": "mcqa",
        "old_answer": "B"
    },
    {
        "qa_idx": 13,
        "qa_task": "camera-direction",
        "question": "How does the camera move in the video from 1.0 to 2480.0 seconds?",
        "options": [
            "A. The camera moves closer to the characters and objects.",
            "B. The camera moves away from the characters and objects.",
            "C. The camera remains stationary.",
            "D. The camera moves in a circular motion around the characters and objects."
        ],
        "answer": "A",
        "qa_level": "long_term",
        "qa_type": "mcqa",
        "old_answer": "A"
    },
    {
        "qa_idx": 14,
        "qa_task": "attribute-change",
        "question": "How does the background change from the beginning to the end of the video event from 1.0 to 2480.0 seconds?",
        "options": [
            "A. From a minimalist white background to a cluttered urban environment.",
            "B. From a natural outdoor setting to an underwater scene.",
            "C. From a rustic garden setting to a playful indoor environment.",
            "D. From a serene forest to a bustling cityscape."
        ],
        "answer": "A",
        "qa_level": "long_term",
        "qa_type": "mcqa",
        "old_answer": "A"
    },
    {
        "qa_idx": 15,
        "qa_task": "descriptive-scene",
        "question": "What is the primary setting of the video from 1.0 to 2480.0 seconds?",
        "options": [
            "A. A bustling urban environment with iconic cityscape features.",
            "B. A serene natural environment with lush greenery and animated characters.",
            "C. A playful indoor setting with various toys and decorations.",
            "D. An underwater scene with marine-themed elements."
        ],
        "answer": "C",
        "qa_level": "long_term",
        "qa_type": "mcqa",
        "old_answer": "C"
    }
]