[
    {
        "qa_idx": 0,
        "qa_type": "qa",
        "qa_level": "frame",
        "qa_task": "character-understanding",
        "question": "Is the character interacting with the large tree on the right side of the frame at 1393.0 seconds?",
        "answer": "Yes",
        "old_answer": "Yes"
    },
    {
        "qa_idx": 1,
        "qa_task": "character-understanding",
        "question": "What is the small character wearing in the video frame at 960.0 seconds?",
        "options": [
            "A. A red outfit.",
            "B. A blue outfit.",
            "C. A purple outfit.",
            "D. A green outfit."
        ],
        "answer": "C",
        "qa_level": "frame",
        "qa_type": "mcqa",
        "old_answer": "C"
    },
    {
        "qa_idx": 2,
        "qa_task": "counting",
        "question": "How many wooden beehives are there in the frame at the 1595.0 second mark?",
        "options": [
            "A.1.",
            "B.2.",
            "C.3.",
            "D.Several."
        ],
        "answer": "D",
        "qa_level": "frame",
        "qa_type": "mcqa",
        "old_answer": "D"
    },
    {
        "qa_idx": 3,
        "qa_type": "qa",
        "qa_level": "within_event",
        "qa_task": "action-understanding",
        "question": "Between 1723.0 and 1789.0 seconds, does the bear paint a picture on the wall adorned with certificates, trophies, and circus posters?",
        "answer": "No",
        "old_answer": "No"
    },
    {
        "qa_idx": 4,
        "qa_task": "object understanding",
        "question": "What is the bear holding at 1182.0 seconds into the video?",
        "options": [
            "A. A fishing rod.",
            "B. A brush.",
            "C. A basket.",
            "D. A book."
        ],
        "answer": "B",
        "qa_level": "frame",
        "qa_type": "mcqa",
        "old_answer": "B"
    },
    {
        "qa_idx": 5,
        "qa_type": "qa",
        "qa_level": "within_event",
        "qa_task": "character-understanding",
        "question": "Was there a person in a pink dress and hat standing in the path bordered by green grass and flowers between 561.0 and 621.0 seconds?",
        "answer": "Yes",
        "old_answer": "Yes"
    },
    {
        "qa_idx": 6,
        "qa_task": "descriptive-scene",
        "question": "What is the overall environment of the room in the video frame at 254.0 seconds?",
        "options": [
            "A. A modern living room.",
            "B. A rustic woodland cabin.",
            "C. A contemporary office.",
            "D. A minimalist bedroom."
        ],
        "answer": "B",
        "qa_level": "frame",
        "qa_type": "mcqa",
        "old_answer": "B"
    },
    {
        "qa_idx": 7,
        "qa_type": "qa",
        "qa_level": "cross_event",
        "qa_task": "action-understanding",
        "question": "Between 420.0 and 480.0 seconds, does the bear-like creature paint a mural on the wall of the cozy indoor setting?",
        "answer": "No",
        "old_answer": "No"
    },
    {
        "qa_idx": 8,
        "qa_task": "speed",
        "question": "During the event from 58.0 to 122.0 seconds, how does the bear's speed of interaction with the remote control compare to its speed of handling the broken tricycle and toy ball?",
        "options": [
            "A. The bear interacts with the remote control faster.",
            "B. The bear handles the broken tricycle and toy ball faster.",
            "C. The bear interacts with both at the same speed.",
            "D. The bear does not interact with either."
        ],
        "answer": "A",
        "qa_level": "within_event",
        "qa_type": "mcqa",
        "old_answer": "A"
    },
    {
        "qa_idx": 9,
        "qa_type": "qa",
        "qa_level": "cross_event",
        "qa_task": "camera-direction",
        "question": "Does the camera move from an indoor setting to an outdoor setting between 420.0 to 480.0 seconds?",
        "answer": "Yes",
        "old_answer": "Yes"
    },
    {
        "qa_idx": 10,
        "qa_type": "qa",
        "qa_level": "long_term",
        "qa_task": "object understanding",
        "question": "Is there a bookshelf filled with books in the cozy room where the bear interacts with a child, as described from 4.0 to 1895.0 seconds?",
        "answer": "Yes",
        "old_answer": "Yes"
    },
    {
        "qa_idx": 11,
        "qa_task": "camera-direction",
        "question": "During the event from 1601.0 to 1665.0 seconds, does the camera move from an outdoor environment to an indoor setting or from an indoor setting to an outdoor environment?",
        "options": [
            "A. The camera moves from an outdoor environment to an indoor setting.",
            "B. The camera moves from an indoor setting to an outdoor environment.",
            "C. The camera stays in an outdoor environment.",
            "D. The camera stays in an indoor setting."
        ],
        "answer": "A",
        "qa_level": "within_event",
        "qa_type": "mcqa",
        "old_answer": "A"
    },
    {
        "qa_idx": 13,
        "qa_task": "object understanding",
        "question": "What is the appearance and function of the bear in the video events from 354.0 to 415.0 seconds?",
        "options": [
            "A. A large bear with a yellow tuft of hair, holding the door open in the rain and later interacting with a child in a cozy, well-decorated room.",
            "B. A small bear with a blue scarf, standing in a modern house and playing with a toy car.",
            "C. A medium-sized bear with a red hat, sitting in a garden and reading a book.",
            "D. A large bear with a green bow tie, cooking in a kitchen and serving food."
        ],
        "answer": "A",
        "qa_level": "cross_event",
        "qa_type": "mcqa",
        "old_answer": "A"
    },
    {
        "qa_idx": 14,
        "qa_task": "causal",
        "question": "Why is the bear seen sitting on a striped chair interacting with an anthropomorphic panda holding a remote control in the cozy interior space from 1723.0 to 1789.0 seconds?",
        "options": [
            "A. The bear is trying to change the channel on the television.",
            "B. The bear is showing the panda how to use the remote control.",
            "C. The bear and the panda are preparing to watch an animated show together.",
            "D. The bear is teaching the panda about personal achievements."
        ],
        "answer": "C",
        "qa_level": "cross_event",
        "qa_type": "mcqa",
        "old_answer": "C"
    },
    {
        "qa_idx": 15,
        "qa_task": "spatial-relationship",
        "question": "Where is the bear positioned when it is seen holding a red object?",
        "options": [
            "A. In a cozy room with a nightstand and a glowing lamp.",
            "B. In a rustic wooden interior featuring an infant bed.",
            "C. In a room with a wooden floor and a colorful striped rug.",
            "D. In a rain-soaked forest environment."
        ],
        "answer": "B",
        "qa_level": "long_term",
        "qa_type": "mcqa",
        "old_answer": "B"
    },
    {
        "qa_idx": 18,
        "qa_task": "camera-direction",
        "question": "In the video sequence from 4.0 to 1895.0 seconds, what is the camera movement when the bear is seen holding a red object in a cozy indoor setting?",
        "options": [
            "A. The camera zooms in on the bear.",
            "B. The camera pans to the left.",
            "C. The camera zooms out from the bear.",
            "D. The camera tilts upwards."
        ],
        "answer": "A",
        "qa_level": "long_term",
        "qa_type": "mcqa",
        "old_answer": "A"
    },
    {
        "qa_idx": 19,
        "qa_task": "speed",
        "question": "Which character is performing a balancing act on a unicycle while juggling items at a faster pace?",
        "options": [
            "A. The large brown bear.",
            "B. The smaller character dressed in purple.",
            "C. The child on a tricycle.",
            "D. The child on a scooter."
        ],
        "answer": "A",
        "qa_level": "long_term",
        "qa_type": "mcqa",
        "old_answer": "A"
    },
    {
        "qa_idx": 20,
        "qa_task": "attribute-change",
        "question": "How does the atmosphere change from the beginning to the end of the video from 4.0 to 1895.0 seconds?",
        "options": [
            "A. From a playful and lively atmosphere to a cozy and intimate setting.",
            "B. From a dark and gloomy atmosphere to a bright and cheerful setting.",
            "C. From a chaotic and cluttered atmosphere to a minimalist and clean setting.",
            "D. From a modern and sleek atmosphere to a rustic and vintage setting."
        ],
        "answer": "A",
        "qa_level": "long_term",
        "qa_type": "mcqa",
        "old_answer": "A"
    },
    {
        "qa_idx": 21,
        "qa_task": "character-understanding",
        "question": "What is the bear doing in the cozy room with the child?",
        "options": [
            "A. The bear is playing with the child.",
            "B. The bear is reading a book to the child.",
            "C. The bear is holding a remote control.",
            "D. The bear is cooking food."
        ],
        "answer": "C",
        "qa_level": "long_term",
        "qa_type": "mcqa",
        "old_answer": "C"
    },
    {
        "qa_idx": 22,
        "qa_task": "object understanding",
        "question": "What objects are prominently featured in the cozy room with the bear and child at 4.0 to 1895.0 seconds?",
        "options": [
            "A. Bookshelves, striped armchairs, kitchen utensils, trophies, and framed pictures.",
            "B. A large aquarium, a piano, a chandelier, and a grand staircase.",
            "C. A modern sofa, a glass coffee table, a flat-screen TV, and abstract paintings.",
            "D. A pool table, a dartboard, a jukebox, and neon signs."
        ],
        "answer": "A",
        "qa_level": "long_term",
        "qa_type": "mcqa",
        "old_answer": "A"
    }
]