[
    {
        "qa_idx": 0,
        "qa_task": "spatial-relationship",
        "question": "What is attached to the wooden paneled wall at 740.0 seconds into the video?",
        "options": [
            "A. A painting.",
            "B. A small, metallic, cylindrical object.",
            "C. A clock.",
            "D. A mirror."
        ],
        "answer": "B",
        "qa_level": "frame",
        "qa_type": "mcqa",
        "old_answer": "B"
    },
    {
        "qa_idx": 1,
        "qa_task": "object understanding",
        "question": "What is the girl standing on near the window at 115.0 seconds into the video?",
        "options": [
            "A. A wooden chair.",
            "B. A woven, wicker basket.",
            "C. A blue rug.",
            "D. A metal stool."
        ],
        "answer": "B",
        "qa_level": "frame",
        "qa_type": "mcqa",
        "old_answer": "B"
    },
    {
        "qa_idx": 2,
        "qa_type": "qa",
        "qa_level": "within_event",
        "qa_task": "character-understanding",
        "question": "Did the event feature animated characters interacting in a forest setting from 846.0 to 910.0 seconds?",
        "answer": "Yes",
        "old_answer": "Yes"
    },
    {
        "qa_idx": 3,
        "qa_task": "object understanding",
        "question": "What is the prominent feature in the frame at 817.0 seconds into the video?",
        "options": [
            "A. A small bush.",
            "B. A large tree.",
            "C. A flowing river.",
            "D. A wooden cabin."
        ],
        "answer": "B",
        "qa_level": "frame",
        "qa_type": "mcqa",
        "old_answer": "B"
    },
    {
        "qa_idx": 4,
        "qa_task": "camera-direction",
        "question": "During the event from 1494.0 to 1569.0 seconds, how does the camera movement enhance the focus on the large bear in a green and red cap?",
        "options": [
            "A. The camera zooms in on the large bear adjusting the music stand.",
            "B. The camera pans away from the large bear to show the entire stage.",
            "C. The camera remains static while the large bear moves closer.",
            "D. The camera zooms out to show the audience."
        ],
        "answer": "A",
        "qa_level": "within_event",
        "qa_type": "mcqa",
        "old_answer": "A"
    },
    {
        "qa_idx": 6,
        "qa_task": "plot-understanding",
        "question": "What is the main activity taking place in the outdoor scene set in a sports area during autumn from 918.0 to 978.0 seconds?",
        "options": [
            "A. Playing soccer.",
            "B. Playing hockey.",
            "C. Playing basketball.",
            "D. Playing tennis."
        ],
        "answer": "B",
        "qa_level": "cross_event",
        "qa_type": "mcqa",
        "old_answer": "B"
    },
    {
        "qa_idx": 7,
        "qa_task": "speed",
        "question": "In the event from 1695.0 to 1768.0 seconds, which character is interacting with the piano, and how does their speed of interaction compare to the childlike figure on the tricycle?",
        "options": [
            "A. The bear interacts with the piano at a slower speed than the childlike figure on the tricycle.",
            "B. The bear interacts with the piano at a faster speed than the childlike figure on the tricycle.",
            "C. The bear interacts with the piano at the same speed as the childlike figure on the tricycle.",
            "D. The bear does not interact with the piano."
        ],
        "answer": "A",
        "qa_level": "cross_event",
        "qa_type": "mcqa",
        "old_answer": "A"
    },
    {
        "qa_idx": 9,
        "qa_task": "temporal-relationship",
        "question": "What was the bear doing before it started playing chess at a small table in a cozy, rustic cabin?",
        "options": [
            "A. Balancing on a unicycle while juggling sausages and a plate.",
            "B. Engaging in a culinary activity in a kitchen.",
            "C. Interacting with a typewriter in a well-decorated room.",
            "D. Reading a book in a striped armchair."
        ],
        "answer": "A",
        "qa_level": "long_term",
        "qa_type": "mcqa",
        "old_answer": "A"
    },
    {
        "qa_idx": 12,
        "qa_task": "descriptive-scene",
        "question": "Where does the event featuring a bear playing chess at a small table take place?",
        "options": [
            "A. In a cozy, rustic cabin.",
            "B. In a vibrant forest.",
            "C. In a bustling city.",
            "D. In a modern office."
        ],
        "answer": "A",
        "qa_level": "long_term",
        "qa_type": "mcqa",
        "old_answer": "A"
    },
    {
        "qa_idx": 14,
        "qa_task": "camera-direction",
        "question": "What does the camera do when the scene transitions from the animated bear balancing on a unicycle to the colorful Arabic text?",
        "options": [
            "A. The camera zooms in on the bear.",
            "B. The camera pans to the left.",
            "C. The camera moves closer to the colorful Arabic text.",
            "D. The camera zooms out to show the entire scene."
        ],
        "answer": "C",
        "qa_level": "long_term",
        "qa_type": "mcqa",
        "old_answer": "C"
    },
    {
        "qa_idx": 15,
        "qa_task": "speed",
        "question": "Which character is faster in the video from 3.0 to 2041.0 seconds, the animated bear balancing on a unicycle or the bear playing chess?",
        "options": [
            "A. The animated bear balancing on a unicycle.",
            "B. The bear playing chess.",
            "C. Both are at the same speed.",
            "D. None of the above."
        ],
        "answer": "A",
        "qa_level": "long_term",
        "qa_type": "mcqa",
        "old_answer": "A"
    },
    {
        "qa_idx": 16,
        "qa_task": "attribute-change",
        "question": "How does the setting change from the beginning to the end of the video from 3.0 to 2041.0 seconds?",
        "options": [
            "A. From a rustic kitchen to a cozy indoor setting with a typewriter.",
            "B. From a forest scene to a musical performance indoors.",
            "C. From an animated bear juggling to a cozy indoor scene with a typewriter.",
            "D. From a sports area to a serene forest environment."
        ],
        "answer": "C",
        "qa_level": "long_term",
        "qa_type": "mcqa",
        "old_answer": "C"
    },
    {
        "qa_idx": 17,
        "qa_task": "time-order",
        "question": "In which order do the events occur in the video from 3.0 to 2041.0 seconds?",
        "options": [
            "A. The animated bear balances on a unicycle while juggling sausages and a plate, followed by a scene with colorful Arabic text, then a central doll against a neutral backdrop, and finally a cozy indoor scene with a character in pink holding a paintbrush and palette.",
            "B. The event initiates with a small, rustic kitchen setting, followed by a scene with a teddy bear dressed in a blue beret and pink bow, then a child-sized figure in a wizard's hat and purple robe, and finally an animated character in vibrant pink and white attire interacting with a broom.",
            "C. The event takes place in a warm, cozy indoor setting featuring a young girl dressed in a striped purple and pink sweater, followed by a teddy bear seated in a striped armchair reading a book, then the bear interacting with a child holding a hockey stick, and finally the bear focusing intently on its surroundings.",
            "D. The scene begins inside a cozy, rustic cabin where a large bear is playing chess, followed by the bear standing upright inside a cozy rustic interior, then a girl in a pink, striped outfit interacting with a large brown bear, and finally the bear interacting with a typewriter in a richly decorated room."
        ],
        "answer": "A",
        "qa_level": "long_term",
        "qa_type": "mcqa",
        "old_answer": "A"
    },
    {
        "qa_idx": 18,
        "qa_task": "descriptive-scene",
        "question": "Where does the event featuring a bear playing chess at a small table take place from 3.0 to 2041.0 seconds?",
        "options": [
            "A. In a cozy, rustic cabin.",
            "B. In a vibrant forest.",
            "C. In a lively kitchen.",
            "D. In a sports area."
        ],
        "answer": "A",
        "qa_level": "long_term",
        "qa_type": "mcqa",
        "old_answer": "A"
    }
]