[
    {
        "qa_idx": 0,
        "qa_type": "qa",
        "qa_level": "frame",
        "qa_task": "object understanding",
        "question": "Is there a wastebasket filled with crumpled paper in the video frame at 2001.0 seconds?",
        "answer": "Yes",
        "old_answer": "Yes"
    },
    {
        "qa_idx": 1,
        "qa_task": "descriptive-scene",
        "question": "What is the main feature displayed on the screen in the center of the control panel at 1525.0 seconds?",
        "options": [
            "A. A blue background with a green image.",
            "B. An orange background with a red image.",
            "C. A yellow background with a blue image.",
            "D. A green background with a yellow image."
        ],
        "answer": "B",
        "qa_level": "frame",
        "qa_type": "mcqa",
        "old_answer": "B"
    },
    {
        "qa_idx": 2,
        "qa_type": "qa",
        "qa_level": "within_event",
        "qa_task": "speed",
        "question": "Is the yellow camper van moving at a fast pace across the grassy hills and rural settings from 1818.0 to 1882.0 seconds?",
        "answer": "No",
        "old_answer": "No"
    },
    {
        "qa_idx": 3,
        "qa_task": "character-understanding",
        "question": "What is the family doing in the video frame at 1727.0 seconds?",
        "options": [
            "A. The family is standing on a green surface with small yellow flowers.",
            "B. The family is inside the large yellow land vehicle.",
            "C. The family is sitting on purple seats inside the vehicle.",
            "D. The family is driving the large yellow land vehicle."
        ],
        "answer": "A",
        "qa_level": "frame",
        "qa_type": "mcqa",
        "old_answer": "A"
    },
    {
        "qa_idx": 4,
        "qa_type": "qa",
        "qa_level": "cross_event",
        "qa_task": "object understanding",
        "question": "In the video events from 772.0 to 831.0 and 838.0 to 898.0, is there a white house with a purple roof present in both scenes?",
        "answer": "Yes",
        "old_answer": "Yes"
    },
    {
        "qa_idx": 5,
        "qa_type": "qa",
        "qa_level": "cross_event",
        "qa_task": "object understanding",
        "question": "Is there a yellow vehicle present in both video events from 1457.0 to 1539.0 and 1540.0 to 1601.0?",
        "answer": "Yes",
        "old_answer": "Yes"
    },
    {
        "qa_idx": 6,
        "qa_task": "attribute-change",
        "question": "How does the setting change as the van continues its journey from the beginning to the end of the scene between 1457.0 seconds to 1539.0 seconds?",
        "options": [
            "A. The setting changes from a grassy landscape to a bustling city.",
            "B. The setting changes from a clear blue sky to a dark, starry night.",
            "C. The setting changes from a desert to a snowy mountain.",
            "D. The setting remains the same throughout the journey."
        ],
        "answer": "B",
        "qa_level": "within_event",
        "qa_type": "mcqa",
        "old_answer": "B"
    },
    {
        "qa_idx": 7,
        "qa_type": "qa",
        "qa_level": "long_term",
        "qa_task": "character-understanding",
        "question": "Do the anthropomorphic pig characters engage in various outdoor activities throughout the video from 14.0 to 2181.0 seconds?",
        "answer": "Yes",
        "old_answer": "Yes"
    },
    {
        "qa_idx": 8,
        "qa_task": "attribute-change",
        "question": "How does the scene change from the beginning to the end of the event from 1030.0 to 1093.0 seconds?",
        "options": [
            "A. It starts with an indoor kitchen scene and ends with a clear day outdoor scene.",
            "B. It starts with a clear day outdoor scene and ends with an indoor kitchen scene.",
            "C. It starts with a colorful room and ends with a lush green hillside.",
            "D. It starts with a farm setting and ends with a whimsical room."
        ],
        "answer": "B",
        "qa_level": "within_event",
        "qa_type": "mcqa",
        "old_answer": "B"
    },
    {
        "qa_idx": 9,
        "qa_task": "camera-direction",
        "question": "During the event from 1604.0 to 1611.0 seconds, does the camera move closer to the kitchen details or does it stay focused on the entire family?",
        "options": [
            "A. The camera moves closer to the kitchen details.",
            "B. The camera stays focused on the entire family.",
            "C. The camera moves away from the kitchen details.",
            "D. The camera moves outside the kitchen."
        ],
        "answer": "A",
        "qa_level": "within_event",
        "qa_type": "mcqa",
        "old_answer": "A"
    },
    {
        "qa_idx": 10,
        "qa_task": "speed",
        "question": "Between 961.0 seconds to 1029.0 seconds, which scene transition indicates a change in the speed of the characters' activities?",
        "options": [
            "A. From the outdoor farm-like environment to the indoor bedtime setting.",
            "B. From the outdoor farm-like environment to the outdoor playful activity.",
            "C. From the indoor bedtime setting to the tranquil indoor bedroom scene.",
            "D. From the outdoor playful activity to the indoor bedtime setting."
        ],
        "answer": "A",
        "qa_level": "cross_event",
        "qa_type": "mcqa",
        "old_answer": "A"
    },
    {
        "qa_idx": 11,
        "qa_task": "time-order",
        "question": "What is the correct sequence of events in the two video descriptions from the time of 1691.0 to 1756.0 seconds and H to e seconds?",
        "options": [
            "A. The sequence starts with the animated pigs in an outdoor setting, followed by the pink-faced character holding picture books.",
            "B. The sequence starts with the pink-faced character holding picture books, followed by the animated pigs in an outdoor setting.",
            "C. The sequence starts with the picnic scene on a checkered blanket, followed by the pink-faced character holding picture books.",
            "D. The sequence starts with the animated pigs in an outdoor setting, followed by the picnic scene on a checkered blanket."
        ],
        "answer": "B",
        "qa_level": "cross_event",
        "qa_type": "mcqa",
        "old_answer": "B"
    },
    {
        "qa_idx": 12,
        "qa_task": "temporal-relationship",
        "question": "What were the animated pigs doing before they were seen holding a coin against a blue background with abstract shapes and bubbles?",
        "options": [
            "A. They were traveling in a yellow car through a picturesque green landscape.",
            "B. They were engaging in playful activities near a body of water with large rounded rocks.",
            "C. They were gathered around a small blue pond engaged in a communal activity.",
            "D. They were enjoying time on a sandy beach-like area near a small, round lagoon."
        ],
        "answer": "B",
        "qa_level": "long_term",
        "qa_type": "mcqa",
        "old_answer": "B"
    },
    {
        "qa_idx": 13,
        "qa_task": "spatial-relationship",
        "question": "Where is the yellow car traveling through at the beginning of the video?",
        "options": [
            "A. A rocky terrain.",
            "B. A green landscape with small trees and scattered flowers.",
            "C. A sandy beach.",
            "D. A bustling city."
        ],
        "answer": "B",
        "qa_level": "long_term",
        "qa_type": "mcqa",
        "old_answer": "B"
    },
    {
        "qa_idx": 14,
        "qa_task": "causal",
        "question": "Why did the animated pig in a yellow outfit hold a coin in the video?",
        "options": [
            "A. To interact with the underwater environment.",
            "B. To play with other characters.",
            "C. To listen to the seashell.",
            "D. To engage in a communal activity."
        ],
        "answer": "A",
        "qa_level": "long_term",
        "qa_type": "mcqa",
        "old_answer": "A"
    },
    {
        "qa_idx": 17,
        "qa_task": "speed",
        "question": "Which is faster, the yellow car carrying four cartoon characters or the yellow van traveling along the road?",
        "options": [
            "A. The yellow car carrying four cartoon characters.",
            "B. The yellow van traveling along the road.",
            "C. Both are at the same speed.",
            "D. None of the above."
        ],
        "answer": "A",
        "qa_level": "long_term",
        "qa_type": "mcqa",
        "old_answer": "A"
    },
    {
        "qa_idx": 18,
        "qa_task": "attribute-change",
        "question": "How does the environment change from the beginning to the end of the video sequence from 14.0 to 2181.0 seconds?",
        "options": [
            "A. From a bright countryside scene to a cozy indoor setting.",
            "B. From a rainy outdoor scene to a sunny beach setting.",
            "C. From a dark night scene to a bright morning scene.",
            "D. From a bustling cityscape to a quiet rural area."
        ],
        "answer": "A",
        "qa_level": "long_term",
        "qa_type": "mcqa",
        "old_answer": "A"
    },
    {
        "qa_idx": 19,
        "qa_task": "object understanding",
        "question": "What objects are featured in the attic or storage room where the anthropomorphic pig characters are exploring and organizing?",
        "options": [
            "A. Cardboard boxes, paint cans, a globe, a camera, a vacuum cleaner, toys, and an old computer.",
            "B. Books, magazines, a television, a sofa, and a coffee table.",
            "C. Kitchen items like pots, pans, and containers.",
            "D. Gardening tools, seeds, and flower pots."
        ],
        "answer": "A",
        "qa_level": "long_term",
        "qa_type": "mcqa",
        "old_answer": "A"
    },
    {
        "qa_idx": 20,
        "qa_task": "time-order",
        "question": "In which order do the events occur in the video from 14.0 to 2181.0 seconds?",
        "options": [
            "A. The animated pigs engage in playful activities near a body of water, then the scene transitions to an underwater environment with a coin on the seabed, followed by a lively outdoor animation featuring cartoon characters near a small blue pond.",
            "B. The animated pigs engage in playful activities near a body of water, then the scene transitions to a lively outdoor animation featuring cartoon characters near a small blue pond, followed by an underwater environment with a coin on the seabed.",
            "C. The scene transitions to an underwater environment with a coin on the seabed, then the animated pigs engage in playful activities near a body of water, followed by a lively outdoor animation featuring cartoon characters near a small blue pond.",
            "D. The scene transitions to a lively outdoor animation featuring cartoon characters near a small blue pond, then the animated pigs engage in playful activities near a body of water, followed by an underwater environment with a coin on the seabed."
        ],
        "answer": "A",
        "qa_level": "long_term",
        "qa_type": "mcqa",
        "old_answer": "A"
    }
]