[
    {
        "qa_idx": 0,
        "qa_type": "qa",
        "qa_level": "frame",
        "qa_task": "character-understanding",
        "question": "At 869.0 seconds into the video, were the characters in the red car appearing to be cheerful?",
        "answer": "Yes",
        "old_answer": "Yes"
    },
    {
        "qa_idx": 1,
        "qa_task": "spatial-relationship",
        "question": "What is adjacent to the red car in the grassy area at 3529.0 seconds into the video?",
        "options": [
            "A. A multi-story, cream-colored building with white-framed windows and a yellow door.",
            "B. A large tree with green leaves.",
            "C. A blue lake with ducks swimming.",
            "D. A playground with swings and slides."
        ],
        "answer": "A",
        "qa_level": "frame",
        "qa_type": "mcqa",
        "old_answer": "A"
    },
    {
        "qa_idx": 2,
        "qa_task": "character-understanding",
        "question": "What is the rabbit character doing in the video frame at 1208.0 seconds?",
        "options": [
            "A. The rabbit character is standing near the window.",
            "B. The rabbit character is seated behind the desk smiling.",
            "C. The rabbit character is playing with a computer.",
            "D. The rabbit character is writing on the chalkboard."
        ],
        "answer": "B",
        "qa_level": "frame",
        "qa_type": "mcqa",
        "old_answer": "B"
    },
    {
        "qa_idx": 3,
        "qa_type": "qa",
        "qa_level": "within_event",
        "qa_task": "object understanding",
        "question": "Is there a scarecrow present in the outdoor scenes of the video event from 364.0 to 573.0 seconds?",
        "answer": "Yes",
        "old_answer": "Yes"
    },
    {
        "qa_idx": 4,
        "qa_type": "qa",
        "qa_level": "within_event",
        "qa_task": "object understanding",
        "question": "Is there a clock in the kitchen background in the video event from 3478.0 to 3544.0 seconds?",
        "answer": "Yes",
        "old_answer": "Yes"
    },
    {
        "qa_idx": 5,
        "qa_task": "character-understanding",
        "question": "What are the two anthropomorphic characters doing in the video frame at 1058.0 seconds?",
        "options": [
            "A. They are playing in a park.",
            "B. They are standing near fuel pumps at a gas station.",
            "C. They are shopping in a mall.",
            "D. They are eating at a restaurant."
        ],
        "answer": "B",
        "qa_level": "frame",
        "qa_type": "mcqa",
        "old_answer": "B"
    },
    {
        "qa_idx": 6,
        "qa_type": "qa",
        "qa_level": "cross_event",
        "qa_task": "action-understanding",
        "question": "Between the time of 364.0 to 573.0, does the adult pig wearing glasses and a blue shirt invite or greet the other pigs at the door of the yellow-walled house?",
        "answer": "Yes",
        "old_answer": "Yes"
    },
    {
        "qa_idx": 8,
        "qa_type": "qa",
        "qa_level": "cross_event",
        "qa_task": "character-understanding",
        "question": "In the video event from 2964.0 to 3024.0, were the animated characters engaged in a camping activity?",
        "answer": "Yes",
        "old_answer": "Yes"
    },
    {
        "qa_idx": 9,
        "qa_task": "speed",
        "question": "During the time from 1998.0 to 2027.0 seconds, which group of characters is likely moving faster?",
        "options": [
            "A. The characters riding a tandem bicycle.",
            "B. The toy character riding a bicycle.",
            "C. The characters riding separate bicycles.",
            "D. The yellow ducks floating in the pond."
        ],
        "answer": "A",
        "qa_level": "within_event",
        "qa_type": "mcqa",
        "old_answer": "A"
    },
    {
        "qa_idx": 10,
        "qa_type": "qa",
        "qa_level": "long_term",
        "qa_task": "action-understanding",
        "question": "Did the characters in the video engage in a cooking competition in the kitchen at 4.0 seconds and 3579.0 seconds?",
        "answer": "No",
        "old_answer": "No"
    },
    {
        "qa_idx": 11,
        "qa_task": "object-direction",
        "question": "In the scenes from 3030.0 to 3090.0 seconds and H to e seconds, what direction do the pigs move when exploring different parts of the house?",
        "options": [
            "A. From the kitchen to the living room.",
            "B. From the living room to the kitchen.",
            "C. From the stairway to the kitchen.",
            "D. From the cobweb-afflicted brick wall to the kitchen."
        ],
        "answer": "A",
        "qa_level": "cross_event",
        "qa_type": "mcqa",
        "old_answer": "A"
    },
    {
        "qa_idx": 12,
        "qa_task": "temporal-relationship",
        "question": "What happens after the family enjoys their meal of spaghetti and orange juice in the kitchen from 2723.0 to 2788.0 seconds?",
        "options": [
            "A. The characters gather around the table for another meal.",
            "B. The scene transitions to an outdoor playground filled with various equipment.",
            "C. The characters start cleaning the kitchen.",
            "D. The characters go to sleep."
        ],
        "answer": "B",
        "qa_level": "cross_event",
        "qa_type": "mcqa",
        "old_answer": "B"
    },
    {
        "qa_idx": 14,
        "qa_task": "character-understanding",
        "question": "What are the main actions of the characters in the video from 2658.0 to 2719.0 seconds and H to e seconds?",
        "options": [
            "A. The characters are engaged in a family interaction indoors, with one holding a piece of paper, and later transitioning to an outdoor setting where one character walks out from a building.",
            "B. The characters are playing with a toy phone indoors and then move to a different room to use a rotary dial telephone.",
            "C. The characters are cooking in the kitchen and then move to the living room to watch TV.",
            "D. The characters are reading books indoors and then go outside to play in the garden."
        ],
        "answer": "A",
        "qa_level": "cross_event",
        "qa_type": "mcqa",
        "old_answer": "A"
    },
    {
        "qa_idx": 15,
        "qa_task": "descriptive-scene",
        "question": "What is the main setting of the video events from 2249.0 to 2311.0 seconds?",
        "options": [
            "A. A summer beach with animated toys playing volleyball.",
            "B. A winter ice-skating rink with animated toys in winter attire.",
            "C. A spring garden with animated toys having a picnic.",
            "D. A fall forest with animated toys collecting leaves."
        ],
        "answer": "B",
        "qa_level": "cross_event",
        "qa_type": "mcqa",
        "old_answer": "B"
    },
    {
        "qa_idx": 16,
        "qa_task": "temporal-relationship",
        "question": "What activity were the animated pig characters engaged in before they transitioned to the outdoor scene with the grassy lawn and small yellow flowers?",
        "options": [
            "A. They were playing with toys in a playroom.",
            "B. They were interacting in a kitchen setting with bubbly beverages.",
            "C. They were riding bicycles in a park.",
            "D. They were having a picnic near a yellow house."
        ],
        "answer": "B",
        "qa_level": "long_term",
        "qa_type": "mcqa",
        "old_answer": "B"
    },
    {
        "qa_idx": 17,
        "qa_task": "spatial-relationship",
        "question": "Where are the two pink characters positioned in the kitchen environment?",
        "options": [
            "A. In front of a countertop.",
            "B. Near the refrigerator.",
            "C. By the stove.",
            "D. Next to the sink."
        ],
        "answer": "A",
        "qa_level": "long_term",
        "qa_type": "mcqa",
        "old_answer": "A"
    },
    {
        "qa_idx": 18,
        "qa_task": "causal",
        "question": "Why did the smaller pig character sit on a chair in the kitchen?",
        "options": [
            "A. To eat ice cream.",
            "B. To drink bubbly beverages.",
            "C. To play with toys.",
            "D. To blow bubbles."
        ],
        "answer": "B",
        "qa_level": "long_term",
        "qa_type": "mcqa",
        "old_answer": "B"
    },
    {
        "qa_idx": 20,
        "qa_task": "object-direction",
        "question": "In the video from 4.0 to 3579.0 seconds, which direction does the red convertible car travel in the outdoor scenes?",
        "options": [
            "A. Up a hillside.",
            "B. Down a hillside.",
            "C. Across a flat road.",
            "D. Around a circular track."
        ],
        "answer": "A",
        "qa_level": "long_term",
        "qa_type": "mcqa",
        "old_answer": "A"
    },
    {
        "qa_idx": 22,
        "qa_task": "speed",
        "question": "Which character is faster in the video from 4.0 to 3579.0 seconds, the pig character in the red outfit or the pig character in the blue outfit?",
        "options": [
            "A. The pig character in the red outfit.",
            "B. The pig character in the blue outfit.",
            "C. Both are at the same speed.",
            "D. None of the above."
        ],
        "answer": "A",
        "qa_level": "long_term",
        "qa_type": "mcqa",
        "old_answer": "A"
    },
    {
        "qa_idx": 23,
        "qa_task": "attribute-change",
        "question": "How does the setting change from the beginning to the end of the video from 4.0 to 3579.0 seconds?",
        "options": [
            "A. From an indoor kitchen to an outdoor park.",
            "B. From a sunny day to a starry night.",
            "C. From a playful kitchen to a serene forest.",
            "D. From a family picnic to a classroom setting."
        ],
        "answer": "B",
        "qa_level": "long_term",
        "qa_type": "mcqa",
        "old_answer": "B"
    },
    {
        "qa_idx": 24,
        "qa_task": "character-understanding",
        "question": "What activity is the family of anthropomorphic pigs engaged in during the outdoor scenes from 4.0 to 3579.0 seconds?",
        "options": [
            "A. Playing with bubbles.",
            "B. Eating ice cream.",
            "C. Camping.",
            "D. Recycling."
        ],
        "answer": "B",
        "qa_level": "long_term",
        "qa_type": "mcqa",
        "old_answer": "B"
    },
    {
        "qa_idx": 25,
        "qa_task": "object understanding",
        "question": "What objects are featured on the kitchen counter in the animated kitchen environment?",
        "options": [
            "A. A goldfish in a bowl, a toy dinosaur, and a jack-in-the-box.",
            "B. A red bowl labeled 'POLLY', a frying pan, and a toy plane.",
            "C. A green dinosaur, a jack-in-the-box, and a fishbowl.",
            "D. A cylindrical container with bubble graphics, a frying pan, and a toy plane."
        ],
        "answer": "A",
        "qa_level": "long_term",
        "qa_type": "mcqa",
        "old_answer": "A"
    },
    {
        "qa_idx": 26,
        "qa_task": "time-order",
        "question": "In which order do the events occur in the video from 4.0 to 3579.0 seconds?",
        "options": [
            "A. The video starts with the title 'Peppa Pig' displayed, transitions to an animated kitchen scene, then moves outdoors to a grassy lawn with characters playing with bubbles, and finally shows a family enjoying ice creams under a tree.",
            "B. The video starts with a family enjoying ice creams under a tree, transitions to an animated kitchen scene, then moves outdoors to a grassy lawn with characters playing with bubbles, and finally shows the title 'Peppa Pig' displayed.",
            "C. The video starts with characters playing with bubbles on a grassy lawn, transitions to an animated kitchen scene, then shows a family enjoying ice creams under a tree, and finally displays the title 'Peppa Pig'.",
            "D. The video starts with a family enjoying ice creams under a tree, transitions to characters playing with bubbles on a grassy lawn, then moves to an animated kitchen scene, and finally shows the title 'Peppa Pig' displayed."
        ],
        "answer": "A",
        "qa_level": "long_term",
        "qa_type": "mcqa",
        "old_answer": "A"
    }
]