[
    {
        "qa_idx": 0,
        "qa_type": "qa",
        "qa_level": "frame",
        "qa_task": "object understanding",
        "question": "Is the man in the frame at 852.0 seconds dressed in a suit?",
        "answer": "Yes",
        "old_answer": "Yes"
    },
    {
        "qa_idx": 1,
        "qa_type": "qa",
        "qa_level": "frame",
        "qa_task": "character-understanding",
        "question": "At 1445.0 seconds into the video, is there a woman dressed in medical attire in the room?",
        "answer": "Yes",
        "old_answer": "Yes"
    },
    {
        "qa_idx": 2,
        "qa_task": "object understanding",
        "question": "What objects are present on the table at 2188.0 seconds into the video?",
        "options": [
            "A. Three wine glasses, a pack of cigarettes, and a lighter.",
            "B. Two wine glasses, a bottle of wine, and a phone.",
            "C. Three wine glasses, a book, and a pen.",
            "D. Two wine glasses, a pack of cigarettes, and a lighter."
        ],
        "answer": "A",
        "qa_level": "frame",
        "qa_type": "mcqa",
        "old_answer": "A"
    },
    {
        "qa_idx": 4,
        "qa_type": "qa",
        "qa_level": "within_event",
        "qa_task": "speed",
        "question": "Did the individuals in the professional setting move quickly during their interactions between 1805.0 and 1865.0 seconds?",
        "answer": "No",
        "old_answer": "No"
    },
    {
        "qa_idx": 6,
        "qa_type": "qa",
        "qa_level": "cross_event",
        "qa_task": "object understanding",
        "question": "Is there a woman in bridal attire present in both events from 103.0 to 137.0 and 153.0 to 195.0?",
        "answer": "Yes",
        "old_answer": "Yes"
    },
    {
        "qa_idx": 7,
        "qa_task": "attribute-change",
        "question": "How does the setting change from the beginning to the end of the event between 480.0 and 524.0 seconds?",
        "options": [
            "A. The event starts indoors and transitions to an outdoor celebratory event.",
            "B. The event starts outdoors and transitions to an indoor celebratory event.",
            "C. The event remains indoors throughout.",
            "D. The event remains outdoors throughout."
        ],
        "answer": "A",
        "qa_level": "within_event",
        "qa_type": "mcqa",
        "old_answer": "A"
    },
    {
        "qa_idx": 8,
        "qa_type": "qa",
        "qa_level": "long_term",
        "qa_task": "camera-direction",
        "question": "Does the camera capture both indoor and outdoor scenes during the wedding event from 67.0 to 2878.0 seconds?",
        "answer": "Yes",
        "old_answer": "Yes"
    },
    {
        "qa_idx": 11,
        "qa_task": "object-direction",
        "question": "In which direction does the woman in the white dress walk towards the camera along the promenade?",
        "options": [
            "A. Towards the left.",
            "B. Towards the right.",
            "C. Towards the camera.",
            "D. Away from the camera."
        ],
        "answer": "C",
        "qa_level": "long_term",
        "qa_type": "mcqa",
        "old_answer": "C"
    },
    {
        "qa_idx": 12,
        "qa_task": "camera-direction",
        "question": "What direction does the camera move when the scene transitions from the outdoor wedding celebration to the indoor formal event between 287.0 and 2878.0 seconds?",
        "options": [
            "A. The camera moves closer to the subjects.",
            "B. The camera moves away from the subjects.",
            "C. The camera pans left.",
            "D. The camera pans right."
        ],
        "answer": "A",
        "qa_level": "long_term",
        "qa_type": "mcqa",
        "old_answer": "A"
    },
    {
        "qa_idx": 13,
        "qa_task": "speed",
        "question": "Which is faster, the man running across the pedestrian crosswalk or the vehicle decorated with wedding flowers and ribbons?",
        "options": [
            "A. The man running across the pedestrian crosswalk.",
            "B. The vehicle decorated with wedding flowers and ribbons.",
            "C. Both are at the same speed.",
            "D. None of the above."
        ],
        "answer": "B",
        "qa_level": "long_term",
        "qa_type": "mcqa",
        "old_answer": "B"
    },
    {
        "qa_idx": 14,
        "qa_task": "object understanding",
        "question": "What is the color of the background when the 'CTC' characters are displayed in white with a pink and red shadow effect?",
        "options": [
            "A. Yellow.",
            "B. Dark blue.",
            "C. White.",
            "D. Black."
        ],
        "answer": "A",
        "qa_level": "long_term",
        "qa_type": "mcqa",
        "old_answer": "A"
    }
]