[
    {
        "qa_idx": 0,
        "qa_type": "qa",
        "qa_level": "frame",
        "qa_task": "object understanding",
        "question": "Is there an air conditioning unit installed on one of the walls in the room at 3673.0 seconds?",
        "answer": "Yes",
        "old_answer": "Yes"
    },
    {
        "qa_idx": 1,
        "qa_task": "spatial-relationship",
        "question": "What is visible near the right side of the image at 2749.0 seconds into the video?",
        "options": [
            "A. A chair.",
            "B. Footwear.",
            "C. A bookshelf.",
            "D. A window."
        ],
        "answer": "B",
        "qa_level": "frame",
        "qa_type": "mcqa",
        "old_answer": "B"
    },
    {
        "qa_idx": 2,
        "qa_type": "qa",
        "qa_level": "within_event",
        "qa_task": "character-understanding",
        "question": "Was there a person holding a cue stick in the video event from 879.0 to 946.0 seconds?",
        "answer": "Yes",
        "old_answer": "Yes"
    },
    {
        "qa_idx": 4,
        "qa_type": "qa",
        "qa_level": "cross_event",
        "qa_task": "camera-direction",
        "question": "From the time of 1093.0 to 1157.0 and 1162.0 to 1229.0, does the camera remain stationary while capturing the individuals playing billiards?",
        "answer": "Yes",
        "old_answer": "Yes"
    },
    {
        "qa_idx": 6,
        "qa_type": "qa",
        "qa_level": "long_term",
        "qa_task": "speed",
        "question": "Throughout the video from 63.0 to 3911.0 seconds, do the individuals playing billiards appear to be playing at a fast pace?",
        "answer": "No",
        "old_answer": "No"
    },
    {
        "qa_idx": 8,
        "qa_task": "speed",
        "question": "During the event from 3045.0 to 3275.0 seconds, which individual takes their shot faster in the game of pool?",
        "options": [
            "A. The person holding the pool cue at the beginning.",
            "B. The person standing nearby at the beginning.",
            "C. Both take their shots at the same speed.",
            "D. None of the above."
        ],
        "answer": "A",
        "qa_level": "within_event",
        "qa_type": "mcqa",
        "old_answer": "A"
    },
    {
        "qa_idx": 11,
        "qa_task": "spatial-relationship",
        "question": "What is positioned near the billiard table in the recreational room?",
        "options": [
            "A. A yellow armchair with bags and a small grey chair draped with a jersey.",
            "B. A black amplifier and a chair.",
            "C. A water bottle on the edge of the table.",
            "D. All of the above."
        ],
        "answer": "D",
        "qa_level": "long_term",
        "qa_type": "mcqa",
        "old_answer": "D"
    },
    {
        "qa_idx": 15,
        "qa_task": "object-direction",
        "question": "In which direction is the person positioned to the far right side preparing to take a shot in the billiard game moving?",
        "options": [
            "A. Towards the left side.",
            "B. Towards the right side.",
            "C. Towards the center.",
            "D. Towards the back."
        ],
        "answer": "A",
        "qa_level": "long_term",
        "qa_type": "mcqa",
        "old_answer": "A"
    },
    {
        "qa_idx": 16,
        "qa_task": "camera-direction",
        "question": "How does the camera move in the video from 63.0 to 3911.0 seconds?",
        "options": [
            "A. The camera moves closer to the billiard table.",
            "B. The camera moves away from the billiard table.",
            "C. The camera remains stationary.",
            "D. The camera moves around the billiard table."
        ],
        "answer": "D",
        "qa_level": "long_term",
        "qa_type": "mcqa",
        "old_answer": "D"
    },
    {
        "qa_idx": 17,
        "qa_task": "speed",
        "question": "Which is faster, the person preparing to take a shot or the person observing the game from the side in the video from 63.0 to 3911.0 seconds?",
        "options": [
            "A. The person preparing to take a shot.",
            "B. The person observing the game from the side.",
            "C. Both are at the same speed.",
            "D. None of the above."
        ],
        "answer": "A",
        "qa_level": "long_term",
        "qa_type": "mcqa",
        "old_answer": "A"
    },
    {
        "qa_idx": 18,
        "qa_task": "attribute-change",
        "question": "How does the appearance of the billiard table change throughout the video from 63.0 to 3911.0 seconds?",
        "options": [
            "A. The billiard table changes from green to red.",
            "B. The billiard table changes from red to green.",
            "C. The billiard table remains the same color throughout.",
            "D. The billiard table changes from blue to red."
        ],
        "answer": "A",
        "qa_level": "long_term",
        "qa_type": "mcqa",
        "old_answer": "A"
    },
    {
        "qa_idx": 20,
        "qa_task": "time-order",
        "question": "In which order do the events occur in the video from 63.0 to 3911.0 seconds?",
        "options": [
            "A. The scene features a person standing near a billiard table in a casual, recreational environment. The wall behind them is decorated with numerous shelves displaying various collectibles. Two men are holding cue sticks, having likely engaged in a game of billiards.",
            "B. The event starts by capturing a scene featuring two individuals standing by a billiard table in a recreational or lounge area. They are engaged in conversation while holding billiard cues. Various items are visible in the background, including shelves displaying collectibles and decorations.",
            "C. The scene captures a well-decorated indoor recreational room centered around a billiard table, prominently positioned in various coordinates throughout the video. Two men are engaged in a game of billiards, holding cue sticks and appearing deeply engrossed in their leisure activity.",
            "D. The event initiates with a room scene centered around a billiard table. Two individuals are positioned around the table, both holding pool cues, indicating an ongoing game. The room's decor is visible, featuring collectibles and display items on shelves against the back wall, adding a personalized and possibly themed ambiance."
        ],
        "answer": "A",
        "qa_level": "long_term",
        "qa_type": "mcqa",
        "old_answer": "A"
    }
]