[
    {
        "qa_idx": 0,
        "qa_type": "qa",
        "qa_level": "frame",
        "qa_task": "object understanding",
        "question": "Is there a green truck among the scattered toys in the frame at 1798.0 seconds?",
        "answer": "Yes",
        "old_answer": "Yes"
    },
    {
        "qa_idx": 1,
        "qa_type": "qa",
        "qa_level": "frame",
        "qa_task": "character-understanding",
        "question": "Are the pig characters lying on the floor in the video frame captured at 883.0 seconds?",
        "answer": "Yes",
        "old_answer": "Yes"
    },
    {
        "qa_idx": 2,
        "qa_type": "qa",
        "qa_level": "within_event",
        "qa_task": "object understanding",
        "question": "Is there a clock on the wall in the classroom at the time of 584.0 to 642.0 seconds?",
        "answer": "Yes",
        "old_answer": "Yes"
    },
    {
        "qa_idx": 3,
        "qa_task": "character-understanding",
        "question": "What are the characters in the video frame doing at 1284.0 seconds?",
        "options": [
            "A. The characters are playing a game.",
            "B. The characters are engaging with a large, futuristic machine.",
            "C. The characters are having a picnic.",
            "D. The characters are building a house."
        ],
        "answer": "B",
        "qa_level": "frame",
        "qa_type": "mcqa",
        "old_answer": "B"
    },
    {
        "qa_idx": 4,
        "qa_type": "qa",
        "qa_level": "within_event",
        "qa_task": "plot-understanding",
        "question": "Does the pig character with glasses express surprise or concern at the beginning of the scene from 950.0 to 1063.0 seconds?",
        "answer": "Yes",
        "old_answer": "Yes"
    },
    {
        "qa_idx": 5,
        "qa_task": "attribute-change",
        "question": "How does the background change throughout the event from 645.0 to 706.0 seconds?",
        "options": [
            "A. The background becomes darker and more ominous.",
            "B. The background remains vibrant and cheerful.",
            "C. The background changes to a night scene.",
            "D. The background becomes more crowded with objects."
        ],
        "answer": "B",
        "qa_level": "within_event",
        "qa_type": "mcqa",
        "old_answer": "B"
    },
    {
        "qa_idx": 6,
        "qa_task": "camera-direction",
        "question": "In the video event from 1754.0 to 1810.0 seconds, how does the camera movement change when transitioning from the pink animated character to the cozy domestic scene?",
        "options": [
            "A. The camera zooms out to reveal the entire room.",
            "B. The camera pans to the right to show the living room.",
            "C. The camera moves closer to the pink animated character.",
            "D. The camera tilts upwards to show the ceiling."
        ],
        "answer": "B",
        "qa_level": "within_event",
        "qa_type": "mcqa",
        "old_answer": "B"
    },
    {
        "qa_idx": 8,
        "qa_task": "temporal-relationship",
        "question": "What happens after the characters are seen near a house interacting with a blue truck loaded with household items?",
        "options": [
            "A. The focus shifts to a lively classroom or playroom filled with colorful decorations.",
            "B. The characters engage in outdoor activities involving a yellow puddle.",
            "C. The characters are seen in a cozy domestic kitchen setting.",
            "D. The characters are shown in a vibrant and cozy pink-walled bedroom."
        ],
        "answer": "A",
        "qa_level": "long_term",
        "qa_type": "mcqa",
        "old_answer": "A"
    },
    {
        "qa_idx": 9,
        "qa_task": "spatial-relationship",
        "question": "Where is the pink animated character holding a vibrant jack-in-the-box toy with a green figure popping out?",
        "options": [
            "A. In a classroom filled with colorful decorations.",
            "B. In a cheerful and child-friendly indoor play area or children's room.",
            "C. In a cozy domestic kitchen setting.",
            "D. In a vibrant and cozy pink-walled bedroom."
        ],
        "answer": "B",
        "qa_level": "long_term",
        "qa_type": "mcqa",
        "old_answer": "B"
    },
    {
        "qa_idx": 11,
        "qa_task": "speed",
        "question": "Which character is faster in interacting with the toys, the pink pig or the rabbit character?",
        "options": [
            "A. The pink pig.",
            "B. The rabbit character.",
            "C. Both are at the same speed.",
            "D. None of the above."
        ],
        "answer": "A",
        "qa_level": "long_term",
        "qa_type": "mcqa",
        "old_answer": "A"
    },
    {
        "qa_idx": 14,
        "qa_task": "time-order",
        "question": "In which order do the events occur in the video from 3.0 to 1810.0 seconds?",
        "options": [
            "A. The video begins with the title 'Peppa Pig' and transitions to various interactions between animated characters. The scene shifts to a lively classroom or playroom filled with colorful decorations. The event concludes with a cheerful and lively indoors.",
            "B. The video begins with a bright and cheerful animation scene featuring a pink animated character standing on a blue abstract shape with the name 'Peppa Pig'. The scene transitions to an outdoor setting with a yellow building and grassy hill. The event concludes with an outdoor scene featuring two pigs standing near a single yellow flower.",
            "C. The video begins with two animated pig-like characters against a plain blue background. The scene transitions to a close-up view of an adult pig character with circular glasses. The event concludes with a cheerful pink animated character holding a yellow object outdoors on a grassy area.",
            "D. The video begins with an animated scene featuring a toy character in a colorful, playful indoor setting. The scene transitions to a vibrant and cozy pink-walled bedroom. The event concludes with a pastel-toned bathroom with whimsical design elements."
        ],
        "answer": "A",
        "qa_level": "long_term",
        "qa_type": "mcqa",
        "old_answer": "A"
    },
    {
        "qa_idx": 15,
        "qa_task": "descriptive-scene",
        "question": "Where do the animated characters interact with a blue truck loaded with household items and later engage in various activities around a table filled with educational and playful objects?",
        "options": [
            "A. In a classroom or playroom.",
            "B. In a garden.",
            "C. In a kitchen.",
            "D. In a living room."
        ],
        "answer": "A",
        "qa_level": "long_term",
        "qa_type": "mcqa",
        "old_answer": "A"
    }
]