[
    {
        "qa_idx": 0,
        "qa_type": "qa",
        "qa_level": "frame",
        "qa_task": "object understanding",
        "question": "Is there a striped yellow and black barrier in the foreground of the video frame at 2194.0 seconds?",
        "answer": "Yes",
        "old_answer": "Yes"
    },
    {
        "qa_idx": 1,
        "qa_task": "object understanding",
        "question": "What is the appearance of the alien on the right side of the frame at 208.0 seconds into the video?",
        "options": [
            "A. A green alien with three eyes, a round body, and small appendages.",
            "B. A blue alien with two eyes, a square body, and large appendages.",
            "C. A red alien with one eye, a triangular body, and no appendages.",
            "D. A yellow alien with four eyes, an oval body, and long appendages."
        ],
        "answer": "A",
        "qa_level": "frame",
        "qa_type": "mcqa",
        "old_answer": "A"
    },
    {
        "qa_idx": 2,
        "qa_type": "qa",
        "qa_level": "frame",
        "qa_task": "object understanding",
        "question": "Is there a yellow-framed window visible in the video frame at 29.0 seconds?",
        "answer": "Yes",
        "old_answer": "Yes"
    },
    {
        "qa_idx": 4,
        "qa_type": "qa",
        "qa_level": "within_event",
        "qa_task": "camera-direction",
        "question": "Does the camera remain stationary while the cartoon dog stands centrally in the cluttered room from 2645.0 to 2705.0 seconds?",
        "answer": "Yes",
        "old_answer": "Yes"
    },
    {
        "qa_idx": 5,
        "qa_task": "character-understanding",
        "question": "What is the color of the bed blanket in the video frame at 1457.0 seconds?",
        "options": [
            "A. Blue.",
            "B. Orange.",
            "C. Floral pattern.",
            "D. Green."
        ],
        "answer": "C",
        "qa_level": "frame",
        "qa_type": "mcqa",
        "old_answer": "C"
    },
    {
        "qa_idx": 6,
        "qa_type": "qa",
        "qa_level": "cross_event",
        "qa_task": "action-understanding",
        "question": "In the event from 720.0 to 781.0, does the character in medieval armor wielding a sword in an ornate hall eventually sit down to have a meal?",
        "answer": "No",
        "old_answer": "No"
    },
    {
        "qa_idx": 7,
        "qa_task": "object understanding",
        "question": "What is the appearance of the blue anthropomorphic figure in the space scene from 468.0 to 491.0 seconds?",
        "options": [
            "A. It has three eyes and antennae, and is carrying a light-emitting device.",
            "B. It has two eyes and wings, and is holding a star.",
            "C. It has one eye and a tail, and is carrying a book.",
            "D. It has four eyes and a hat, and is holding a planet."
        ],
        "answer": "A",
        "qa_level": "within_event",
        "qa_type": "mcqa",
        "old_answer": "A"
    },
    {
        "qa_idx": 8,
        "qa_task": "causal",
        "question": "Why did the scene transition from an outdoor environment to an indoor kitchen and living room setting between 3170.0 seconds to 3234.0 seconds?",
        "options": [
            "A. To introduce new characters and settings for dynamic interactions.",
            "B. To show the characters' journey from outside to inside.",
            "C. To highlight the contrast between outdoor and indoor environments.",
            "D. To depict the characters' daily routine."
        ],
        "answer": "A",
        "qa_level": "cross_event",
        "qa_type": "mcqa",
        "old_answer": "A"
    },
    {
        "qa_idx": 9,
        "qa_task": "time-order",
        "question": "In which order do the events occur in the video from 1.0 to 3524.0 seconds?",
        "options": [
            "A. Characters celebrate around a cake, then transition to a supermarket, followed by a dynamic scene in outer space, and finally a lively animated market.",
            "B. Characters celebrate around a cake, then transition to a dynamic scene in outer space, followed by a supermarket, and finally a lively animated market.",
            "C. Characters celebrate around a cake, then transition to a lively animated market, followed by a dynamic scene in outer space, and finally a supermarket.",
            "D. Characters celebrate around a cake, then transition to a supermarket, followed by a lively animated market, and finally a dynamic scene in outer space."
        ],
        "answer": "A",
        "qa_level": "long_term",
        "qa_type": "mcqa",
        "old_answer": "A"
    },
    {
        "qa_idx": 11,
        "qa_task": "speed",
        "question": "Which object is moving at high speed with two small fires emitting from its rear, indicating rapid motion or propulsion, between 1.0 and 3524.0 seconds?",
        "options": [
            "A. A large red object, possibly a vehicle or a vessel.",
            "B. A green figure.",
            "C. A dark brown figure.",
            "D. A pink and white cake."
        ],
        "answer": "A",
        "qa_level": "long_term",
        "qa_type": "mcqa",
        "old_answer": "A"
    },
    {
        "qa_idx": 12,
        "qa_task": "attribute-change",
        "question": "How does the setting change from the beginning to the end of the video event from 1.0 to 3524.0 seconds?",
        "options": [
            "A. From a colorful animated scene with a cake to a dynamic urban environment.",
            "B. From a serene suburban neighborhood to a chaotic kitchen scene.",
            "C. From an animated outer space scene to a vibrant indoor market.",
            "D. From a dynamic urban environment to a serene suburban neighborhood."
        ],
        "answer": "A",
        "qa_level": "long_term",
        "qa_type": "mcqa",
        "old_answer": "A"
    },
    {
        "qa_idx": 13,
        "qa_task": "character-understanding",
        "question": "What is the expression of the orange anthropomorphic cat when it is featured in front of a large screen displaying an erupting volcano?",
        "options": [
            "A. Happy and excited.",
            "B. Determined and slightly aggressive.",
            "C. Sad and crying.",
            "D. Calm and relaxed."
        ],
        "answer": "B",
        "qa_level": "long_term",
        "qa_type": "mcqa",
        "old_answer": "B"
    },
    {
        "qa_idx": 14,
        "qa_task": "object understanding",
        "question": "What is the large object that the green figure and dark brown figure are pointing towards in the animated scene at the beginning of the video (1.0 to 3524.0 seconds)?",
        "options": [
            "A. A large, multi-tiered pink and white cake.",
            "B. A large red vehicle.",
            "C. A blue refrigerator.",
            "D. A yellow tennis ball."
        ],
        "answer": "A",
        "qa_level": "long_term",
        "qa_type": "mcqa",
        "old_answer": "A"
    },
    {
        "qa_idx": 15,
        "qa_task": "descriptive-scene",
        "question": "Where do the animated characters interact with a large, multi-tiered pink and white cake?",
        "options": [
            "A. In a colorful animated scene.",
            "B. In a cluttered kitchen.",
            "C. In an office environment.",
            "D. In a supermarket."
        ],
        "answer": "A",
        "qa_level": "long_term",
        "qa_type": "mcqa",
        "old_answer": "A"
    }
]