[
    {
        "qa_idx": 0,
        "qa_type": "qa",
        "qa_level": "frame",
        "qa_task": "character-understanding",
        "question": "Were the individuals seated around a table at 9368.0 seconds into the video?",
        "answer": "Yes",
        "old_answer": "Yes"
    },
    {
        "qa_idx": 1,
        "qa_task": "descriptive-scene",
        "question": "What is the central image in the video frame at 9892.0 seconds?",
        "options": [
            "A. A beige hat with a black band and red horns.",
            "B. A circular logo with text and an emblematic face.",
            "C. A stylized design with bold colors.",
            "D. The word 'FRANCO'."
        ],
        "answer": "A",
        "qa_level": "frame",
        "qa_type": "mcqa",
        "old_answer": "A"
    },
    {
        "qa_idx": 2,
        "qa_type": "qa",
        "qa_level": "frame",
        "qa_task": "character-understanding",
        "question": "Were the individuals in the video frame at 9367.0 seconds engaged in conversation?",
        "answer": "Yes",
        "old_answer": "Yes"
    },
    {
        "qa_idx": 3,
        "qa_task": "spatial-relationship",
        "question": "What is prominently branded on the table in the scene at 8118.0 seconds?",
        "options": [
            "A. La Mesa Reñoña.",
            "B. Franco Escamilla.",
            "C. Team or club logos.",
            "D. Framed pictures."
        ],
        "answer": "B",
        "qa_level": "frame",
        "qa_type": "mcqa",
        "old_answer": "B"
    },
    {
        "qa_idx": 4,
        "qa_type": "qa",
        "qa_level": "within_event",
        "qa_task": "camera-direction",
        "question": "Does the camera remain stationary while capturing the participants seated at tables during the event from 2669.0 to 2784.0 seconds?",
        "answer": "No",
        "old_answer": "No"
    },
    {
        "qa_idx": 5,
        "qa_task": "object understanding",
        "question": "What items are prominently featured on the table in the studio setting at 6034.0 seconds into the video?",
        "options": [
            "A. Books and magazines.",
            "B. A cloth bearing a logo and microphones.",
            "C. Food and drinks.",
            "D. Laptops and tablets."
        ],
        "answer": "B",
        "qa_level": "frame",
        "qa_type": "mcqa",
        "old_answer": "B"
    },
    {
        "qa_idx": 6,
        "qa_type": "qa",
        "qa_level": "within_event",
        "qa_task": "camera-direction",
        "question": "From 6751.0 seconds to 7088.0 seconds, does the camera remain stationary during the talk show discussion?",
        "answer": "Yes",
        "old_answer": "Yes"
    },
    {
        "qa_idx": 7,
        "qa_type": "qa",
        "qa_level": "cross_event",
        "qa_task": "speed",
        "question": "Did the participants in the event from 373.0 to 576.0 appear to be engaged in a fast-paced discussion?",
        "answer": "No",
        "old_answer": "No"
    },
    {
        "qa_idx": 9,
        "qa_type": "qa",
        "qa_level": "cross_event",
        "qa_task": "action-understanding",
        "question": "In both video events from 5533.0 to 5616.0 and 5783.0 to 6216.0, is there a small dog present on the table?",
        "answer": "Yes",
        "old_answer": "Yes"
    },
    {
        "qa_idx": 10,
        "qa_type": "qa",
        "qa_level": "long_term",
        "qa_task": "object understanding",
        "question": "Is the 'Franco Escamilla' logo present on the table in the indoor setting where individuals are engaged in a lively group discussion from 116.0 to 9897.0 seconds?",
        "answer": "Yes",
        "old_answer": "Yes"
    },
    {
        "qa_idx": 11,
        "qa_task": "attribute-change",
        "question": "How does the depiction of the hat change from the beginning to the end of the event from 9888.0 to 9897.0 seconds?",
        "options": [
            "A. The hat changes from a black band to a red band.",
            "B. The hat changes from a straw hat with a black band to a tan-colored fedora with red devil horns.",
            "C. The hat changes from a tan-colored fedora to a straw hat with a black band.",
            "D. The hat changes from a red band to a black band."
        ],
        "answer": "B",
        "qa_level": "within_event",
        "qa_type": "mcqa",
        "old_answer": "B"
    },
    {
        "qa_idx": 14,
        "qa_task": "temporal-relationship",
        "question": "What happens after the scene transitions into a minimalist scene with a dark red background and a three-dimensional cube displaying intersecting lines?",
        "options": [
            "A. The scene features a geometric cube-like structure with bright white illuminated lines.",
            "B. The scene shows a group of individuals gathered around a table covered with a cloth bearing the 'Franco Escamilla' logo.",
            "C. The scene presents a logo or emblem featuring the word 'FRANCO' with two red horns.",
            "D. The scene depicts a lively studio setting with a group of individuals seated around a table."
        ],
        "answer": "A",
        "qa_level": "long_term",
        "qa_type": "mcqa",
        "old_answer": "A"
    },
    {
        "qa_idx": 19,
        "qa_task": "speed",
        "question": "How does the speed of the conversation change throughout the podcast or talk show from 116.0 to 9897.0 seconds?",
        "options": [
            "A. The conversation starts slow and gradually speeds up.",
            "B. The conversation maintains a consistent speed throughout.",
            "C. The conversation starts fast and gradually slows down.",
            "D. The conversation speed varies significantly with frequent changes."
        ],
        "answer": "B",
        "qa_level": "long_term",
        "qa_type": "mcqa",
        "old_answer": "B"
    },
    {
        "qa_idx": 20,
        "qa_task": "attribute-change",
        "question": "How does the background and logo change from the beginning to the end of the video event from 116.0 to 9897.0 seconds?",
        "options": [
            "A. The background changes from dark red to dark with red and white colors, and the logo changes from a three-dimensional cube to 'FRANCO' with two red horns.",
            "B. The background changes from light blue to dark green, and the logo changes from a circle to a square.",
            "C. The background remains the same throughout, and the logo does not change.",
            "D. The background changes from dark red to light yellow, and the logo changes from a three-dimensional cube to a star."
        ],
        "answer": "A",
        "qa_level": "long_term",
        "qa_type": "mcqa",
        "old_answer": "A"
    },
    {
        "qa_idx": 23,
        "qa_task": "time-order",
        "question": "In which order do the events occur in the video from 116.0 to 9897.0 seconds?",
        "options": [
            "A. The video starts with a Spanish copyright disclaimer, transitions to a minimalist scene with a three-dimensional cube, and then features a geometric cube-like structure with bright white illuminated lines.",
            "B. The video starts with a Spanish copyright disclaimer, transitions to a minimalist scene with a three-dimensional cube, and then features a lively indoor setting with a group of individuals around a table.",
            "C. The video starts with a Spanish copyright disclaimer, transitions to a lively indoor setting with a group of individuals around a table, and then features a minimalist scene with a three-dimensional cube.",
            "D. The video starts with a lively indoor setting with a group of individuals around a table, transitions to a Spanish copyright disclaimer, and then features a minimalist scene with a three-dimensional cube."
        ],
        "answer": "B",
        "qa_level": "long_term",
        "qa_type": "mcqa",
        "old_answer": "B"
    }
]