[
    {
        "qa_idx": 0,
        "qa_task": "spatial-relationship",
        "question": "What is the background surface in the frame at 1876.0 seconds?",
        "options": [
            "A. A metal surface.",
            "B. A glass surface.",
            "C. A wooden surface.",
            "D. A plastic surface."
        ],
        "answer": "C",
        "qa_level": "frame",
        "qa_type": "mcqa",
        "old_answer": "C"
    },
    {
        "qa_idx": 1,
        "qa_type": "qa",
        "qa_level": "frame",
        "qa_task": "character-understanding",
        "question": "At 386.0 seconds into the video, are the hands of an individual visible holding a keycap above an exposed switch?",
        "answer": "Yes",
        "old_answer": "Yes"
    },
    {
        "qa_idx": 2,
        "qa_task": "spatial-relationship",
        "question": "What is the person holding in the frame at 524.0 seconds?",
        "options": [
            "A. A rectangular box labeled 'ROG Bezel Free Kit'.",
            "B. A round object.",
            "C. A piece of paper.",
            "D. A wooden plank."
        ],
        "answer": "A",
        "qa_level": "frame",
        "qa_type": "mcqa",
        "old_answer": "A"
    },
    {
        "qa_idx": 4,
        "qa_type": "qa",
        "qa_level": "within_event",
        "qa_task": "object understanding",
        "question": "Is there a white cat in the final frames of the video event from 203.0 to 270.0 seconds?",
        "answer": "Yes",
        "old_answer": "Yes"
    },
    {
        "qa_idx": 6,
        "qa_type": "qa",
        "qa_level": "cross_event",
        "qa_task": "character-understanding",
        "question": "Was the man in both events wearing a colorful tie-dye shirt with the 'GUESS' logo from the time of 289.0 to 350.0 and 353.0 to 387.0?",
        "answer": "Yes",
        "old_answer": "Yes"
    },
    {
        "qa_idx": 7,
        "qa_type": "qa",
        "qa_level": "cross_event",
        "qa_task": "speed",
        "question": "Did the person in the colorful tie-dye shirt interact with the tech products at a fast pace between 1070.0 to 1130.0 seconds?",
        "answer": "No",
        "old_answer": "No"
    },
    {
        "qa_idx": 8,
        "qa_type": "qa",
        "qa_level": "long_term",
        "qa_task": "speed",
        "question": "Did the person handle the tech products quickly throughout the video from 2.0 to 2442.0 seconds?",
        "answer": "No",
        "old_answer": "No"
    },
    {
        "qa_idx": 9,
        "qa_type": "qa",
        "qa_level": "long_term",
        "qa_task": "action-understanding",
        "question": "After unboxing the various tech products, did the man in the tie-dye shirt start assembling a computer on the table? (Time: 2.0 to 2442.0 seconds)",
        "answer": "No",
        "old_answer": "No"
    },
    {
        "qa_idx": 12,
        "qa_task": "spatial-relationship",
        "question": "What is positioned on either side of the man wearing a tie-dye t-shirt with the 'GUESS?' logo in the modern indoor environment?",
        "options": [
            "A. Shelves filled with items.",
            "B. Potted plants.",
            "C. Geometric wall patterns.",
            "D. Colorful LED strip lights."
        ],
        "answer": "B",
        "qa_level": "long_term",
        "qa_type": "mcqa",
        "old_answer": "B"
    },
    {
        "qa_idx": 13,
        "qa_task": "causal",
        "question": "Why did the man in the tie-dye shirt hold up two light bulbs against a wooden backdrop?",
        "options": [
            "A. To showcase the Govee Bluetooth LED Bulbs.",
            "B. To demonstrate the use of a new tool.",
            "C. To compare different types of light bulbs.",
            "D. To highlight the features of a new electronic device."
        ],
        "answer": "A",
        "qa_level": "long_term",
        "qa_type": "mcqa",
        "old_answer": "A"
    },
    {
        "qa_idx": 16,
        "qa_task": "object-direction",
        "question": "In which direction does the man move while unboxing items from the open box in the video from 2.0 to 2442.0 seconds?",
        "options": [
            "A. Towards the left.",
            "B. Towards the right.",
            "C. Towards the camera.",
            "D. Away from the camera."
        ],
        "answer": "A",
        "qa_level": "long_term",
        "qa_type": "mcqa",
        "old_answer": "A"
    },
    {
        "qa_idx": 17,
        "qa_task": "speed",
        "question": "Which item was unboxed faster, the Corsair MP600 NVMe PCIe Gen4 x4 M.2 SSD or the AORUS NVMe Gen4 SSD, between 2.0 and 2442.0 seconds?",
        "options": [
            "A. Corsair MP600 NVMe PCIe Gen4 x4 M.2 SSD.",
            "B. AORUS NVMe Gen4 SSD.",
            "C. Both were unboxed at the same speed.",
            "D. None of the above."
        ],
        "answer": "A",
        "qa_level": "long_term",
        "qa_type": "mcqa",
        "old_answer": "A"
    },
    {
        "qa_idx": 18,
        "qa_task": "attribute-change",
        "question": "How does the background lighting change throughout the video from 2.0 to 2442.0 seconds?",
        "options": [
            "A. The background lighting remains the same.",
            "B. The background lighting changes from geometric patterns to plain colors.",
            "C. The background lighting changes from static colors to dynamic, color-changing LED panels.",
            "D. The background lighting changes from dark to bright white."
        ],
        "answer": "C",
        "qa_level": "long_term",
        "qa_type": "mcqa",
        "old_answer": "C"
    },
    {
        "qa_idx": 19,
        "qa_task": "character-understanding",
        "question": "What is the man wearing throughout the video from 2.0 to 2442.0 seconds?",
        "options": [
            "A. A colorful tie-dye shirt with the 'GUESS' logo.",
            "B. A plain white t-shirt.",
            "C. A black hoodie.",
            "D. A blue suit."
        ],
        "answer": "A",
        "qa_level": "long_term",
        "qa_type": "mcqa",
        "old_answer": "A"
    },
    {
        "qa_idx": 20,
        "qa_task": "object understanding",
        "question": "What brand of LED bulbs is prominently displayed on the table?",
        "options": [
            "A. Philips.",
            "B. Govee.",
            "C. Corsair.",
            "D. AORUS."
        ],
        "answer": "B",
        "qa_level": "long_term",
        "qa_type": "mcqa",
        "old_answer": "B"
    },
    {
        "qa_idx": 21,
        "qa_task": "time-order",
        "question": "In which order do the events occur in the video from 2.0 to 2442.0 seconds?",
        "options": [
            "A. The man unboxes a package, showcases LED bulbs, and then demonstrates a keyboard.",
            "B. The man demonstrates a keyboard, unboxes a package, and then showcases LED bulbs.",
            "C. The man showcases LED bulbs, demonstrates a keyboard, and then unboxes a package.",
            "D. The man unboxes a package, demonstrates a keyboard, and then showcases LED bulbs."
        ],
        "answer": "A",
        "qa_level": "long_term",
        "qa_type": "mcqa",
        "old_answer": "A"
    }
]