[
    {
        "qa_idx": 0,
        "qa_type": "qa",
        "qa_level": "frame",
        "qa_task": "character-understanding",
        "question": "Are the individuals in the frame dressed formally at 2410.0 seconds?",
        "answer": "Yes",
        "old_answer": "Yes"
    },
    {
        "qa_idx": 1,
        "qa_task": "descriptive-scene",
        "question": "Where does the scene at 524.0 seconds into the video take place?",
        "options": [
            "A. In a kitchen.",
            "B. In a living room.",
            "C. In a storage or workroom.",
            "D. In a garden."
        ],
        "answer": "C",
        "qa_level": "frame",
        "qa_type": "mcqa",
        "old_answer": "C"
    },
    {
        "qa_idx": 2,
        "qa_type": "qa",
        "qa_level": "frame",
        "qa_task": "character-understanding",
        "question": "Are there individuals seated at the conference table at 1611.0 seconds into the video?",
        "answer": "Yes",
        "old_answer": "Yes"
    },
    {
        "qa_idx": 3,
        "qa_task": "spatial-relationship",
        "question": "Where are the three individuals positioned in the office environment at 3929.0 seconds into the video?",
        "options": [
            "A. Near a structural support column.",
            "B. At a desk working on a computer.",
            "C. By the large windows.",
            "D. Next to the greenery."
        ],
        "answer": "A",
        "qa_level": "frame",
        "qa_type": "mcqa",
        "old_answer": "A"
    },
    {
        "qa_idx": 4,
        "qa_type": "qa",
        "qa_level": "within_event",
        "qa_task": "object understanding",
        "question": "Is there a gavel on the wooden desk in the formal environment from 5962.0 to 6029.0 seconds?",
        "answer": "Yes",
        "old_answer": "Yes"
    },
    {
        "qa_idx": 5,
        "qa_type": "qa",
        "qa_level": "within_event",
        "qa_task": "action-understanding",
        "question": "During the courtroom scene from 5756.0 to 5800.0 seconds, does the man in the suit perform a dance routine to entertain the audience?",
        "answer": "No",
        "old_answer": "No"
    },
    {
        "qa_idx": 6,
        "qa_task": "descriptive-scene",
        "question": "Where are the men standing in the video frame at 5284.0 seconds?",
        "options": [
            "A. In front of a historical or religious architecture.",
            "B. In a busy marketplace.",
            "C. Inside a modern office building.",
            "D. In a residential neighborhood."
        ],
        "answer": "A",
        "qa_level": "frame",
        "qa_type": "mcqa",
        "old_answer": "A"
    },
    {
        "qa_idx": 7,
        "qa_type": "qa",
        "qa_level": "cross_event",
        "qa_task": "object understanding",
        "question": "Are there any women wearing floral clothing in the video events from 1221.0 to 1346.0 and 1361.0 to 1380.0?",
        "answer": "Yes",
        "old_answer": "Yes"
    },
    {
        "qa_idx": 8,
        "qa_task": "plot-understanding",
        "question": "What is the primary activity depicted in the initial part of the video from 2073.0 to 2131.0 seconds?",
        "options": [
            "A. Cooking in the kitchen.",
            "B. Gardening and plant care.",
            "C. Playing a sport.",
            "D. Painting a house."
        ],
        "answer": "B",
        "qa_level": "within_event",
        "qa_type": "mcqa",
        "old_answer": "B"
    },
    {
        "qa_idx": 9,
        "qa_type": "qa",
        "qa_level": "long_term",
        "qa_task": "speed",
        "question": "Did the video show any scenes where the vehicles were moving at a high speed between 9.0 and 6142.0 seconds?",
        "answer": "No",
        "old_answer": "No"
    },
    {
        "qa_idx": 10,
        "qa_task": "object understanding",
        "question": "What items are cluttered on the large conference table in the office meeting scene from 1521.0 to 1587.0 seconds?",
        "options": [
            "A. Water bottles, a laptop, and other personal effects.",
            "B. Books, a projector, and a coffee machine.",
            "C. Notebooks, pens, and a whiteboard.",
            "D. Snacks, a tablet, and a printer."
        ],
        "answer": "A",
        "qa_level": "within_event",
        "qa_type": "mcqa",
        "old_answer": "A"
    },
    {
        "qa_idx": 11,
        "qa_task": "scene-understanding",
        "question": "What is the primary setting of the events described in both video descriptions from the time of 2433.0 to 2496.0 seconds and H to e seconds, respectively?",
        "options": [
            "A. A formal wedding or celebratory event.",
            "B. A business conference.",
            "C. A casual outdoor picnic.",
            "D. A sports event."
        ],
        "answer": "A",
        "qa_level": "cross_event",
        "qa_type": "mcqa",
        "old_answer": "A"
    },
    {
        "qa_idx": 12,
        "qa_task": "object understanding",
        "question": "What is the appearance and function of the small gray electronic device labeled 'A/0 HAND MT2000NQ SENSOR' in the video event from 5413.0 to 5424.0 seconds?",
        "options": [
            "A. A small gray electronic device used for sensing, with a label 'A/0 HAND MT2000NQ SENSOR'.",
            "B. A large black electronic device used for computing, with a label 'A/0 HAND MT2000NQ SENSOR'.",
            "C. A small gray electronic device used for communication, with a label 'A/0 HAND MT2000NQ SENSOR'.",
            "D. A medium-sized white electronic device used for storage, with a label 'A/0 HAND MT2000NQ SENSOR'."
        ],
        "answer": "A",
        "qa_level": "cross_event",
        "qa_type": "mcqa",
        "old_answer": "A"
    },
    {
        "qa_idx": 13,
        "qa_task": "temporal-relationship",
        "question": "What happened after the scene showing the overturned car on a deserted road at night?",
        "options": [
            "A. The scene transitions to the facade of the District and Sessions Court, Ranga Reddy.",
            "B. The scene shows a man in a suit in a softly lit indoor environment.",
            "C. The scene captures a calm night scene in a dimly lit car.",
            "D. The scene shows a vehicle upheaval under streetlights."
        ],
        "answer": "A",
        "qa_level": "long_term",
        "qa_type": "mcqa",
        "old_answer": "A"
    },
    {
        "qa_idx": 14,
        "qa_task": "spatial-relationship",
        "question": "Where is the man standing when he is seen holding a microphone labeled 'NTV'?",
        "options": [
            "A. Inside a car.",
            "B. Outside the courthouse.",
            "C. In a classroom.",
            "D. In a garden."
        ],
        "answer": "B",
        "qa_level": "long_term",
        "qa_type": "mcqa",
        "old_answer": "B"
    },
    {
        "qa_idx": 15,
        "qa_task": "time-order",
        "question": "In which order do the events occur in the video from 9.0 to 6142.0 seconds?",
        "options": [
            "A. The video reveals a certificate issued by the Central Board of Film Certification (CBFC. of India, followed by a title screen featuring 'GOLDMINES TELEFILMS PVT. LTD. PRESENTS', then a serene nighttime urban setting, and finally a chaotic vehicle upheaval under streetlights.",
            "B. The video reveals a certificate issued by the Central Board of Film Certification (CBFC. of India, followed by a title screen featuring 'GOLDMINES TELEFILMS PVT. LTD. PRESENTS', then a chaotic vehicle upheaval under streetlights, and finally a serene nighttime urban setting.",
            "C. The video reveals a certificate issued by the Central Board of Film Certification (CBFC. of India, followed by a chaotic vehicle upheaval under streetlights, then a title screen featuring 'GOLDMINES TELEFILMS PVT. LTD. PRESENTS', and finally a serene nighttime urban setting.",
            "D. The video reveals a certificate issued by the Central Board of Film Certification (CBFC. of India, followed by a serene nighttime urban setting, then a title screen featuring 'GOLDMINES TELEFILMS PVT. LTD. PRESENTS', and finally a chaotic vehicle upheaval under streetlights."
        ],
        "answer": "A",
        "qa_level": "long_term",
        "qa_type": "mcqa",
        "old_answer": "A"
    },
    {
        "qa_idx": 17,
        "qa_task": "camera-direction",
        "question": "What is the camera doing when the scene transitions from the indoor educational environment to the outdoor environment with lush greenery and children playing from 9.0 to 6142.0 seconds?",
        "options": [
            "A. The camera is zooming in on the children.",
            "B. The camera is panning from the indoor to the outdoor environment.",
            "C. The camera is tilting upwards to capture the sky.",
            "D. The camera is moving closer to the educational displays."
        ],
        "answer": "B",
        "qa_level": "long_term",
        "qa_type": "mcqa",
        "old_answer": "B"
    },
    {
        "qa_idx": 18,
        "qa_task": "speed",
        "question": "Which vehicle was moving faster in the video event from 9.0 to 6142.0 seconds?",
        "options": [
            "A. The motorcycle.",
            "B. The bicycle.",
            "C. Both were moving at the same speed.",
            "D. The car."
        ],
        "answer": "A",
        "qa_level": "long_term",
        "qa_type": "mcqa",
        "old_answer": "A"
    },
    {
        "qa_idx": 19,
        "qa_task": "attribute-change",
        "question": "How does the setting change from the beginning to the end of the video event from 9.0 to 6142.0 seconds?",
        "options": [
            "A. From a formal courtroom to a casual dining area.",
            "B. From a nighttime urban setting to a busy office environment.",
            "C. From a formal courtroom to a bustling media event.",
            "D. From a serene garden to a chaotic street scene."
        ],
        "answer": "C",
        "qa_level": "long_term",
        "qa_type": "mcqa",
        "old_answer": "C"
    },
    {
        "qa_idx": 20,
        "qa_task": "character-understanding",
        "question": "What is the boy wearing while engaged with light bulbs and wires in the educational environment?",
        "options": [
            "A. A checkered shirt and tie.",
            "B. A plain white shirt.",
            "C. A blue t-shirt.",
            "D. A red sweater."
        ],
        "answer": "A",
        "qa_level": "long_term",
        "qa_type": "mcqa",
        "old_answer": "A"
    },
    {
        "qa_idx": 21,
        "qa_task": "object understanding",
        "question": "What objects are visible on the desk in the indoor educational environment focused on a boy engaged with light bulbs and wires?",
        "options": [
            "A. A notebook, a pen, and a lamp.",
            "B. Notes, light bulbs, and wires.",
            "C. A computer, a mouse, and a keyboard.",
            "D. A book, a pencil, and a ruler."
        ],
        "answer": "B",
        "qa_level": "long_term",
        "qa_type": "mcqa",
        "old_answer": "B"
    },
    {
        "qa_idx": 22,
        "qa_task": "descriptive-scene",
        "question": "Where does the scene transition to after the nighttime urban setting with streetlights illuminating an empty road and a vehicle's approaching headlights?",
        "options": [
            "A. A courtroom or official meeting room.",
            "B. A serene nighttime urban setting.",
            "C. An indoor educational environment.",
            "D. A busy work environment filled with electronic equipment."
        ],
        "answer": "A",
        "qa_level": "long_term",
        "qa_type": "mcqa",
        "old_answer": "A"
    }
]