[
    {
        "qa_idx": 0,
        "qa_type": "qa",
        "qa_level": "frame",
        "qa_task": "character-understanding",
        "question": "Is the man on the right wearing a white cap at 6973.0 seconds into the video?",
        "answer": "Yes",
        "old_answer": "Yes"
    },
    {
        "qa_idx": 1,
        "qa_task": "spatial-relationship",
        "question": "At 1475.0 seconds into the video, what is the position of the man facing the camera relative to the other man?",
        "options": [
            "A. To the left of the other man.",
            "B. To the right of the other man.",
            "C. In front of the other man.",
            "D. Behind the other man."
        ],
        "answer": "C",
        "qa_level": "frame",
        "qa_type": "mcqa",
        "old_answer": "C"
    },
    {
        "qa_idx": 2,
        "qa_type": "qa",
        "qa_level": "frame",
        "qa_task": "object understanding",
        "question": "Is the first man wearing a scarf and a head covering at 6576.0 seconds into the video?",
        "answer": "Yes",
        "old_answer": "Yes"
    },
    {
        "qa_idx": 4,
        "qa_type": "qa",
        "qa_level": "within_event",
        "qa_task": "object understanding",
        "question": "Is there a potted plant on the left-hand side of the scene at the beginning of the video event from 4382.0 to 4440.0 seconds?",
        "answer": "Yes",
        "old_answer": "Yes"
    },
    {
        "qa_idx": 5,
        "qa_task": "character-understanding",
        "question": "What is the notable clothing item worn by one of the men in the video frame at 6619.0 seconds?",
        "options": [
            "A. A blue shirt.",
            "B. A red jacket.",
            "C. A green hat.",
            "D. A yellow scarf."
        ],
        "answer": "B",
        "qa_level": "frame",
        "qa_type": "mcqa",
        "old_answer": "B"
    },
    {
        "qa_idx": 6,
        "qa_type": "qa",
        "qa_level": "within_event",
        "qa_task": "character-understanding",
        "question": "Were there people shopping inside the convenience store from 949.0 to 993.0 seconds?",
        "answer": "Yes",
        "old_answer": "Yes"
    },
    {
        "qa_idx": 7,
        "qa_type": "qa",
        "qa_level": "cross_event",
        "qa_task": "character-understanding",
        "question": "Were there three individuals inside the vehicle in both events from 6000.0 to 6106.0 and 6147.0 to 6204.0?",
        "answer": "Yes",
        "old_answer": "Yes"
    },
    {
        "qa_idx": 8,
        "qa_task": "attribute-change",
        "question": "How does the lighting in the room change from the beginning to the end of the event from 5250.0 to 5300.0 seconds?",
        "options": [
            "A. The lighting changes from blue-tinged to warm.",
            "B. The lighting remains blue-tinged throughout.",
            "C. The lighting changes from warm to blue-tinged.",
            "D. The lighting remains warm throughout."
        ],
        "answer": "A",
        "qa_level": "within_event",
        "qa_type": "mcqa",
        "old_answer": "A"
    },
    {
        "qa_idx": 9,
        "qa_task": "camera-direction",
        "question": "Does the camera move closer to the picture frame or does it stay at a fixed distance from it in the video from 5.0 to 62.0 seconds?",
        "options": [
            "A. The camera moves closer to the picture frame.",
            "B. The camera stays at a fixed distance from the picture frame.",
            "C. The camera moves away from the picture frame.",
            "D. The camera circles around the picture frame."
        ],
        "answer": "B",
        "qa_level": "within_event",
        "qa_type": "mcqa",
        "old_answer": "B"
    },
    {
        "qa_idx": 10,
        "qa_task": "attribute-change",
        "question": "How does the lighting and atmosphere change from the beginning to the end of the events described between 5102.0 seconds to 5170.0 seconds and H seconds to e seconds?",
        "options": [
            "A. The lighting remains constant and the atmosphere stays contemplative throughout.",
            "B. The lighting changes from dimly-lit to brighter, and the atmosphere shifts from quiet and contemplative to busy and engaging.",
            "C. The lighting becomes darker and the atmosphere becomes more intense and dramatic.",
            "D. The lighting and atmosphere do not change significantly, maintaining a traditional and serene setting."
        ],
        "answer": "B",
        "qa_level": "cross_event",
        "qa_type": "mcqa",
        "old_answer": "B"
    },
    {
        "qa_idx": 11,
        "qa_task": "temporal-relationship",
        "question": "What happens after the scene featuring a serene natural landscape showcasing a tranquil body of water surrounded by lush greenery and dense trees?",
        "options": [
            "A. A bustling market setting with fresh green leafy vegetables and herbs showcased in woven baskets.",
            "B. A boy interacting with a pot, possibly indicating a cooking or ceremonial activity.",
            "C. A person partially submerged in a serene outdoor water setting, interacting with a metallic container while holding a red cloth.",
            "D. A large, slightly dilapidated house situated in a densely wooded area, with a small group of people walking nearby."
        ],
        "answer": "A",
        "qa_level": "long_term",
        "qa_type": "mcqa",
        "old_answer": "A"
    },
    {
        "qa_idx": 12,
        "qa_task": "spatial-relationship",
        "question": "Where is the boy positioned in the scene where he interacts with a pot?",
        "options": [
            "A. On the left-hand side.",
            "B. On the right-hand side.",
            "C. In the center.",
            "D. In the background."
        ],
        "answer": "B",
        "qa_level": "long_term",
        "qa_type": "mcqa",
        "old_answer": "B"
    },
    {
        "qa_idx": 14,
        "qa_task": "camera-direction",
        "question": "What is the camera doing when the scene transitions from the serene natural landscape to the bustling market setting between 5.0 and 7183.0 seconds?",
        "options": [
            "A. The camera is zooming in on the market setting.",
            "B. The camera is panning from the natural landscape to the market setting.",
            "C. The camera is tilting upwards to reveal the market setting.",
            "D. The camera is moving closer to the market setting."
        ],
        "answer": "B",
        "qa_level": "long_term",
        "qa_type": "mcqa",
        "old_answer": "B"
    },
    {
        "qa_idx": 15,
        "qa_task": "attribute-change",
        "question": "How does the setting change from the beginning to the end of the video event from 5.0 to 7183.0 seconds?",
        "options": [
            "A. From an official document to a serene rural environment.",
            "B. From a bustling market to a tranquil countryside.",
            "C. From an indoor setting to an outdoor rural landscape.",
            "D. From a busy urban area to a peaceful natural setting."
        ],
        "answer": "A",
        "qa_level": "long_term",
        "qa_type": "mcqa",
        "old_answer": "A"
    },
    {
        "qa_idx": 16,
        "qa_task": "character-understanding",
        "question": "What is the woman wearing in the scene where she is standing near a stone structure by a body of water, surrounded by a lush, rolling hillside adorned with trees and greenery?",
        "options": [
            "A. Light-colored clothing with hoop earrings and a wristwatch.",
            "B. A red jacket and a cap.",
            "C. A blue scarf and a white hat.",
            "D. A beige coat and a blue scarf."
        ],
        "answer": "A",
        "qa_level": "long_term",
        "qa_type": "mcqa",
        "old_answer": "A"
    },
    {
        "qa_idx": 17,
        "qa_task": "object understanding",
        "question": "What kind of containers are used to showcase fresh green leafy vegetables and herbs in the bustling market setting?",
        "options": [
            "A. Plastic containers.",
            "B. Woven baskets made of natural plant fibers.",
            "C. Metal containers.",
            "D. Glass jars."
        ],
        "answer": "B",
        "qa_level": "long_term",
        "qa_type": "mcqa",
        "old_answer": "B"
    },
    {
        "qa_idx": 18,
        "qa_task": "time-order",
        "question": "In which order do the events occur in the video from 5.0 to 7183.0 seconds?",
        "options": [
            "A. The event begins with an official document issued by the Government of India, followed by a bustling market setting, then a boy interacting with a pot, and later a rural setting featuring a modest brick house.",
            "B. The event begins with a bustling market setting, followed by an official document issued by the Government of India, then a boy interacting with a pot, and later a rural setting featuring a modest brick house.",
            "C. The event begins with a boy interacting with a pot, followed by a bustling market setting, then an official document issued by the Government of India, and later a rural setting featuring a modest brick house.",
            "D. The event begins with a rural setting featuring a modest brick house, followed by a boy interacting with a pot, then a bustling market setting, and later an official document issued by the Government of India."
        ],
        "answer": "A",
        "qa_level": "long_term",
        "qa_type": "mcqa",
        "old_answer": "A"
    }
]