[
    {
        "qa_idx": 0,
        "qa_type": "qa",
        "qa_level": "frame",
        "qa_task": "object understanding",
        "question": "Is the person in the video frame handling a green seasoning or ingredient at 779.0 seconds?",
        "answer": "Yes",
        "old_answer": "Yes"
    },
    {
        "qa_idx": 1,
        "qa_task": "spatial-relationship",
        "question": "Where is the woman positioned in the frame at the 1360.0-second mark?",
        "options": [
            "A. On the far left.",
            "B. On the far right.",
            "C. Centrally positioned.",
            "D. In front of the window."
        ],
        "answer": "C",
        "qa_level": "frame",
        "qa_type": "mcqa",
        "old_answer": "C"
    },
    {
        "qa_idx": 2,
        "qa_type": "qa",
        "qa_level": "frame",
        "qa_task": "object understanding",
        "question": "Is there a large white refrigerator with gold handles in the background at 875.0 seconds into the video?",
        "answer": "Yes",
        "old_answer": "Yes"
    },
    {
        "qa_idx": 4,
        "qa_type": "qa",
        "qa_level": "within_event",
        "qa_task": "speed",
        "question": "From 172.0 to 213.0 seconds, is the person chopping vegetables at a fast pace?",
        "answer": "No",
        "old_answer": "No"
    },
    {
        "qa_idx": 6,
        "qa_type": "qa",
        "qa_level": "within_event",
        "qa_task": "character-understanding",
        "question": "Were several individuals engaged in food preparation in the kitchen from 506.0 to 613.0 seconds?",
        "answer": "Yes",
        "old_answer": "Yes"
    },
    {
        "qa_idx": 7,
        "qa_type": "qa",
        "qa_level": "cross_event",
        "qa_task": "object understanding",
        "question": "Is there a man wearing glasses in both video events from 1611.0 to 1671.0 and 1672.0 to 1730.0?",
        "answer": "Yes",
        "old_answer": "Yes"
    },
    {
        "qa_idx": 8,
        "qa_task": "camera-direction",
        "question": "During the video event from 431.0 to 503.0 seconds, what is the camera focusing on when the man is holding a large letter 'K'?",
        "options": [
            "A. The countertop cluttered with fresh vegetables.",
            "B. The green-tiled backsplash with food processors on the counter.",
            "C. The refrigerator and oven.",
            "D. The shelves and pantry displaying jars and bottles."
        ],
        "answer": "B",
        "qa_level": "within_event",
        "qa_type": "mcqa",
        "old_answer": "B"
    },
    {
        "qa_idx": 9,
        "qa_type": "qa",
        "qa_level": "cross_event",
        "qa_task": "character-understanding",
        "question": "Were there two individuals actively involved in meal preparation in both video events from 874.0 to 884.0 and 885.0 to 943.0 seconds?",
        "answer": "Yes",
        "old_answer": "Yes"
    },
    {
        "qa_idx": 10,
        "qa_type": "qa",
        "qa_level": "long_term",
        "qa_task": "object understanding",
        "question": "Is there a 'Kroger Mystery Box' present in the kitchen scenes between 11.0 and 1824.0 seconds?",
        "answer": "Yes",
        "old_answer": "Yes"
    },
    {
        "qa_idx": 11,
        "qa_type": "qa",
        "qa_level": "long_term",
        "qa_task": "object understanding",
        "question": "Is there a refrigerator with brass handles visible in the kitchen scenes between 11.0 and 1824.0 seconds?",
        "answer": "Yes",
        "old_answer": "Yes"
    },
    {
        "qa_idx": 13,
        "qa_task": "spatial-relationship",
        "question": "Where is the person in a dark tie-dye shirt and apron positioned in relation to the white refrigerator with brass handles?",
        "options": [
            "A. Near the stove.",
            "B. In front of the white refrigerator.",
            "C. Behind the countertop.",
            "D. Near the pantry."
        ],
        "answer": "B",
        "qa_level": "long_term",
        "qa_type": "mcqa",
        "old_answer": "B"
    },
    {
        "qa_idx": 14,
        "qa_task": "causal",
        "question": "Why are the individuals in the kitchen actively engaged in cooking activities from 11.0 to 1824.0 seconds?",
        "options": [
            "A. They are preparing for a cooking demonstration.",
            "B. They are cleaning the kitchen.",
            "C. They are organizing a party.",
            "D. They are filming a movie."
        ],
        "answer": "A",
        "qa_level": "long_term",
        "qa_type": "mcqa",
        "old_answer": "A"
    },
    {
        "qa_idx": 17,
        "qa_task": "speed",
        "question": "Which activity is performed faster in the kitchen between 11.0 and 1824.0 seconds?",
        "options": [
            "A. Chopping vegetables.",
            "B. Stirring a pot on the stove.",
            "C. Preparing food on trays.",
            "D. Handling a large silver pot on the stove."
        ],
        "answer": "A",
        "qa_level": "long_term",
        "qa_type": "mcqa",
        "old_answer": "A"
    },
    {
        "qa_idx": 18,
        "qa_task": "attribute-change",
        "question": "How does the kitchen environment change from the beginning to the end of the video event descriptions from 11.0 to 1824.0 seconds?",
        "options": [
            "A. The kitchen becomes more cluttered with cooking ingredients and utensils.",
            "B. The kitchen becomes less organized and more chaotic.",
            "C. The kitchen remains the same throughout the video.",
            "D. The kitchen becomes cleaner and more organized."
        ],
        "answer": "A",
        "qa_level": "long_term",
        "qa_type": "mcqa",
        "old_answer": "A"
    }
]