[
    {
        "qa_idx": 0,
        "qa_type": "qa",
        "qa_level": "frame",
        "qa_task": "object understanding",
        "question": "Is there a hand-drawn character with an expressive face in the frame at the 1109.0-second mark?",
        "answer": "Yes",
        "old_answer": "Yes"
    },
    {
        "qa_idx": 1,
        "qa_type": "qa",
        "qa_level": "frame",
        "qa_task": "character-understanding",
        "question": "Are two of the characters wearing helmets in the frame at 255.0 seconds?",
        "answer": "Yes",
        "old_answer": "Yes"
    },
    {
        "qa_idx": 2,
        "qa_task": "spatial-relationship",
        "question": "What is situated in front of the piano at 118.0 seconds into the video?",
        "options": [
            "A. A large red curtain.",
            "B. A microphone on a stand.",
            "C. A cartoon character.",
            "D. A spotlight."
        ],
        "answer": "B",
        "qa_level": "frame",
        "qa_type": "mcqa",
        "old_answer": "B"
    },
    {
        "qa_idx": 4,
        "qa_type": "qa",
        "qa_level": "within_event",
        "qa_task": "object understanding",
        "question": "Is there a piano keyboard graphic on the top left corner of the yellow building named 'Jimbo's Music' from 4.0 to 63.0 seconds?",
        "answer": "Yes",
        "old_answer": "Yes"
    },
    {
        "qa_idx": 6,
        "qa_type": "qa",
        "qa_level": "cross_event",
        "qa_task": "action-understanding",
        "question": "In the event from 563.0 to 631.0 seconds, does the blue figure with an oval head use a washing machine?",
        "answer": "No",
        "old_answer": "No"
    },
    {
        "qa_idx": 8,
        "qa_task": "causal",
        "question": "Why does the blue figure hold a bucket in the scene from 1377.0 to 1438.0 seconds?",
        "options": [
            "A. To interact with the pink figure in a playful manner.",
            "B. To clean the crumpled paper.",
            "C. To draw more doodles on the lined paper.",
            "D. To climb the ladder."
        ],
        "answer": "A",
        "qa_level": "cross_event",
        "qa_type": "mcqa",
        "old_answer": "A"
    },
    {
        "qa_idx": 10,
        "qa_task": "temporal-relationship",
        "question": "What happens after the character in a blue outfit walks toward the left surrounded by colorful hanging accordion-like instruments?",
        "options": [
            "A. The scene transitions to a radio studio with a central person engaged in a broadcast or recording activity.",
            "B. The scene shifts to an animated stage performance with a white character seated behind a blue grand piano.",
            "C. The scene shows a character in a purple coat smiling and holding sparklers.",
            "D. The scene transitions to a modest room where an individual on a bed closely observes a television showing animated characters in a musical performance."
        ],
        "answer": "A",
        "qa_level": "long_term",
        "qa_type": "mcqa",
        "old_answer": "A"
    },
    {
        "qa_idx": 11,
        "qa_task": "causal",
        "question": "Why did the character in a blue outfit walk towards the left surrounded by colorful hanging accordion-like instruments?",
        "options": [
            "A. To interact with the musical instruments.",
            "B. To find a place to sit.",
            "C. To meet another character.",
            "D. To exit the scene."
        ],
        "answer": "A",
        "qa_level": "long_term",
        "qa_type": "mcqa",
        "old_answer": "A"
    },
    {
        "qa_idx": 13,
        "qa_task": "object-direction",
        "question": "In which direction does the character in a blue outfit walk surrounded by colorful hanging accordion-like instruments?",
        "options": [
            "A. Toward the left.",
            "B. Toward the right.",
            "C. Upward.",
            "D. Downward."
        ],
        "answer": "A",
        "qa_level": "long_term",
        "qa_type": "mcqa",
        "old_answer": "A"
    },
    {
        "qa_idx": 14,
        "qa_task": "speed",
        "question": "Which character is depicted moving faster in the video from 4.0 to 1803.0 seconds?",
        "options": [
            "A. The character walking along the sidewalk next to a blue striped awning building.",
            "B. The character energetically walking next to a blue brick wall with a green chain-link fence.",
            "C. The character delicately holding a slip marked '2718' against the gradient sky.",
            "D. The character standing on a stage near a blue grand piano and yellow microphone stand."
        ],
        "answer": "B",
        "qa_level": "long_term",
        "qa_type": "mcqa",
        "old_answer": "B"
    },
    {
        "qa_idx": 15,
        "qa_task": "attribute-change",
        "question": "How does the background change from the beginning to the end of the video from 4.0 to 1803.0 seconds?",
        "options": [
            "A. From a colorful and animated aesthetic to a minimalistic lined notebook paper background.",
            "B. From a minimalistic lined notebook paper background to a colorful and animated aesthetic.",
            "C. From a dark and gloomy setting to a bright and cheerful setting.",
            "D. From a realistic urban environment to a fantasy world."
        ],
        "answer": "A",
        "qa_level": "long_term",
        "qa_type": "mcqa",
        "old_answer": "A"
    },
    {
        "qa_idx": 16,
        "qa_task": "object understanding",
        "question": "What musical instruments are prominently featured in the whimsical neighborhood setting and the animated stage performance?",
        "options": [
            "A. Drums and guitars.",
            "B. Accordions and pianos.",
            "C. Violins and flutes.",
            "D. Trumpets and saxophones."
        ],
        "answer": "B",
        "qa_level": "long_term",
        "qa_type": "mcqa",
        "old_answer": "B"
    }
]