[
    {
        "qa_idx": 0,
        "qa_type": "qa",
        "qa_level": "frame",
        "qa_task": "object understanding",
        "question": "Are there two anthropomorphic characters seated on a blue sofa in the frame at 113.0 seconds?",
        "answer": "Yes",
        "old_answer": "Yes"
    },
    {
        "qa_idx": 1,
        "qa_task": "character-understanding",
        "question": "What is depicted in the wooden framed picture on the left side of the room at 2408.0 seconds into the video?",
        "options": [
            "A. A building in a desert landscape.",
            "B. A forest scene.",
            "C. A city skyline.",
            "D. A beach view."
        ],
        "answer": "A",
        "qa_level": "frame",
        "qa_type": "mcqa",
        "old_answer": "A"
    },
    {
        "qa_idx": 2,
        "qa_type": "qa",
        "qa_level": "within_event",
        "qa_task": "camera-direction",
        "question": "Does the camera remain stationary when capturing the initial exterior scene of the building from 3103.0 to 3161.0 seconds?",
        "answer": "Yes",
        "old_answer": "Yes"
    },
    {
        "qa_idx": 3,
        "qa_task": "descriptive-scene",
        "question": "What is the monetary value indicated on the sign in the video frame at 1117.0 seconds?",
        "options": [
            "A. RS. 100/-.",
            "B. RS. 50/-.",
            "C. RS. 20/-.",
            "D. RS. 10/-."
        ],
        "answer": "B",
        "qa_level": "frame",
        "qa_type": "mcqa",
        "old_answer": "B"
    },
    {
        "qa_idx": 4,
        "qa_task": "object understanding",
        "question": "What is the primary focus of the scene at 2267.0 seconds into the video?",
        "options": [
            "A. A large sand whirlwind.",
            "B. A group of animals.",
            "C. A flowing river.",
            "D. A dense forest."
        ],
        "answer": "A",
        "qa_level": "frame",
        "qa_type": "mcqa",
        "old_answer": "A"
    },
    {
        "qa_idx": 5,
        "qa_type": "qa",
        "qa_level": "cross_event",
        "qa_task": "character-understanding",
        "question": "Were there three cartoonish anthropomorphic characters present in both the brightly lit room and the whimsical desert scene from 1980.0 to 1990.0 and 1992.0 to 2056.0?",
        "answer": "Yes",
        "old_answer": "Yes"
    },
    {
        "qa_idx": 6,
        "qa_type": "qa",
        "qa_level": "long_term",
        "qa_task": "object understanding",
        "question": "Is there a red vehicle present in the video from 2.0 to 3192.0 seconds?",
        "answer": "Yes",
        "old_answer": "Yes"
    },
    {
        "qa_idx": 7,
        "qa_task": "camera-direction",
        "question": "During the scene from 1697.0 to 1755.0 seconds, how does the camera movement emphasize the high-stakes climbing scenario?",
        "options": [
            "A. The camera zooms in on the characters' faces to show their expressions.",
            "B. The camera pans across the mountainous outdoor setting to show the environment.",
            "C. The camera focuses on the characters hanging precariously from a wooden beam beneath a bridge.",
            "D. The camera moves away from the characters to show the entire cliff."
        ],
        "answer": "C",
        "qa_level": "within_event",
        "qa_type": "mcqa",
        "old_answer": "C"
    },
    {
        "qa_idx": 8,
        "qa_task": "object-direction",
        "question": "In the video events from 2366.0 to 2427.0 seconds and H to e seconds, what is the direction of the movement of the debris and sand after the explosion?",
        "options": [
            "A. From left to right.",
            "B. From right to left.",
            "C. Upwards into the air.",
            "D. Downwards to the ground."
        ],
        "answer": "C",
        "qa_level": "cross_event",
        "qa_type": "mcqa",
        "old_answer": "C"
    },
    {
        "qa_idx": 9,
        "qa_task": "causal",
        "question": "Why did the animated mice celebrate in the scene from 2685.0 to 2747.0 seconds?",
        "options": [
            "A. They successfully completed their project and reached the final point: North Pole.",
            "B. They found a hidden treasure in the park.",
            "C. They won a game on the blue laptop.",
            "D. They discovered a new species of animal."
        ],
        "answer": "A",
        "qa_level": "cross_event",
        "qa_type": "mcqa",
        "old_answer": "A"
    },
    {
        "qa_idx": 11,
        "qa_task": "spatial-relationship",
        "question": "Where is the red service truck located when the pink character in a blue uniform walks alongside it?",
        "options": [
            "A. In a residential area.",
            "B. In a park-like setting.",
            "C. Near a central road.",
            "D. Inside a house."
        ],
        "answer": "A",
        "qa_level": "long_term",
        "qa_type": "mcqa",
        "old_answer": "A"
    },
    {
        "qa_idx": 13,
        "qa_task": "camera-direction",
        "question": "How does the camera move in the scene from 2.0 to 3192.0 seconds when the red delivery truck is shown driving down the road in the suburban neighborhood?",
        "options": [
            "A. The camera moves closer to the truck.",
            "B. The camera moves away from the truck.",
            "C. The camera remains stationary.",
            "D. The camera follows the truck from behind."
        ],
        "answer": "D",
        "qa_level": "long_term",
        "qa_type": "mcqa",
        "old_answer": "D"
    },
    {
        "qa_idx": 14,
        "qa_task": "speed",
        "question": "Which vehicle is moving faster in the video from 2.0 to 3192.0 seconds?",
        "options": [
            "A. The red delivery truck.",
            "B. The orange car with an open hood.",
            "C. The red car with a low-charged battery.",
            "D. The red car in the high-speed chase."
        ],
        "answer": "D",
        "qa_level": "long_term",
        "qa_type": "mcqa",
        "old_answer": "D"
    },
    {
        "qa_idx": 15,
        "qa_task": "attribute-change",
        "question": "How does the condition of the red truck change from the beginning to the end of the video event spanning from 2.0 to 3192.0 seconds?",
        "options": [
            "A. The red truck remains in perfect condition throughout the video.",
            "B. The red truck is initially in good condition but becomes visibly damaged by the end.",
            "C. The red truck starts off damaged and gets repaired by the end.",
            "D. The red truck is never shown in the video."
        ],
        "answer": "B",
        "qa_level": "long_term",
        "qa_type": "mcqa",
        "old_answer": "B"
    },
    {
        "qa_idx": 16,
        "qa_task": "object understanding",
        "question": "What objects are featured in the kitchen-like setting where characters perform tasks around the light switch?",
        "options": [
            "A. Household objects and a light switch.",
            "B. A red vehicle and a green character.",
            "C. A tree and a car.",
            "D. A vintage rotary phone and a red book."
        ],
        "answer": "A",
        "qa_level": "long_term",
        "qa_type": "mcqa",
        "old_answer": "A"
    }
]