[
    {
        "qa_idx": 0,
        "qa_type": "qa",
        "qa_level": "frame",
        "qa_task": "object understanding",
        "question": "Is there a model ship displayed on the shelves in the studio at 3604.0 seconds into the video?",
        "answer": "Yes",
        "old_answer": "Yes"
    },
    {
        "qa_idx": 3,
        "qa_type": "qa",
        "qa_level": "within_event",
        "qa_task": "character-understanding",
        "question": "Were the individuals engaged in a conversation seated around a table equipped with professional microphones and headphones from 2104.0 to 2355.0 seconds?",
        "answer": "Yes",
        "old_answer": "Yes"
    },
    {
        "qa_idx": 6,
        "qa_task": "descriptive-scene",
        "question": "Where does the scene at 4605.0 seconds into the video take place?",
        "options": [
            "A. In a kitchen.",
            "B. In a recording studio.",
            "C. In a casual indoor setting.",
            "D. In a garden."
        ],
        "answer": "C",
        "qa_level": "frame",
        "qa_type": "mcqa",
        "old_answer": "C"
    },
    {
        "qa_idx": 10,
        "qa_task": "speed",
        "question": "From 1354.0 to 1414.0 seconds, which element in the room is likely to change its position the fastest?",
        "options": [
            "A. The plant in the foreground.",
            "B. The model ship on the shelf.",
            "C. The microphones on the table.",
            "D. The social media handles and promotional content displayed on the overlay text."
        ],
        "answer": "D",
        "qa_level": "within_event",
        "qa_type": "mcqa",
        "old_answer": "D"
    },
    {
        "qa_idx": 11,
        "qa_task": "speed",
        "question": "How does the speed of the conversation in the podcast setting (354.0 to 415.0 seconds) compare to the speed of the event in the second description?",
        "options": [
            "A. The conversation in the podcast is faster.",
            "B. The conversation in the podcast is slower.",
            "C. The conversation in the podcast and the event in the second description have the same speed.",
            "D. The speed of the conversation in the podcast cannot be compared to the event in the second description."
        ],
        "answer": "D",
        "qa_level": "cross_event",
        "qa_type": "mcqa",
        "old_answer": "D"
    },
    {
        "qa_idx": 16,
        "qa_task": "descriptive-scene",
        "question": "Where does the event take place from 354.0 seconds to 5605.0 seconds?",
        "options": [
            "A. In a recording studio.",
            "B. In a living room.",
            "C. In a classroom.",
            "D. In a kitchen."
        ],
        "answer": "A",
        "qa_level": "long_term",
        "qa_type": "mcqa",
        "old_answer": "A"
    },
    {
        "qa_idx": 18,
        "qa_task": "object-direction",
        "question": "In which direction are the individuals seated around the table facing during the podcast recording from 354.0 to 5605.0 seconds?",
        "options": [
            "A. Towards the camera.",
            "B. Away from the camera.",
            "C. Towards each other.",
            "D. Towards the shelves."
        ],
        "answer": "C",
        "qa_level": "long_term",
        "qa_type": "mcqa",
        "old_answer": "C"
    },
    {
        "qa_idx": 19,
        "qa_task": "camera-direction",
        "question": "In the video sequence from 354.0 to 5605.0 seconds, how does the camera move to capture the podcast or discussion setting?",
        "options": [
            "A. The camera moves closer to the individuals.",
            "B. The camera pans around the room.",
            "C. The camera remains stationary.",
            "D. The camera zooms out to show the entire room."
        ],
        "answer": "C",
        "qa_level": "long_term",
        "qa_type": "mcqa",
        "old_answer": "C"
    },
    {
        "qa_idx": 20,
        "qa_task": "speed",
        "question": "How does the speed of the conversation change throughout the podcast recording session from 354.0 seconds to 5605.0 seconds?",
        "options": [
            "A. The conversation starts slow and gradually speeds up.",
            "B. The conversation maintains a consistent speed throughout.",
            "C. The conversation starts fast and gradually slows down.",
            "D. The conversation speed fluctuates frequently."
        ],
        "answer": "B",
        "qa_level": "long_term",
        "qa_type": "mcqa",
        "old_answer": "B"
    },
    {
        "qa_idx": 21,
        "qa_task": "attribute-change",
        "question": "How does the setting of the recording studio change over the course of the video from 354.0 seconds to 5605.0 seconds?",
        "options": [
            "A. The setting remains the same throughout the video.",
            "B. The setting changes from a casual to a more professional atmosphere.",
            "C. The setting changes from a professional to a more casual atmosphere.",
            "D. The setting changes from a tech-themed to a nature-themed atmosphere."
        ],
        "answer": "A",
        "qa_level": "long_term",
        "qa_type": "mcqa",
        "old_answer": "A"
    },
    {
        "qa_idx": 24,
        "qa_task": "time-order",
        "question": "In which order do the events occur in the video from 354.0 seconds to 5605.0 seconds?",
        "options": [
            "A. The event sequence begins with a well-lit recording studio setting where several individuals are engaged in a conversation or a podcast. The scene captures three individuals seated around a table equipped with microphones, engaged in a conversation or discussion. The video captures a scene in a studio setting arranged for a podcast or talk show recording session, featuring three individuals engaging in an in-depth discussion.",
            "B. The event sequence begins with a well-lit recording studio setting where several individuals are engaged in a conversation or a podcast. The video captures a scene in a studio setting arranged for a podcast or talk show recording session, featuring three individuals engaging in an in-depth discussion. The scene captures three individuals seated around a table equipped with microphones, engaged in a conversation or discussion.",
            "C. The scene captures three individuals seated around a table equipped with microphones, engaged in a conversation or discussion. The event sequence begins with a well-lit recording studio setting where several individuals are engaged in a conversation or a podcast. The video captures a scene in a studio setting arranged for a podcast or talk show recording session, featuring three individuals engaging in an in-depth discussion.",
            "D. The video captures a scene in a studio setting arranged for a podcast or talk show recording session, featuring three individuals engaging in an in-depth discussion. The event sequence begins with a well-lit recording studio setting where several individuals are engaged in a conversation or a podcast. The scene captures three individuals seated around a table equipped with microphones, engaged in a conversation or discussion."
        ],
        "answer": "A",
        "qa_level": "long_term",
        "qa_type": "mcqa",
        "old_answer": "A"
    },
    {
        "qa_idx": 25,
        "qa_task": "descriptive-scene",
        "question": "Where are the individuals in the video engaged in a discussion?",
        "options": [
            "A. In a recording studio.",
            "B. In a living room.",
            "C. In a garden.",
            "D. In an office."
        ],
        "answer": "A",
        "qa_level": "long_term",
        "qa_type": "mcqa",
        "old_answer": "A"
    }
]