[
    {
        "qa_idx": 0,
        "qa_type": "qa",
        "qa_level": "frame",
        "qa_task": "object understanding",
        "question": "Is there a large window on the left side of the scene at 3553.0 seconds?",
        "answer": "Yes",
        "old_answer": "Yes"
    },
    {
        "qa_idx": 1,
        "qa_task": "descriptive-scene",
        "question": "What is the setting of the scene at 1218.0 seconds into the video?",
        "options": [
            "A. A summer beach party.",
            "B. A casual outdoor winter event.",
            "C. A spring garden festival.",
            "D. An indoor birthday party."
        ],
        "answer": "B",
        "qa_level": "frame",
        "qa_type": "mcqa",
        "old_answer": "B"
    },
    {
        "qa_idx": 2,
        "qa_type": "qa",
        "qa_level": "frame",
        "qa_task": "object understanding",
        "question": "Are there three anthropomorphic figures represented by shadows in the frame at 4018.0 seconds?",
        "answer": "Yes",
        "old_answer": "Yes"
    },
    {
        "qa_idx": 3,
        "qa_task": "object understanding",
        "question": "What is the color of the tablecloth on the table in the room at 1858.0 seconds into the video?",
        "options": [
            "A. Red.",
            "B. Green.",
            "C. Light blue.",
            "D. White."
        ],
        "answer": "C",
        "qa_level": "frame",
        "qa_type": "mcqa",
        "old_answer": "C"
    },
    {
        "qa_idx": 4,
        "qa_type": "qa",
        "qa_level": "within_event",
        "qa_task": "object understanding",
        "question": "Is the animated cat character wearing a teal outfit with a sleep cap at any point in the video from 3423.0 to 3485.0 seconds?",
        "answer": "Yes",
        "old_answer": "Yes"
    },
    {
        "qa_idx": 5,
        "qa_type": "qa",
        "qa_level": "cross_event",
        "qa_task": "object understanding",
        "question": "In the event from 3978.0 to 4038.0, is there a framed picture of a pear in the background?",
        "answer": "Yes",
        "old_answer": "Yes"
    },
    {
        "qa_idx": 7,
        "qa_task": "speed",
        "question": "During the event from 3762.0 to 3822.0 seconds, which cat is moving faster?",
        "options": [
            "A. The black cat with a red nose.",
            "B. The pink cat with a yellow dress.",
            "C. Both cats are moving at the same speed.",
            "D. None of the above."
        ],
        "answer": "C",
        "qa_level": "within_event",
        "qa_type": "mcqa",
        "old_answer": "C"
    },
    {
        "qa_idx": 8,
        "qa_task": "speed",
        "question": "How does the speed of the events change from the time of 3621.0 seconds to 3689.0 seconds in Description 1?",
        "options": [
            "A. The events start slow and become faster as the scene transitions.",
            "B. The events maintain a consistent speed throughout.",
            "C. The events start fast and slow down as the scene transitions.",
            "D. The events have no noticeable change in speed."
        ],
        "answer": "A",
        "qa_level": "cross_event",
        "qa_type": "mcqa",
        "old_answer": "A"
    },
    {
        "qa_idx": 10,
        "qa_task": "temporal-relationship",
        "question": "What happens after the scene featuring the orange cat resting under a blue blanket with a small colorful toy nearby?",
        "options": [
            "A. The scene transitions to playful interactions between two cartoon cats standing indoors with a checkerboard and a red alarm clock.",
            "B. The scene transitions to a vibrant animated scene featuring a large orange cat resting under a blue blanket.",
            "C. The scene transitions to a whimsical outdoor scene set against a bright blue sky featuring a cartoonish orange cat dressed in a blue jacket and a purple tie.",
            "D. The scene transitions to an indoor setting with light yellow vertical stripes, wall decorations, and a cozy atmosphere."
        ],
        "answer": "A",
        "qa_level": "long_term",
        "qa_type": "mcqa",
        "old_answer": "A"
    },
    {
        "qa_idx": 11,
        "qa_task": "causal",
        "question": "Why did the orange cat in a blue shirt and purple-striped tie appear concerned while holding a piece of paper?",
        "options": [
            "A. Because it was surprised by the contents of the paper.",
            "B. Because it was looking for a toy.",
            "C. Because it was preparing for a tea party.",
            "D. Because it was decorating a cake."
        ],
        "answer": "A",
        "qa_level": "long_term",
        "qa_type": "mcqa",
        "old_answer": "A"
    },
    {
        "qa_idx": 13,
        "qa_task": "object-direction",
        "question": "In the video sequence from 3.0 to 4069.0 seconds, which direction does the red car move relative to the group of cats?",
        "options": [
            "A. Towards the group of cats.",
            "B. Away from the group of cats.",
            "C. Parallel to the group of cats.",
            "D. Perpendicular to the group of cats."
        ],
        "answer": "A",
        "qa_level": "long_term",
        "qa_type": "mcqa",
        "old_answer": "A"
    },
    {
        "qa_idx": 14,
        "qa_task": "speed",
        "question": "Which character is moving faster in the video sequence from 3.0 to 4069.0 seconds?",
        "options": [
            "A. The cat riding a red scooter.",
            "B. The cat standing on tall stilts.",
            "C. The cat holding a flashlight.",
            "D. The cat holding a bouquet."
        ],
        "answer": "A",
        "qa_level": "long_term",
        "qa_type": "mcqa",
        "old_answer": "A"
    },
    {
        "qa_idx": 15,
        "qa_task": "attribute-change",
        "question": "How does the background change from the beginning to the end of the video event sequence from 3.0 to 4069.0 seconds?",
        "options": [
            "A. The background changes from a predominantly yellow background with a white cloud-like shape to a vibrant yellow background with three animated cat characters.",
            "B. The background changes from a predominantly blue background with a white cloud-like shape to a vibrant yellow background with three animated cat characters.",
            "C. The background changes from a predominantly green background with a white cloud-like shape to a vibrant yellow background with three animated cat characters.",
            "D. The background changes from a predominantly red background with a white cloud-like shape to a vibrant yellow background with three animated cat characters."
        ],
        "answer": "A",
        "qa_level": "long_term",
        "qa_type": "mcqa",
        "old_answer": "A"
    },
    {
        "qa_idx": 16,
        "qa_task": "time-order",
        "question": "In which order do the events occur in the video from 3.0 to 4069.0 seconds?",
        "options": [
            "A. The scene starts with three anthropomorphic cats standing together against a yellow background, then transitions to an indoor setting with a cat in a pink outfit near a closed yellow door, followed by a scene with a large red wall clock, and finally ends with a vibrant yellow background showcasing three animated cat characters.",
            "B. The scene starts with a large red wall clock, then transitions to an indoor setting with a cat in a pink outfit near a closed yellow door, followed by three anthropomorphic cats standing together against a yellow background, and finally ends with a vibrant yellow background showcasing three animated cat characters.",
            "C. The scene starts with a vibrant yellow background showcasing three animated cat characters, then transitions to an indoor setting with a cat in a pink outfit near a closed yellow door, followed by a large red wall clock, and finally ends with three anthropomorphic cats standing together against a yellow background.",
            "D. The scene starts with an indoor setting with a cat in a pink outfit near a closed yellow door, then transitions to a large red wall clock, followed by three anthropomorphic cats standing together against a yellow background, and finally ends with a vibrant yellow background showcasing three animated cat characters."
        ],
        "answer": "A",
        "qa_level": "long_term",
        "qa_type": "mcqa",
        "old_answer": "A"
    }
]