[
    {
        "qa_idx": 0,
        "qa_task": "descriptive-scene",
        "question": "Where is the man in the video frame at 2315.0 seconds?",
        "options": [
            "A. In a park.",
            "B. In a room.",
            "C. In a garden.",
            "D. In a car."
        ],
        "answer": "B",
        "qa_level": "frame",
        "qa_type": "mcqa",
        "old_answer": "B"
    },
    {
        "qa_idx": 1,
        "qa_type": "qa",
        "qa_level": "frame",
        "qa_task": "character-understanding",
        "question": "At 1517.0 seconds into the video, is the man standing in front of a partially open door?",
        "answer": "Yes",
        "old_answer": "Yes"
    },
    {
        "qa_idx": 2,
        "qa_task": "object understanding",
        "question": "What is the man wearing in the frame captured at 1687.0 seconds into the video?",
        "options": [
            "A. A bright orange shirt.",
            "B. A colorful striped blouse.",
            "C. A black jacket.",
            "D. A white t-shirt."
        ],
        "answer": "A",
        "qa_level": "frame",
        "qa_type": "mcqa",
        "old_answer": "A"
    },
    {
        "qa_idx": 3,
        "qa_type": "qa",
        "qa_level": "within_event",
        "qa_task": "camera-direction",
        "question": "Does the camera move or change direction during the end credits scene from 2743.0 to 2744.0 seconds?",
        "answer": "No",
        "old_answer": "No"
    },
    {
        "qa_idx": 4,
        "qa_type": "qa",
        "qa_level": "within_event",
        "qa_task": "plot-understanding",
        "question": "Does the video event take place in a professional or office environment from 428.0 to 463.0 seconds?",
        "answer": "Yes",
        "old_answer": "Yes"
    },
    {
        "qa_idx": 5,
        "qa_task": "scene-understanding",
        "question": "What is the setting of the initial scene from 658.0 to 718.0 seconds of the video?",
        "options": [
            "A. A beach.",
            "B. An outdoor urban or semi-urban environment.",
            "C. A forest.",
            "D. An indoor classroom."
        ],
        "answer": "B",
        "qa_level": "within_event",
        "qa_type": "mcqa",
        "old_answer": "B"
    },
    {
        "qa_idx": 6,
        "qa_type": "qa",
        "qa_level": "cross_event",
        "qa_task": "object understanding",
        "question": "Is there a woman wearing a green garment with a distinctive pattern in the video events from 1934.0 to 1995.0 and 2000.0 to 2056.0?",
        "answer": "Yes",
        "old_answer": "Yes"
    },
    {
        "qa_idx": 7,
        "qa_task": "speed",
        "question": "During the event from 376.0 to 427.0 seconds, which individual appears to be engaged in a task at a faster pace?",
        "options": [
            "A. The person seated at the desk using the laptop.",
            "B. The person holding the telephone receiver.",
            "C. The person joining the scene for a conversation.",
            "D. The man in a formal shirt and tie occasionally engaging in conversation."
        ],
        "answer": "A",
        "qa_level": "within_event",
        "qa_type": "mcqa",
        "old_answer": "A"
    },
    {
        "qa_idx": 8,
        "qa_task": "scene-understanding",
        "question": "What is the primary setting of the events described in both video descriptions from 1872.0 to 1933.0 seconds and H to e seconds?",
        "options": [
            "A. A bustling marketplace.",
            "B. A clinical or hospital environment.",
            "C. A school classroom.",
            "D. A residential home."
        ],
        "answer": "B",
        "qa_level": "cross_event",
        "qa_type": "mcqa",
        "old_answer": "B"
    },
    {
        "qa_idx": 9,
        "qa_task": "attribute-change",
        "question": "How does the lighting and ambiance change from the beginning to the end of the event from 1604.0 seconds to 1669.0 seconds?",
        "options": [
            "A. The lighting becomes brighter and the ambiance becomes more vibrant.",
            "B. The lighting remains constant and the ambiance stays the same.",
            "C. The lighting becomes dimmer and the ambiance becomes more intimate and cozy.",
            "D. The lighting fluctuates and the ambiance becomes chaotic."
        ],
        "answer": "C",
        "qa_level": "cross_event",
        "qa_type": "mcqa",
        "old_answer": "C"
    },
    {
        "qa_idx": 10,
        "qa_task": "temporal-relationship",
        "question": "What happens after the scene featuring a woman in a checkered shirt indoors with household items around her?",
        "options": [
            "A. The scene transitions to an orange and red abstract background with large white letters 'M' and 'D'.",
            "B. The scene shifts to a man positioned between coordinates (261.3, 202.4) and (836.5, 702.7).",
            "C. The scene captures a woman positioned behind a curtain of hanging shells and beads.",
            "D. The scene transitions to an outdoor setting featuring casual interactions between two girls."
        ],
        "answer": "A",
        "qa_level": "long_term",
        "qa_type": "mcqa",
        "old_answer": "A"
    },
    {
        "qa_idx": 11,
        "qa_task": "spatial-relationship",
        "question": "Where is the woman positioned when she is seen holding a microphone?",
        "options": [
            "A. Outdoors in a park.",
            "B. Indoors in a warmly lit room.",
            "C. In a medical setting.",
            "D. In a vehicle."
        ],
        "answer": "B",
        "qa_level": "long_term",
        "qa_type": "mcqa",
        "old_answer": "B"
    },
    {
        "qa_idx": 12,
        "qa_task": "time-order",
        "question": "In which order do the events occur in the video from 7.0 to 2744.0 seconds?",
        "options": [
            "A. The video begins with a dark, water-filled scene with droplets creating ripples, transitions to a stylized metallic logo of 'MD entertainment', and then shifts to a domestic setting featuring a woman in light-colored clothing.",
            "B. The video begins with a woman in a checkered shirt indoors, transitions to an orange and red abstract background with large white letters 'M' and 'D', and then shifts to a man positioned between coordinates (261.3, 202.4) and (836.5, 702.7).",
            "C. The video begins with a man in formal attire in a dimly lit room, transitions to a woman standing near a door, and then shifts to a man adjusting his clothing next to a table with a red lamp.",
            "D. The video begins with a woman in a light-colored top with floral embellishments, transitions to a man dressed in formal attire in front of a colorful curtain and a red lampshade, and then shifts to a woman in a similar light-colored top with embroidery."
        ],
        "answer": "A",
        "qa_level": "long_term",
        "qa_type": "mcqa",
        "old_answer": "A"
    },
    {
        "qa_idx": 14,
        "qa_task": "camera-direction",
        "question": "How does the camera movement change from the beginning to the end of the video event sequence from 7.0 to 2744.0 seconds?",
        "options": [
            "A. The camera remains static throughout the video.",
            "B. The camera moves closer to the subjects, creating a more intimate and detailed view.",
            "C. The camera zooms out to provide a broader view of the scenes.",
            "D. The camera pans horizontally across different scenes."
        ],
        "answer": "B",
        "qa_level": "long_term",
        "qa_type": "mcqa",
        "old_answer": "B"
    },
    {
        "qa_idx": 15,
        "qa_task": "speed",
        "question": "Which character is depicted as moving faster in the video sequence from 7.0 to 2744.0 seconds?",
        "options": [
            "A. The woman in light-colored clothing in the domestic setting.",
            "B. The man in formal attire in the office setting.",
            "C. The children playing energetically in the park-like area.",
            "D. The woman in the medical setting."
        ],
        "answer": "C",
        "qa_level": "long_term",
        "qa_type": "mcqa",
        "old_answer": "C"
    },
    {
        "qa_idx": 16,
        "qa_task": "character-understanding",
        "question": "What is the attire of the woman who appears in the domestic setting at the beginning of the video?",
        "options": [
            "A. Light-colored clothing with animal print.",
            "B. Checkered shirt.",
            "C. Floral-patterned attire.",
            "D. Light-colored top with floral embellishments."
        ],
        "answer": "A",
        "qa_level": "long_term",
        "qa_type": "mcqa",
        "old_answer": "A"
    },
    {
        "qa_idx": 17,
        "qa_task": "object understanding",
        "question": "What kind of decorative items are showcased in the wooden cabinet with glass doors in the domestic setting?",
        "options": [
            "A. Books and magazines.",
            "B. Kitchen utensils.",
            "C. Various decorative items.",
            "D. Office supplies."
        ],
        "answer": "C",
        "qa_level": "long_term",
        "qa_type": "mcqa",
        "old_answer": "C"
    },
    {
        "qa_idx": 18,
        "qa_task": "descriptive-scene",
        "question": "Where does the event sequence from 7.0 to 2744.0 seconds predominantly take place?",
        "options": [
            "A. In a domestic setting.",
            "B. In an office setting.",
            "C. In a medical or clinical environment.",
            "D. In an outdoor setting."
        ],
        "answer": "A",
        "qa_level": "long_term",
        "qa_type": "mcqa",
        "old_answer": "A"
    }
]