[
    {
        "qa_idx": 0,
        "qa_type": "qa",
        "qa_level": "frame",
        "qa_task": "object understanding",
        "question": "Is there a Dalmatian dog in the backyard at 1826.0 seconds into the video?",
        "answer": "Yes",
        "old_answer": "Yes"
    },
    {
        "qa_idx": 1,
        "qa_task": "spatial-relationship",
        "question": "Where are the children sitting in the frame captured at 411.0 seconds?",
        "options": [
            "A. On a bench.",
            "B. On a log.",
            "C. On the ground.",
            "D. On a rock."
        ],
        "answer": "B",
        "qa_level": "frame",
        "qa_type": "mcqa",
        "old_answer": "B"
    },
    {
        "qa_idx": 3,
        "qa_type": "qa",
        "qa_level": "within_event",
        "qa_task": "action-understanding",
        "question": "Does the boy carry a green bucket while walking along the beach from 3004.0 to 3060.0 seconds?",
        "answer": "Yes",
        "old_answer": "Yes"
    },
    {
        "qa_idx": 4,
        "qa_task": "character-understanding",
        "question": "What is the boy wearing in the video frame at 44.0 seconds?",
        "options": [
            "A. Dark-colored clothing.",
            "B. Brightly colored clothing.",
            "C. Formal clothing.",
            "D. Sports uniform."
        ],
        "answer": "B",
        "qa_level": "frame",
        "qa_type": "mcqa",
        "old_answer": "B"
    },
    {
        "qa_idx": 5,
        "qa_type": "qa",
        "qa_level": "cross_event",
        "qa_task": "plot-understanding",
        "question": "Do both video events from 1182.0 to 1240.0 and 1256.0 to 1283.0 involve rescue personnel interacting with children?",
        "answer": "Yes",
        "old_answer": "Yes"
    },
    {
        "qa_idx": 7,
        "qa_type": "qa",
        "qa_level": "long_term",
        "qa_task": "character-understanding",
        "question": "Did the video feature children interacting with animals in a rural setting between 1.0 and 3637.0 seconds?",
        "answer": "Yes",
        "old_answer": "Yes"
    },
    {
        "qa_idx": 8,
        "qa_task": "descriptive-scene",
        "question": "Where does the event sequence take place from 542.0 to 580.0 seconds?",
        "options": [
            "A. In a park.",
            "B. In a kitchen.",
            "C. In an indoor setting with a staircase and brightly colored frames.",
            "D. In a garden."
        ],
        "answer": "C",
        "qa_level": "within_event",
        "qa_type": "mcqa",
        "old_answer": "C"
    },
    {
        "qa_idx": 9,
        "qa_task": "temporal-relationship",
        "question": "What happened after the children and the Dalmatian dog were seen near the wooden gate and stone wall?",
        "options": [
            "A. The scene transitioned to an indoor office or control room.",
            "B. The children started playing with a ball.",
            "C. The children and the dog went inside the house.",
            "D. The children and the dog were seen near a red fire truck."
        ],
        "answer": "A",
        "qa_level": "long_term",
        "qa_type": "mcqa",
        "old_answer": "A"
    },
    {
        "qa_idx": 10,
        "qa_task": "spatial-relationship",
        "question": "Where is the Dalmatian dog prominently positioned in the video?",
        "options": [
            "A. On a lush green lawn.",
            "B. Inside a green vehicle.",
            "C. Near a wooden gate.",
            "D. On a paved surface."
        ],
        "answer": "A",
        "qa_level": "long_term",
        "qa_type": "mcqa",
        "old_answer": "A"
    },
    {
        "qa_idx": 13,
        "qa_task": "object-direction",
        "question": "In the video sequence from 1.0 to 3637.0 seconds, which direction does the red fire truck drive along the narrow path bordered by stone walls?",
        "options": [
            "A. Towards the left.",
            "B. Towards the right.",
            "C. Straight ahead.",
            "D. Backwards."
        ],
        "answer": "B",
        "qa_level": "long_term",
        "qa_type": "mcqa",
        "old_answer": "B"
    },
    {
        "qa_idx": 14,
        "qa_task": "camera-direction",
        "question": "How does the camera movement change from the beginning to the end of the video event from 1.0 to 3637.0 seconds?",
        "options": [
            "A. The camera moves from a rural setting to a coastal scene.",
            "B. The camera moves from a rural setting to an indoor scene.",
            "C. The camera moves from a rural setting to a suburban area.",
            "D. The camera moves from a rural setting to a forest area."
        ],
        "answer": "A",
        "qa_level": "long_term",
        "qa_type": "mcqa",
        "old_answer": "A"
    },
    {
        "qa_idx": 15,
        "qa_task": "speed",
        "question": "Which vehicle was moving faster in the video, the red fire truck or the yellow inflatable boat?",
        "options": [
            "A. The red fire truck.",
            "B. The yellow inflatable boat.",
            "C. Both were moving at the same speed.",
            "D. None of the above."
        ],
        "answer": "B",
        "qa_level": "long_term",
        "qa_type": "mcqa",
        "old_answer": "B"
    },
    {
        "qa_idx": 16,
        "qa_task": "attribute-change",
        "question": "How does the setting change from the beginning to the end of the video from 1.0 to 3637.0 seconds?",
        "options": [
            "A. The setting changes from a rural countryside to a bustling urban area.",
            "B. The setting changes from a rural countryside to a coastal area.",
            "C. The setting changes from a rural countryside to a suburban area.",
            "D. The setting changes from a rural countryside to a forested area."
        ],
        "answer": "C",
        "qa_level": "long_term",
        "qa_type": "mcqa",
        "old_answer": "C"
    },
    {
        "qa_idx": 17,
        "qa_task": "character-understanding",
        "question": "What is the person with orange hair doing in the video from 1.0 to 3637.0 seconds?",
        "options": [
            "A. The person with orange hair is walking towards the house.",
            "B. The person with orange hair is playing with a dog.",
            "C. The person with orange hair is driving a green van.",
            "D. The person with orange hair is standing near a fire truck."
        ],
        "answer": "A",
        "qa_level": "long_term",
        "qa_type": "mcqa",
        "old_answer": "A"
    },
    {
        "qa_idx": 19,
        "qa_task": "descriptive-scene",
        "question": "Where does the video event take place from 1.0 to 3637.0 seconds?",
        "options": [
            "A. In a rural outdoor environment.",
            "B. In an urban cityscape.",
            "C. In a desert.",
            "D. In a snowy mountain region."
        ],
        "answer": "A",
        "qa_level": "long_term",
        "qa_type": "mcqa",
        "old_answer": "A"
    }
]