[
    {
        "qa_idx": 1,
        "qa_type": "qa",
        "qa_level": "within_event",
        "qa_task": "object understanding",
        "question": "Is there a small waterfall visible in the video from 2731.0 to 2799.0 seconds?",
        "answer": "Yes",
        "old_answer": "Yes"
    },
    {
        "qa_idx": 2,
        "qa_type": "qa",
        "qa_level": "cross_event",
        "qa_task": "plot-understanding",
        "question": "Do both video events from 2527.0 to 2594.0 and 2599.0 to 2654.0 showcase natural coastal landscapes with rugged rock formations and wildlife?",
        "answer": "Yes",
        "old_answer": "Yes"
    },
    {
        "qa_idx": 3,
        "qa_type": "qa",
        "qa_level": "long_term",
        "qa_task": "object understanding",
        "question": "Is there a statue in the urban park setting described between 30.0 and 2846.0 seconds?",
        "answer": "Yes",
        "old_answer": "Yes"
    },
    {
        "qa_idx": 4,
        "qa_task": "plot-understanding",
        "question": "What is the main activity depicted in the video event from 2439.0 to 2495.0 seconds?",
        "options": [
            "A. A boat race.",
            "B. A fishing operation.",
            "C. A bustling market.",
            "D. A beach party."
        ],
        "answer": "B",
        "qa_level": "within_event",
        "qa_type": "mcqa",
        "old_answer": "B"
    },
    {
        "qa_idx": 5,
        "qa_task": "camera-direction",
        "question": "From 411.0 to 470.0 seconds, does the camera move towards the coastal city or away from it?",
        "options": [
            "A. The camera moves towards the coastal city.",
            "B. The camera moves away from the coastal city.",
            "C. The camera remains stationary.",
            "D. The camera moves sideways."
        ],
        "answer": "A",
        "qa_level": "within_event",
        "qa_type": "mcqa",
        "old_answer": "A"
    },
    {
        "qa_idx": 6,
        "qa_task": "spatial-relationship",
        "question": "What is the spatial relationship between the road and the mountains in the scene from 1729.0 to 1809.0 seconds?",
        "options": [
            "A. The road runs parallel to the mountains.",
            "B. The road curves right towards the mountains.",
            "C. The road is perpendicular to the mountains.",
            "D. The road runs away from the mountains."
        ],
        "answer": "B",
        "qa_level": "cross_event",
        "qa_type": "mcqa",
        "old_answer": "B"
    },
    {
        "qa_idx": 7,
        "qa_task": "spatial-relationship",
        "question": "In the video event from 471.0 to 535.0 seconds, where are the man and woman standing in relation to the large mural of a ship?",
        "options": [
            "A. Near the large mural of a ship and various maritime artifacts.",
            "B. On a boat navigating through stormy waters.",
            "C. Against a dark, rocky background with a large net or lattice structure.",
            "D. Next to a lifelike mannequin in historical clothing on a wooden cart."
        ],
        "answer": "A",
        "qa_level": "cross_event",
        "qa_type": "mcqa",
        "old_answer": "A"
    },
    {
        "qa_idx": 9,
        "qa_task": "temporal-relationship",
        "question": "What happened after the couple stood together under an umbrella in front of a historic building?",
        "options": [
            "A. The scene transitions to an urban park with a tall statue.",
            "B. The scene transitions to an indoor setting with people gathered near an open doorway.",
            "C. The scene transitions to a coastal city under a cloudy sky.",
            "D. The scene transitions to a bustling outdoor area with a crowd of people."
        ],
        "answer": "A",
        "qa_level": "long_term",
        "qa_type": "mcqa",
        "old_answer": "A"
    },
    {
        "qa_idx": 10,
        "qa_task": "spatial-relationship",
        "question": "Where are the pedestrians navigating with hoods and umbrellas?",
        "options": [
            "A. In an urban road under overcast skies with ongoing rain.",
            "B. In an urban park setting with a paved walkway.",
            "C. In an outdoor garden with blossoming trees.",
            "D. Inside a large, possibly religious structure."
        ],
        "answer": "A",
        "qa_level": "long_term",
        "qa_type": "mcqa",
        "old_answer": "A"
    },
    {
        "qa_idx": 12,
        "qa_task": "time-order",
        "question": "In which order do the events occur in the video from 30.0 to 2846.0 seconds?",
        "options": [
            "A. Urban road with rain, urban park with statue, indoor scene with wooden doors, coastal city view, Saga Museum, geothermal area, waterfall, rocky terrain, snowy landscape, coastal landscape, rocky canyon, vast open landscape.",
            "B. Urban road with rain, coastal city view, urban park with statue, indoor scene with wooden doors, Saga Museum, geothermal area, waterfall, rocky terrain, snowy landscape, coastal landscape, rocky canyon, vast open landscape.",
            "C. Urban road with rain, urban park with statue, coastal city view, indoor scene with wooden doors, Saga Museum, geothermal area, waterfall, rocky terrain, snowy landscape, coastal landscape, rocky canyon, vast open landscape.",
            "D. Urban road with rain, urban park with statue, indoor scene with wooden doors, coastal city view, Saga Museum, geothermal area, waterfall, rocky terrain, snowy landscape, coastal landscape, vast open landscape, rocky canyon."
        ],
        "answer": "A",
        "qa_level": "long_term",
        "qa_type": "mcqa",
        "old_answer": "A"
    },
    {
        "qa_idx": 13,
        "qa_task": "plot-understanding",
        "question": "What is the main theme of the video from 30.0 to 2846.0 seconds?",
        "options": [
            "A. A bustling urban environment and a wedding photoshoot.",
            "B. A serene natural landscape and a historical exhibit.",
            "C. A dynamic maritime scene and a geothermal area.",
            "D. A tranquil rural landscape and a religious ceremony."
        ],
        "answer": "A",
        "qa_level": "long_term",
        "qa_type": "mcqa",
        "old_answer": "A"
    },
    {
        "qa_idx": 14,
        "qa_task": "object-direction",
        "question": "In the video events from 30.0 to 2846.0 seconds, which direction did the camera move when capturing the boat navigating through the calm waters?",
        "options": [
            "A. The camera moved from left to right.",
            "B. The camera moved from right to left.",
            "C. The camera moved from top to bottom.",
            "D. The camera moved from bottom to top."
        ],
        "answer": "A",
        "qa_level": "long_term",
        "qa_type": "mcqa",
        "old_answer": "A"
    },
    {
        "qa_idx": 16,
        "qa_task": "speed",
        "question": "Which vehicle is likely to be the fastest on the urban road under overcast skies with ongoing rain, as described from 30.0 to 2846.0 seconds?",
        "options": [
            "A. Truck.",
            "B. Bus.",
            "C. Cars.",
            "D. Pedestrians."
        ],
        "answer": "C",
        "qa_level": "long_term",
        "qa_type": "mcqa",
        "old_answer": "C"
    },
    {
        "qa_idx": 17,
        "qa_task": "attribute-change",
        "question": "How does the weather change from the urban road scene to the coastal city scene?",
        "options": [
            "A. From sunny to rainy.",
            "B. From rainy to overcast.",
            "C. From overcast to sunny.",
            "D. From snowy to clear."
        ],
        "answer": "B",
        "qa_level": "long_term",
        "qa_type": "mcqa",
        "old_answer": "B"
    },
    {
        "qa_idx": 18,
        "qa_task": "object understanding",
        "question": "What kind of statue is prominently featured in the urban park scene from 30.0 to 2846.0 seconds?",
        "options": [
            "A. A statue of a man in formal attire.",
            "B. A statue of a woman holding a bouquet.",
            "C. A statue of a child playing.",
            "D. A statue of an animal."
        ],
        "answer": "A",
        "qa_level": "long_term",
        "qa_type": "mcqa",
        "old_answer": "A"
    },
    {
        "qa_idx": 19,
        "qa_task": "descriptive-scene",
        "question": "Where does the wedding or photoshoot take place in the video from 30.0 to 2846.0 seconds?",
        "options": [
            "A. In an urban park with blossoming trees and vibrant foliage.",
            "B. In a bustling urban road under overcast skies.",
            "C. In a grand building resembling a cathedral.",
            "D. In a coastal city under a cloudy sky."
        ],
        "answer": "A",
        "qa_level": "long_term",
        "qa_type": "mcqa",
        "old_answer": "A"
    }
]