[
    {
        "qa_idx": 0,
        "qa_type": "qa",
        "qa_level": "frame",
        "qa_task": "object understanding",
        "question": "Is there a large screen with the logo 'THE NOITE' in the background of the video frame at 575.0 seconds?",
        "answer": "Yes",
        "old_answer": "Yes"
    },
    {
        "qa_idx": 2,
        "qa_type": "qa",
        "qa_level": "within_event",
        "qa_task": "camera-direction",
        "question": "Does the camera remain stationary while capturing the two men engaged in conversation from 644.0 to 729.0 seconds?",
        "answer": "Yes",
        "old_answer": "Yes"
    },
    {
        "qa_idx": 3,
        "qa_task": "object understanding",
        "question": "What is the woman holding in the video frame at 1861.0 seconds?",
        "options": [
            "A. A book.",
            "B. A piece of food.",
            "C. A phone.",
            "D. A pen."
        ],
        "answer": "B",
        "qa_level": "frame",
        "qa_type": "mcqa",
        "old_answer": "B"
    },
    {
        "qa_idx": 4,
        "qa_type": "qa",
        "qa_level": "within_event",
        "qa_task": "plot-understanding",
        "question": "Are the two men in the video engaged in a conversation or interview from 1299.0 to 1383.0 seconds?",
        "answer": "Yes",
        "old_answer": "Yes"
    },
    {
        "qa_idx": 6,
        "qa_type": "qa",
        "qa_level": "cross_event",
        "qa_task": "character-understanding",
        "question": "Were both men dressed in formal attire during the talk show events from 730.0 to 790.0 and 791.0 to 864.0?",
        "answer": "Yes",
        "old_answer": "Yes"
    },
    {
        "qa_idx": 7,
        "qa_type": "qa",
        "qa_level": "long_term",
        "qa_task": "object understanding",
        "question": "Is there a book titled 'Carpinejar: Me ajude a chorar' visible on the desk during the talk show segments between 1.0 and 1966.0 seconds?",
        "answer": "Yes",
        "old_answer": "Yes"
    },
    {
        "qa_idx": 9,
        "qa_task": "attribute-change",
        "question": "How does the setting of the talk show change from the beginning to the end of the event from 1522.0 seconds to 1593.0 seconds?",
        "options": [
            "A. The cityscape backdrop changes from daytime to nighttime.",
            "B. The lighting in the studio becomes dimmer.",
            "C. The positions of the men and additional items like branded mugs change.",
            "D. The color of the suits worn by the men changes."
        ],
        "answer": "C",
        "qa_level": "cross_event",
        "qa_type": "mcqa",
        "old_answer": "C"
    },
    {
        "qa_idx": 11,
        "qa_task": "attribute-change",
        "question": "How does the setting and atmosphere change from the beginning to the end of the event from 1659.0 to 1729.0 seconds?",
        "options": [
            "A. The scene starts in a brightly lit TV studio with a cityscape backdrop and ends with a dimly lit studio with an audience.",
            "B. The scene starts with a man walking in a park and ends with him sitting in a café.",
            "C. The scene starts with a cooking show in a kitchen and ends with a dining table setup.",
            "D. The scene starts with a sports event in a stadium and ends with a press conference."
        ],
        "answer": "A",
        "qa_level": "cross_event",
        "qa_type": "mcqa",
        "old_answer": "A"
    },
    {
        "qa_idx": 12,
        "qa_task": "counting",
        "question": "How many times is the man shown with a microphone clipped to his jacket in the event from 114.0 to 180.0 seconds?",
        "options": [
            "A. 0 times.",
            "B. 1 time.",
            "C. 2 times.",
            "D. 3 times."
        ],
        "answer": "B",
        "qa_level": "cross_event",
        "qa_type": "mcqa",
        "old_answer": "B"
    },
    {
        "qa_idx": 13,
        "qa_task": "time-order",
        "question": "What is the correct sequence of events in the two video descriptions from 1659.0 to 1729.0 seconds and H to e seconds?",
        "options": [
            "A. The man on the blue couch interacts with another person, followed by a shift to the audience in the studio.",
            "B. The audience in the studio is shown first, followed by the man on the blue couch interacting with another person.",
            "C. The man on the blue couch is shown alone throughout the entire sequence.",
            "D. The audience in the studio is shown throughout the entire sequence."
        ],
        "answer": "A",
        "qa_level": "cross_event",
        "qa_type": "mcqa",
        "old_answer": "A"
    },
    {
        "qa_idx": 14,
        "qa_task": "causal",
        "question": "Why is the man in a suit holding a microphone labeled 'SBT' in the bustling street scene?",
        "options": [
            "A. He is conducting an interview or news segment.",
            "B. He is performing a musical act.",
            "C. He is participating in a parade.",
            "D. He is giving a public speech."
        ],
        "answer": "A",
        "qa_level": "long_term",
        "qa_type": "mcqa",
        "old_answer": "A"
    },
    {
        "qa_idx": 17,
        "qa_task": "camera-direction",
        "question": "How does the camera movement change from the beginning to the end of the video from 1.0 to 1966.0 seconds?",
        "options": [
            "A. The camera moves from a close-up of a neon sign to a wide shot of a cityscape.",
            "B. The camera remains static throughout the video.",
            "C. The camera moves from a wide shot of a cityscape to a close-up of a neon sign.",
            "D. The camera moves from a close-up of a man in a suit to a wide shot of a cityscape."
        ],
        "answer": "A",
        "qa_level": "long_term",
        "qa_type": "mcqa",
        "old_answer": "A"
    },
    {
        "qa_idx": 18,
        "qa_task": "speed",
        "question": "Which is faster, the man in the suit presenting on stage or the band performing in the studio?",
        "options": [
            "A. The man in the suit presenting on stage.",
            "B. The band performing in the studio.",
            "C. Both are at the same speed.",
            "D. None of the above."
        ],
        "answer": "B",
        "qa_level": "long_term",
        "qa_type": "mcqa",
        "old_answer": "B"
    },
    {
        "qa_idx": 20,
        "qa_task": "object understanding",
        "question": "What is the title of the book prominently displayed on the wooden desk during the talk show?",
        "options": [
            "A. 'Carpinejar: Me Ajude a Chorar'.",
            "B. 'The Noite com Danilo Gentili'.",
            "C. 'The Nite'.",
            "D. 'Route US 66'."
        ],
        "answer": "A",
        "qa_level": "long_term",
        "qa_type": "mcqa",
        "old_answer": "A"
    }
]