[
    {
        "qa_idx": 2,
        "qa_type": "qa",
        "qa_level": "within_event",
        "qa_task": "speed",
        "question": "Did the woman move quickly while transitioning to the podium or platform from 1545.0 to 1622.0 seconds?",
        "answer": "No",
        "old_answer": "No"
    },
    {
        "qa_idx": 3,
        "qa_task": "object understanding",
        "question": "What is the woman standing in front of in the frame captured at 4012.0 seconds into the video?",
        "options": [
            "A. A plain white wall.",
            "B. A vibrant backdrop featuring green and purple colors.",
            "C. A large screen displaying a presentation.",
            "D. A dark curtain."
        ],
        "answer": "B",
        "qa_level": "frame",
        "qa_type": "mcqa",
        "old_answer": "B"
    },
    {
        "qa_idx": 4,
        "qa_type": "qa",
        "qa_level": "cross_event",
        "qa_task": "object understanding",
        "question": "Is there a green and purple backdrop in both events from 3247.0 to 3333.0 and 3403.0 to 3455.0?",
        "answer": "Yes",
        "old_answer": "Yes"
    },
    {
        "qa_idx": 5,
        "qa_task": "camera-direction",
        "question": "During the event from 1972.0 to 2041.0 seconds, does the camera focus more on the audience or the woman on stage?",
        "options": [
            "A. The camera focuses more on the audience.",
            "B. The camera focuses more on the woman on stage.",
            "C. The camera equally focuses on both the audience and the woman on stage.",
            "D. The camera does not focus on either the audience or the woman on stage."
        ],
        "answer": "B",
        "qa_level": "within_event",
        "qa_type": "mcqa",
        "old_answer": "B"
    },
    {
        "qa_idx": 7,
        "qa_type": "qa",
        "qa_level": "long_term",
        "qa_task": "object understanding",
        "question": "Is there a large screen displaying promotional content in the background during the event from 1068.0 to 1418.0 seconds?",
        "answer": "Yes",
        "old_answer": "Yes"
    },
    {
        "qa_idx": 10,
        "qa_task": "attribute-change",
        "question": "How does the background color change during the event from 2152.0 seconds to 2257.0 seconds?",
        "options": [
            "A. The background remains solid purple throughout the event.",
            "B. The background changes from solid purple to solid green and then to a green and purple gradient.",
            "C. The background changes from solid green to solid purple and then to a green and purple gradient.",
            "D. The background remains solid green throughout the event."
        ],
        "answer": "B",
        "qa_level": "cross_event",
        "qa_type": "mcqa",
        "old_answer": "B"
    },
    {
        "qa_idx": 13,
        "qa_task": "camera-direction",
        "question": "What is the camera doing during the event from 249.0 to 4116.0 seconds?",
        "options": [
            "A. The camera is moving closer to the stage.",
            "B. The camera is panning across the audience.",
            "C. The camera is zooming in on the speaker.",
            "D. The camera is focusing on the background."
        ],
        "answer": "C",
        "qa_level": "long_term",
        "qa_type": "mcqa",
        "old_answer": "C"
    },
    {
        "qa_idx": 14,
        "qa_task": "speed",
        "question": "Which individual is shown addressing the audience at a faster pace during the event from 1068.0 to 1539.0 seconds?",
        "options": [
            "A. The man in a dark suit.",
            "B. The woman in a dark sleeveless dress with sequin details.",
            "C. The man in glasses and dark clothing.",
            "D. The woman in a dark outfit with a decorative necklace."
        ],
        "answer": "B",
        "qa_level": "long_term",
        "qa_type": "mcqa",
        "old_answer": "B"
    },
    {
        "qa_idx": 15,
        "qa_task": "attribute-change",
        "question": "How does the background change from the beginning to the end of the event sequence between 249.0 and 4116.0 seconds?",
        "options": [
            "A. The background changes from a vibrant green with textual and graphical elements to a plain green screen.",
            "B. The background changes from a plain green screen to a vibrant green with textual and graphical elements.",
            "C. The background remains the same throughout the event sequence.",
            "D. The background changes from a vibrant green with textual and graphical elements to a dark blue screen."
        ],
        "answer": "A",
        "qa_level": "long_term",
        "qa_type": "mcqa",
        "old_answer": "A"
    }
]