[
    {
        "qa_idx": 0,
        "qa_type": "qa",
        "qa_level": "frame",
        "qa_task": "character-understanding",
        "question": "Is there a small character or object with a star insignia on a cap in the frame at 3107.0 seconds?",
        "answer": "Yes",
        "old_answer": "Yes"
    },
    {
        "qa_idx": 1,
        "qa_type": "qa",
        "qa_level": "frame",
        "qa_task": "character-understanding",
        "question": "Are the anthropomorphic mice characters showing signs of distress at 2460.0 seconds into the video?",
        "answer": "Yes",
        "old_answer": "Yes"
    },
    {
        "qa_idx": 2,
        "qa_task": "character-understanding",
        "question": "What is the person likely doing in the kitchen scene at 1115.0 seconds into the video?",
        "options": [
            "A. Cleaning the kitchen.",
            "B. Cooking or preparing food.",
            "C. Painting the walls.",
            "D. Fixing the refrigerator."
        ],
        "answer": "B",
        "qa_level": "frame",
        "qa_type": "mcqa",
        "old_answer": "B"
    },
    {
        "qa_idx": 3,
        "qa_task": "character-understanding",
        "question": "What is prominently featured in the foreground of the frame captured at 2235.0 seconds into the video?",
        "options": [
            "A. A colorful, stacked structure.",
            "B. A pair of black objects with red tips.",
            "C. A brown vertical wall.",
            "D. A purple and beige area."
        ],
        "answer": "A",
        "qa_level": "frame",
        "qa_type": "mcqa",
        "old_answer": "A"
    },
    {
        "qa_idx": 4,
        "qa_task": "spatial-relationship",
        "question": "What are the characters carrying in the foreground of the scene at 129.0 seconds?",
        "options": [
            "A. A large, gray, bowl-shaped container filled with bright red objects.",
            "B. A small, blue, rectangular box filled with green objects.",
            "C. A large, brown, cylindrical container filled with yellow objects.",
            "D. A small, gray, bowl-shaped container filled with blue objects."
        ],
        "answer": "A",
        "qa_level": "frame",
        "qa_type": "mcqa",
        "old_answer": "A"
    },
    {
        "qa_idx": 5,
        "qa_type": "qa",
        "qa_level": "cross_event",
        "qa_task": "plot-understanding",
        "question": "Does the purple dinosaur-like creature appear in both events from 334.0 to 383.0 and 384.0 to 447.0?",
        "answer": "Yes",
        "old_answer": "Yes"
    },
    {
        "qa_idx": 6,
        "qa_task": "attribute-change",
        "question": "How does the setting change from 749.0 seconds to 817.0 seconds?",
        "options": [
            "A. The setting remains the same throughout.",
            "B. The setting changes from indoor to outdoor and back to indoor multiple times.",
            "C. The setting changes from outdoor to indoor and remains indoor.",
            "D. The setting changes from indoor to outdoor and remains outdoor."
        ],
        "answer": "B",
        "qa_level": "within_event",
        "qa_type": "mcqa",
        "old_answer": "B"
    },
    {
        "qa_idx": 7,
        "qa_task": "scene-understanding",
        "question": "What is the condition of the room shown from 2777.0 to 2835.0 seconds in the video?",
        "options": [
            "A. The room is clean and well-organized.",
            "B. The room is chaotic with significant structural damage and stains.",
            "C. The room is empty and dark.",
            "D. The room is brightly lit and decorated."
        ],
        "answer": "B",
        "qa_level": "within_event",
        "qa_type": "mcqa",
        "old_answer": "B"
    },
    {
        "qa_idx": 8,
        "qa_task": "speed",
        "question": "Between the time of 749.0 seconds to 817.0 seconds and H to e, which scene transition occurs more rapidly?",
        "options": [
            "A. The transition from the indoor setting with two mice on a bed to the outdoor suburban setting with an anthropomorphic door.",
            "B. The transition from the indoor setting with a pink character amid scattered objects to the outdoor suburban setting with a whimsical door.",
            "C. The transition from the indoor setting with a cream-colored van to the indoor setting with a pink anthropomorphic animal inside a boat.",
            "D. The transition from the indoor setting with a mouse working dough to the cooking scene involving a hot pan."
        ],
        "answer": "A",
        "qa_level": "cross_event",
        "qa_type": "mcqa",
        "old_answer": "A"
    },
    {
        "qa_idx": 9,
        "qa_task": "spatial-relationship",
        "question": "In the event from 104.0 to 170.0 seconds, where is the large, round celestial body situated in relation to the background?",
        "options": [
            "A. On the left side against a vibrant blue background.",
            "B. Centrally against a vibrant blue background.",
            "C. On the right side against a vibrant blue background.",
            "D. At the bottom against a vibrant blue background."
        ],
        "answer": "B",
        "qa_level": "cross_event",
        "qa_type": "mcqa",
        "old_answer": "B"
    },
    {
        "qa_idx": 10,
        "qa_task": "attribute-change",
        "question": "How does the atmosphere change from the beginning to the end of the video events between 2900.0 to 2965.0 seconds and H to e seconds?",
        "options": [
            "A. The atmosphere changes from a dark and gloomy setting to a bright and cheerful one.",
            "B. The atmosphere remains consistently bright and cheerful throughout the events.",
            "C. The atmosphere changes from a bright and cheerful setting to a dark and gloomy one.",
            "D. The atmosphere changes from an indoor setting to an outdoor setting."
        ],
        "answer": "B",
        "qa_level": "cross_event",
        "qa_type": "mcqa",
        "old_answer": "B"
    },
    {
        "qa_idx": 12,
        "qa_task": "time-order",
        "question": "In which order do the events occur in the video from 1.0 to 3300.0 seconds?",
        "options": [
            "A. A serene suburban scene with a house, followed by an indoor animated sequence with a humanoid mouse character, then a vibrant animated natural landscape with a mountain, and finally a dynamic outdoor scene in a lush forest.",
            "B. A vibrant animated natural landscape with a mountain, followed by a serene suburban scene with a house, then an indoor animated sequence with a humanoid mouse character, and finally a dynamic outdoor scene in a lush forest.",
            "C. A dynamic outdoor scene in a lush forest, followed by a serene suburban scene with a house, then a vibrant animated natural landscape with a mountain, and finally an indoor animated sequence with a humanoid mouse character.",
            "D. An indoor animated sequence with a humanoid mouse character, followed by a serene suburban scene with a house, then a dynamic outdoor scene in a lush forest, and finally a vibrant animated natural landscape with a mountain."
        ],
        "answer": "A",
        "qa_level": "long_term",
        "qa_type": "mcqa",
        "old_answer": "A"
    },
    {
        "qa_idx": 14,
        "qa_task": "camera-direction",
        "question": "In the video event from 1.0 to 3300.0 seconds, what is the camera movement when the scene transitions from the serene suburban scene to the indoor animated sequence?",
        "options": [
            "A. The camera zooms in on the house.",
            "B. The camera pans to the right.",
            "C. The camera moves indoors.",
            "D. The camera remains stationary."
        ],
        "answer": "C",
        "qa_level": "long_term",
        "qa_type": "mcqa",
        "old_answer": "C"
    },
    {
        "qa_idx": 15,
        "qa_task": "speed",
        "question": "Which character is moving faster in the video event from 81.0 to 3300.0 seconds?",
        "options": [
            "A. The pink anthropomorphic animal holding a bundle of grass or foliage.",
            "B. The animated elephant-like creature moving along the path.",
            "C. The group of elephants walking along a sandy terrain.",
            "D. The large purple dinosaur-like creature interacting with smaller characters."
        ],
        "answer": "C",
        "qa_level": "long_term",
        "qa_type": "mcqa",
        "old_answer": "C"
    },
    {
        "qa_idx": 16,
        "qa_task": "attribute-change",
        "question": "How does the environment change from the beginning to the end of the video event from 1.0 to 3300.0 seconds?",
        "options": [
            "A. The environment changes from a serene suburban scene to a chaotic indoor setting.",
            "B. The environment changes from a vibrant animated natural landscape to a serene underwater scene.",
            "C. The environment changes from a vibrant animated forest to a bustling urban environment.",
            "D. The environment changes from a peaceful indoor setting to a dynamic outdoor scene."
        ],
        "answer": "C",
        "qa_level": "long_term",
        "qa_type": "mcqa",
        "old_answer": "C"
    }
]