[
    {
        "qa_idx": 1,
        "qa_type": "qa",
        "qa_level": "frame",
        "qa_task": "character-understanding",
        "question": "Is the large, green bear-like figure holding a vintage camera at 79.0 seconds into the video?",
        "answer": "Yes",
        "old_answer": "Yes"
    },
    {
        "qa_idx": 2,
        "qa_task": "character-understanding",
        "question": "What character is standing near the open door at 1642.0 seconds into the video?",
        "options": [
            "A. A bear.",
            "B. A cat.",
            "C. A dog.",
            "D. A rabbit."
        ],
        "answer": "A",
        "qa_level": "frame",
        "qa_type": "mcqa",
        "old_answer": "A"
    },
    {
        "qa_idx": 3,
        "qa_type": "qa",
        "qa_level": "within_event",
        "qa_task": "camera-direction",
        "question": "Does the camera transition to an elevated bird's-eye perspective in a garden-like environment between 1887.0 seconds and 1937.0 seconds?",
        "answer": "Yes",
        "old_answer": "Yes"
    },
    {
        "qa_idx": 4,
        "qa_task": "spatial-relationship",
        "question": "What is adjacent to the wooden door at 687.0 seconds into the video?",
        "options": [
            "A. A bookshelf.",
            "B. A small window.",
            "C. A painting.",
            "D. A mirror."
        ],
        "answer": "B",
        "qa_level": "frame",
        "qa_type": "mcqa",
        "old_answer": "B"
    },
    {
        "qa_idx": 5,
        "qa_type": "qa",
        "qa_level": "within_event",
        "qa_task": "plot-understanding",
        "question": "Does the video event from 1003.0 to 1075.0 seconds depict a panda character engaging in a camping activity?",
        "answer": "Yes",
        "old_answer": "Yes"
    },
    {
        "qa_idx": 6,
        "qa_task": "object understanding",
        "question": "What is the animated bear wearing at 380.0 seconds into the video?",
        "options": [
            "A. A blue-and-white striped shirt, a red scarf, and a straw hat.",
            "B. A green jacket, a yellow scarf, and a baseball cap.",
            "C. A red shirt, a blue scarf, and a cowboy hat.",
            "D. A white shirt, a black scarf, and a sun hat."
        ],
        "answer": "A",
        "qa_level": "frame",
        "qa_type": "mcqa",
        "old_answer": "A"
    },
    {
        "qa_idx": 7,
        "qa_task": "speed",
        "question": "During the event from 635.0 to 695.0 seconds, which character is moving faster in the kitchen scene?",
        "options": [
            "A. The panda.",
            "B. The large brown bear.",
            "C. The child.",
            "D. The rooster decoration."
        ],
        "answer": "B",
        "qa_level": "within_event",
        "qa_type": "mcqa",
        "old_answer": "B"
    },
    {
        "qa_idx": 8,
        "qa_type": "qa",
        "qa_level": "long_term",
        "qa_task": "action-understanding",
        "question": "After the bear and the smaller character's balancing act, did the bear start painting a landscape in the serene natural scene with the pond and lily pads? (4.0 - 1956.0 seconds)",
        "answer": "No",
        "old_answer": "No"
    },
    {
        "qa_idx": 9,
        "qa_task": "descriptive-scene",
        "question": "Where does the event take place from 123.0 to 170.0 seconds?",
        "options": [
            "A. In a kitchen.",
            "B. In a children's playroom.",
            "C. In a garden.",
            "D. In a classroom."
        ],
        "answer": "B",
        "qa_level": "within_event",
        "qa_type": "mcqa",
        "old_answer": "B"
    },
    {
        "qa_idx": 10,
        "qa_task": "temporal-relationship",
        "question": "What happens after the scene with the bear juggling objects and balancing a plate?",
        "options": [
            "A. The scene transitions to a serene natural scene with a pond, lily pads, water lilies, and lush greenery.",
            "B. The scene transitions to an underwater environment with a large green bear-like figure holding a vintage camera.",
            "C. The scene transitions to a vibrant indoor child's room with a colorful puppet theater.",
            "D. The scene transitions to a cozy indoor scene featuring a large beige armchair with a teddy bear sitting upright."
        ],
        "answer": "A",
        "qa_level": "long_term",
        "qa_type": "mcqa",
        "old_answer": "A"
    },
    {
        "qa_idx": 11,
        "qa_task": "spatial-relationship",
        "question": "Where is the green frog resting in the serene natural scene with a pond?",
        "options": [
            "A. On a lily pad.",
            "B. On a rock.",
            "C. On a tree branch.",
            "D. On the sandy bank."
        ],
        "answer": "A",
        "qa_level": "long_term",
        "qa_type": "mcqa",
        "old_answer": "A"
    },
    {
        "qa_idx": 13,
        "qa_task": "object-direction",
        "question": "In the video from 4.0 to 1956.0 seconds, which direction does the boat row towards in the final scene?",
        "options": [
            "A. Towards a small house deep in the forest.",
            "B. Away from the forest.",
            "C. Towards the open sea.",
            "D. Away from the pond."
        ],
        "answer": "A",
        "qa_level": "long_term",
        "qa_type": "mcqa",
        "old_answer": "A"
    },
    {
        "qa_idx": 14,
        "qa_task": "camera-direction",
        "question": "What is the camera doing during the transition from the serene natural scene with a pond to the animated puppet show setup in a children's room between 4.0 and 1956.0 seconds?",
        "options": [
            "A. The camera is zooming in on the pond.",
            "B. The camera is panning from the pond to the puppet show setup.",
            "C. The camera is tilting upwards to show the sky.",
            "D. The camera is moving closer to the animated characters."
        ],
        "answer": "B",
        "qa_level": "long_term",
        "qa_type": "mcqa",
        "old_answer": "B"
    },
    {
        "qa_idx": 15,
        "qa_task": "speed",
        "question": "Which character is faster in the video from 4.0 to 1956.0 seconds, the bear or the smaller character?",
        "options": [
            "A. The bear.",
            "B. The smaller character.",
            "C. Both are at the same speed.",
            "D. None of the above."
        ],
        "answer": "A",
        "qa_level": "long_term",
        "qa_type": "mcqa",
        "old_answer": "A"
    },
    {
        "qa_idx": 16,
        "qa_task": "attribute-change",
        "question": "How does the environment change from the beginning to the end of the video from 4.0 to 1956.0 seconds?",
        "options": [
            "A. From a serene natural scene to a vibrant indoor children's playroom.",
            "B. From a cozy indoor setting to a lush outdoor garden.",
            "C. From a balancing act with a bear to a whimsical puppet show.",
            "D. From a medical environment to a rustic kitchen."
        ],
        "answer": "A",
        "qa_level": "long_term",
        "qa_type": "mcqa",
        "old_answer": "A"
    },
    {
        "qa_idx": 17,
        "qa_task": "object understanding",
        "question": "What is the large yellow item labeled in the lively setting filled with various toys and objects?",
        "options": [
            "A. THE ARTICIAL FIRECRACKER.",
            "B. THE ARTIFICIAL FIRECRACKER.",
            "C. THE ARTIFICIAL FIREWORK.",
            "D. THE ARTIFICIAL SPARKLER."
        ],
        "answer": "A",
        "qa_level": "long_term",
        "qa_type": "mcqa",
        "old_answer": "A"
    },
    {
        "qa_idx": 18,
        "qa_task": "time-order",
        "question": "In which order do the events occur in the video from 4.0 to 1956.0 seconds?",
        "options": [
            "A. The bear and a smaller character perform a balancing act, followed by a serene natural scene with a pond, and then a lively setting filled with various toys and objects.",
            "B. The bear and a smaller character perform a balancing act, followed by a lively setting filled with various toys and objects, and then a serene natural scene with a pond.",
            "C. A lively setting filled with various toys and objects, followed by the bear and a smaller character performing a balancing act, and then a serene natural scene with a pond.",
            "D. A serene natural scene with a pond, followed by the bear and a smaller character performing a balancing act, and then a lively setting filled with various toys and objects."
        ],
        "answer": "A",
        "qa_level": "long_term",
        "qa_type": "mcqa",
        "old_answer": "A"
    },
    {
        "qa_idx": 19,
        "qa_task": "descriptive-scene",
        "question": "Where does the event featuring a bear and a smaller character in a balancing act take place?",
        "options": [
            "A. In a cozy indoor environment with a fireplace.",
            "B. In a serene natural scene with a pond and lush greenery.",
            "C. In a clean white background.",
            "D. In a vibrant indoor child's room with a puppet theater."
        ],
        "answer": "C",
        "qa_level": "long_term",
        "qa_type": "mcqa",
        "old_answer": "C"
    }
]