[
    {
        "qa_idx": 0,
        "qa_type": "qa",
        "qa_level": "frame",
        "qa_task": "character-understanding",
        "question": "At 603.0 seconds into the video, were there people holding microphones?",
        "answer": "Yes",
        "old_answer": "Yes"
    },
    {
        "qa_idx": 1,
        "qa_task": "character-understanding",
        "question": "What is the woman near the foreground holding in the video frame at 1269.0 seconds?",
        "options": [
            "A. A camera.",
            "B. A microphone.",
            "C. A clipboard.",
            "D. A phone."
        ],
        "answer": "B",
        "qa_level": "frame",
        "qa_type": "mcqa",
        "old_answer": "B"
    },
    {
        "qa_idx": 3,
        "qa_type": "qa",
        "qa_level": "within_event",
        "qa_task": "character-understanding",
        "question": "Were there people holding microphones at the event from 1626.0 to 1688.0 seconds?",
        "answer": "Yes",
        "old_answer": "Yes"
    },
    {
        "qa_idx": 5,
        "qa_type": "qa",
        "qa_level": "within_event",
        "qa_task": "action-understanding",
        "question": "Is the woman in a sleeveless top with a necklace holding a microphone branded with 'MULTI SHOW' during the event from 324.0 to 366.0 seconds?",
        "answer": "No",
        "old_answer": "No"
    },
    {
        "qa_idx": 8,
        "qa_type": "qa",
        "qa_level": "cross_event",
        "qa_task": "action-understanding",
        "question": "During the event from 817.0 to 884.0, did the person in the yellow shirt perform a dance routine on stage?",
        "answer": "No",
        "old_answer": "No"
    },
    {
        "qa_idx": 9,
        "qa_type": "qa",
        "qa_level": "long_term",
        "qa_task": "action-understanding",
        "question": "Did the individuals at the event perform a dance routine on stage between 69.0 and 1215.0 seconds?",
        "answer": "No",
        "old_answer": "No"
    },
    {
        "qa_idx": 12,
        "qa_task": "attribute-change",
        "question": "How does the atmosphere and crowd change from the beginning to the end of the event between 817.0 seconds to 884.0 seconds?",
        "options": [
            "A. The atmosphere becomes more subdued and the crowd thins out.",
            "B. The atmosphere remains lively and the crowd becomes more prominent.",
            "C. The atmosphere becomes tense and the crowd becomes aggressive.",
            "D. The atmosphere becomes quieter and the crowd disperses."
        ],
        "answer": "B",
        "qa_level": "cross_event",
        "qa_type": "mcqa",
        "old_answer": "B"
    },
    {
        "qa_idx": 18,
        "qa_task": "speed",
        "question": "Which event is faster, the initial interactive segment or the media interactions at the end?",
        "options": [
            "A. The initial interactive segment.",
            "B. The media interactions at the end.",
            "C. Both are at the same speed.",
            "D. None of the above."
        ],
        "answer": "A",
        "qa_level": "long_term",
        "qa_type": "mcqa",
        "old_answer": "A"
    },
    {
        "qa_idx": 19,
        "qa_task": "attribute-change",
        "question": "How does the lighting change throughout the event from 8.0 to 2376.0 seconds?",
        "options": [
            "A. The lighting remains constant.",
            "B. The lighting shifts to include soft purple and pink hues.",
            "C. The lighting becomes darker.",
            "D. The lighting changes to a green hue."
        ],
        "answer": "B",
        "qa_level": "long_term",
        "qa_type": "mcqa",
        "old_answer": "B"
    }
]