[
    {
        "qa_idx": 0,
        "qa_task": "spatial-relationship",
        "question": "Where are the individuals predominantly gathered in the frame captured at 1057.0 seconds?",
        "options": [
            "A. Towards the center and background.",
            "B. Near the entrance.",
            "C. In the foreground.",
            "D. By the exit."
        ],
        "answer": "A",
        "qa_level": "frame",
        "qa_type": "mcqa",
        "old_answer": "A"
    },
    {
        "qa_idx": 1,
        "qa_task": "spatial-relationship",
        "question": "Where is the woman positioned in the scene at 1867.0 seconds?",
        "options": [
            "A. In the background.",
            "B. In the middle.",
            "C. In the foreground.",
            "D. To the side."
        ],
        "answer": "C",
        "qa_level": "frame",
        "qa_type": "mcqa",
        "old_answer": "C"
    },
    {
        "qa_idx": 2,
        "qa_task": "spatial-relationship",
        "question": "What is behind the two men in the video frame at 2172.0 seconds?",
        "options": [
            "A. A garden.",
            "B. A stone wall and a staircase.",
            "C. A car.",
            "D. A playground."
        ],
        "answer": "B",
        "qa_level": "frame",
        "qa_type": "mcqa",
        "old_answer": "B"
    },
    {
        "qa_idx": 3,
        "qa_type": "qa",
        "qa_level": "within_event",
        "qa_task": "plot-understanding",
        "question": "Does the event take place in an office-like setting with a formal atmosphere from 1181.0 to 1243.0 seconds?",
        "answer": "Yes",
        "old_answer": "Yes"
    },
    {
        "qa_idx": 4,
        "qa_task": "descriptive-scene",
        "question": "What is the background setting in the video frame at 2467.0 seconds?",
        "options": [
            "A. A dark-colored wall with vertical lines.",
            "B. A light-colored wall with horizontal lines.",
            "C. A patterned wallpaper with floral designs.",
            "D. A plain white wall with no lines."
        ],
        "answer": "B",
        "qa_level": "frame",
        "qa_type": "mcqa",
        "old_answer": "B"
    },
    {
        "qa_idx": 5,
        "qa_type": "qa",
        "qa_level": "long_term",
        "qa_task": "character-understanding",
        "question": "Is there a man wearing a striped shirt in multiple indoor scenes from 62.0 to 3047.0 seconds?",
        "answer": "Yes",
        "old_answer": "Yes"
    },
    {
        "qa_idx": 6,
        "qa_task": "speed",
        "question": "During the video event from 344.0 to 407.0 seconds, which scene transition happens more quickly?",
        "options": [
            "A. From the girl with shoulder-length dark hair to the small shop or cafe.",
            "B. From the small shop or cafe to the storage or retail area.",
            "C. From the storage or retail area to the boy in colorful clothing.",
            "D. From the boy in colorful clothing to the woman near shelves of various items."
        ],
        "answer": "A",
        "qa_level": "within_event",
        "qa_type": "mcqa",
        "old_answer": "A"
    },
    {
        "qa_idx": 7,
        "qa_task": "camera-direction",
        "question": "During the event from 2627.0 to 2687.0 seconds, how does the camera transition from the man on the balcony to the individuals gathered in the outdoor setting?",
        "options": [
            "A. The camera zooms in on the man on the balcony and then cuts to the outdoor setting.",
            "B. The camera pans from the man on the balcony to the outdoor setting.",
            "C. The camera cuts from the man on the balcony to the outdoor setting.",
            "D. The camera follows the man on the balcony as he walks to the outdoor setting."
        ],
        "answer": "C",
        "qa_level": "within_event",
        "qa_type": "mcqa",
        "old_answer": "C"
    },
    {
        "qa_idx": 8,
        "qa_task": "spatial-relationship",
        "question": "What is the spatial relationship between the bustling street market scene and the tranquil stone bridge scene in the video from 2434.0 to 2499.0 seconds?",
        "options": [
            "A. The bustling street market is located directly beside the tranquil stone bridge.",
            "B. The bustling street market and the tranquil stone bridge are in separate, distinct areas.",
            "C. The bustling street market is located on the stone bridge.",
            "D. The bustling street market is located under the stone bridge."
        ],
        "answer": "B",
        "qa_level": "cross_event",
        "qa_type": "mcqa",
        "old_answer": "B"
    },
    {
        "qa_idx": 9,
        "qa_task": "character-understanding",
        "question": "What are the main activities of the people depicted in the video events from 1436.0 to 1498.0 seconds and H to e seconds?",
        "options": [
            "A. People are seen working in paddy fields and engaging in a lively outdoor market scene.",
            "B. People are seen playing sports and attending a concert.",
            "C. People are seen cooking and dining in a restaurant.",
            "D. People are seen swimming and sunbathing at a beach."
        ],
        "answer": "A",
        "qa_level": "cross_event",
        "qa_type": "mcqa",
        "old_answer": "A"
    },
    {
        "qa_idx": 10,
        "qa_task": "temporal-relationship",
        "question": "What was the man in the striped shirt doing before the scene shifted to the woman holding a large poster with Chinese text?",
        "options": [
            "A. He was flipping through a book or an album.",
            "B. He was writing with a pen on a piece of paper.",
            "C. He was interacting with a computer screen.",
            "D. He was standing near a doorway."
        ],
        "answer": "A",
        "qa_level": "long_term",
        "qa_type": "mcqa",
        "old_answer": "A"
    },
    {
        "qa_idx": 11,
        "qa_task": "spatial-relationship",
        "question": "Where is the heart-shaped clock located in the indoor scene?",
        "options": [
            "A. On a wall with shelves displaying personal items.",
            "B. On a desk cluttered with items.",
            "C. Near a window with natural light.",
            "D. On a table with white cups and a pack of tissues."
        ],
        "answer": "A",
        "qa_level": "long_term",
        "qa_type": "mcqa",
        "old_answer": "A"
    },
    {
        "qa_idx": 14,
        "qa_task": "plot-understanding",
        "question": "What is the main theme depicted in the video from 62.0 to 3047.0 seconds?",
        "options": [
            "A. A series of professional office interactions.",
            "B. A sequence of personal and domestic activities.",
            "C. A bustling urban market scene.",
            "D. A serene rural landscape."
        ],
        "answer": "B",
        "qa_level": "long_term",
        "qa_type": "mcqa",
        "old_answer": "B"
    },
    {
        "qa_idx": 15,
        "qa_task": "camera-direction",
        "question": "How does the camera movement change from 62.0 seconds to 3047.0 seconds?",
        "options": [
            "A. The camera moves from a close-up of personal items to a wide shot of an outdoor market.",
            "B. The camera moves from a close-up of a man in a striped shirt to a wide shot of a bustling street market.",
            "C. The camera moves from a close-up of a woman in a dimly lit room to a wide shot of a serene lakeside scene.",
            "D. The camera moves from a close-up of a boy in colorful clothing to a wide shot of a rural landscape."
        ],
        "answer": "B",
        "qa_level": "long_term",
        "qa_type": "mcqa",
        "old_answer": "B"
    },
    {
        "qa_idx": 16,
        "qa_task": "speed",
        "question": "Which individual is depicted as engaging in activities at a faster pace in the video from 62.0 to 3047.0 seconds?",
        "options": [
            "A. The man in a striped shirt flipping through a book or album.",
            "B. The young boy writing with a pen on a piece of paper.",
            "C. The woman holding a large poster or banner with detailed Chinese text.",
            "D. The individuals working at desks in an office environment."
        ],
        "answer": "D",
        "qa_level": "long_term",
        "qa_type": "mcqa",
        "old_answer": "D"
    },
    {
        "qa_idx": 17,
        "qa_task": "attribute-change",
        "question": "How does the setting change from the beginning to the end of the video from 62.0 to 3047.0 seconds?",
        "options": [
            "A. From an indoor domestic setting to a bustling outdoor market.",
            "B. From a serene lakeside park to a busy urban street.",
            "C. From a personal indoor space to a professional office environment.",
            "D. From a rural agricultural area to a vibrant urban marketplace."
        ],
        "answer": "A",
        "qa_level": "long_term",
        "qa_type": "mcqa",
        "old_answer": "A"
    },
    {
        "qa_idx": 19,
        "qa_task": "object understanding",
        "question": "What kind of clock is displayed on the wall in the indoor scene described from 62.0 to 3047.0 seconds?",
        "options": [
            "A. A round clock.",
            "B. A digital clock.",
            "C. A heart-shaped clock.",
            "D. A square clock."
        ],
        "answer": "C",
        "qa_level": "long_term",
        "qa_type": "mcqa",
        "old_answer": "C"
    },
    {
        "qa_idx": 20,
        "qa_task": "time-order",
        "question": "In which order do the events occur in the video from 62.0 to 3047.0 seconds?",
        "options": [
            "A. A man in a striped shirt is sitting near a wall with shelves displaying personal items.",
            "B. A woman is centrally positioned within an indoor setting, likely a living area or kitchen.",
            "C. A man is standing slightly to the left in a dimly lit indoor environment.",
            "D. A bustling street market scene unfolds during the daytime."
        ],
        "answer": "A",
        "qa_level": "long_term",
        "qa_type": "mcqa",
        "old_answer": "A"
    }
]