[
    {
        "qa_idx": 0,
        "qa_type": "qa",
        "qa_level": "frame",
        "qa_task": "object understanding",
        "question": "Is there a prominent man engaged in an activity near the center-left of the image at 2770.0 seconds?",
        "answer": "Yes",
        "old_answer": "Yes"
    },
    {
        "qa_idx": 1,
        "qa_task": "descriptive-scene",
        "question": "What is the main feature of the scene at 3378.0 seconds into the video?",
        "options": [
            "A. A vast expanse of densely packed yellow flowers.",
            "B. A bustling cityscape with tall buildings.",
            "C. A serene beach with clear blue water.",
            "D. A dense forest with tall trees."
        ],
        "answer": "A",
        "qa_level": "frame",
        "qa_type": "mcqa",
        "old_answer": "A"
    },
    {
        "qa_idx": 2,
        "qa_type": "qa",
        "qa_level": "frame",
        "qa_task": "character-understanding",
        "question": "Is one of the men sitting on a wooden stool at 7429.0 seconds into the video?",
        "answer": "Yes",
        "old_answer": "Yes"
    },
    {
        "qa_idx": 3,
        "qa_task": "descriptive-scene",
        "question": "Where is the person in the video frame at 7377.0 seconds?",
        "options": [
            "A. In a kitchen.",
            "B. In a living room.",
            "C. In an industrial or workshop environment.",
            "D. In a garden."
        ],
        "answer": "C",
        "qa_level": "frame",
        "qa_type": "mcqa",
        "old_answer": "C"
    },
    {
        "qa_idx": 4,
        "qa_type": "qa",
        "qa_level": "within_event",
        "qa_task": "action-understanding",
        "question": "Between 5436.0 and 5532.0 seconds, do people in the bustling outdoor scene start a snowball fight?",
        "answer": "No",
        "old_answer": "No"
    },
    {
        "qa_idx": 5,
        "qa_type": "qa",
        "qa_level": "within_event",
        "qa_task": "action-understanding",
        "question": "During the scene from 7810.0 to 7879.0 seconds, do the individuals in the urban setting perform a synchronized dance routine?",
        "answer": "No",
        "old_answer": "No"
    },
    {
        "qa_idx": 7,
        "qa_type": "qa",
        "qa_level": "cross_event",
        "qa_task": "action-understanding",
        "question": "In the scene from 812.0 to 872.0, does the man with the camera take a picture of the calligraphy on the red wall?",
        "answer": "No",
        "old_answer": "No"
    },
    {
        "qa_idx": 8,
        "qa_task": "descriptive-scene",
        "question": "Where does the stage performance take place in the video from 1393.0 to 1435.0 seconds?",
        "options": [
            "A. In a theater.",
            "B. On a street.",
            "C. In a park.",
            "D. In a school."
        ],
        "answer": "A",
        "qa_level": "within_event",
        "qa_type": "mcqa",
        "old_answer": "A"
    },
    {
        "qa_idx": 9,
        "qa_type": "qa",
        "qa_level": "cross_event",
        "qa_task": "character-understanding",
        "question": "In the video from 3973.0 to 4039.0, was there a man holding an open notebook in a wooded area?",
        "answer": "Yes",
        "old_answer": "Yes"
    },
    {
        "qa_idx": 10,
        "qa_task": "speed",
        "question": "From 3355.0 to 3417.0 seconds of the video, which object is moving faster?",
        "options": [
            "A. The man in the red jacket.",
            "B. The man with the bright green backpack.",
            "C. Both are moving at the same speed.",
            "D. None of the above."
        ],
        "answer": "D",
        "qa_level": "within_event",
        "qa_type": "mcqa",
        "old_answer": "D"
    },
    {
        "qa_idx": 11,
        "qa_task": "speed",
        "question": "Between the time of 3530.0 seconds to 3597.0 seconds and H seconds to e seconds, which scene depicts a faster-paced activity?",
        "options": [
            "A. The scene with a man standing against a tiled wall background and various culinary scenes.",
            "B. The scene with a woman in a light-colored jacket serving food from a table laden with dishes.",
            "C. The scene with a pot of boiling food with leafy greens, tofu, and spices.",
            "D. The scene with a detailed food presentation with a beautifully garnished dish in broth."
        ],
        "answer": "C",
        "qa_level": "cross_event",
        "qa_type": "mcqa",
        "old_answer": "C"
    },
    {
        "qa_idx": 12,
        "qa_task": "descriptive-scene",
        "question": "Where do the events in the video from 5216.0 to 5286.0 seconds primarily take place?",
        "options": [
            "A. A professional restaurant kitchen.",
            "B. A domestic kitchen setting.",
            "C. An outdoor food market.",
            "D. A bakery shop."
        ],
        "answer": "B",
        "qa_level": "cross_event",
        "qa_type": "mcqa",
        "old_answer": "B"
    },
    {
        "qa_idx": 13,
        "qa_task": "plot-understanding",
        "question": "What is the main theme depicted in the video from 3.0 to 8087.0 seconds?",
        "options": [
            "A. Exploration and cultural heritage.",
            "B. Urban development and modern architecture.",
            "C. Wildlife and natural habitats.",
            "D. Industrial and mechanical processes."
        ],
        "answer": "A",
        "qa_level": "long_term",
        "qa_type": "mcqa",
        "old_answer": "A"
    },
    {
        "qa_idx": 14,
        "qa_task": "camera-direction",
        "question": "What is the camera doing when the scene transitions from the serene natural landscapes to the urban scenes of bridges, high-rise buildings, and boats between 3.0 and 8087.0 seconds?",
        "options": [
            "A. The camera is zooming in on the natural landscapes.",
            "B. The camera is panning across the urban scenes.",
            "C. The camera is moving closer to the urban scenes.",
            "D. The camera is zooming out from the natural landscapes."
        ],
        "answer": "C",
        "qa_level": "long_term",
        "qa_type": "mcqa",
        "old_answer": "C"
    },
    {
        "qa_idx": 15,
        "qa_task": "attribute-change",
        "question": "How does the environment change from the beginning to the end of the video from 3.0 to 8087.0 seconds?",
        "options": [
            "A. From a historical and cultural setting to a serene natural landscape.",
            "B. From a bustling urban environment to a quiet rural village.",
            "C. From a dense forest to an industrial workshop.",
            "D. From a serene beach to a busy marketplace."
        ],
        "answer": "A",
        "qa_level": "long_term",
        "qa_type": "mcqa",
        "old_answer": "A"
    },
    {
        "qa_idx": 16,
        "qa_task": "character-understanding",
        "question": "What is the man wearing while standing on a wooden pathway flanked by steep rock cliffs?",
        "options": [
            "A. A light-colored long-sleeve shirt and jeans, carrying a green backpack.",
            "B. A dark jacket with a neon green backpack.",
            "C. Traditional attire with a red sash.",
            "D. A black suit with a red tie."
        ],
        "answer": "A",
        "qa_level": "long_term",
        "qa_type": "mcqa",
        "old_answer": "A"
    },
    {
        "qa_idx": 17,
        "qa_task": "object understanding",
        "question": "What kind of items are prominently displayed in the shop specializing in bladed weapons?",
        "options": [
            "A. Ornate swords with detailed hilts.",
            "B. Traditional pottery and ceramics.",
            "C. Antique books and manuscripts.",
            "D. Modern electronic gadgets."
        ],
        "answer": "A",
        "qa_level": "long_term",
        "qa_type": "mcqa",
        "old_answer": "A"
    },
    {
        "qa_idx": 18,
        "qa_task": "descriptive-scene",
        "question": "What kind of environment is depicted in the video from 3.0 to 8087.0 seconds?",
        "options": [
            "A. A bustling urban market with modern buildings.",
            "B. A serene natural landscape with waterfalls, caves, and lush greenery.",
            "C. An industrial workshop with machinery and tools.",
            "D. A historical site with ancient ruins and traditional architecture."
        ],
        "answer": "B",
        "qa_level": "long_term",
        "qa_type": "mcqa",
        "old_answer": "B"
    }
]