[
    {
        "qa_idx": 0,
        "qa_type": "qa",
        "qa_level": "frame",
        "qa_task": "object understanding",
        "question": "Is there a large rabbit wearing dark clothing in the classroom scene at 431.0 seconds?",
        "answer": "Yes",
        "old_answer": "Yes"
    },
    {
        "qa_idx": 1,
        "qa_task": "object understanding",
        "question": "What is the character on the left holding at the 2319.0-second mark of the video?",
        "options": [
            "A. A piece of food.",
            "B. A clay object.",
            "C. An earthworm-like object.",
            "D. A book."
        ],
        "answer": "C",
        "qa_level": "frame",
        "qa_type": "mcqa",
        "old_answer": "C"
    },
    {
        "qa_idx": 2,
        "qa_type": "qa",
        "qa_level": "frame",
        "qa_task": "object understanding",
        "question": "Is there a large green pine tree in the background at the 15.0-second mark of the video?",
        "answer": "Yes",
        "old_answer": "Yes"
    },
    {
        "qa_idx": 3,
        "qa_task": "object understanding",
        "question": "What is the character in the frame at 1886.0 seconds wearing?",
        "options": [
            "A. A blue hat, a green scarf, a blue coat, and red boots.",
            "B. A red hat, a pink scarf, a red coat, and yellow boots.",
            "C. A yellow hat, a red scarf, a green coat, and blue boots.",
            "D. A pink hat, a blue scarf, a yellow coat, and green boots."
        ],
        "answer": "B",
        "qa_level": "frame",
        "qa_type": "mcqa",
        "old_answer": "B"
    },
    {
        "qa_idx": 4,
        "qa_type": "qa",
        "qa_level": "within_event",
        "qa_task": "speed",
        "question": "Are the animated toy characters moving quickly during their playful winter activities from 2584.0 to 2642.0 seconds?",
        "answer": "No",
        "old_answer": "No"
    },
    {
        "qa_idx": 5,
        "qa_task": "counting",
        "question": "How many anthropomorphic characters are visible in the bus at 87.0 seconds into the video?",
        "options": [
            "A. 1.",
            "B. 3.",
            "C. 5.",
            "D. Several."
        ],
        "answer": "D",
        "qa_level": "frame",
        "qa_type": "mcqa",
        "old_answer": "D"
    },
    {
        "qa_idx": 6,
        "qa_type": "qa",
        "qa_level": "within_event",
        "qa_task": "plot-understanding",
        "question": "Do the zebra and pig characters discuss a cabinet design at the beginning of the video event from 3669.0 to 3729.0 seconds?",
        "answer": "Yes",
        "old_answer": "Yes"
    },
    {
        "qa_idx": 7,
        "qa_task": "spatial-relationship",
        "question": "What is the hand holding in the frame at 3538.0 seconds?",
        "options": [
            "A. A wooden plank.",
            "B. A glass bottle with a model ship.",
            "C. A cork stopper.",
            "D. A red hull."
        ],
        "answer": "B",
        "qa_level": "frame",
        "qa_type": "mcqa",
        "old_answer": "B"
    },
    {
        "qa_idx": 8,
        "qa_type": "qa",
        "qa_level": "cross_event",
        "qa_task": "action-understanding",
        "question": "In the first event from 1523.0 to 1584.0, does the white rabbit use a red lever and green button to control the helicopter?",
        "answer": "Yes",
        "old_answer": "Yes"
    },
    {
        "qa_idx": 9,
        "qa_task": "camera-direction",
        "question": "Does the camera move closer to the toy characters or does it stay at a fixed distance throughout the event from 2712.0 to 2775.0 seconds?",
        "options": [
            "A. The camera moves closer to the toy characters.",
            "B. The camera stays at a fixed distance.",
            "C. The camera moves away from the toy characters.",
            "D. The camera moves around the toy characters."
        ],
        "answer": "B",
        "qa_level": "within_event",
        "qa_type": "mcqa",
        "old_answer": "B"
    },
    {
        "qa_idx": 10,
        "qa_type": "qa",
        "qa_level": "cross_event",
        "qa_task": "action-understanding",
        "question": "In the classroom setting from 431.0 to 491.0, do the characters engage in a snowball fight?",
        "answer": "No",
        "old_answer": "No"
    },
    {
        "qa_idx": 11,
        "qa_type": "qa",
        "qa_level": "long_term",
        "qa_task": "character-understanding",
        "question": "Do the anthropomorphic characters engage in winter activities such as skiing and sledding from 3.0 to 176.0 seconds?",
        "answer": "Yes",
        "old_answer": "Yes"
    },
    {
        "qa_idx": 12,
        "qa_task": "object-direction",
        "question": "In which direction is the figure skiing down the slope relative to the bus from 65.0 to 78.0 seconds?",
        "options": [
            "A. To the left.",
            "B. To the right.",
            "C. Towards the bus.",
            "D. Away from the bus."
        ],
        "answer": "B",
        "qa_level": "within_event",
        "qa_type": "mcqa",
        "old_answer": "B"
    },
    {
        "qa_idx": 13,
        "qa_task": "camera-direction",
        "question": "How does the camera movement contribute to the depiction of the classroom and concert scenes from 2025.0 to 2085.0 seconds?",
        "options": [
            "A. The camera remains static throughout the scenes, focusing on the characters' interactions.",
            "B. The camera moves forward to provide close-up views of the characters and their musical instruments.",
            "C. The camera pans from left to right to capture the entire classroom and concert environment.",
            "D. The camera zooms out to show the overall setting without focusing on specific details."
        ],
        "answer": "B",
        "qa_level": "cross_event",
        "qa_type": "mcqa",
        "old_answer": "B"
    },
    {
        "qa_idx": 14,
        "qa_task": "spatial-relationship",
        "question": "In the video events from 1253.0 to 1313.0 seconds and H to e seconds, what is the common background element seen in both scenes involving characters holding devices?",
        "options": [
            "A. A yellow background with a green-framed picture.",
            "B. A white washing machine.",
            "C. A green background.",
            "D. A classroom environment."
        ],
        "answer": "B",
        "qa_level": "cross_event",
        "qa_type": "mcqa",
        "old_answer": "B"
    },
    {
        "qa_idx": 15,
        "qa_task": "camera-direction",
        "question": "How does the camera movement emphasize the toy character and the winter activities from 3.0 to 63.0 seconds?",
        "options": [
            "A. The camera remains static, focusing only on the toy character.",
            "B. The camera moves forward to capture the details of the toy character and then transitions to capture the winter activities.",
            "C. The camera pans left and right to show different characters and activities.",
            "D. The camera zooms out to show a wide view of the snowy landscape and characters."
        ],
        "answer": "B",
        "qa_level": "cross_event",
        "qa_type": "mcqa",
        "old_answer": "B"
    },
    {
        "qa_idx": 16,
        "qa_task": "time-order",
        "question": "What is the correct sequence of events in the video from 4008.0 to 4069.0 seconds?",
        "options": [
            "A. The scene starts indoors with characters playing with toys, then moves to a nighttime outdoor scene with a car arriving.",
            "B. The scene starts with a nighttime outdoor scene with a car arriving, then moves indoors to characters playing with toys.",
            "C. The scene starts with characters playing with toys indoors, then moves to a nighttime outdoor scene with characters departing.",
            "D. The scene starts with characters playing with toys indoors, then moves to a nighttime outdoor scene with characters arriving."
        ],
        "answer": "B",
        "qa_level": "cross_event",
        "qa_type": "mcqa",
        "old_answer": "B"
    },
    {
        "qa_idx": 17,
        "qa_task": "plot-understanding",
        "question": "What is the main activity the family of animated characters is engaged in at the beginning of the event from 2776.0 to 2844.0 seconds?",
        "options": [
            "A. Stargazing on a grassy hill.",
            "B. Driving a red car.",
            "C. Descending a staircase.",
            "D. Playing with toy figures."
        ],
        "answer": "A",
        "qa_level": "cross_event",
        "qa_type": "mcqa",
        "old_answer": "A"
    },
    {
        "qa_idx": 18,
        "qa_task": "temporal-relationship",
        "question": "What activity were the characters engaged in before the scene transitioned to the shopping district?",
        "options": [
            "A. Ice skating.",
            "B. Skiing.",
            "C. Stargazing.",
            "D. Playing in the classroom."
        ],
        "answer": "B",
        "qa_level": "long_term",
        "qa_type": "mcqa",
        "old_answer": "B"
    },
    {
        "qa_idx": 19,
        "qa_task": "spatial-relationship",
        "question": "Where is the blue bus with red seats located in the video?",
        "options": [
            "A. In a snow-covered mountainous landscape.",
            "B. In a vibrant shopping district.",
            "C. In a cozy children's bedroom.",
            "D. In a colorful classroom."
        ],
        "answer": "A",
        "qa_level": "long_term",
        "qa_type": "mcqa",
        "old_answer": "A"
    },
    {
        "qa_idx": 22,
        "qa_task": "object-direction",
        "question": "In the video from 3.0 to 4134.0 seconds, which direction is the character skiing down the slope?",
        "options": [
            "A. Up the slope.",
            "B. Down the slope.",
            "C. Left to right.",
            "D. Right to left."
        ],
        "answer": "B",
        "qa_level": "long_term",
        "qa_type": "mcqa",
        "old_answer": "B"
    }
]