[
    {
        "qa_idx": 0,
        "qa_type": "qa",
        "qa_level": "frame",
        "qa_task": "object understanding",
        "question": "Is there a large, dark-colored screen or monitor mounted on the wall in the background at 1959.0 seconds into the video?",
        "answer": "Yes",
        "old_answer": "Yes"
    },
    {
        "qa_idx": 2,
        "qa_type": "qa",
        "qa_level": "within_event",
        "qa_task": "plot-understanding",
        "question": "Is the man in the white and grey shirt the central figure throughout the event from 790.0 to 889.0 seconds?",
        "answer": "Yes",
        "old_answer": "Yes"
    },
    {
        "qa_idx": 5,
        "qa_type": "qa",
        "qa_level": "cross_event",
        "qa_task": "action-understanding",
        "question": "In both events from 115.0 to 197.0 and 274.0 to 334.0, is there a reflection of another individual visible on a glossy surface?",
        "answer": "Yes",
        "old_answer": "Yes"
    },
    {
        "qa_idx": 7,
        "qa_type": "qa",
        "qa_level": "cross_event",
        "qa_task": "plot-understanding",
        "question": "Do both video events from 518.0 to 779.0 and 790.0 to 889.0 take place in a similar indoor setting with green walls and reflective surfaces?",
        "answer": "Yes",
        "old_answer": "Yes"
    },
    {
        "qa_idx": 8,
        "qa_type": "qa",
        "qa_level": "long_term",
        "qa_task": "object understanding",
        "question": "Is there a flat-screen television mounted on the wall in the background throughout the video from 7.0 to 5985.0 seconds?",
        "answer": "Yes",
        "old_answer": "Yes"
    },
    {
        "qa_idx": 9,
        "qa_task": "character-understanding",
        "question": "What is the man closer to the camera wearing in the video from 991.0 to 1046.0 seconds?",
        "options": [
            "A. A white shirt with text.",
            "B. A black shirt with a logo.",
            "C. A blue shirt with stripes.",
            "D. A red shirt with a design."
        ],
        "answer": "A",
        "qa_level": "within_event",
        "qa_type": "mcqa",
        "old_answer": "A"
    },
    {
        "qa_idx": 11,
        "qa_task": "camera-direction",
        "question": "How does the camera movement change between the two video events from 4842.0 to 4931.0 seconds and H to e seconds?",
        "options": [
            "A. The camera moves from a static position to a dynamic one, capturing more details of the room and the individuals.",
            "B. The camera remains static throughout both events, focusing on the same scene without any movement.",
            "C. The camera moves from a dynamic position to a static one, reducing the focus on the room's details and individuals.",
            "D. The camera continuously zooms in and out, capturing different parts of the room and individuals."
        ],
        "answer": "A",
        "qa_level": "cross_event",
        "qa_type": "mcqa",
        "old_answer": "A"
    },
    {
        "qa_idx": 12,
        "qa_task": "causal",
        "question": "Why does the man in the white T-shirt with 'N.Y College Dream' text position himself primarily on the left side of the image foreground in the event from 2328.0 to 2389.0 seconds?",
        "options": [
            "A. To avoid the reflection on the television screen.",
            "B. To engage with the man seated in front of the television.",
            "C. To adjust the lighting in the room.",
            "D. To showcase his T-shirt text."
        ],
        "answer": "B",
        "qa_level": "cross_event",
        "qa_type": "mcqa",
        "old_answer": "B"
    },
    {
        "qa_idx": 15,
        "qa_task": "spatial-relationship",
        "question": "What is positioned behind the man wearing a white and green short-sleeved polo shirt?",
        "options": [
            "A. A bookshelf.",
            "B. A flat-screen television.",
            "C. A window.",
            "D. A painting."
        ],
        "answer": "B",
        "qa_level": "long_term",
        "qa_type": "mcqa",
        "old_answer": "B"
    },
    {
        "qa_idx": 19,
        "qa_task": "camera-direction",
        "question": "What does the camera do as the man gestures towards it in the indoor setting with light green walls and a flat-screen television reflecting another person?",
        "options": [
            "A. The camera zooms in on the man.",
            "B. The camera pans to the left.",
            "C. The camera zooms out to capture the entire room.",
            "D. The camera remains stationary."
        ],
        "answer": "A",
        "qa_level": "long_term",
        "qa_type": "mcqa",
        "old_answer": "A"
    },
    {
        "qa_idx": 20,
        "qa_task": "speed",
        "question": "How does the speed of the man's gestures change from the beginning to the end of the video event between 7.0 and 5985.0 seconds?",
        "options": [
            "A. The speed of his gestures remains constant.",
            "B. The speed of his gestures increases.",
            "C. The speed of his gestures decreases.",
            "D. The speed of his gestures varies inconsistently."
        ],
        "answer": "A",
        "qa_level": "long_term",
        "qa_type": "mcqa",
        "old_answer": "A"
    },
    {
        "qa_idx": 21,
        "qa_task": "attribute-change",
        "question": "How does the man's shirt change throughout the video from 7.0 to 5985.0 seconds?",
        "options": [
            "A. The man changes from a white and green short-sleeved polo shirt to a white and gray short-sleeved shirt.",
            "B. The man changes from a white and green short-sleeved polo shirt to a black and white striped shirt.",
            "C. The man changes from a white and green short-sleeved polo shirt to a red and blue checkered shirt.",
            "D. The man changes from a white and green short-sleeved polo shirt to a plain white shirt."
        ],
        "answer": "A",
        "qa_level": "long_term",
        "qa_type": "mcqa",
        "old_answer": "A"
    }
]