[
    {
        "qa_idx": 1,
        "qa_type": "qa",
        "qa_level": "frame",
        "qa_task": "character-understanding",
        "question": "Is the bear holding a fishing rod at 1470.0 seconds into the video?",
        "answer": "Yes",
        "old_answer": "Yes"
    },
    {
        "qa_idx": 2,
        "qa_task": "character-understanding",
        "question": "What is the small character doing in the video frame at 313.0 seconds?",
        "options": [
            "A. The character is sitting on the ground.",
            "B. The character is floating in mid-air.",
            "C. The character is climbing a tree.",
            "D. The character is running."
        ],
        "answer": "B",
        "qa_level": "frame",
        "qa_type": "mcqa",
        "old_answer": "B"
    },
    {
        "qa_idx": 3,
        "qa_type": "qa",
        "qa_level": "within_event",
        "qa_task": "speed",
        "question": "Did the large bear character move quickly during the interactions from 921.0 to 986.0 seconds?",
        "answer": "No",
        "old_answer": "No"
    },
    {
        "qa_idx": 4,
        "qa_type": "qa",
        "qa_level": "within_event",
        "qa_task": "action-understanding",
        "question": "During the scene from 872.0 to 920.0 seconds, does the bear prepare a meal for the penguin using the brass samovar?",
        "answer": "No",
        "old_answer": "No"
    },
    {
        "qa_idx": 5,
        "qa_task": "spatial-relationship",
        "question": "What is partially visible on the left side of the frame at 983.0 seconds?",
        "options": [
            "A. A small pond.",
            "B. A vehicle.",
            "C. A tall tree.",
            "D. A snowman."
        ],
        "answer": "B",
        "qa_level": "frame",
        "qa_type": "mcqa",
        "old_answer": "B"
    },
    {
        "qa_idx": 6,
        "qa_type": "qa",
        "qa_level": "cross_event",
        "qa_task": "action-understanding",
        "question": "In the event from 1283.0 to 1349.0, does the bear interact with a person dressed in vivid colors?",
        "answer": "No",
        "old_answer": "No"
    },
    {
        "qa_idx": 7,
        "qa_type": "qa",
        "qa_level": "cross_event",
        "qa_task": "object understanding",
        "question": "Is there a fishing rod present in the scene from 1463.0 to 1538.0 seconds?",
        "answer": "Yes",
        "old_answer": "Yes"
    },
    {
        "qa_idx": 9,
        "qa_type": "qa",
        "qa_level": "long_term",
        "qa_task": "character-understanding",
        "question": "Did the large bear interact with other characters in both indoor and outdoor settings from 4.0 to 1979.0 seconds?",
        "answer": "Yes",
        "old_answer": "Yes"
    },
    {
        "qa_idx": 10,
        "qa_type": "qa",
        "qa_level": "long_term",
        "qa_task": "character-understanding",
        "question": "Did the large bear frequently appear in both indoor and outdoor settings throughout the video from 4.0 to 1979.0 seconds?",
        "answer": "Yes",
        "old_answer": "Yes"
    },
    {
        "qa_idx": 12,
        "qa_task": "attribute-change",
        "question": "How does the attribute of the environment change from the beginning to the end of the video events between 1354.0 seconds to 1417.0 seconds and H seconds to e seconds?",
        "options": [
            "A. The environment changes from a dense, lush green forest to a barren, dry landscape.",
            "B. The environment changes from a vibrant outdoor setting to an indoor setting.",
            "C. The environment remains consistently vibrant and lush throughout the video events.",
            "D. The environment changes from a sunny day to a rainy day."
        ],
        "answer": "C",
        "qa_level": "cross_event",
        "qa_type": "mcqa",
        "old_answer": "C"
    },
    {
        "qa_idx": 13,
        "qa_task": "scene-understanding",
        "question": "What is the primary setting of the events described in both video descriptions from 1148.0 to 1216.0 seconds and H to e seconds?",
        "options": [
            "A. A whimsical, playful environment with vibrant colors and floating bubbles.",
            "B. A dark, mysterious forest with eerie sounds.",
            "C. A bustling cityscape with tall buildings and busy streets.",
            "D. A quiet, serene beach with gentle waves."
        ],
        "answer": "A",
        "qa_level": "cross_event",
        "qa_type": "mcqa",
        "old_answer": "A"
    },
    {
        "qa_idx": 14,
        "qa_task": "temporal-relationship",
        "question": "What was the bear doing before it was seen holding a piece of paper in a cozy, rustic room filled with wooden elements?",
        "options": [
            "A. The bear was performing a balancing act on a small circular object while juggling sausages and spinning a plate on a stick held in its mouth.",
            "B. The bear was riding a tricycle beside a paved pathway surrounded by dense foliage.",
            "C. The bear was lying on its back atop a horizontal log with a checkers board set up in front of it.",
            "D. The bear was holding a fishing rod and seated near a pond."
        ],
        "answer": "A",
        "qa_level": "long_term",
        "qa_type": "mcqa",
        "old_answer": "A"
    },
    {
        "qa_idx": 15,
        "qa_task": "spatial-relationship",
        "question": "Where is the bear often seen interacting with smaller characters and holding items like a lollipop or flowers?",
        "options": [
            "A. In a cozy, well-decorated room filled with books, framed pictures, and trophies.",
            "B. In a rustic wooden house surrounded by greenery and garden elements.",
            "C. In a lush forest with tall, dense trees and vibrant flowers.",
            "D. In a bustling indoor setting with wooden furniture and a chair."
        ],
        "answer": "B",
        "qa_level": "long_term",
        "qa_type": "mcqa",
        "old_answer": "B"
    },
    {
        "qa_idx": 17,
        "qa_task": "plot-understanding",
        "question": "What is the main activity the bear is engaged in during the indoor scenes from 73.0 to 204.0 seconds?",
        "options": [
            "A. Cooking in the kitchen.",
            "B. Writing or organizing papers.",
            "C. Playing a musical instrument.",
            "D. Painting a picture."
        ],
        "answer": "B",
        "qa_level": "long_term",
        "qa_type": "mcqa",
        "old_answer": "B"
    },
    {
        "qa_idx": 18,
        "qa_task": "plot-understanding",
        "question": "What is the main activity that the large bear is frequently engaged in throughout the video from 4.0 to 1979.0 seconds?",
        "options": [
            "A. Fishing in a serene forest setting.",
            "B. Interacting with various household items in a cozy, well-decorated room.",
            "C. Performing a balancing act and juggling sausages.",
            "D. Engaging in a game of chess with a tiger."
        ],
        "answer": "B",
        "qa_level": "long_term",
        "qa_type": "mcqa",
        "old_answer": "B"
    },
    {
        "qa_idx": 19,
        "qa_task": "camera-direction",
        "question": "What is the camera movement when the scene transitions from the bear holding a piece of paper in a cozy, rustic room to the bear standing in front of a wooden door with blue patterned wallpaper?",
        "options": [
            "A. The camera moves closer to the bear.",
            "B. The camera moves away from the bear.",
            "C. The camera pans to the left.",
            "D. The camera pans to the right."
        ],
        "answer": "A",
        "qa_level": "long_term",
        "qa_type": "mcqa",
        "old_answer": "A"
    },
    {
        "qa_idx": 20,
        "qa_task": "speed",
        "question": "Which character is faster in the video, the bear or the small character in a purple outfit?",
        "options": [
            "A. The bear.",
            "B. The small character in a purple outfit.",
            "C. Both are at the same speed.",
            "D. None of the above."
        ],
        "answer": "A",
        "qa_level": "long_term",
        "qa_type": "mcqa",
        "old_answer": "A"
    },
    {
        "qa_idx": 21,
        "qa_task": "attribute-change",
        "question": "How does the setting change from the beginning to the end of the video from 4.0 to 1979.0 seconds?",
        "options": [
            "A. From an indoor scene with a toy bear performing to an outdoor forest setting with a bear and a child fishing.",
            "B. From a forest scene with a bear holding a net to an indoor scene with a bear playing chess.",
            "C. From a cozy indoor setting with a bear writing at a desk to an outdoor scene with a bear and a child fishing.",
            "D. From a forest scene with a bear holding a net to an indoor scene with a bear holding a red telephone."
        ],
        "answer": "A",
        "qa_level": "long_term",
        "qa_type": "mcqa",
        "old_answer": "A"
    },
    {
        "qa_idx": 22,
        "qa_task": "character-understanding",
        "question": "What is the large bear often seen doing in the cozy, well-decorated room filled with books, framed pictures, and trophies from 4.0 to 1979.0 seconds?",
        "options": [
            "A. The bear is often seen writing or organizing papers on a desk.",
            "B. The bear is often seen cooking in the kitchen.",
            "C. The bear is often seen playing a musical instrument.",
            "D. The bear is often seen painting on a canvas."
        ],
        "answer": "A",
        "qa_level": "long_term",
        "qa_type": "mcqa",
        "old_answer": "A"
    },
    {
        "qa_idx": 23,
        "qa_task": "object understanding",
        "question": "What objects are featured in the cozy, well-decorated room where the large bear is seated in a comfortable cream-colored chair?",
        "options": [
            "A. A small table stacked with pancakes, patterned curtains, and a fireplace with trophies.",
            "B. A large television, a blue sofa, and a coffee table with magazines.",
            "C. A dining table with chairs, a chandelier, and a bookshelf with novels.",
            "D. A kitchen counter with utensils, a refrigerator, and a microwave."
        ],
        "answer": "A",
        "qa_level": "long_term",
        "qa_type": "mcqa",
        "old_answer": "A"
    },
    {
        "qa_idx": 24,
        "qa_task": "time-order",
        "question": "In which order do the events occur in the video from 4.0 to 1979.0 seconds?",
        "options": [
            "A. The video begins with a toy bear performing a balancing act, transitions to an outdoor scene of a wooden house, and then shows various woodland settings with a large bear interacting with smaller characters.",
            "B. The video begins with a lush forest scene, transitions to a cozy indoor setting with a bear writing at a desk, and then shows a bear and a panda in a vibrant forest setting.",
            "C. The video begins with a bear holding a piece of paper in a cozy room, transitions to a bear lying on a log in a forest, and then shows a bear and a panda interacting in a playful indoor environment.",
            "D. The video begins with a bear holding a net in a lush forest, transitions to a bear and a child fishing by a pond, and then shows animated wolves interacting with a vehicle in a forest."
        ],
        "answer": "A",
        "qa_level": "long_term",
        "qa_type": "mcqa",
        "old_answer": "A"
    }
]