[
    {
        "qa_idx": 1,
        "qa_type": "qa",
        "qa_level": "frame",
        "qa_task": "character-understanding",
        "question": "Is the cartoon character looking through binoculars at 798.0 seconds into the video?",
        "answer": "Yes",
        "old_answer": "Yes"
    },
    {
        "qa_idx": 2,
        "qa_task": "object understanding",
        "question": "What items are present on the wooden desk in the room at 1046.0 seconds into the video?",
        "options": [
            "A. A computer and a lamp.",
            "B. A framed picture featuring a cartoon character.",
            "C. A stack of books and a vase.",
            "D. A clock and a plant."
        ],
        "answer": "B",
        "qa_level": "frame",
        "qa_type": "mcqa",
        "old_answer": "B"
    },
    {
        "qa_idx": 3,
        "qa_task": "object understanding",
        "question": "What is the character hanging from in the scene at 647.0 seconds into the video?",
        "options": [
            "A. A green vine.",
            "B. A red magnet.",
            "C. A yellow rope.",
            "D. A blue swing."
        ],
        "answer": "B",
        "qa_level": "frame",
        "qa_type": "mcqa",
        "old_answer": "B"
    },
    {
        "qa_idx": 4,
        "qa_type": "qa",
        "qa_level": "within_event",
        "qa_task": "plot-understanding",
        "question": "Does the event take place in an urban animated environment from 838.0 to 875.0 seconds?",
        "answer": "Yes",
        "old_answer": "Yes"
    },
    {
        "qa_idx": 5,
        "qa_type": "qa",
        "qa_level": "cross_event",
        "qa_task": "speed",
        "question": "From the time of 1766.0 to 1829.0, does the blue character run intensely towards the yellow character at a fast pace?",
        "answer": "Yes",
        "old_answer": "Yes"
    },
    {
        "qa_idx": 6,
        "qa_task": "attribute-change",
        "question": "How does the background of the scene change from 2051.0 seconds to 2123.0 seconds?",
        "options": [
            "A. The background changes from a crumpled, lined paper to a solid color.",
            "B. The background remains a crumpled, lined paper throughout the scene.",
            "C. The background changes from a crumpled, lined paper to a detailed indoor setting.",
            "D. The background changes from a crumpled, lined paper to an outdoor scene."
        ],
        "answer": "B",
        "qa_level": "within_event",
        "qa_type": "mcqa",
        "old_answer": "B"
    },
    {
        "qa_idx": 7,
        "qa_type": "qa",
        "qa_level": "cross_event",
        "qa_task": "action-understanding",
        "question": "In the scene from 1051.0 to 1111.0, does the animated character with a large round head and expressive eyes take a walk outside in the suburban neighborhood?",
        "answer": "No",
        "old_answer": "No"
    },
    {
        "qa_idx": 8,
        "qa_task": "camera-direction",
        "question": "Does the camera move towards the zoo entrance or away from it in the video from 991.0 to 1006.0 seconds?",
        "options": [
            "A. The camera moves towards the zoo entrance.",
            "B. The camera moves away from the zoo entrance.",
            "C. The camera remains stationary.",
            "D. The camera moves sideways."
        ],
        "answer": "A",
        "qa_level": "within_event",
        "qa_type": "mcqa",
        "old_answer": "A"
    },
    {
        "qa_idx": 9,
        "qa_type": "qa",
        "qa_level": "long_term",
        "qa_task": "object understanding",
        "question": "Is there a red-roofed house featured in the video event descriptions from 10.0 to 2123.0 seconds?",
        "answer": "Yes",
        "old_answer": "Yes"
    },
    {
        "qa_idx": 10,
        "qa_type": "qa",
        "qa_level": "long_term",
        "qa_task": "speed",
        "question": "Did the characters in the video move at a consistent speed throughout the scenes from 10.0 to 2123.0 seconds?",
        "answer": "No",
        "old_answer": "No"
    },
    {
        "qa_idx": 11,
        "qa_task": "spatial-relationship",
        "question": "Where is the blue and white cartoon character reaching towards in the animated scene?",
        "options": [
            "A. A glass orb partially encased by a red, magnet-like element.",
            "B. A yellow pencil drawing a circle.",
            "C. A large, expressive animated face on lined paper.",
            "D. A snow-covered landscape with a blue house."
        ],
        "answer": "A",
        "qa_level": "long_term",
        "qa_type": "mcqa",
        "old_answer": "A"
    },
    {
        "qa_idx": 12,
        "qa_task": "counting",
        "question": "How many characters are interacting with the blue house with a red roof in the snow-covered landscape from 10.0 to 2123.0 seconds?",
        "options": [
            "A. One character.",
            "B. Two characters.",
            "C. Three characters.",
            "D. Multiple characters."
        ],
        "answer": "D",
        "qa_level": "long_term",
        "qa_type": "mcqa",
        "old_answer": "D"
    },
    {
        "qa_idx": 14,
        "qa_task": "object-direction",
        "question": "In the video event from 10.0 to 2123.0 seconds, which direction does the yellow pencil move while drawing a circle on the lined notebook paper?",
        "options": [
            "A. Clockwise.",
            "B. Counterclockwise.",
            "C. Up and down.",
            "D. Left to right."
        ],
        "answer": "A",
        "qa_level": "long_term",
        "qa_type": "mcqa",
        "old_answer": "A"
    },
    {
        "qa_idx": 16,
        "qa_task": "speed",
        "question": "Which character is depicted moving faster in the video event from 10.0 to 2123.0 seconds?",
        "options": [
            "A. The blue character.",
            "B. The yellow character.",
            "C. The green character.",
            "D. The pink character."
        ],
        "answer": "A",
        "qa_level": "long_term",
        "qa_type": "mcqa",
        "old_answer": "A"
    },
    {
        "qa_idx": 17,
        "qa_task": "attribute-change",
        "question": "How does the background change throughout the video from 10.0 to 2123.0 seconds?",
        "options": [
            "A. The background remains the same throughout the video.",
            "B. The background changes from a lined notebook paper to a snowy environment and then to an urban street scene.",
            "C. The background changes from a snowy environment to a lined notebook paper and then to a desert setting.",
            "D. The background changes from an underwater scene to a lined notebook paper and then to a suburban neighborhood."
        ],
        "answer": "B",
        "qa_level": "long_term",
        "qa_type": "mcqa",
        "old_answer": "B"
    },
    {
        "qa_idx": 18,
        "qa_task": "object understanding",
        "question": "What object is used to draw a circle on the lined notebook paper at the beginning of the video event?",
        "options": [
            "A. A blue pen.",
            "B. A yellow pencil.",
            "C. A red marker.",
            "D. A green crayon."
        ],
        "answer": "B",
        "qa_level": "long_term",
        "qa_type": "mcqa",
        "old_answer": "B"
    },
    {
        "qa_idx": 19,
        "qa_task": "time-order",
        "question": "In which order do the events occur in the video from 10.0 to 2123.0 seconds?",
        "options": [
            "A. A yellow pencil draws a circle on lined paper, followed by a blue and white cartoon character reaching for a glass orb, then a distressed animated face on lined paper, and finally characters interacting with a blue house in a snowy landscape.",
            "B. A yellow pencil draws a circle on lined paper, followed by a blue and white cartoon character reaching for a glass orb, then characters interacting with a blue house in a snowy landscape, and finally a distressed animated face on lined paper.",
            "C. A blue and white cartoon character reaches for a glass orb, followed by a yellow pencil drawing a circle on lined paper, then characters interacting with a blue house in a snowy landscape, and finally a distressed animated face on lined paper.",
            "D. Characters interacting with a blue house in a snowy landscape, followed by a yellow pencil drawing a circle on lined paper, then a blue and white cartoon character reaching for a glass orb, and finally a distressed animated face on lined paper."
        ],
        "answer": "A",
        "qa_level": "long_term",
        "qa_type": "mcqa",
        "old_answer": "A"
    }
]