[
    {
        "qa_idx": 0,
        "qa_type": "qa",
        "qa_level": "frame",
        "qa_task": "character-understanding",
        "question": "Is the man wearing a long-sleeved shirt with horizontal stripes at 963.0 seconds into the video?",
        "answer": "Yes",
        "old_answer": "Yes"
    },
    {
        "qa_idx": 1,
        "qa_task": "spatial-relationship",
        "question": "What is visible in the background of the frame at 1184.0 seconds?",
        "options": [
            "A. A busy street.",
            "B. A body of water and shore.",
            "C. A dense forest.",
            "D. A mountain range."
        ],
        "answer": "B",
        "qa_level": "frame",
        "qa_type": "mcqa",
        "old_answer": "B"
    },
    {
        "qa_idx": 2,
        "qa_task": "descriptive-scene",
        "question": "Where does the scene at 1484.0 seconds take place?",
        "options": [
            "A. In a kitchen.",
            "B. In a waiting or reception area.",
            "C. In a living room.",
            "D. In a garden."
        ],
        "answer": "B",
        "qa_level": "frame",
        "qa_type": "mcqa",
        "old_answer": "B"
    },
    {
        "qa_idx": 3,
        "qa_type": "qa",
        "qa_level": "within_event",
        "qa_task": "character-understanding",
        "question": "Was there a woman lying on a bed partially covered with a pink blanket at the beginning of the event from 1544.0 to 1604.0 seconds?",
        "answer": "Yes",
        "old_answer": "Yes"
    },
    {
        "qa_idx": 4,
        "qa_task": "object understanding",
        "question": "What is the man wearing at 717.0 seconds into the video?",
        "options": [
            "A. A plain white shirt.",
            "B. A plaid shirt with distinct pockets.",
            "C. A black jacket.",
            "D. A blue t-shirt."
        ],
        "answer": "B",
        "qa_level": "frame",
        "qa_type": "mcqa",
        "old_answer": "B"
    },
    {
        "qa_idx": 5,
        "qa_task": "speed",
        "question": "Between 682 seconds and 688 seconds, which individual appears to be moving faster?",
        "options": [
            "A. The man in the dark jacket.",
            "B. The man in light-colored clothing.",
            "C. Both are moving at the same speed.",
            "D. Neither is moving."
        ],
        "answer": "D",
        "qa_level": "within_event",
        "qa_type": "mcqa",
        "old_answer": "D"
    },
    {
        "qa_idx": 6,
        "qa_type": "qa",
        "qa_level": "cross_event",
        "qa_task": "action-understanding",
        "question": "In the event from 235.0 to 387.0, does the woman with curly hair in the brightly lit room start painting the dark-colored wall adorned with decorations?",
        "answer": "No",
        "old_answer": "No"
    },
    {
        "qa_idx": 7,
        "qa_task": "scene-understanding",
        "question": "What is the setting of the video event from 452.0 to 514.0 seconds?",
        "options": [
            "A. An indoor office.",
            "B. A rural outdoor location.",
            "C. A busy city street.",
            "D. A beach."
        ],
        "answer": "B",
        "qa_level": "within_event",
        "qa_type": "mcqa",
        "old_answer": "B"
    },
    {
        "qa_idx": 8,
        "qa_task": "temporal-relationship",
        "question": "What happens after the scene where a woman in a floral-patterned top is shown outdoors conveying an expressive gesture?",
        "options": [
            "A. The scene shifts to a man near a car wearing a tank top with a star design.",
            "B. The scene transitions to a woman seated on a weathered yellow bench.",
            "C. The scene shows a man and a woman interacting in a natural setting.",
            "D. The scene captures a serene lakeside view with two individuals walking along a stone walkway."
        ],
        "answer": "A",
        "qa_level": "long_term",
        "qa_type": "mcqa",
        "old_answer": "A"
    },
    {
        "qa_idx": 10,
        "qa_task": "descriptive-scene",
        "question": "Where does the interaction between the man in a checkered shirt and the woman in a floral long-sleeve top near a staircase take place (682.0 to 1862.0 seconds)?",
        "options": [
            "A. In a hospital.",
            "B. In a domestic setting.",
            "C. In a garden.",
            "D. In an office."
        ],
        "answer": "B",
        "qa_level": "long_term",
        "qa_type": "mcqa",
        "old_answer": "B"
    },
    {
        "qa_idx": 12,
        "qa_task": "camera-direction",
        "question": "How does the camera movement change from the scene at 24.0 seconds to the scene at 1862.0 seconds?",
        "options": [
            "A. The camera moves from indoor to outdoor settings.",
            "B. The camera moves from outdoor to indoor settings.",
            "C. The camera remains stationary throughout.",
            "D. The camera moves from a close-up to a wide shot."
        ],
        "answer": "A",
        "qa_level": "long_term",
        "qa_type": "mcqa",
        "old_answer": "A"
    },
    {
        "qa_idx": 13,
        "qa_task": "speed",
        "question": "Which mode of transportation is depicted as moving faster in the video between 24.0 and 1862.0 seconds?",
        "options": [
            "A. Vehicles on a rural highway.",
            "B. Pedestrians on a rural highway.",
            "C. Boats on a lake.",
            "D. People walking in a garden."
        ],
        "answer": "A",
        "qa_level": "long_term",
        "qa_type": "mcqa",
        "old_answer": "A"
    },
    {
        "qa_idx": 14,
        "qa_task": "attribute-change",
        "question": "How does the setting change from the beginning to the end of the video between 24.0 and 1862.0 seconds?",
        "options": [
            "A. From a hospital to a domestic environment.",
            "B. From a domestic environment to an outdoor rural setting.",
            "C. From an office environment to a serene lakeside scene.",
            "D. From a professional indoor setting to a casual outdoor environment."
        ],
        "answer": "A",
        "qa_level": "long_term",
        "qa_type": "mcqa",
        "old_answer": "A"
    },
    {
        "qa_idx": 15,
        "qa_task": "object understanding",
        "question": "What kind of decoration is visible in the background when the woman is seated on a patterned couch?",
        "options": [
            "A. A giraffe-shaped decoration.",
            "B. A sunflower in a vase.",
            "C. A red and white 'TeluguOne' logo.",
            "D. All of the above."
        ],
        "answer": "D",
        "qa_level": "long_term",
        "qa_type": "mcqa",
        "old_answer": "D"
    }
]