[
    {
        "qa_idx": 0,
        "qa_type": "qa",
        "qa_level": "frame",
        "qa_task": "character-understanding",
        "question": "Is the man holding a product box for the GeForce GTX 980 Ti at 517.0 seconds into the video?",
        "answer": "Yes",
        "old_answer": "Yes"
    },
    {
        "qa_idx": 2,
        "qa_type": "qa",
        "qa_level": "frame",
        "qa_task": "object understanding",
        "question": "Is there a comments section under the video at 4695.0 seconds?",
        "answer": "Yes",
        "old_answer": "Yes"
    },
    {
        "qa_idx": 4,
        "qa_type": "qa",
        "qa_level": "within_event",
        "qa_task": "action-understanding",
        "question": "During the event from 4512.0 to 4560.0 seconds, does the man wearing headphones cook a meal in the kitchen area?",
        "answer": "No",
        "old_answer": "No"
    },
    {
        "qa_idx": 5,
        "qa_task": "spatial-relationship",
        "question": "What is positioned centrally in the frame at 3827.0 seconds?",
        "options": [
            "A. A television or monitor.",
            "B. A man wearing headphones.",
            "C. A light fixture.",
            "D. A piece of furniture."
        ],
        "answer": "B",
        "qa_level": "frame",
        "qa_type": "mcqa",
        "old_answer": "B"
    },
    {
        "qa_idx": 6,
        "qa_type": "qa",
        "qa_level": "within_event",
        "qa_task": "action-understanding",
        "question": "During the event from 3100.0 to 3199.0 seconds, does the man take a break to water the plants near the large windows or sliding glass doors?",
        "answer": "No",
        "old_answer": "No"
    },
    {
        "qa_idx": 7,
        "qa_task": "spatial-relationship",
        "question": "What is displayed on the right side of the frame at 1333.0 seconds into the video?",
        "options": [
            "A. A list of emails.",
            "B. A display of tweets.",
            "C. A calendar.",
            "D. A video call interface."
        ],
        "answer": "B",
        "qa_level": "frame",
        "qa_type": "mcqa",
        "old_answer": "B"
    },
    {
        "qa_idx": 8,
        "qa_type": "qa",
        "qa_level": "cross_event",
        "qa_task": "object understanding",
        "question": "Is there a window in the background of both events from 1261.0 to 1405.0 and 1441.0 to 1616.0?",
        "answer": "Yes",
        "old_answer": "Yes"
    },
    {
        "qa_idx": 9,
        "qa_type": "qa",
        "qa_level": "long_term",
        "qa_task": "plot-understanding",
        "question": "Does the individual consistently engage in tech-related activities throughout the video from 86.0 to 5568.0 seconds?",
        "answer": "Yes",
        "old_answer": "Yes"
    },
    {
        "qa_idx": 10,
        "qa_task": "attribute-change",
        "question": "How does the background environment change from the beginning to the end of the event between 1441.0 seconds to 1616.0 seconds?",
        "options": [
            "A. The background changes from a bright outdoor scene to a dark indoor environment.",
            "B. The background changes from a dark window with reflections to a dark indoor environment with faint reflections outside the window.",
            "C. The background changes from a kitchen setting to a brightly lit office.",
            "D. The background changes from a dimly lit room to a brightly lit room."
        ],
        "answer": "B",
        "qa_level": "within_event",
        "qa_type": "mcqa",
        "old_answer": "B"
    },
    {
        "qa_idx": 11,
        "qa_task": "temporal-relationship",
        "question": "What is the man likely doing after the room transitions to dimly lit in the video from 4982.0 to 5104.0 seconds?",
        "options": [
            "A. Turning off the lights and going to sleep.",
            "B. Continuing to work on the open text document.",
            "C. Leaving the room.",
            "D. Engaging in a different activity unrelated to the computer."
        ],
        "answer": "B",
        "qa_level": "cross_event",
        "qa_type": "mcqa",
        "old_answer": "B"
    },
    {
        "qa_idx": 15,
        "qa_task": "object-direction",
        "question": "In which direction is the Twitter feed displayed relative to the man wearing headphones in the video from 86.0 to 5568.0 seconds?",
        "options": [
            "A. To the left of the man.",
            "B. To the right of the man.",
            "C. Above the man.",
            "D. Below the man."
        ],
        "answer": "B",
        "qa_level": "long_term",
        "qa_type": "mcqa",
        "old_answer": "B"
    },
    {
        "qa_idx": 16,
        "qa_task": "camera-direction",
        "question": "How does the camera movement change from 86.0 seconds to 5568.0 seconds in the video?",
        "options": [
            "A. The camera moves closer to the man and then zooms out to show the entire room.",
            "B. The camera remains stationary throughout the video.",
            "C. The camera moves around the man to show different angles of the room.",
            "D. The camera zooms in on the computer screens and then pans to the man."
        ],
        "answer": "A",
        "qa_level": "long_term",
        "qa_type": "mcqa",
        "old_answer": "A"
    },
    {
        "qa_idx": 17,
        "qa_task": "speed",
        "question": "Which activity is the man engaged in at a faster pace, showcasing the GeForce GTX graphics card boxes or interacting with the online audience?",
        "options": [
            "A. Showcasing the GeForce GTX graphics card boxes.",
            "B. Interacting with the online audience.",
            "C. Both activities are at the same pace.",
            "D. None of the above."
        ],
        "answer": "B",
        "qa_level": "long_term",
        "qa_type": "mcqa",
        "old_answer": "B"
    },
    {
        "qa_idx": 18,
        "qa_task": "attribute-change",
        "question": "How does the lighting in the room change from the beginning to the end of the video sequence from 86.0 to 5568.0 seconds?",
        "options": [
            "A. The lighting remains consistently bright throughout.",
            "B. The lighting changes from well-lit to dimly lit.",
            "C. The lighting changes from dimly lit to well-lit.",
            "D. The lighting remains consistently dim throughout."
        ],
        "answer": "B",
        "qa_level": "long_term",
        "qa_type": "mcqa",
        "old_answer": "B"
    },
    {
        "qa_idx": 20,
        "qa_task": "object understanding",
        "question": "What is the individual holding in the video at various points?",
        "options": [
            "A. A book.",
            "B. A Galaxy GeForce GTX graphics card box.",
            "C. A smartphone.",
            "D. A cup of coffee."
        ],
        "answer": "B",
        "qa_level": "long_term",
        "qa_type": "mcqa",
        "old_answer": "B"
    },
    {
        "qa_idx": 21,
        "qa_task": "time-order",
        "question": "In which order do the events occur in the video from 86.0 to 5568.0 seconds?",
        "options": [
            "A. The man holds a box labeled 'Galaxy GeForce GTX 550 Ti', then showcases a GeForce GTX 680Ti graphics card box, and later holds a Galaxy GeForce GTX 560 Ti graphics card box.",
            "B. The man holds a box labeled 'Galaxy GeForce GTX 550 Ti', then holds a Galaxy GeForce GTX 560 Ti graphics card box, and later showcases a GeForce GTX 680Ti graphics card box.",
            "C. The man showcases a GeForce GTX 680Ti graphics card box, then holds a box labeled 'Galaxy GeForce GTX 550 Ti', and later holds a Galaxy GeForce GTX 560 Ti graphics card box.",
            "D. The man holds a Galaxy GeForce GTX 560 Ti graphics card box, then showcases a GeForce GTX 680Ti graphics card box, and later holds a box labeled 'Galaxy GeForce GTX 550 Ti'."
        ],
        "answer": "A",
        "qa_level": "long_term",
        "qa_type": "mcqa",
        "old_answer": "A"
    }
]