[
    {
        "qa_idx": 0,
        "qa_task": "spatial-relationship",
        "question": "What is visible in the background at 902.0 seconds into the video?",
        "options": [
            "A. A large tree.",
            "B. A building.",
            "C. An elephant's large tusk and body.",
            "D. A river."
        ],
        "answer": "C",
        "qa_level": "frame",
        "qa_type": "mcqa",
        "old_answer": "C"
    },
    {
        "qa_idx": 1,
        "qa_type": "qa",
        "qa_level": "within_event",
        "qa_task": "speed",
        "question": "Are the elephants walking at a fast pace during the procession from 1430.0 to 1493.0 seconds?",
        "answer": "No",
        "old_answer": "No"
    },
    {
        "qa_idx": 2,
        "qa_task": "spatial-relationship",
        "question": "What is positioned in the foreground of the scene at 1275.0 seconds?",
        "options": [
            "A. A group of people.",
            "B. Bunches of bananas.",
            "C. Intricately prepared dishes in a large metal bowl.",
            "D. A patterned mat."
        ],
        "answer": "C",
        "qa_level": "frame",
        "qa_type": "mcqa",
        "old_answer": "C"
    },
    {
        "qa_idx": 3,
        "qa_type": "qa",
        "qa_level": "within_event",
        "qa_task": "object understanding",
        "question": "Are the elephants partially submerged in water at any point during the event from 1517.0 to 1581.0 seconds?",
        "answer": "Yes",
        "old_answer": "Yes"
    },
    {
        "qa_idx": 4,
        "qa_task": "object understanding",
        "question": "What is the primary focus of the scene at 857.0 seconds into the video?",
        "options": [
            "A. A group of animals interacting with plants.",
            "B. A single animal resting in a field.",
            "C. A group of people having a picnic.",
            "D. A river flowing through a forest."
        ],
        "answer": "A",
        "qa_level": "frame",
        "qa_type": "mcqa",
        "old_answer": "A"
    },
    {
        "qa_idx": 6,
        "qa_type": "qa",
        "qa_level": "cross_event",
        "qa_task": "action-understanding",
        "question": "During the event from 2840.0 to 2900.0, do the elephants perform a synchronized dance routine in front of the Ayothaya Hotel?",
        "answer": "No",
        "old_answer": "No"
    },
    {
        "qa_idx": 9,
        "qa_task": "plot-understanding",
        "question": "How does the focus of the scene shift from the beginning to the end in the first event from 406.0 to 466.0 seconds?",
        "options": [
            "A. From a group of elephants near a riverside to a person engaged in a manual task in a forest.",
            "B. From a herd of elephants grazing to a group of hippopotamuses and a rhinoceros.",
            "C. From a person using outdoor equipment to a group of elephants bathing.",
            "D. From a dense forest environment to a tranquil water body with elephants."
        ],
        "answer": "A",
        "qa_level": "cross_event",
        "qa_type": "mcqa",
        "old_answer": "A"
    },
    {
        "qa_idx": 10,
        "qa_task": "action-understanding",
        "question": "What specific actions are depicted in the video from 146.0 to 212.0 seconds involving the elephants and humans?",
        "options": [
            "A. The mother elephant is seen standing protectively over the newborn calf, and later, men are seen assisting or interacting with the baby elephant.",
            "B. The elephants are seen playing in a waterhole, and later, humans are feeding them.",
            "C. The elephants are seen walking in a forest, and later, humans are observing them from a distance.",
            "D. The elephants are seen fighting, and later, humans are trying to separate them."
        ],
        "answer": "A",
        "qa_level": "cross_event",
        "qa_type": "mcqa",
        "old_answer": "A"
    },
    {
        "qa_idx": 12,
        "qa_task": "camera-direction",
        "question": "How does the camera movement change from 11.0 seconds to 3050.0 seconds in the video?",
        "options": [
            "A. The camera moves from a close-up of an elephant to a wide shot of a natural landscape.",
            "B. The camera moves from a wide shot of a natural landscape to a close-up of an elephant.",
            "C. The camera remains static throughout the video.",
            "D. The camera moves from a close-up of a human to a wide shot of a natural landscape."
        ],
        "answer": "B",
        "qa_level": "long_term",
        "qa_type": "mcqa",
        "old_answer": "B"
    },
    {
        "qa_idx": 13,
        "qa_task": "attribute-change",
        "question": "How does the scene change from the beginning at 11.0 seconds to the end at 3050.0 seconds?",
        "options": [
            "A. From a warm gradient background to a serene outdoor scene with elephants.",
            "B. From a nighttime scene to a bustling urban environment.",
            "C. From a rural setting to a dense forest.",
            "D. From a close-up of an elephant to a cultural festival."
        ],
        "answer": "A",
        "qa_level": "long_term",
        "qa_type": "mcqa",
        "old_answer": "A"
    },
    {
        "qa_idx": 14,
        "qa_task": "time-order",
        "question": "In which order do the events occur in the video from 11.0 to 3050.0 seconds?",
        "options": [
            "A. The video begins with a warm gradient background, transitions to a nighttime scene with trees, then a campfire scene, followed by close-ups of animals like elephants and horses, and ends with a serene natural landscape and a map of Asia.",
            "B. The video starts with a serene natural landscape, transitions to a nighttime scene with trees, then a campfire scene, followed by close-ups of animals like elephants and horses, and ends with a warm gradient background.",
            "C. The video begins with a close-up of animals like elephants and horses, transitions to a campfire scene, then a nighttime scene with trees, followed by a warm gradient background, and ends with a serene natural landscape and a map of Asia.",
            "D. The video starts with a campfire scene, transitions to a warm gradient background, then a nighttime scene with trees, followed by close-ups of animals like elephants and horses, and ends with a serene natural landscape and a map of Asia."
        ],
        "answer": "A",
        "qa_level": "long_term",
        "qa_type": "mcqa",
        "old_answer": "A"
    }
]