[
    {
        "qa_idx": 0,
        "qa_type": "qa",
        "qa_level": "frame",
        "qa_task": "object understanding",
        "question": "Are there three open windows with wooden bars on the building's facade at 1890.0 seconds into the video?",
        "answer": "Yes",
        "old_answer": "Yes"
    },
    {
        "qa_idx": 1,
        "qa_task": "character-understanding",
        "question": "What is the man wearing on his head at 868.0 seconds into the video?",
        "options": [
            "A. A cap.",
            "B. A hat.",
            "C. A helmet.",
            "D. A scarf."
        ],
        "answer": "B",
        "qa_level": "frame",
        "qa_type": "mcqa",
        "old_answer": "B"
    },
    {
        "qa_idx": 2,
        "qa_type": "qa",
        "qa_level": "frame",
        "qa_task": "object understanding",
        "question": "Are there two gorillas visible in the frame at the 2561.0-second mark of the video?",
        "answer": "Yes",
        "old_answer": "Yes"
    },
    {
        "qa_idx": 3,
        "qa_task": "object understanding",
        "question": "What is visible on the vehicle's dashboard at 351.0 seconds into the video?",
        "options": [
            "A. A GPS device and a coffee cup.",
            "B. A man seated on the passenger side.",
            "C. A blurred green landscape.",
            "D. The vehicle's dashboard and a man seated on the passenger side."
        ],
        "answer": "D",
        "qa_level": "frame",
        "qa_type": "mcqa",
        "old_answer": "D"
    },
    {
        "qa_idx": 4,
        "qa_task": "speed",
        "question": "Between 529.0 and 589.0 seconds, which animals are depicted interacting more closely and frequently in the video?",
        "options": [
            "A. Monkeys.",
            "B. Gorillas.",
            "C. Both monkeys and gorillas equally.",
            "D. Neither monkeys nor gorillas."
        ],
        "answer": "A",
        "qa_level": "within_event",
        "qa_type": "mcqa",
        "old_answer": "A"
    },
    {
        "qa_idx": 5,
        "qa_type": "qa",
        "qa_level": "cross_event",
        "qa_task": "plot-understanding",
        "question": "Do both video events from 911.0 to 1015.0 and 1016.0 to 1060.0 feature scenes of monkeys in a dense, lush environment?",
        "answer": "Yes",
        "old_answer": "Yes"
    },
    {
        "qa_idx": 6,
        "qa_type": "qa",
        "qa_level": "long_term",
        "qa_task": "action-understanding",
        "question": "After the individuals navigated through the dense forest and interacted with the wildlife, did they set up a campfire and cook food in the jungle between 18.0 and 2994.0 seconds?",
        "answer": "No",
        "old_answer": "No"
    },
    {
        "qa_idx": 9,
        "qa_task": "temporal-relationship",
        "question": "What were the individuals doing before the scene transitioned to the mountainous area where several men were engaged in fieldwork or research activities?",
        "options": [
            "A. They were navigating through the verdant greenery.",
            "B. They were handling a syringe amidst the outdoor greenery.",
            "C. They were observing a gorilla within a dense green forest.",
            "D. They were seated in a dimly lit room."
        ],
        "answer": "B",
        "qa_level": "long_term",
        "qa_type": "mcqa",
        "old_answer": "B"
    },
    {
        "qa_idx": 11,
        "qa_task": "counting",
        "question": "How many men are seen navigating through the dense forest and engaging in activities such as exploration or fieldwork from 18.0 to 2994.0 seconds?",
        "options": [
            "A. Two.",
            "B. Three.",
            "C. Four.",
            "D. Several."
        ],
        "answer": "D",
        "qa_level": "long_term",
        "qa_type": "mcqa",
        "old_answer": "D"
    },
    {
        "qa_idx": 13,
        "qa_task": "camera-direction",
        "question": "What direction does the camera move in the video from 18.0 to 2994.0 seconds?",
        "options": [
            "A. The camera moves closer to the subjects.",
            "B. The camera moves away from the subjects.",
            "C. The camera remains stationary.",
            "D. The camera pans around the subjects."
        ],
        "answer": "A",
        "qa_level": "long_term",
        "qa_type": "mcqa",
        "old_answer": "A"
    },
    {
        "qa_idx": 14,
        "qa_task": "attribute-change",
        "question": "How does the environment change from the beginning to the end of the video sequence from 18.0 to 2994.0 seconds?",
        "options": [
            "A. The environment changes from a dense, lush green forest to an indoor setting.",
            "B. The environment changes from a rural landscape to a dense, lush green forest.",
            "C. The environment changes from a dense, lush green forest to a rural landscape.",
            "D. The environment remains the same throughout the video."
        ],
        "answer": "A",
        "qa_level": "long_term",
        "qa_type": "mcqa",
        "old_answer": "A"
    },
    {
        "qa_idx": 17,
        "qa_task": "time-order",
        "question": "In which order do the events occur in the video from 18.0 to 2994.0 seconds?",
        "options": [
            "A. The scene begins with a lush green environment, transitions to a close-up of a monkey, then to a mountainous area with men engaged in fieldwork, and finally to an indoor scene with a man wearing a dark cap.",
            "B. The scene begins with a close-up of a monkey, transitions to a lush green environment, then to a mountainous area with men engaged in fieldwork, and finally to an indoor scene with a man wearing a dark cap.",
            "C. The scene begins with a mountainous area with men engaged in fieldwork, transitions to a lush green environment, then to a close-up of a monkey, and finally to an indoor scene with a man wearing a dark cap.",
            "D. The scene begins with an indoor scene with a man wearing a dark cap, transitions to a lush green environment, then to a close-up of a monkey, and finally to a mountainous area with men engaged in fieldwork."
        ],
        "answer": "A",
        "qa_level": "long_term",
        "qa_type": "mcqa",
        "old_answer": "A"
    }
]