[
    {
        "qa_idx": 0,
        "qa_type": "qa",
        "qa_level": "frame",
        "qa_task": "character-understanding",
        "question": "Is the aquarium tank divided into sections by glass partitions at 1239.0 seconds into the video?",
        "answer": "Yes",
        "old_answer": "Yes"
    },
    {
        "qa_idx": 1,
        "qa_task": "spatial-relationship",
        "question": "What is centrally located in the frame at 338.0 seconds into the video?",
        "options": [
            "A. A plant.",
            "B. A fish.",
            "C. A rock.",
            "D. A piece of coral."
        ],
        "answer": "B",
        "qa_level": "frame",
        "qa_type": "mcqa",
        "old_answer": "B"
    },
    {
        "qa_idx": 2,
        "qa_type": "qa",
        "qa_level": "frame",
        "qa_task": "object understanding",
        "question": "Is there a finger pointing at the fish from outside the aquarium at 1492.0 seconds into the video?",
        "answer": "Yes",
        "old_answer": "Yes"
    },
    {
        "qa_idx": 4,
        "qa_type": "qa",
        "qa_level": "within_event",
        "qa_task": "character-understanding",
        "question": "Did a human hand interact with the water between 860.0 and 923.0 seconds?",
        "answer": "Yes",
        "old_answer": "Yes"
    },
    {
        "qa_idx": 5,
        "qa_task": "character-understanding",
        "question": "What is the overall setting of the aquarium at 819.0 seconds into the video?",
        "options": [
            "A. Chaotic and disturbed.",
            "B. Calm and undisturbed.",
            "C. Dark and murky.",
            "D. Crowded with fish."
        ],
        "answer": "B",
        "qa_level": "frame",
        "qa_type": "mcqa",
        "old_answer": "B"
    },
    {
        "qa_idx": 6,
        "qa_type": "qa",
        "qa_level": "within_event",
        "qa_task": "speed",
        "question": "Did the fish swim quickly near the partially submerged carved stone structure within the tiled aquatic environment from 1969.0 to 1977.0 seconds?",
        "answer": "No",
        "old_answer": "No"
    },
    {
        "qa_idx": 7,
        "qa_type": "qa",
        "qa_level": "cross_event",
        "qa_task": "speed",
        "question": "From the time of 1250.0 to 1310.0, do the fish in the aquarium swim at a faster pace compared to the octopus's movements from the time of 1345.0 to 1358.0?",
        "answer": "No",
        "old_answer": "No"
    },
    {
        "qa_idx": 8,
        "qa_task": "speed",
        "question": "During the event from 1250.0 to 1310.0 seconds, which aquatic creature is depicted as moving faster?",
        "options": [
            "A. The dolphin.",
            "B. The fish.",
            "C. The octopus.",
            "D. The aquarium background elements."
        ],
        "answer": "A",
        "qa_level": "within_event",
        "qa_type": "mcqa",
        "old_answer": "A"
    },
    {
        "qa_idx": 9,
        "qa_type": "qa",
        "qa_level": "cross_event",
        "qa_task": "speed",
        "question": "Between 574.0 to 640.0 seconds and 642.0 to 692.0 seconds, do the fish in both scenes move at a leisurely pace?",
        "answer": "Yes",
        "old_answer": "Yes"
    },
    {
        "qa_idx": 10,
        "qa_type": "qa",
        "qa_level": "long_term",
        "qa_task": "object understanding",
        "question": "Is there a filtration system visible in the aquarium scenes between 295.0 seconds and 1949.0 seconds?",
        "answer": "Yes",
        "old_answer": "Yes"
    },
    {
        "qa_idx": 11,
        "qa_task": "time-order",
        "question": "What is the correct sequence of events in the video from 1366.0 to 1718.0 seconds?",
        "options": [
            "A. Scenes of marine invertebrates and jellyfish, followed by coral formations, then vibrant fish amidst colorful reefs, and finally indoor aquarium shops or facilities.",
            "B. Indoor aquarium shops or facilities, followed by vibrant fish amidst colorful reefs, then coral formations, and finally scenes of marine invertebrates and jellyfish.",
            "C. Vibrant fish amidst colorful reefs, followed by scenes of marine invertebrates and jellyfish, then indoor aquarium shops or facilities, and finally coral formations.",
            "D. Coral formations, followed by indoor aquarium shops or facilities, then scenes of marine invertebrates and jellyfish, and finally vibrant fish amidst colorful reefs."
        ],
        "answer": "A",
        "qa_level": "cross_event",
        "qa_type": "mcqa",
        "old_answer": "A"
    },
    {
        "qa_idx": 13,
        "qa_task": "temporal-relationship",
        "question": "What happens after the person in the red shirt and glasses is seen seated in the front passenger seat of the vehicle?",
        "options": [
            "A. The person is seen engaging with stacked aquariums in a store.",
            "B. The person is seen walking on the street.",
            "C. The person is seen driving the vehicle.",
            "D. The person is seen eating in a restaurant."
        ],
        "answer": "A",
        "qa_level": "long_term",
        "qa_type": "mcqa",
        "old_answer": "A"
    },
    {
        "qa_idx": 14,
        "qa_task": "spatial-relationship",
        "question": "Where is the person in the red shirt and glasses seated in the vehicle?",
        "options": [
            "A. In the back seat.",
            "B. In the front passenger seat.",
            "C. In the driver's seat.",
            "D. In the trunk."
        ],
        "answer": "B",
        "qa_level": "long_term",
        "qa_type": "mcqa",
        "old_answer": "B"
    },
    {
        "qa_idx": 16,
        "qa_task": "descriptive-scene",
        "question": "Where does the event take place from 295.0 seconds to 1949.0 seconds?",
        "options": [
            "A. In a car.",
            "B. In an aquarium or pet store.",
            "C. In a park.",
            "D. In a restaurant."
        ],
        "answer": "B",
        "qa_level": "long_term",
        "qa_type": "mcqa",
        "old_answer": "B"
    },
    {
        "qa_idx": 19,
        "qa_task": "speed",
        "question": "Which is faster, the car moving through the urban area or the fish swimming in the aquarium?",
        "options": [
            "A. The car moving through the urban area.",
            "B. The fish swimming in the aquarium.",
            "C. Both are at the same speed.",
            "D. None of the above."
        ],
        "answer": "A",
        "qa_level": "long_term",
        "qa_type": "mcqa",
        "old_answer": "A"
    },
    {
        "qa_idx": 20,
        "qa_task": "attribute-change",
        "question": "How does the lighting in the aquarium environment change from 295.0 seconds to 1949.0 seconds?",
        "options": [
            "A. The lighting remains constant throughout.",
            "B. The lighting changes from purple to blue hues.",
            "C. The lighting changes from blue to purple hues.",
            "D. The lighting changes from natural light to artificial light."
        ],
        "answer": "C",
        "qa_level": "long_term",
        "qa_type": "mcqa",
        "old_answer": "C"
    },
    {
        "qa_idx": 21,
        "qa_task": "character-understanding",
        "question": "What is the person in the red shirt doing in the store or display area for aquatic products?",
        "options": [
            "A. Engaging with the stacked aquariums.",
            "B. Sitting in the front passenger seat of a vehicle.",
            "C. Observing fish in a tank.",
            "D. Walking outside the store."
        ],
        "answer": "A",
        "qa_level": "long_term",
        "qa_type": "mcqa",
        "old_answer": "A"
    },
    {
        "qa_idx": 22,
        "qa_task": "object understanding",
        "question": "What kind of labels and price tags are visible in the aquarium scenes?",
        "options": [
            "A. 'B28' and 'B31'.",
            "B. 'SUMATRA' and 'B34'.",
            "C. 'LOUHAN SR DRAGON'.",
            "D. All of the above."
        ],
        "answer": "D",
        "qa_level": "long_term",
        "qa_type": "mcqa",
        "old_answer": "D"
    }
]