[
    {
        "qa_idx": 0,
        "qa_type": "qa",
        "qa_level": "frame",
        "qa_task": "object understanding",
        "question": "Is the character seated in the dental chair pink in color at 1965.0 seconds into the video?",
        "answer": "Yes",
        "old_answer": "Yes"
    },
    {
        "qa_idx": 1,
        "qa_type": "qa",
        "qa_level": "frame",
        "qa_task": "character-understanding",
        "question": "Is the larger pig holding the door open at 214.0 seconds into the video?",
        "answer": "Yes",
        "old_answer": "Yes"
    },
    {
        "qa_idx": 2,
        "qa_type": "qa",
        "qa_level": "within_event",
        "qa_task": "character-understanding",
        "question": "Were the pigs dressed in colorful outfits from 2389.0 to 2445.0 seconds?",
        "answer": "Yes",
        "old_answer": "Yes"
    },
    {
        "qa_idx": 3,
        "qa_type": "qa",
        "qa_level": "within_event",
        "qa_task": "camera-direction",
        "question": "From 567.0 to 650.0 seconds, does the camera follow the anthropomorphic pigs as they move towards the building and interact with the intercom system?",
        "answer": "Yes",
        "old_answer": "Yes"
    },
    {
        "qa_idx": 4,
        "qa_task": "plot-understanding",
        "question": "What is the main activity depicted in the video event from 3513.0 to 3578.0 seconds?",
        "options": [
            "A. A family of pigs having a picnic.",
            "B. A family of pigs going on a hike.",
            "C. A family of pigs visiting a museum.",
            "D. A family of pigs shopping in a mall."
        ],
        "answer": "A",
        "qa_level": "within_event",
        "qa_type": "mcqa",
        "old_answer": "A"
    },
    {
        "qa_idx": 5,
        "qa_type": "qa",
        "qa_level": "cross_event",
        "qa_task": "action-understanding",
        "question": "In the classroom setting from 1052.0 to 1113.0 seconds, do the anthropomorphic animal children engage in a cooking activity?",
        "answer": "No",
        "old_answer": "No"
    },
    {
        "qa_idx": 6,
        "qa_task": "camera-direction",
        "question": "Does the camera focus on the characters' gardening activities or the background foliage in the video from 173.0 to 234.0 seconds?",
        "options": [
            "A. The camera focuses on the characters' gardening activities.",
            "B. The camera focuses on the background foliage.",
            "C. The camera alternates between the characters and the background foliage.",
            "D. The camera focuses on the sky."
        ],
        "answer": "A",
        "qa_level": "within_event",
        "qa_type": "mcqa",
        "old_answer": "A"
    },
    {
        "qa_idx": 7,
        "qa_task": "plot-understanding",
        "question": "What is the primary theme depicted in the sequence from 2324.0 to 2388.0 seconds?",
        "options": [
            "A. A dramatic confrontation between characters.",
            "B. A leisurely journey through a vibrant countryside.",
            "C. A tense chase scene in an urban setting.",
            "D. A quiet moment of reflection in a forest."
        ],
        "answer": "B",
        "qa_level": "cross_event",
        "qa_type": "mcqa",
        "old_answer": "B"
    },
    {
        "qa_idx": 8,
        "qa_task": "scene-understanding",
        "question": "What is the primary setting of the events described in both video sequences from 2324.0 to 2388.0 seconds and H to e seconds?",
        "options": [
            "A. A bustling cityscape with tall buildings.",
            "B. A serene countryside with rolling green hills and a clear blue sky.",
            "C. An indoor setting with various rooms.",
            "D. A dark and eerie forest."
        ],
        "answer": "B",
        "qa_level": "cross_event",
        "qa_type": "mcqa",
        "old_answer": "B"
    },
    {
        "qa_idx": 9,
        "qa_task": "temporal-relationship",
        "question": "What activity were the anthropomorphic pigs engaged in before the berry-picking activities?",
        "options": [
            "A. Playing with toys in a children's bedroom.",
            "B. Engaging in firefighting-related activities.",
            "C. Participating in a birthday celebration.",
            "D. Interacting with a scarecrow on a farm."
        ],
        "answer": "B",
        "qa_level": "long_term",
        "qa_type": "mcqa",
        "old_answer": "B"
    },
    {
        "qa_idx": 10,
        "qa_task": "causal",
        "question": "Why did the anthropomorphic pigs become covered in mud?",
        "options": [
            "A. They were playing in muddy puddles.",
            "B. They were gardening.",
            "C. They were painting.",
            "D. They were cooking."
        ],
        "answer": "A",
        "qa_level": "long_term",
        "qa_type": "mcqa",
        "old_answer": "A"
    },
    {
        "qa_idx": 11,
        "qa_task": "time-order",
        "question": "In which order do the events occur in the video from 3.0 to 3625.0 seconds?",
        "options": [
            "A. The video starts with a cheerful animated scene featuring a pink cartoon pig standing on its hind legs, followed by a fire station scene with a bright red fire truck, then transitions to various outdoor firefighting-related activities, and ends with anthropomorphic pigs engaging in playful activity outdoors.",
            "B. The video starts with a fire station scene with a bright red fire truck, followed by a cheerful animated scene featuring a pink cartoon pig standing on its hind legs, then transitions to various outdoor firefighting-related activities, and ends with anthropomorphic pigs engaging in playful activity outdoors.",
            "C. The video starts with various outdoor firefighting-related activities, followed by a cheerful animated scene featuring a pink cartoon pig standing on its hind legs, then transitions to a fire station scene with a bright red fire truck, and ends with anthropomorphic pigs engaging in playful activity outdoors.",
            "D. The video starts with anthropomorphic pigs engaging in playful activity outdoors, followed by a cheerful animated scene featuring a pink cartoon pig standing on its hind legs, then transitions to various outdoor firefighting-related activities, and ends with a fire station scene with a bright red fire truck."
        ],
        "answer": "A",
        "qa_level": "long_term",
        "qa_type": "mcqa",
        "old_answer": "A"
    },
    {
        "qa_idx": 12,
        "qa_task": "camera-direction",
        "question": "What does the camera do when the scene transitions from the fire station to the outdoor firefighting-related activities between 3.0 and 3625.0 seconds?",
        "options": [
            "A. The camera zooms in on the fire truck.",
            "B. The camera pans to the left to show the outdoor activities.",
            "C. The camera moves closer to the characters.",
            "D. The camera zooms out to show the entire scene."
        ],
        "answer": "D",
        "qa_level": "long_term",
        "qa_type": "mcqa",
        "old_answer": "D"
    },
    {
        "qa_idx": 13,
        "qa_task": "speed",
        "question": "Which character is faster in the relay race, the larger pig with glasses or the smaller pig?",
        "options": [
            "A. The larger pig with glasses.",
            "B. The smaller pig.",
            "C. Both are at the same speed.",
            "D. None of the above."
        ],
        "answer": "B",
        "qa_level": "long_term",
        "qa_type": "mcqa",
        "old_answer": "B"
    },
    {
        "qa_idx": 14,
        "qa_task": "attribute-change",
        "question": "How did the appearance of the anthropomorphic pigs change from the beginning to the end of the video (3.0 to 3625.0 seconds)?",
        "options": [
            "A. They remained clean throughout the video.",
            "B. They started clean and ended up covered in mud.",
            "C. They started covered in mud and ended up clean.",
            "D. They changed from wearing firefighter uniforms to casual clothes."
        ],
        "answer": "B",
        "qa_level": "long_term",
        "qa_type": "mcqa",
        "old_answer": "B"
    },
    {
        "qa_idx": 15,
        "qa_task": "character-understanding",
        "question": "What are the anthropomorphic pigs doing in the outdoor scene at 3.0 to 3625.0 seconds?",
        "options": [
            "A. Engaging in firefighting activities.",
            "B. Playing in muddy puddles.",
            "C. Picking berries.",
            "D. Participating in a relay race."
        ],
        "answer": "B",
        "qa_level": "long_term",
        "qa_type": "mcqa",
        "old_answer": "B"
    }
]