[
    {
        "qa_idx": 0,
        "qa_type": "qa",
        "qa_level": "frame",
        "qa_task": "character-understanding",
        "question": "Were there two individuals on bicycles in the frame at 1431.0 seconds?",
        "answer": "Yes",
        "old_answer": "Yes"
    },
    {
        "qa_idx": 1,
        "qa_type": "qa",
        "qa_level": "frame",
        "qa_task": "character-understanding",
        "question": "Is there a faint figure near the motorcycle at 1212.0 seconds into the video?",
        "answer": "Yes",
        "old_answer": "Yes"
    },
    {
        "qa_idx": 2,
        "qa_task": "spatial-relationship",
        "question": "What is the person doing at 1630.0 seconds into the video?",
        "options": [
            "A. Walking along the road.",
            "B. Riding a bicycle.",
            "C. Sitting under a tree.",
            "D. Driving a car."
        ],
        "answer": "B",
        "qa_level": "frame",
        "qa_type": "mcqa",
        "old_answer": "B"
    },
    {
        "qa_idx": 3,
        "qa_type": "qa",
        "qa_level": "within_event",
        "qa_task": "object understanding",
        "question": "Is there a bicycle with saddlebags in the room from 369.0 to 396.0 seconds?",
        "answer": "Yes",
        "old_answer": "Yes"
    },
    {
        "qa_idx": 4,
        "qa_type": "qa",
        "qa_level": "cross_event",
        "qa_task": "action-understanding",
        "question": "In the event from 262.0 to 325.0, does the person wearing a colorful shirt and a blue backpack handle a long vertical item next to a column before the scene transitions to an underground parking garage?",
        "answer": "Yes",
        "old_answer": "Yes"
    },
    {
        "qa_idx": 5,
        "qa_type": "qa",
        "qa_level": "long_term",
        "qa_task": "character-understanding",
        "question": "Did the video feature men interacting with bicycles in both outdoor and indoor settings from 5.0 to 2078.0 seconds?",
        "answer": "Yes",
        "old_answer": "Yes"
    },
    {
        "qa_idx": 6,
        "qa_task": "scene-understanding",
        "question": "What is the common setting for the events described between 1140.0 to 1200.0 seconds and H to e seconds?",
        "options": [
            "A. Indoor daytime activities.",
            "B. Outdoor nighttime activities.",
            "C. Indoor nighttime activities.",
            "D. Outdoor daytime activities."
        ],
        "answer": "B",
        "qa_level": "cross_event",
        "qa_type": "mcqa",
        "old_answer": "B"
    },
    {
        "qa_idx": 7,
        "qa_task": "time-order",
        "question": "In which order do the events occur in the video from 5.0 to 2078.0 seconds?",
        "options": [
            "A. The event starts with three men standing in front of a rustic stone building, then transitions to an urban area, followed by an indoor workshop, a rooftop setting, and concludes with a nighttime exterior scene of a building.",
            "B. The event starts with a rooftop setting, then transitions to an urban area, followed by an indoor workshop, three men standing in front of a rustic stone building, and concludes with a nighttime exterior scene of a building.",
            "C. The event starts with an indoor workshop, then transitions to a rooftop setting, followed by three men standing in front of a rustic stone building, an urban area, and concludes with a nighttime exterior scene of a building.",
            "D. The event starts with a nighttime exterior scene of a building, then transitions to an urban area, followed by an indoor workshop, a rooftop setting, and concludes with three men standing in front of a rustic stone building."
        ],
        "answer": "A",
        "qa_level": "long_term",
        "qa_type": "mcqa",
        "old_answer": "A"
    },
    {
        "qa_idx": 9,
        "qa_task": "object-direction",
        "question": "In which direction did the bicycles move from the rustic stone building to the urban area?",
        "options": [
            "A. From the left to the right.",
            "B. From the right to the left.",
            "C. From the front to the back.",
            "D. From the back to the front."
        ],
        "answer": "A",
        "qa_level": "long_term",
        "qa_type": "mcqa",
        "old_answer": "A"
    },
    {
        "qa_idx": 10,
        "qa_task": "camera-direction",
        "question": "How does the camera movement change from the beginning to the end of the video event sequence from 5.0 to 2078.0 seconds?",
        "options": [
            "A. The camera moves from outdoor to indoor settings and back to outdoor settings.",
            "B. The camera remains stationary throughout the video.",
            "C. The camera only captures indoor settings.",
            "D. The camera moves from indoor to outdoor settings and stays there."
        ],
        "answer": "A",
        "qa_level": "long_term",
        "qa_type": "mcqa",
        "old_answer": "A"
    },
    {
        "qa_idx": 11,
        "qa_task": "speed",
        "question": "Which mode of transportation was faster during the nighttime exploration in the forest from 1140.0 seconds to 2078.0 seconds?",
        "options": [
            "A. Bicycles.",
            "B. Motorcycles.",
            "C. Both were at the same speed.",
            "D. None of the above."
        ],
        "answer": "B",
        "qa_level": "long_term",
        "qa_type": "mcqa",
        "old_answer": "B"
    },
    {
        "qa_idx": 12,
        "qa_task": "attribute-change",
        "question": "How does the environment change from the beginning to the end of the video from 5.0 to 2078.0 seconds?",
        "options": [
            "A. From a rustic outdoor setting to a lively amusement park.",
            "B. From a wooded outdoor area to a serene rural setting.",
            "C. From a rustic outdoor setting to a nighttime urban area.",
            "D. From a wooded outdoor area to an industrial indoor workspace."
        ],
        "answer": "C",
        "qa_level": "long_term",
        "qa_type": "mcqa",
        "old_answer": "C"
    },
    {
        "qa_idx": 13,
        "qa_task": "object understanding",
        "question": "What kind of vehicle is partially extending from a concrete and brick-walled structure in the indoor setting?",
        "options": [
            "A. A green vehicle.",
            "B. A military vehicle.",
            "C. A bicycle.",
            "D. A motorcycle."
        ],
        "answer": "B",
        "qa_level": "long_term",
        "qa_type": "mcqa",
        "old_answer": "B"
    },
    {
        "qa_idx": 14,
        "qa_task": "descriptive-scene",
        "question": "Where does the event start and end in the video from 5.0 to 2078.0 seconds?",
        "options": [
            "A. It starts in a rustic outdoor area and ends in a wooded nighttime setting.",
            "B. It starts in a supermarket and ends in a wooded nighttime setting.",
            "C. It starts in a rustic outdoor area and ends in an amusement park.",
            "D. It starts in a supermarket and ends in an amusement park."
        ],
        "answer": "A",
        "qa_level": "long_term",
        "qa_type": "mcqa",
        "old_answer": "A"
    }
]