[
    {
        "qa_idx": 0,
        "qa_type": "qa",
        "qa_level": "frame",
        "qa_task": "object understanding",
        "question": "Is the man seated on a blue couch in the video frame at 1101.0 seconds?",
        "answer": "Yes",
        "old_answer": "Yes"
    },
    {
        "qa_idx": 1,
        "qa_task": "character-understanding",
        "question": "What is the man in the video doing at the 1200.0-second mark?",
        "options": [
            "A. The man is dancing.",
            "B. The man is holding a microphone.",
            "C. The man is playing an instrument.",
            "D. The man is sitting down."
        ],
        "answer": "B",
        "qa_level": "frame",
        "qa_type": "mcqa",
        "old_answer": "B"
    },
    {
        "qa_idx": 2,
        "qa_type": "qa",
        "qa_level": "within_event",
        "qa_task": "action-understanding",
        "question": "During the video event from 1087.0 to 1144.0 seconds, does the man seated behind the desk hold a pen and a mug branded with 'The Noite'?",
        "answer": "Yes",
        "old_answer": "Yes"
    },
    {
        "qa_idx": 3,
        "qa_task": "object understanding",
        "question": "What is the person wearing in the frame at 462.0 seconds into the video?",
        "options": [
            "A. A dark red shirt.",
            "B. A blue jacket.",
            "C. A white t-shirt.",
            "D. A green sweater."
        ],
        "answer": "A",
        "qa_level": "frame",
        "qa_type": "mcqa",
        "old_answer": "A"
    },
    {
        "qa_idx": 6,
        "qa_type": "qa",
        "qa_level": "cross_event",
        "qa_task": "camera-direction",
        "question": "From the time of 285.0 to 296.0 and 298.0 to 359.0, does the camera capture different angles and close-ups of the talk show set?",
        "answer": "Yes",
        "old_answer": "Yes"
    },
    {
        "qa_idx": 8,
        "qa_type": "qa",
        "qa_level": "long_term",
        "qa_task": "speed",
        "question": "Did the video show any fast-paced actions or movements during the talk show segments from 6.0 to 1853.0 seconds?",
        "answer": "No",
        "old_answer": "No"
    },
    {
        "qa_idx": 9,
        "qa_task": "attribute-change",
        "question": "How does the lighting in the city skyline change from the beginning to the end of the event from 1219.0 to 1312.0 seconds?",
        "options": [
            "A. The city skyline becomes darker.",
            "B. The city skyline becomes brighter.",
            "C. The city skyline remains brightly lit.",
            "D. The city skyline lights turn off."
        ],
        "answer": "C",
        "qa_level": "within_event",
        "qa_type": "mcqa",
        "old_answer": "C"
    },
    {
        "qa_idx": 12,
        "qa_task": "temporal-relationship",
        "question": "What happens after the man in a suit and tie is seen seated in a studio environment with large windows and a cityscape backdrop?",
        "options": [
            "A. The scene shifts to a lively band performance with detailed descriptions of instruments and musicians.",
            "B. The man in a suit and tie continues to engage in conversation or presentation.",
            "C. The scene transitions to a man seated on a blue couch in a talk show setting.",
            "D. The scene changes to a musical performance setup with five individuals on stage."
        ],
        "answer": "C",
        "qa_level": "long_term",
        "qa_type": "mcqa",
        "old_answer": "C"
    },
    {
        "qa_idx": 16,
        "qa_task": "camera-direction",
        "question": "How does the camera movement change from the beginning to the end of the video event from 6.0 to 1853.0 seconds?",
        "options": [
            "A. The camera remains static throughout the video.",
            "B. The camera moves closer to the man in the suit and then shifts to capture the entire studio setup.",
            "C. The camera starts with a wide shot of the studio and gradually zooms in on the man in the suit.",
            "D. The camera moves from the man in the suit to the musical performance and back to the talk show setup."
        ],
        "answer": "D",
        "qa_level": "long_term",
        "qa_type": "mcqa",
        "old_answer": "D"
    },
    {
        "qa_idx": 17,
        "qa_task": "speed",
        "question": "Which segment of the video progresses faster, the talk show interview or the musical performance?",
        "options": [
            "A. The talk show interview.",
            "B. The musical performance.",
            "C. Both segments progress at the same speed.",
            "D. Neither segment progresses faster."
        ],
        "answer": "B",
        "qa_level": "long_term",
        "qa_type": "mcqa",
        "old_answer": "B"
    },
    {
        "qa_idx": 18,
        "qa_task": "attribute-change",
        "question": "How does the attire of the individuals change throughout the video from 6.0 to 1853.0 seconds?",
        "options": [
            "A. They remain in casual attire throughout.",
            "B. They switch from casual to formal attire.",
            "C. They switch from formal to casual attire.",
            "D. They remain in formal attire throughout."
        ],
        "answer": "C",
        "qa_level": "long_term",
        "qa_type": "mcqa",
        "old_answer": "C"
    },
    {
        "qa_idx": 19,
        "qa_task": "character-understanding",
        "question": "What is the attire of the man seated on the blue couch in the talk show setting from 6.0 to 1853.0 seconds?",
        "options": [
            "A. A formal suit and tie.",
            "B. A dark shirt and light blue jeans.",
            "C. A dark jacket adorned with patches.",
            "D. A red shirt and jeans."
        ],
        "answer": "B",
        "qa_level": "long_term",
        "qa_type": "mcqa",
        "old_answer": "B"
    },
    {
        "qa_idx": 21,
        "qa_task": "time-order",
        "question": "In which order do the events occur in the video from 6.0 to 1853.0 seconds?",
        "options": [
            "A. The man in a suit gestures with one hand, the scene shifts to a lively band performance, the man in a dark shirt is seated on a blue couch, the scene transitions to a musical performance setup, the host in a dark suit engages with the guest.",
            "B. The man in a dark shirt is seated on a blue couch, the scene shifts to a lively band performance, the man in a suit gestures with one hand, the scene transitions to a musical performance setup, the host in a dark suit engages with the guest.",
            "C. The man in a suit gestures with one hand, the man in a dark shirt is seated on a blue couch, the scene shifts to a lively band performance, the scene transitions to a musical performance setup, the host in a dark suit engages with the guest.",
            "D. The man in a dark shirt is seated on a blue couch, the man in a suit gestures with one hand, the scene shifts to a lively band performance, the scene transitions to a musical performance setup, the host in a dark suit engages with the guest."
        ],
        "answer": "C",
        "qa_level": "long_term",
        "qa_type": "mcqa",
        "old_answer": "C"
    }
]