[
    {
        "qa_idx": 0,
        "qa_task": "character-understanding",
        "question": "What is one of the family members doing at 1854.0 seconds into the video?",
        "options": [
            "A. Sitting on the couch.",
            "B. Wearing a box on their head.",
            "C. Cooking in the kitchen.",
            "D. Reading a book."
        ],
        "answer": "B",
        "qa_level": "frame",
        "qa_type": "mcqa",
        "old_answer": "B"
    },
    {
        "qa_idx": 1,
        "qa_type": "qa",
        "qa_level": "frame",
        "qa_task": "character-understanding",
        "question": "Is the pink anthropomorphic character holding a blue pair of scissors at 1835.0 seconds into the video?",
        "answer": "Yes",
        "old_answer": "Yes"
    },
    {
        "qa_idx": 2,
        "qa_task": "object understanding",
        "question": "What kind of trees are visible in the outdoor scene at 524.0 seconds into the video?",
        "options": [
            "A. Trees with broad canopies and ample green leaves.",
            "B. Trees with narrow trunks and sparse leaves.",
            "C. Trees with no leaves and bare branches.",
            "D. Trees with red and yellow autumn leaves."
        ],
        "answer": "A",
        "qa_level": "frame",
        "qa_type": "mcqa",
        "old_answer": "A"
    },
    {
        "qa_idx": 3,
        "qa_task": "object understanding",
        "question": "What are the humanoid pig characters holding at 759.0 seconds into the video?",
        "options": [
            "A. A green dinosaur toy and a yellow teddy bear.",
            "B. A blue ball and a red kite.",
            "C. A green dinosaur toy and a blue book.",
            "D. A yellow teddy bear and a red ball."
        ],
        "answer": "A",
        "qa_level": "frame",
        "qa_type": "mcqa",
        "old_answer": "A"
    },
    {
        "qa_idx": 4,
        "qa_type": "qa",
        "qa_level": "within_event",
        "qa_task": "speed",
        "question": "Are the anthropomorphic pigs walking away from the red car at a fast pace from 579.0 to 584.0 seconds?",
        "answer": "No",
        "old_answer": "No"
    },
    {
        "qa_idx": 5,
        "qa_task": "spatial-relationship",
        "question": "What is located on the left side of the image at 1053.0 seconds into the video?",
        "options": [
            "A. A section of a house with a window and a door.",
            "B. A row of flowering plants.",
            "C. A garden bed with leafy vegetables.",
            "D. A clear blue sky."
        ],
        "answer": "A",
        "qa_level": "frame",
        "qa_type": "mcqa",
        "old_answer": "A"
    },
    {
        "qa_idx": 6,
        "qa_type": "qa",
        "qa_level": "cross_event",
        "qa_task": "action-understanding",
        "question": "In the events from 150.0 to 343.0 and 344.0 to 433.0, do both events feature a family enjoying a moment around a campfire?",
        "answer": "Yes",
        "old_answer": "Yes"
    },
    {
        "qa_idx": 7,
        "qa_type": "qa",
        "qa_level": "long_term",
        "qa_task": "character-understanding",
        "question": "Did the anthropomorphic pig family engage in outdoor camping activities together from 3.0 to 1912.0 seconds?",
        "answer": "Yes",
        "old_answer": "Yes"
    },
    {
        "qa_idx": 8,
        "qa_task": "character-understanding",
        "question": "What is the younger pig holding in the video event from 1806.0 to 1842.0 seconds?",
        "options": [
            "A. A toy.",
            "B. A flashlight.",
            "C. A book.",
            "D. A remote control."
        ],
        "answer": "B",
        "qa_level": "within_event",
        "qa_type": "mcqa",
        "old_answer": "B"
    },
    {
        "qa_idx": 9,
        "qa_task": "temporal-relationship",
        "question": "What activity were the anthropomorphic pig characters engaged in before they were seen enjoying a cheerful moment around a small campfire?",
        "options": [
            "A. They were playing with toys in a playroom.",
            "B. They were setting up a yellow tent and engaging in communal activities.",
            "C. They were walking through a vibrant, leafy forest.",
            "D. They were interacting in a brightly colored animated bathroom."
        ],
        "answer": "B",
        "qa_level": "long_term",
        "qa_type": "mcqa",
        "old_answer": "B"
    },
    {
        "qa_idx": 10,
        "qa_task": "spatial-relationship",
        "question": "Where is the white cabinet with dual doors located in the bathroom scene?",
        "options": [
            "A. Above the sink.",
            "B. Next to the bathtub.",
            "C. Near the toilet.",
            "D. On the floor."
        ],
        "answer": "A",
        "qa_level": "long_term",
        "qa_type": "mcqa",
        "old_answer": "A"
    },
    {
        "qa_idx": 12,
        "qa_task": "camera-direction",
        "question": "How does the camera move in the video from 3.0 to 1912.0 seconds?",
        "options": [
            "A. The camera moves closer to the characters.",
            "B. The camera moves away from the characters.",
            "C. The camera remains stationary.",
            "D. The camera follows the characters."
        ],
        "answer": "D",
        "qa_level": "long_term",
        "qa_type": "mcqa",
        "old_answer": "D"
    },
    {
        "qa_idx": 13,
        "qa_task": "speed",
        "question": "Which character is faster in setting up the camping tent, the adult pig or the child pig, as depicted from 3.0 to 1912.0 seconds?",
        "options": [
            "A. The adult pig.",
            "B. The child pig.",
            "C. Both are at the same speed.",
            "D. None of the above."
        ],
        "answer": "A",
        "qa_level": "long_term",
        "qa_type": "mcqa",
        "old_answer": "A"
    },
    {
        "qa_idx": 14,
        "qa_task": "attribute-change",
        "question": "How does the setting change from the beginning to the end of the video from 3.0 to 1912.0 seconds?",
        "options": [
            "A. From an indoor playroom to an outdoor camping scene.",
            "B. From a forest hike to a rainy forest scene.",
            "C. From a garden scene to a living room scene.",
            "D. From a living room scene to a title card."
        ],
        "answer": "D",
        "qa_level": "long_term",
        "qa_type": "mcqa",
        "old_answer": "D"
    },
    {
        "qa_idx": 15,
        "qa_task": "character-understanding",
        "question": "What is the bearded character with glasses doing in the living room scene?",
        "options": [
            "A. Reading a newspaper.",
            "B. Playing with toys.",
            "C. Cooking food.",
            "D. Watching television."
        ],
        "answer": "A",
        "qa_level": "long_term",
        "qa_type": "mcqa",
        "old_answer": "A"
    },
    {
        "qa_idx": 16,
        "qa_task": "time-order",
        "question": "In which order do the events occur in the video from 3.0 to 1912.0 seconds?",
        "options": [
            "A. The title screen of 'Peppa Pig' is displayed, followed by an outdoor scene with a yellow house, then an indoor playroom with toys, and finally a bathroom scene.",
            "B. The title screen of 'Peppa Pig' is displayed, followed by an indoor playroom with toys, then an outdoor scene with a yellow house, and finally a bathroom scene.",
            "C. The title screen of 'Peppa Pig' is displayed, followed by a bathroom scene, then an indoor playroom with toys, and finally an outdoor scene with a yellow house.",
            "D. The title screen of 'Peppa Pig' is displayed, followed by an outdoor scene with a yellow house, then a bathroom scene, and finally an indoor playroom with toys."
        ],
        "answer": "A",
        "qa_level": "long_term",
        "qa_type": "mcqa",
        "old_answer": "A"
    },
    {
        "qa_idx": 17,
        "qa_task": "descriptive-scene",
        "question": "Where does the family of anthropomorphic pigs enjoy a cheerful moment around a small campfire?",
        "options": [
            "A. In a brightly colored living room.",
            "B. In a lush green forest.",
            "C. In an outdoor nighttime camping scene.",
            "D. In a vibrant and whimsical animated setting."
        ],
        "answer": "C",
        "qa_level": "long_term",
        "qa_type": "mcqa",
        "old_answer": "C"
    }
]