[
    {
        "qa_idx": 0,
        "qa_task": "spatial-relationship",
        "question": "What is the character's tongue stuck to at 638.0 seconds into the video?",
        "options": [
            "A. A tree.",
            "B. A metal pole.",
            "C. A snowman.",
            "D. A fence."
        ],
        "answer": "B",
        "qa_level": "frame",
        "qa_type": "mcqa",
        "old_answer": "B"
    },
    {
        "qa_idx": 1,
        "qa_task": "object understanding",
        "question": "What instruments are included in the musical performance scene at 1968.0 seconds into the video?",
        "options": [
            "A. A keyboard, drums, a guitar, and other stage equipment.",
            "B. A piano, a violin, a flute, and a trumpet.",
            "C. A saxophone, a cello, a harp, and a tambourine.",
            "D. A synthesizer, a drum machine, a bass guitar, and a microphone."
        ],
        "answer": "A",
        "qa_level": "frame",
        "qa_type": "mcqa",
        "old_answer": "A"
    },
    {
        "qa_idx": 2,
        "qa_type": "qa",
        "qa_level": "within_event",
        "qa_task": "action-understanding",
        "question": "Does the green character interact with a red feather at any point during the event from 2300.0 to 2364.0 seconds?",
        "answer": "Yes",
        "old_answer": "Yes"
    },
    {
        "qa_idx": 3,
        "qa_type": "qa",
        "qa_level": "within_event",
        "qa_task": "camera-direction",
        "question": "Does the camera remain stationary while the character dressed in an orange outfit resembling a hamster has its tongue frozen to a metal pole from 638.0 to 666.0 seconds?",
        "answer": "No",
        "old_answer": "No"
    },
    {
        "qa_idx": 5,
        "qa_task": "scene-understanding",
        "question": "What elements are present in the vibrant and animated scene at the beginning of the event from 2216.0 to 2271.0 seconds?",
        "options": [
            "A. A potted plant, a slice of cake, cherries, and an ice cream cone.",
            "B. A bicycle, a tree, a dog, and a ball.",
            "C. A car, a house, a person, and a cat.",
            "D. A book, a lamp, a chair, and a table."
        ],
        "answer": "A",
        "qa_level": "within_event",
        "qa_type": "mcqa",
        "old_answer": "A"
    },
    {
        "qa_idx": 6,
        "qa_type": "qa",
        "qa_level": "cross_event",
        "qa_task": "speed",
        "question": "Between 2494.0 to 2576.0 seconds and 2591.0 to 2592.0 seconds, do the characters in the scenes appear to be moving at a fast pace?",
        "answer": "No",
        "old_answer": "No"
    },
    {
        "qa_idx": 7,
        "qa_task": "scene-understanding",
        "question": "What is the initial scene in the video event from 1535.0 to 1607.0 seconds?",
        "options": [
            "A. A whimsical scene featuring seven plush toys of distinct, vibrant colors.",
            "B. An indoor setting with a large window and door.",
            "C. A serene view of a gradient blue sky.",
            "D. A construction-like setting with metallic ladders and scaffolding."
        ],
        "answer": "A",
        "qa_level": "within_event",
        "qa_type": "mcqa",
        "old_answer": "A"
    },
    {
        "qa_idx": 8,
        "qa_task": "spatial-relationship",
        "question": "Where are the two animated characters standing when they are dressed in airport ground crew attire?",
        "options": [
            "A. On a wooden dock.",
            "B. In front of an airplane.",
            "C. In a prison cell.",
            "D. In a construction site."
        ],
        "answer": "B",
        "qa_level": "long_term",
        "qa_type": "mcqa",
        "old_answer": "B"
    },
    {
        "qa_idx": 10,
        "qa_task": "object-direction",
        "question": "In the video sequence from 3.0 to 2592.0 seconds, which direction does the character in the red costume with white-striped horns move while fishing on the dock?",
        "options": [
            "A. Towards the water.",
            "B. Away from the water.",
            "C. Towards the deck chair.",
            "D. Towards the coiled rope."
        ],
        "answer": "A",
        "qa_level": "long_term",
        "qa_type": "mcqa",
        "old_answer": "A"
    },
    {
        "qa_idx": 11,
        "qa_task": "attribute-change",
        "question": "How does the background change from the beginning to the end of the video event sequence from 3.0 to 2592.0 seconds?",
        "options": [
            "A. From a soft gradient blue background to a well-maintained outdoor area with paved pathways and grassy terrain.",
            "B. From a dark blue starry background to a snowy field.",
            "C. From a beach scene to a construction-themed environment.",
            "D. From a serene river scene to a bustling cityscape."
        ],
        "answer": "A",
        "qa_level": "long_term",
        "qa_type": "mcqa",
        "old_answer": "A"
    }
]