[
    {
        "qa_idx": 0,
        "qa_type": "qa",
        "qa_level": "frame",
        "qa_task": "character-understanding",
        "question": "Is there any human present in the frame at 2947.0 seconds into the video?",
        "answer": "No",
        "old_answer": "No"
    },
    {
        "qa_idx": 2,
        "qa_task": "object understanding",
        "question": "What objects are present on the wooden bedside table at 491.0 seconds into the video?",
        "options": [
            "A. A glowing lamp, an old-fashioned alarm clock, and a potted plant.",
            "B. A modern digital clock, a book, and a vase of flowers.",
            "C. A candle, a picture frame, and a glass of water.",
            "D. A phone charger, a notebook, and a pair of glasses."
        ],
        "answer": "A",
        "qa_level": "frame",
        "qa_type": "mcqa",
        "old_answer": "A"
    },
    {
        "qa_idx": 3,
        "qa_type": "qa",
        "qa_level": "within_event",
        "qa_task": "character-understanding",
        "question": "Was there a young girl in a vibrant pink garment in the forest at the beginning of the video event from 3743.0 to 3803.0 seconds?",
        "answer": "Yes",
        "old_answer": "Yes"
    },
    {
        "qa_idx": 5,
        "qa_type": "qa",
        "qa_level": "within_event",
        "qa_task": "camera-direction",
        "question": "Does the camera remain stationary while the bear performs the complex act from 4.0 to 60.0 seconds?",
        "answer": "No",
        "old_answer": "No"
    },
    {
        "qa_idx": 6,
        "qa_type": "qa",
        "qa_level": "cross_event",
        "qa_task": "character-understanding",
        "question": "In the event from 264.0 to 327.0, was there a person wearing a green hat and holding a hammer?",
        "answer": "Yes",
        "old_answer": "Yes"
    },
    {
        "qa_idx": 8,
        "qa_type": "qa",
        "qa_level": "cross_event",
        "qa_task": "character-understanding",
        "question": "Was the panda character involved in activities in both video events from 139.0 to 191.0 and 192.0 to 250.0?",
        "answer": "Yes",
        "old_answer": "Yes"
    },
    {
        "qa_idx": 9,
        "qa_task": "speed",
        "question": "Between 3806.0 seconds to 3870.0 seconds, how does the speed of the bear's activities change?",
        "options": [
            "A. The bear's activities start slow and become faster.",
            "B. The bear's activities remain consistently slow.",
            "C. The bear's activities start fast and become slower.",
            "D. The bear's activities remain consistently fast."
        ],
        "answer": "B",
        "qa_level": "cross_event",
        "qa_type": "mcqa",
        "old_answer": "B"
    },
    {
        "qa_idx": 11,
        "qa_task": "temporal-relationship",
        "question": "What happens after the bear is seen balancing on a small circular object and juggling a plate on its nose and three sausages?",
        "options": [
            "A. The scene transitions to a dimly lit outdoor area featuring a dark wooden house with an illuminated window.",
            "B. The bear interacts with two anthropomorphic wolves in medical attire.",
            "C. The bear is seen reading a book with a golf bag full of clubs.",
            "D. The bear is seen in a golfing stance outdoors on a neatly trimmed green."
        ],
        "answer": "A",
        "qa_level": "long_term",
        "qa_type": "mcqa",
        "old_answer": "A"
    },
    {
        "qa_idx": 12,
        "qa_task": "spatial-relationship",
        "question": "Where is the bear positioned when it is seen balancing on a small circular object and juggling a plate on its nose and three sausages?",
        "options": [
            "A. In a dimly lit outdoor area.",
            "B. In a cozy indoor scene beside two neatly made beds.",
            "C. In a whimsical scene resembling a circus act.",
            "D. In a dimly lit forest with a tree almost filling the frame."
        ],
        "answer": "C",
        "qa_level": "long_term",
        "qa_type": "mcqa",
        "old_answer": "C"
    },
    {
        "qa_idx": 13,
        "qa_task": "causal",
        "question": "Why did the bear interact with the wolves in medical attire in the dimly lit outdoor wilderness?",
        "options": [
            "A. The bear was seeking medical attention.",
            "B. The bear was playing a game.",
            "C. The bear was teaching the wolves.",
            "D. The bear was looking for food."
        ],
        "answer": "A",
        "qa_level": "long_term",
        "qa_type": "mcqa",
        "old_answer": "A"
    },
    {
        "qa_idx": 14,
        "qa_task": "plot-understanding",
        "question": "What is the main theme depicted in the video from 4.0 to 3947.0 seconds?",
        "options": [
            "A. A bear's bedtime routine and playful interactions in various settings.",
            "B. A bear's journey through different seasons and weather conditions.",
            "C. A bear's exploration of different sports and outdoor activities.",
            "D. A bear's adventures in space and underwater environments."
        ],
        "answer": "A",
        "qa_level": "long_term",
        "qa_type": "mcqa",
        "old_answer": "A"
    },
    {
        "qa_idx": 15,
        "qa_task": "camera-direction",
        "question": "How does the camera move when the scene transitions from the bear balancing on a small circular object to the dimly lit outdoor area featuring a dark wooden house with an illuminated window?",
        "options": [
            "A. The camera zooms in on the bear.",
            "B. The camera pans to the right.",
            "C. The camera moves closer to the dark wooden house.",
            "D. The camera tilts upwards."
        ],
        "answer": "C",
        "qa_level": "long_term",
        "qa_type": "mcqa",
        "old_answer": "C"
    },
    {
        "qa_idx": 16,
        "qa_task": "speed",
        "question": "Which character is faster, the bear or the panda, during the golfing scenes from 400.0 to 1228.0 seconds?",
        "options": [
            "A. The bear.",
            "B. The panda.",
            "C. Both are at the same speed.",
            "D. None of the above."
        ],
        "answer": "A",
        "qa_level": "long_term",
        "qa_type": "mcqa",
        "old_answer": "A"
    },
    {
        "qa_idx": 18,
        "qa_task": "character-understanding",
        "question": "What is the bear doing in the cozy indoor scene with two neatly made beds under warm lighting?",
        "options": [
            "A. The bear is balancing on a small circular object.",
            "B. The bear is standing beside the beds.",
            "C. The bear is interacting with a panda.",
            "D. The bear is reading a book."
        ],
        "answer": "B",
        "qa_level": "long_term",
        "qa_type": "mcqa",
        "old_answer": "B"
    },
    {
        "qa_idx": 19,
        "qa_task": "object understanding",
        "question": "What objects are prominently featured in the cozy indoor scene with the large bear and the two neatly made beds under warm lighting?",
        "options": [
            "A. A wooden dresser, a panda, small mattresses, and framed pictures.",
            "B. A wooden table, a lamp, a clock, and a potted plant.",
            "C. A bookshelf, a chair, a rug, and a fireplace.",
            "D. A sofa, a coffee table, a TV, and a painting."
        ],
        "answer": "A",
        "qa_level": "long_term",
        "qa_type": "mcqa",
        "old_answer": "A"
    },
    {
        "qa_idx": 20,
        "qa_task": "time-order",
        "question": "In which order do the events occur in the video from 4.0 to 3947.0 seconds?",
        "options": [
            "A. Bear performing circus act -> Bear in cozy bedroom -> Bear in medical examination -> Bear golfing -> Bear in vibrant outdoor scene -> Bear in garden -> Bear in rustic house -> Bear in cozy indoor setting -> Bear in forest -> Bear in underwater-themed environment -> Bear in space-themed environment -> Bear in rustic indoor setting -> Bear in vibrant garden -> Bear in tranquil forest.",
            "B. Bear in cozy bedroom -> Bear performing circus act -> Bear in medical examination -> Bear golfing -> Bear in vibrant outdoor scene -> Bear in garden -> Bear in rustic house -> Bear in cozy indoor setting -> Bear in forest -> Bear in underwater-themed environment -> Bear in space-themed environment -> Bear in rustic indoor setting -> Bear in vibrant garden -> Bear in tranquil forest.",
            "C. Bear in medical examination -> Bear performing circus act -> Bear in cozy bedroom -> Bear golfing -> Bear in vibrant outdoor scene -> Bear in garden -> Bear in rustic house -> Bear in cozy indoor setting -> Bear in forest -> Bear in underwater-themed environment -> Bear in space-themed environment -> Bear in rustic indoor setting -> Bear in vibrant garden -> Bear in tranquil forest.",
            "D. Bear performing circus act -> Bear in medical examination -> Bear in cozy bedroom -> Bear golfing -> Bear in vibrant outdoor scene -> Bear in garden -> Bear in rustic house -> Bear in cozy indoor setting -> Bear in forest -> Bear in underwater-themed environment -> Bear in space-themed environment -> Bear in rustic indoor setting -> Bear in vibrant garden -> Bear in tranquil forest."
        ],
        "answer": "A",
        "qa_level": "long_term",
        "qa_type": "mcqa",
        "old_answer": "A"
    },
    {
        "qa_idx": 21,
        "qa_task": "descriptive-scene",
        "question": "Where does the bear interact with the wolves in medical attire?",
        "options": [
            "A. In a dimly lit outdoor wilderness.",
            "B. In a cozy indoor bedroom.",
            "C. In a vibrant outdoor garden.",
            "D. In a serene forest."
        ],
        "answer": "A",
        "qa_level": "long_term",
        "qa_type": "mcqa",
        "old_answer": "A"
    }
]