[
    {
        "qa_idx": 0,
        "qa_type": "qa",
        "qa_level": "frame",
        "qa_task": "character-understanding",
        "question": "Is the person in the frame wearing a colorful costume that resembles a fictional animal at 2959.0 seconds into the video?",
        "answer": "Yes",
        "old_answer": "Yes"
    },
    {
        "qa_idx": 2,
        "qa_type": "qa",
        "qa_level": "frame",
        "qa_task": "object understanding",
        "question": "Is there a bucket filled with red apples near the fence at 2151.0 seconds into the video?",
        "answer": "Yes",
        "old_answer": "Yes"
    },
    {
        "qa_idx": 3,
        "qa_task": "spatial-relationship",
        "question": "What is the central focus of the frame at 550.0 seconds?",
        "options": [
            "A. A green background.",
            "B. A yellow cartoon duckling.",
            "C. Partial images of additional ducklings.",
            "D. Footprints."
        ],
        "answer": "B",
        "qa_level": "frame",
        "qa_type": "mcqa",
        "old_answer": "B"
    },
    {
        "qa_idx": 4,
        "qa_type": "qa",
        "qa_level": "within_event",
        "qa_task": "character-understanding",
        "question": "Were there individuals dressed in costumes visible through the train windows between 1814.0 and 1881.0 seconds?",
        "answer": "Yes",
        "old_answer": "Yes"
    },
    {
        "qa_idx": 5,
        "qa_task": "character-understanding",
        "question": "What is the person in the video frame doing at 1613.0 seconds?",
        "options": [
            "A. The person is sitting quietly.",
            "B. The person is holding an object and engaging with it.",
            "C. The person is walking away.",
            "D. The person is sleeping."
        ],
        "answer": "B",
        "qa_level": "frame",
        "qa_type": "mcqa",
        "old_answer": "B"
    },
    {
        "qa_idx": 6,
        "qa_type": "qa",
        "qa_level": "within_event",
        "qa_task": "action-understanding",
        "question": "Does the video event from 718.0 to 779.0 seconds feature a red fire truck moving against a blue-striped background?",
        "answer": "Yes",
        "old_answer": "Yes"
    },
    {
        "qa_idx": 7,
        "qa_type": "qa",
        "qa_level": "cross_event",
        "qa_task": "character-understanding",
        "question": "In both events from 2710.0 to 2772.0 and 2789.0 to 2846.0, was there a person wearing a colorful costume with a red dress and butterfly design?",
        "answer": "Yes",
        "old_answer": "Yes"
    },
    {
        "qa_idx": 8,
        "qa_task": "object understanding",
        "question": "What is the boy wearing at the 42.0-second mark of the video?",
        "options": [
            "A. A large, brown hat resembling a sun hat.",
            "B. A red cap with a logo.",
            "C. A blue helmet with stars.",
            "D. A green beanie with stripes."
        ],
        "answer": "A",
        "qa_level": "frame",
        "qa_type": "mcqa",
        "old_answer": "A"
    },
    {
        "qa_idx": 9,
        "qa_task": "object understanding",
        "question": "What is the background color and design in the frame captured at 329.0 seconds into the video?",
        "options": [
            "A. Bright pink with simple floral motifs.",
            "B. Light blue with star patterns.",
            "C. Green with polka dots.",
            "D. Yellow with stripes."
        ],
        "answer": "A",
        "qa_level": "frame",
        "qa_type": "mcqa",
        "old_answer": "A"
    },
    {
        "qa_idx": 11,
        "qa_type": "qa",
        "qa_level": "long_term",
        "qa_task": "character-understanding",
        "question": "Is there a boy wearing a colorful outfit with a large brown sun hat in the video events between 1.0 and 3294.0 seconds?",
        "answer": "Yes",
        "old_answer": "Yes"
    },
    {
        "qa_idx": 12,
        "qa_task": "spatial-relationship",
        "question": "Where is the car positioned in relation to the other vehicles at 582.0 seconds into the video?",
        "options": [
            "A. To the left of the van.",
            "B. Between the van and the bus.",
            "C. To the right of the bus.",
            "D. In front of the van."
        ],
        "answer": "B",
        "qa_level": "frame",
        "qa_type": "mcqa",
        "old_answer": "B"
    },
    {
        "qa_idx": 13,
        "qa_task": "descriptive-scene",
        "question": "What is the background like in the video frame at 2718.0 seconds?",
        "options": [
            "A. A deep blue night sky with purple clouds and small stars.",
            "B. A sunny day with clear blue skies.",
            "C. A rainy day with dark clouds.",
            "D. A sunset with orange and pink hues."
        ],
        "answer": "A",
        "qa_level": "frame",
        "qa_type": "mcqa",
        "old_answer": "A"
    },
    {
        "qa_idx": 14,
        "qa_task": "character-understanding",
        "question": "What is the person in the video wearing at 573.0 seconds?",
        "options": [
            "A. A vivid pink costume with large, round ears.",
            "B. A green costume with stripes.",
            "C. A blue costume with stars.",
            "D. A red costume with triangles."
        ],
        "answer": "A",
        "qa_level": "frame",
        "qa_type": "mcqa",
        "old_answer": "A"
    },
    {
        "qa_idx": 15,
        "qa_task": "character-understanding",
        "question": "What is the person wearing in the video at 163.0 seconds?",
        "options": [
            "A. A yellow top with blue overalls and red shoes.",
            "B. A green shirt with black pants and white shoes.",
            "C. A red dress with yellow shoes.",
            "D. A blue jacket with grey pants and brown shoes."
        ],
        "answer": "A",
        "qa_level": "frame",
        "qa_type": "mcqa",
        "old_answer": "A"
    },
    {
        "qa_idx": 16,
        "qa_task": "camera-direction",
        "question": "Does the camera focus more on the person in the bright red outfit or the animated green frog as the frames progress from 277.0 to 289.0 seconds?",
        "options": [
            "A. The person in the bright red outfit.",
            "B. The animated green frog.",
            "C. The cheerful sun.",
            "D. The tree stump and mushrooms."
        ],
        "answer": "B",
        "qa_level": "within_event",
        "qa_type": "mcqa",
        "old_answer": "B"
    },
    {
        "qa_idx": 17,
        "qa_task": "plot-understanding",
        "question": "What is the main focus of the video event from 2847.0 to 2905.0 seconds?",
        "options": [
            "A. A person dancing in front of a barn.",
            "B. A blue bird against various backgrounds.",
            "C. A pig near a trough.",
            "D. An orange cat meowing."
        ],
        "answer": "B",
        "qa_level": "within_event",
        "qa_type": "mcqa",
        "old_answer": "B"
    },
    {
        "qa_idx": 18,
        "qa_task": "camera-direction",
        "question": "During the segment from 2710.0 to 2772.0 seconds, does the camera move closer to the person standing prominently in the foreground or does it stay stationary?",
        "options": [
            "A. The camera moves closer to the person.",
            "B. The camera stays stationary.",
            "C. The camera moves away from the person.",
            "D. The camera pans to the left."
        ],
        "answer": "B",
        "qa_level": "within_event",
        "qa_type": "mcqa",
        "old_answer": "B"
    },
    {
        "qa_idx": 19,
        "qa_task": "attribute-change",
        "question": "How does the setting change as the scene progresses from 674.0 to 714.0 seconds?",
        "options": [
            "A. The setting transitions to a beach with sand and waves.",
            "B. The setting transitions to a geometric, grid-like background with squares and rectangles.",
            "C. The setting transitions to a forest with dense trees and wildlife.",
            "D. The setting transitions to a cityscape with tall buildings and busy streets."
        ],
        "answer": "B",
        "qa_level": "within_event",
        "qa_type": "mcqa",
        "old_answer": "B"
    },
    {
        "qa_idx": 21,
        "qa_task": "descriptive-scene",
        "question": "What is the primary setting of the video event from 2907.0 to 2960.0 seconds?",
        "options": [
            "A. A vibrant and festive setting with whimsical characters.",
            "B. A quiet and serene beach.",
            "C. A busy city street.",
            "D. A dark and mysterious forest."
        ],
        "answer": "A",
        "qa_level": "within_event",
        "qa_type": "mcqa",
        "old_answer": "A"
    },
    {
        "qa_idx": 22,
        "qa_task": "object-direction",
        "question": "In which direction is the beige ambulance with a red cross parked relative to the colorful multi-story buildings at the beginning of the scene from 583.0 to 611.0 seconds?",
        "options": [
            "A. In front of the buildings.",
            "B. Behind the buildings.",
            "C. To the left of the buildings.",
            "D. To the right of the buildings."
        ],
        "answer": "A",
        "qa_level": "within_event",
        "qa_type": "mcqa",
        "old_answer": "A"
    },
    {
        "qa_idx": 24,
        "qa_task": "spatial-relationship",
        "question": "What is the spatial relationship between the child and the objects in the children's room from 125.0 to 218.0 seconds?",
        "options": [
            "A. The child is standing in the center of the room, surrounded by a neatly made bed, a workstation with a computer, toy trucks, books, and a large wall picture of a truck.",
            "B. The child is sitting on the bed, with the workstation and toys scattered around the room.",
            "C. The child is near the door, with the bed and workstation on the opposite side of the room.",
            "D. The child is outside the room, looking in through a window."
        ],
        "answer": "A",
        "qa_level": "cross_event",
        "qa_type": "mcqa",
        "old_answer": "A"
    },
    {
        "qa_idx": 25,
        "qa_task": "spatial-relationship",
        "question": "In the scene from 1577.0 to 1649.0 seconds, where is the person in the pink costume with a yellow bow pointing?",
        "options": [
            "A. Downwards.",
            "B. Upwards.",
            "C. Sideways.",
            "D. Towards the camera."
        ],
        "answer": "B",
        "qa_level": "cross_event",
        "qa_type": "mcqa",
        "old_answer": "B"
    },
    {
        "qa_idx": 27,
        "qa_task": "temporal-relationship",
        "question": "What happens after the boy in a yellow shirt with blue suspenders and a hat engages in an animated pose in the event from 481.0 to 582.0 seconds?",
        "options": [
            "A. The scene shifts to a serene blue pond with rolling green hills.",
            "B. The tiger appears centrally in a cartoonish style.",
            "C. Children in gray mouse-like outfits interact with animated elements.",
            "D. The event ends with a bright blue sky adorned with fluffy clouds."
        ],
        "answer": "A",
        "qa_level": "cross_event",
        "qa_type": "mcqa",
        "old_answer": "A"
    },
    {
        "qa_idx": 28,
        "qa_task": "temporal-relationship",
        "question": "What happens after the scene with the boy in a colorful outfit standing in front of a white background with illustrated tools?",
        "options": [
            "A. The scene transitions to a vibrant depiction of a children's playroom.",
            "B. The scene transitions to an animated outdoor scene with a person in a bright red outfit.",
            "C. The scene transitions to a colorful and organized children's room setting.",
            "D. The scene transitions to a dynamic activity with five individuals in colorful character-themed costumes."
        ],
        "answer": "A",
        "qa_level": "long_term",
        "qa_type": "mcqa",
        "old_answer": "A"
    },
    {
        "qa_idx": 32,
        "qa_task": "camera-direction",
        "question": "How does the camera move in the video from 1.0 to 3294.0 seconds?",
        "options": [
            "A. The camera remains static throughout the video.",
            "B. The camera moves closer to the objects and characters.",
            "C. The camera zooms out to show a wider view of the scenes.",
            "D. The camera pans left and right to follow the characters."
        ],
        "answer": "B",
        "qa_level": "long_term",
        "qa_type": "mcqa",
        "old_answer": "B"
    },
    {
        "qa_idx": 34,
        "qa_task": "character-understanding",
        "question": "What is the boy wearing in the colorful children's room at 1.0 to 3294.0 seconds?",
        "options": [
            "A. A yellow shirt, blue overalls, red-and-white striped sleeves, and a large brown sun hat.",
            "B. A red dress with yellow polka dots and blue-striped leggings.",
            "C. A gray costume with large circular ears.",
            "D. A pink outfit with purple stripes."
        ],
        "answer": "A",
        "qa_level": "long_term",
        "qa_type": "mcqa",
        "old_answer": "A"
    },
    {
        "qa_idx": 35,
        "qa_task": "object understanding",
        "question": "What objects are featured in the children's room at the beginning of the video?",
        "options": [
            "A. A bed, a desk with a computer, toy trucks, and a play mat with road patterns.",
            "B. A sofa, a television, a coffee table, and a bookshelf.",
            "C. A dining table, chairs, a chandelier, and a painting.",
            "D. A bathtub, a sink, a mirror, and a towel rack."
        ],
        "answer": "A",
        "qa_level": "long_term",
        "qa_type": "mcqa",
        "old_answer": "A"
    },
    {
        "qa_idx": 36,
        "qa_task": "time-order",
        "question": "In which order do the events occur in the video from 1.0 to 3294.0 seconds?",
        "options": [
            "A. The scene starts with a serene light blue background with bubbles, transitions to a colorful children's room, and ends with a vibrant outdoor scene with a boy in a costume.",
            "B. The scene starts with a colorful children's room, transitions to a serene light blue background with bubbles, and ends with a vibrant outdoor scene with a boy in a costume.",
            "C. The scene starts with a vibrant outdoor scene with a boy in a costume, transitions to a colorful children's room, and ends with a serene light blue background with bubbles.",
            "D. The scene starts with a vibrant outdoor scene with a boy in a costume, transitions to a serene light blue background with bubbles, and ends with a colorful children's room."
        ],
        "answer": "A",
        "qa_level": "long_term",
        "qa_type": "mcqa",
        "old_answer": "A"
    }
]