[
    {
        "qa_idx": 0,
        "qa_type": "qa",
        "qa_level": "frame",
        "qa_task": "object understanding",
        "question": "Is there a red cup icon crossed out with a black 'X' on the display screen at 164.0 seconds into the video?",
        "answer": "Yes",
        "old_answer": "Yes"
    },
    {
        "qa_idx": 1,
        "qa_type": "qa",
        "qa_level": "frame",
        "qa_task": "object understanding",
        "question": "Is there a golden bell on the boat at 684.0 seconds into the video?",
        "answer": "Yes",
        "old_answer": "Yes"
    },
    {
        "qa_idx": 2,
        "qa_task": "descriptive-scene",
        "question": "Where does the scene at 1285.0 seconds into the video take place?",
        "options": [
            "A. In a forest.",
            "B. In a city.",
            "C. In outer space.",
            "D. In a desert."
        ],
        "answer": "C",
        "qa_level": "frame",
        "qa_type": "mcqa",
        "old_answer": "C"
    },
    {
        "qa_idx": 3,
        "qa_task": "object understanding",
        "question": "What are the characters holding or associated with in the frame at 1844.0 seconds into the video?",
        "options": [
            "A. Books and backpacks.",
            "B. Bicycles and a trophy.",
            "C. Musical instruments.",
            "D. Sports equipment other than bicycles."
        ],
        "answer": "B",
        "qa_level": "frame",
        "qa_type": "mcqa",
        "old_answer": "B"
    },
    {
        "qa_idx": 4,
        "qa_type": "qa",
        "qa_level": "within_event",
        "qa_task": "action-understanding",
        "question": "During the video event from 95.0 to 154.0 seconds, does the pink pig with glasses perform a dance routine in front of the control panel?",
        "answer": "No",
        "old_answer": "No"
    },
    {
        "qa_idx": 5,
        "qa_type": "qa",
        "qa_level": "cross_event",
        "qa_task": "character-understanding",
        "question": "Does the pink anthropomorphic pig with glasses and a beard appear in both events from 155.0 to 164.0 and 177.0 to 239.0?",
        "answer": "Yes",
        "old_answer": "Yes"
    },
    {
        "qa_idx": 6,
        "qa_task": "camera-direction",
        "question": "During the event from 1518.0 to 1571.0 seconds, does the camera move towards the group of anthropomorphic characters inside the blue flying vehicle or away from them?",
        "options": [
            "A. The camera moves towards the group of characters.",
            "B. The camera moves away from the group of characters.",
            "C. The camera remains stationary.",
            "D. The camera moves sideways."
        ],
        "answer": "A",
        "qa_level": "within_event",
        "qa_type": "mcqa",
        "old_answer": "A"
    },
    {
        "qa_idx": 7,
        "qa_type": "qa",
        "qa_level": "cross_event",
        "qa_task": "speed",
        "question": "Did the characters in the space-themed animated scene from 1323.0 to 1393.0 move at a faster pace compared to the characters in the outdoor fairground scene from 1394.0 to 1454.0?",
        "answer": "No",
        "old_answer": "No"
    },
    {
        "qa_idx": 8,
        "qa_type": "qa",
        "qa_level": "long_term",
        "qa_task": "speed",
        "question": "Did the yellow van travel at a fast pace through the countryside from 3.0 to 2203.0 seconds?",
        "answer": "No",
        "old_answer": "No"
    },
    {
        "qa_idx": 10,
        "qa_task": "causal",
        "question": "Why does the yellow van travel uphill on a dark grassy terrain illuminated by headlights under a starry sky with a crescent moon at the end of the sequence from 177.0 to 239.0 seconds?",
        "options": [
            "A. The characters are continuing their journey through the night.",
            "B. The characters are looking for a place to camp.",
            "C. The characters are returning home after a day of travel.",
            "D. The characters are lost and trying to find their way."
        ],
        "answer": "A",
        "qa_level": "cross_event",
        "qa_type": "mcqa",
        "old_answer": "A"
    },
    {
        "qa_idx": 11,
        "qa_task": "temporal-relationship",
        "question": "What were the characters doing before they were seen inside the yellow vehicle traveling through the countryside?",
        "options": [
            "A. They were interacting in a vibrant kitchen.",
            "B. They were playing with toys in a bedroom.",
            "C. They were preparing for a journey outside the house.",
            "D. They were having a picnic by a pond."
        ],
        "answer": "C",
        "qa_level": "long_term",
        "qa_type": "mcqa",
        "old_answer": "C"
    },
    {
        "qa_idx": 12,
        "qa_task": "spatial-relationship",
        "question": "Where are the two anthropomorphic pigs seated side by side with seat belts on?",
        "options": [
            "A. On a purple couch in a domestic setting.",
            "B. Inside a yellow van.",
            "C. On a grassy hill.",
            "D. In a control room."
        ],
        "answer": "A",
        "qa_level": "long_term",
        "qa_type": "mcqa",
        "old_answer": "A"
    },
    {
        "qa_idx": 14,
        "qa_task": "speed",
        "question": "Which vehicle is faster, the yellow van or the blue car, during the journey depicted from 3.0 to 2203.0 seconds?",
        "options": [
            "A. The yellow van.",
            "B. The blue car.",
            "C. Both are at the same speed.",
            "D. None of the above."
        ],
        "answer": "A",
        "qa_level": "long_term",
        "qa_type": "mcqa",
        "old_answer": "A"
    },
    {
        "qa_idx": 15,
        "qa_task": "attribute-change",
        "question": "How does the setting change from the beginning to the end of the video event sequence from 3.0 to 2203.0 seconds?",
        "options": [
            "A. From a daytime countryside setting to a nighttime camping scene.",
            "B. From an indoor kitchen scene to an outdoor picnic by a pond.",
            "C. From a bright sunny day to a serene nighttime journey.",
            "D. From a space-themed adventure to a lively fairground."
        ],
        "answer": "C",
        "qa_level": "long_term",
        "qa_type": "mcqa",
        "old_answer": "C"
    },
    {
        "qa_idx": 16,
        "qa_task": "time-order",
        "question": "In which order do the events occur in the video from 3.0 to 2203.0 seconds?",
        "options": [
            "A. The video starts with a blue background featuring a pink pig in a red dress, transitions to a yellow two-story house on a green hill, and then shows a family of three characters standing joyfully outside the house.",
            "B. The video starts with a family of three characters standing joyfully outside the house, transitions to a yellow two-story house on a green hill, and then shows a blue background featuring a pink pig in a red dress.",
            "C. The video starts with a yellow two-story house on a green hill, transitions to a blue background featuring a pink pig in a red dress, and then shows a family of three characters standing joyfully outside the house.",
            "D. The video starts with a family of three characters standing joyfully outside the house, transitions to a blue background featuring a pink pig in a red dress, and then shows a yellow two-story house on a green hill."
        ],
        "answer": "A",
        "qa_level": "long_term",
        "qa_type": "mcqa",
        "old_answer": "A"
    }
]