[
    {
        "qa_idx": 0,
        "qa_task": "spatial-relationship",
        "question": "What is the adult pig wearing in the frame at 916.0 seconds?",
        "options": [
            "A. A red outfit.",
            "B. A blue outfit.",
            "C. An orange outfit.",
            "D. A green outfit."
        ],
        "answer": "C",
        "qa_level": "frame",
        "qa_type": "mcqa",
        "old_answer": "C"
    },
    {
        "qa_idx": 1,
        "qa_type": "qa",
        "qa_level": "frame",
        "qa_task": "object understanding",
        "question": "Is there a white and blue pole with hooks in the frame at 1606.0 seconds?",
        "answer": "Yes",
        "old_answer": "Yes"
    },
    {
        "qa_idx": 2,
        "qa_type": "qa",
        "qa_level": "within_event",
        "qa_task": "speed",
        "question": "Did the anthropomorphic characters perform the musical event at a fast pace from 1052.0 to 1111.0 seconds?",
        "answer": "No",
        "old_answer": "No"
    },
    {
        "qa_idx": 3,
        "qa_task": "descriptive-scene",
        "question": "Where does the scene at the 53.0-second mark of the video take place?",
        "options": [
            "A. In a museum or an exhibition space.",
            "B. In a classroom.",
            "C. In a library.",
            "D. In a park."
        ],
        "answer": "A",
        "qa_level": "frame",
        "qa_type": "mcqa",
        "old_answer": "A"
    },
    {
        "qa_idx": 4,
        "qa_type": "qa",
        "qa_level": "within_event",
        "qa_task": "action-understanding",
        "question": "During the event from 1114.0 to 1181.0 seconds, does Peppa Pig perform a magic trick for the other characters?",
        "answer": "No",
        "old_answer": "No"
    },
    {
        "qa_idx": 5,
        "qa_task": "object understanding",
        "question": "What kind of vehicle are the anthropomorphic figures seated in at 314.0 seconds into the video?",
        "options": [
            "A. A cartoonish, segmented spaceship-like vehicle with wheels.",
            "B. A realistic space shuttle.",
            "C. A traditional car.",
            "D. A boat."
        ],
        "answer": "A",
        "qa_level": "frame",
        "qa_type": "mcqa",
        "old_answer": "A"
    },
    {
        "qa_idx": 6,
        "qa_type": "qa",
        "qa_level": "cross_event",
        "qa_task": "action-understanding",
        "question": "In the event from 1526.0 to 1609.0, does the character wearing a red dress navigate under a horizontal bar?",
        "answer": "Yes",
        "old_answer": "Yes"
    },
    {
        "qa_idx": 7,
        "qa_task": "camera-direction",
        "question": "How does the camera movement emphasize the playful interaction between the characters in the scene from 1257.0 to 1318.0 seconds?",
        "options": [
            "A. The camera zooms in on the characters to highlight their facial expressions.",
            "B. The camera pans across the grassy field to capture the arrangement of toys and characters.",
            "C. The camera remains static, focusing on the background scenery.",
            "D. The camera moves upward to show the clear blue sky."
        ],
        "answer": "B",
        "qa_level": "cross_event",
        "qa_type": "mcqa",
        "old_answer": "B"
    },
    {
        "qa_idx": 8,
        "qa_task": "object understanding",
        "question": "What is the appearance and function of the tent seen in the event from 1450.0 to 1510.0 seconds?",
        "options": [
            "A. A colorful tent with an orange and blue-striped entrance, hinting at a communal gathering or festival.",
            "B. A plain white tent with no decorations, used for storage.",
            "C. A small green tent used for camping.",
            "D. A large red tent used for a circus performance."
        ],
        "answer": "A",
        "qa_level": "cross_event",
        "qa_type": "mcqa",
        "old_answer": "A"
    },
    {
        "qa_idx": 9,
        "qa_task": "temporal-relationship",
        "question": "What happens after the characters engage in a space-themed adventure at nighttime (from 1500.0 to 1600.0 seconds)?",
        "options": [
            "A. The characters gather in a lush, green forest with a rabbit and other animals.",
            "B. The characters visit an aquarium or marine exhibit.",
            "C. The characters participate in a birthday celebration with balloons marked with the number '2'.",
            "D. The characters engage in a musical activity in a classroom."
        ],
        "answer": "A",
        "qa_level": "long_term",
        "qa_type": "mcqa",
        "old_answer": "A"
    },
    {
        "qa_idx": 10,
        "qa_task": "spatial-relationship",
        "question": "Where is the green dinosaur-like robot standing?",
        "options": [
            "A. On a circular base.",
            "B. On a grassy field.",
            "C. On a stage.",
            "D. On a boat."
        ],
        "answer": "A",
        "qa_level": "long_term",
        "qa_type": "mcqa",
        "old_answer": "A"
    },
    {
        "qa_idx": 11,
        "qa_task": "causal",
        "question": "Why are the characters holding balloons marked with the number '2' in the scenes from 3.0 to 2125.0 seconds?",
        "options": [
            "A. They are celebrating a second birthday.",
            "B. They are celebrating a graduation.",
            "C. They are celebrating a wedding.",
            "D. They are celebrating a new year."
        ],
        "answer": "A",
        "qa_level": "long_term",
        "qa_type": "mcqa",
        "old_answer": "A"
    },
    {
        "qa_idx": 13,
        "qa_task": "object-direction",
        "question": "In the video from 3.0 to 2125.0 seconds, which direction does the blue vehicle with a snowplow attached move through the snowy conditions?",
        "options": [
            "A. Forward.",
            "B. Backward.",
            "C. Sideways.",
            "D. Upward."
        ],
        "answer": "A",
        "qa_level": "long_term",
        "qa_type": "mcqa",
        "old_answer": "A"
    },
    {
        "qa_idx": 14,
        "qa_task": "speed",
        "question": "Which character is faster in the video from 3.0 to 2125.0 seconds, the pink anthropomorphic pig or the green dinosaur-like robot?",
        "options": [
            "A. The pink anthropomorphic pig.",
            "B. The green dinosaur-like robot.",
            "C. Both are at the same speed.",
            "D. None of the above."
        ],
        "answer": "B",
        "qa_level": "long_term",
        "qa_type": "mcqa",
        "old_answer": "B"
    },
    {
        "qa_idx": 15,
        "qa_task": "attribute-change",
        "question": "How does the setting change from the beginning to the end of the video from 3.0 to 2125.0 seconds?",
        "options": [
            "A. From a colorful animated scene to a snowy environment.",
            "B. From a museum room to a space-themed adventure.",
            "C. From a grassy field to an aquarium setting.",
            "D. From a birthday celebration to a construction site."
        ],
        "answer": "A",
        "qa_level": "long_term",
        "qa_type": "mcqa",
        "old_answer": "A"
    },
    {
        "qa_idx": 16,
        "qa_task": "character-understanding",
        "question": "What is the main activity of the anthropomorphic pig characters in the video from 3.0 to 2125.0 seconds?",
        "options": [
            "A. Engaging in a birthday celebration.",
            "B. Participating in a space-themed adventure.",
            "C. Visiting a museum exhibit.",
            "D. All of the above."
        ],
        "answer": "D",
        "qa_level": "long_term",
        "qa_type": "mcqa",
        "old_answer": "D"
    },
    {
        "qa_idx": 17,
        "qa_task": "object understanding",
        "question": "What objects are featured in the museum room in the video?",
        "options": [
            "A. Dinosaur skeletons, educational displays, and ceiling-mounted lights.",
            "B. A large green inflatable structure, balloons, and a control device.",
            "C. A red boat, pirate motifs, and a picnic basket.",
            "D. A blue bus, snowplow, and construction vehicle."
        ],
        "answer": "A",
        "qa_level": "long_term",
        "qa_type": "mcqa",
        "old_answer": "A"
    },
    {
        "qa_idx": 18,
        "qa_task": "time-order",
        "question": "In which order do the events occur in the video from 3.0 to 2125.0 seconds?",
        "options": [
            "A. Peppa Pig introduction, museum visit, birthday celebration, outdoor festivity, space adventure, forest exploration, aquarium visit, classroom musical activity, pirate-themed event, boating trip, beach outing, snowy construction site.",
            "B. Museum visit, Peppa Pig introduction, birthday celebration, outdoor festivity, space adventure, forest exploration, aquarium visit, classroom musical activity, pirate-themed event, boating trip, beach outing, snowy construction site.",
            "C. Birthday celebration, Peppa Pig introduction, museum visit, outdoor festivity, space adventure, forest exploration, aquarium visit, classroom musical activity, pirate-themed event, boating trip, beach outing, snowy construction site.",
            "D. Peppa Pig introduction, birthday celebration, museum visit, outdoor festivity, space adventure, forest exploration, aquarium visit, classroom musical activity, pirate-themed event, boating trip, beach outing, snowy construction site."
        ],
        "answer": "A",
        "qa_level": "long_term",
        "qa_type": "mcqa",
        "old_answer": "A"
    },
    {
        "qa_idx": 19,
        "qa_task": "descriptive-scene",
        "question": "Where do the anthropomorphic pig characters visit in the video from 3.0 to 2125.0 seconds?",
        "options": [
            "A. A museum.",
            "B. A forest.",
            "C. An aquarium.",
            "D. A classroom."
        ],
        "answer": "A",
        "qa_level": "long_term",
        "qa_type": "mcqa",
        "old_answer": "A"
    }
]