[
    {
        "qa_idx": 0,
        "qa_type": "qa",
        "qa_level": "frame",
        "qa_task": "object understanding",
        "question": "Is there a large, ornate building with arches and domes in the background of the frame at 5516.0 seconds?",
        "answer": "Yes",
        "old_answer": "Yes"
    },
    {
        "qa_idx": 1,
        "qa_task": "descriptive-scene",
        "question": "Where does the scene at 2430 seconds take place?",
        "options": [
            "A. In a park.",
            "B. In a city street.",
            "C. In a shopping mall.",
            "D. In an office."
        ],
        "answer": "A",
        "qa_level": "frame",
        "qa_type": "mcqa",
        "old_answer": "A"
    },
    {
        "qa_idx": 2,
        "qa_type": "qa",
        "qa_level": "frame",
        "qa_task": "object understanding",
        "question": "Is the man wearing a dark-colored short-sleeved shirt with visible white text and numbers on the upper left side of his chest at 2665.0 seconds into the video?",
        "answer": "Yes",
        "old_answer": "Yes"
    },
    {
        "qa_idx": 3,
        "qa_type": "qa",
        "qa_level": "within_event",
        "qa_task": "object understanding",
        "question": "Is there a green carpet on the stage in the video event from 7945.0 to 8029.0 seconds?",
        "answer": "Yes",
        "old_answer": "Yes"
    },
    {
        "qa_idx": 4,
        "qa_task": "character-understanding",
        "question": "What is the woman on the left side of the frame doing at 2716.0 seconds into the video?",
        "options": [
            "A. She is standing alone.",
            "B. She is engaged in conversation with a man.",
            "C. She is playing with the children.",
            "D. She is facing away from the camera."
        ],
        "answer": "B",
        "qa_level": "frame",
        "qa_type": "mcqa",
        "old_answer": "B"
    },
    {
        "qa_idx": 5,
        "qa_type": "qa",
        "qa_level": "cross_event",
        "qa_task": "character-understanding",
        "question": "Were there interactions between a man and a woman in both events from 6313.0 to 6362.0 and 6363.0 to 6445.0?",
        "answer": "Yes",
        "old_answer": "Yes"
    },
    {
        "qa_idx": 6,
        "qa_task": "character-understanding",
        "question": "What is the man in the video doing from 8030.0 to 8099.0 seconds?",
        "options": [
            "A. The man is singing.",
            "B. The man is delivering a speech or presentation.",
            "C. The man is dancing.",
            "D. The man is playing an instrument."
        ],
        "answer": "B",
        "qa_level": "within_event",
        "qa_type": "mcqa",
        "old_answer": "B"
    },
    {
        "qa_idx": 7,
        "qa_task": "speed",
        "question": "Between the time of 1700.0 seconds to 1764.0 seconds and H seconds to e seconds, which group of people is likely moving at a faster speed?",
        "options": [
            "A. People near the temple complex.",
            "B. Children entering St. Peter's High School.",
            "C. People walking along the tree-lined street.",
            "D. Cyclist near the school area."
        ],
        "answer": "D",
        "qa_level": "cross_event",
        "qa_type": "mcqa",
        "old_answer": "D"
    },
    {
        "qa_idx": 8,
        "qa_task": "speed",
        "question": "Between the time of 5112.0 seconds to 5203.0 seconds, which group of individuals exhibited a higher relative speed in their activities?",
        "options": [
            "A. The group of people standing in front of the brick wall.",
            "B. The individuals engaged in various activities in front of the large brick building.",
            "C. The men and women in the courtyard.",
            "D. The individuals interacting near motorcycles."
        ],
        "answer": "D",
        "qa_level": "cross_event",
        "qa_type": "mcqa",
        "old_answer": "D"
    },
    {
        "qa_idx": 9,
        "qa_task": "temporal-relationship",
        "question": "What happens after the scene transitions to an indoor environment with two men, one seated holding a mobile phone and another standing behind him, from the time of 3855.0 to 3934.0 seconds?",
        "options": [
            "A. The event concludes outside at night with two men, one standing and the other crouching, in an urban backdrop.",
            "B. The scene shifts to a close-up of a man inside a relatively dark environment.",
            "C. A group of men standing closely together during nighttime or in a poorly lit area is shown.",
            "D. The scene remains indoors with the two men continuing their activities."
        ],
        "answer": "A",
        "qa_level": "cross_event",
        "qa_type": "mcqa",
        "old_answer": "A"
    },
    {
        "qa_idx": 10,
        "qa_task": "time-order",
        "question": "In which order do the events occur in the video from 1.0 to 9973.0 seconds?",
        "options": [
            "A. Certification frame issued by CBFC -> Coastal view with rough sea waves -> Woman in traditional attire in an ornate setting -> Man in a red shirt reading a newspaper -> Group of children in orange shirts and grey overalls in a grassy area.",
            "B. Certification frame issued by CBFC -> Man in a red shirt reading a newspaper -> Coastal view with rough sea waves -> Group of children in orange shirts and grey overalls in a grassy area -> Woman in traditional attire in an ornate setting.",
            "C. Coastal view with rough sea waves -> Certification frame issued by CBFC -> Man in a red shirt reading a newspaper -> Woman in traditional attire in an ornate setting -> Group of children in orange shirts and grey overalls in a grassy area.",
            "D. Man in a red shirt reading a newspaper -> Certification frame issued by CBFC -> Coastal view with rough sea waves -> Group of children in orange shirts and grey overalls in a grassy area -> Woman in traditional attire in an ornate setting."
        ],
        "answer": "A",
        "qa_level": "long_term",
        "qa_type": "mcqa",
        "old_answer": "A"
    },
    {
        "qa_idx": 11,
        "qa_task": "plot-understanding",
        "question": "What is the main theme of the video from 1.0 to 9973.0 seconds?",
        "options": [
            "A. A series of social and cultural events in various settings.",
            "B. A documentary about wildlife and nature.",
            "C. A cooking show featuring traditional recipes.",
            "D. A sports competition with various athletic events."
        ],
        "answer": "A",
        "qa_level": "long_term",
        "qa_type": "mcqa",
        "old_answer": "A"
    },
    {
        "qa_idx": 12,
        "qa_task": "camera-direction",
        "question": "How does the camera movement change from 1.0 seconds to 9973.0 seconds in the video?",
        "options": [
            "A. The camera moves from close-up shots to wide-angle views.",
            "B. The camera remains static throughout the video.",
            "C. The camera moves from wide-angle views to close-up shots.",
            "D. The camera continuously zooms in and out."
        ],
        "answer": "A",
        "qa_level": "long_term",
        "qa_type": "mcqa",
        "old_answer": "A"
    },
    {
        "qa_idx": 13,
        "qa_task": "attribute-change",
        "question": "How does the setting change from the beginning to the end of the video event from 1.0 to 9973.0 seconds?",
        "options": [
            "A. From a certification frame to a bustling urban street.",
            "B. From a certification frame to a serene suburban scene.",
            "C. From a certification frame to a medical setting.",
            "D. From a certification frame to a historical building with end credits."
        ],
        "answer": "D",
        "qa_level": "long_term",
        "qa_type": "mcqa",
        "old_answer": "D"
    },
    {
        "qa_idx": 14,
        "qa_task": "descriptive-scene",
        "question": "What is the primary setting of the video from 1.0 to 9973.0 seconds?",
        "options": [
            "A. A series of indoor and outdoor scenes featuring cultural, social, and historical contexts.",
            "B. A continuous indoor setting with various rooms and interactions.",
            "C. A single outdoor event in a park.",
            "D. A sports event in a stadium."
        ],
        "answer": "A",
        "qa_level": "long_term",
        "qa_type": "mcqa",
        "old_answer": "A"
    }
]