[
    {
        "qa_idx": 0,
        "qa_type": "qa",
        "qa_level": "frame",
        "qa_task": "character-understanding",
        "question": "Is there a cartoonish figure in the lower left corner of the frame at 2764.0 seconds?",
        "answer": "Yes",
        "old_answer": "Yes"
    },
    {
        "qa_idx": 1,
        "qa_task": "descriptive-scene",
        "question": "Where is the character seated in the video frame at 1842.0 seconds?",
        "options": [
            "A. In a car.",
            "B. In a boat.",
            "C. In an airplane.",
            "D. On a bicycle."
        ],
        "answer": "C",
        "qa_level": "frame",
        "qa_type": "mcqa",
        "old_answer": "C"
    },
    {
        "qa_idx": 2,
        "qa_type": "qa",
        "qa_level": "frame",
        "qa_task": "character-understanding",
        "question": "Is the buffalo character walking down the stairs at 334.0 seconds into the video?",
        "answer": "Yes",
        "old_answer": "Yes"
    },
    {
        "qa_idx": 3,
        "qa_task": "spatial-relationship",
        "question": "What is the central focus of the scene at 710.0 seconds?",
        "options": [
            "A. A character riding a unique land vehicle.",
            "B. A grandstand filled with an animated crowd.",
            "C. Various banners and signs.",
            "D. A clear blue sky and green field."
        ],
        "answer": "A",
        "qa_level": "frame",
        "qa_type": "mcqa",
        "old_answer": "A"
    },
    {
        "qa_idx": 4,
        "qa_type": "qa",
        "qa_level": "within_event",
        "qa_task": "object understanding",
        "question": "Is there a cannon aimed toward the stage in the video event from 409.0 to 469.0 seconds?",
        "answer": "Yes",
        "old_answer": "Yes"
    },
    {
        "qa_idx": 5,
        "qa_task": "spatial-relationship",
        "question": "What is visible behind the broken picture frame at 2152.0 seconds into the video?",
        "options": [
            "A. A table with a tablecloth and a modern device.",
            "B. A bookshelf with various books.",
            "C. A window with curtains.",
            "D. A door leading to another room."
        ],
        "answer": "A",
        "qa_level": "frame",
        "qa_type": "mcqa",
        "old_answer": "A"
    },
    {
        "qa_idx": 6,
        "qa_type": "qa",
        "qa_level": "within_event",
        "qa_task": "action-understanding",
        "question": "During the event from 1611.0 to 1629.0 seconds, do the characters clean up the scattered debris around the goal post?",
        "answer": "No",
        "old_answer": "No"
    },
    {
        "qa_idx": 7,
        "qa_type": "qa",
        "qa_level": "cross_event",
        "qa_task": "camera-direction",
        "question": "Does the camera remain stationary while capturing the animated gray mouse with pink ears and a blue, round body standing on a wooden surface from 2481.0 to 2547.0?",
        "answer": "Yes",
        "old_answer": "Yes"
    },
    {
        "qa_idx": 8,
        "qa_task": "object understanding",
        "question": "What is the green dog holding in one hand at the beginning of the event from 2694.0 to 2753.0 seconds?",
        "options": [
            "A. A coconut.",
            "B. A tray of steaming food.",
            "C. A flower.",
            "D. A car polish cloth."
        ],
        "answer": "B",
        "qa_level": "within_event",
        "qa_type": "mcqa",
        "old_answer": "B"
    },
    {
        "qa_idx": 10,
        "qa_task": "causal",
        "question": "Why does the scene transition to a vibrant supermarket named 'Ballu's Bigger Bazaar' at 1158.0 and 1159.0 seconds?",
        "options": [
            "A. To showcase a prominent sale period.",
            "B. To introduce new animated characters.",
            "C. To depict a serene outdoor setting.",
            "D. To show a cooking competition."
        ],
        "answer": "A",
        "qa_level": "within_event",
        "qa_type": "mcqa",
        "old_answer": "A"
    },
    {
        "qa_idx": 11,
        "qa_task": "spatial-relationship",
        "question": "In the event sequence from 2481.0 to 2547.0 seconds, where is the gray mouse positioned in relation to the green character?",
        "options": [
            "A. Behind the green character.",
            "B. In front of the green character.",
            "C. To the left of the green character.",
            "D. To the right of the green character."
        ],
        "answer": "B",
        "qa_level": "cross_event",
        "qa_type": "mcqa",
        "old_answer": "B"
    },
    {
        "qa_idx": 12,
        "qa_task": "scene-understanding",
        "question": "What is the primary setting of the events described in both video descriptions from 938.0 to 998.0 seconds and H to e seconds?",
        "options": [
            "A. A vibrant aquatic scene and a whimsical indoor setting.",
            "B. A dark forest and a bustling city.",
            "C. A quiet countryside and a busy marketplace.",
            "D. A desert landscape and a snowy mountain."
        ],
        "answer": "A",
        "qa_level": "cross_event",
        "qa_type": "mcqa",
        "old_answer": "A"
    },
    {
        "qa_idx": 13,
        "qa_task": "spatial-relationship",
        "question": "Where are the animated mice characters seen enjoying themselves in a bowl filled with a white, creamy substance?",
        "options": [
            "A. In a living room.",
            "B. In a kitchen.",
            "C. In a bathroom.",
            "D. In a bowl."
        ],
        "answer": "D",
        "qa_level": "long_term",
        "qa_type": "mcqa",
        "old_answer": "D"
    },
    {
        "qa_idx": 14,
        "qa_task": "causal",
        "question": "Why did the animated characters in the kitchen scene engage in playful activities with food items around 3.0 to 2996.0 seconds?",
        "options": [
            "A. They were preparing for a cooking competition.",
            "B. They were returning home from shopping.",
            "C. They were celebrating a holiday.",
            "D. They were cleaning the kitchen."
        ],
        "answer": "B",
        "qa_level": "long_term",
        "qa_type": "mcqa",
        "old_answer": "B"
    },
    {
        "qa_idx": 17,
        "qa_task": "attribute-change",
        "question": "How does the setting change from the beginning to the end of the video event from 3.0 to 2996.0 seconds?",
        "options": [
            "A. The setting changes from an indoor environment to an outdoor environment.",
            "B. The setting changes from a desert environment to a suburban environment.",
            "C. The setting changes from a supermarket to a stadium.",
            "D. The setting changes from a beach to a kitchen."
        ],
        "answer": "A",
        "qa_level": "long_term",
        "qa_type": "mcqa",
        "old_answer": "A"
    },
    {
        "qa_idx": 18,
        "qa_task": "character-understanding",
        "question": "What is the main activity of the anthropomorphic green bear character in the video from 3.0 to 2996.0 seconds?",
        "options": [
            "A. Lifting weights.",
            "B. Cooking in the kitchen.",
            "C. Driving a car.",
            "D. Playing a musical instrument."
        ],
        "answer": "A",
        "qa_level": "long_term",
        "qa_type": "mcqa",
        "old_answer": "A"
    },
    {
        "qa_idx": 19,
        "qa_task": "object understanding",
        "question": "What objects are featured in the kitchen scene with the pink animated dog and the blue refrigerator?",
        "options": [
            "A. A sandwich, a large drink, and a bowl filled with a white, creamy substance.",
            "B. A laptop, a cactus, and a blue chair.",
            "C. Grocery bags filled with various items, a beige wall with an orange backsplash, and a blue refrigerator adorned with a light green emblem.",
            "D. A patterned orange sofa, a rectangular table, and a large window framed by orange curtains."
        ],
        "answer": "C",
        "qa_level": "long_term",
        "qa_type": "mcqa",
        "old_answer": "C"
    }
]