[
    {
        "qa_idx": 0,
        "qa_type": "qa",
        "qa_level": "frame",
        "qa_task": "object understanding",
        "question": "Is the small creature in the foreground blue at 1678.0 seconds into the video?",
        "answer": "Yes",
        "old_answer": "Yes"
    },
    {
        "qa_idx": 1,
        "qa_task": "descriptive-scene",
        "question": "What is the primary focus of the scene at 330.0 seconds into the video?",
        "options": [
            "A. A large glass bottle lying on its side on the ground.",
            "B. A small blue character with exaggerated eyes.",
            "C. The greenish environment with vegetation.",
            "D. The blurred background."
        ],
        "answer": "A",
        "qa_level": "frame",
        "qa_type": "mcqa",
        "old_answer": "A"
    },
    {
        "qa_idx": 3,
        "qa_type": "qa",
        "qa_level": "within_event",
        "qa_task": "camera-direction",
        "question": "From 791.0 to 854.0 seconds, does the camera focus on close-up views of the toy amidst the greenery and rocks?",
        "answer": "Yes",
        "old_answer": "Yes"
    },
    {
        "qa_idx": 4,
        "qa_task": "spatial-relationship",
        "question": "What is visible through the open spaces between the wooden slats at 1756.0 seconds into the video?",
        "options": [
            "A. A dense forest.",
            "B. A clear blue sky with a few wispy clouds.",
            "C. A bustling cityscape.",
            "D. A mountain range."
        ],
        "answer": "B",
        "qa_level": "frame",
        "qa_type": "mcqa",
        "old_answer": "B"
    },
    {
        "qa_idx": 5,
        "qa_type": "qa",
        "qa_level": "cross_event",
        "qa_task": "plot-understanding",
        "question": "Do both video events from 474.0 to 487.0 and 504.0 to 565.0 depict a neglected and dilapidated environment?",
        "answer": "Yes",
        "old_answer": "Yes"
    },
    {
        "qa_idx": 6,
        "qa_task": "character-understanding",
        "question": "What are the main actions of the yellow worm in the video events from 1277.0 to 1339.0 seconds?",
        "options": [
            "A. The yellow worm is holding or rescuing a red-striped worm, observing a surprised red-striped worm, struggling to hold onto an orange worm by a string over a chasm, and being suspended over a chasm by a thin string.",
            "B. The yellow worm is dancing and singing.",
            "C. The yellow worm is eating and sleeping.",
            "D. The yellow worm is playing with other worms in a garden."
        ],
        "answer": "A",
        "qa_level": "cross_event",
        "qa_type": "mcqa",
        "old_answer": "A"
    },
    {
        "qa_idx": 7,
        "qa_task": "object-direction",
        "question": "In the video event from 205.0 to 267.0 seconds, what direction does the carnivorous plant move in the dimly lit room?",
        "options": [
            "A. The plant moves towards the small figure.",
            "B. The plant moves away from the small figure.",
            "C. The plant remains stationary.",
            "D. The plant moves in a circular motion."
        ],
        "answer": "A",
        "qa_level": "cross_event",
        "qa_type": "mcqa",
        "old_answer": "A"
    },
    {
        "qa_idx": 9,
        "qa_task": "camera-direction",
        "question": "How does the camera move in the video from 2.0 to 1844.0 seconds?",
        "options": [
            "A. The camera remains stationary throughout the video.",
            "B. The camera moves closer to the characters and objects.",
            "C. The camera moves away from the characters and objects.",
            "D. The camera pans left and right."
        ],
        "answer": "B",
        "qa_level": "long_term",
        "qa_type": "mcqa",
        "old_answer": "B"
    },
    {
        "qa_idx": 10,
        "qa_task": "speed",
        "question": "Which character moves faster in the video event from 2.0 to 1844.0 seconds?",
        "options": [
            "A. The yellow caterpillar-like character.",
            "B. The red-striped worm-like character.",
            "C. The blue slug-like character.",
            "D. The green insect-like character."
        ],
        "answer": "A",
        "qa_level": "long_term",
        "qa_type": "mcqa",
        "old_answer": "A"
    },
    {
        "qa_idx": 11,
        "qa_task": "attribute-change",
        "question": "How does the environment change from the beginning to the end of the video event from 2.0 to 1844.0 seconds?",
        "options": [
            "A. From a bright, outdoor setting to a dimly lit, indoor environment.",
            "B. From a dimly lit, indoor environment to a bright, outdoor setting.",
            "C. From a cluttered, neglected environment to a lush, vibrant forest.",
            "D. From a lush, vibrant forest to a cluttered, neglected environment."
        ],
        "answer": "C",
        "qa_level": "long_term",
        "qa_type": "mcqa",
        "old_answer": "C"
    },
    {
        "qa_idx": 13,
        "qa_task": "object understanding",
        "question": "What objects are prominently featured in the dimly lit, cave-like environment with earthy and organic elements?",
        "options": [
            "A. A large yellow caterpillar, a hanging cocoon, and scattered rocks and leaves.",
            "B. A large blue butterfly, a floating island, and dense foliage.",
            "C. A large slice of watermelon, a grated opening, and a metal barrel.",
            "D. A large blue electronic keyboard, a toy, and bowling equipment."
        ],
        "answer": "A",
        "qa_level": "long_term",
        "qa_type": "mcqa",
        "old_answer": "A"
    },
    {
        "qa_idx": 14,
        "qa_task": "descriptive-scene",
        "question": "Where do the animated characters interact with a large green leaf and intimidating plant-like objects?",
        "options": [
            "A. In a dimly lit, cave-like environment with earthy and organic elements.",
            "B. In a bright, outdoor garden setting.",
            "C. In a cluttered indoor space with discarded objects.",
            "D. In a whimsical, underwater environment."
        ],
        "answer": "A",
        "qa_level": "long_term",
        "qa_type": "mcqa",
        "old_answer": "A"
    }
]