[
    {
        "qa_idx": 1,
        "qa_task": "object understanding",
        "question": "What is the main object featured in the frame at 281.0 seconds into the video?",
        "options": [
            "A. A crumpled piece of lined notebook paper with a simple drawing.",
            "B. A clean sheet of white paper with a printed image.",
            "C. A colorful painting on a canvas.",
            "D. A digital illustration on a tablet screen."
        ],
        "answer": "A",
        "qa_level": "frame",
        "qa_type": "mcqa",
        "old_answer": "A"
    },
    {
        "qa_idx": 2,
        "qa_type": "qa",
        "qa_level": "within_event",
        "qa_task": "plot-understanding",
        "question": "Does the blue stick-figure character interact with small flying objects in the video event from 245.0 to 306.0 seconds?",
        "answer": "Yes",
        "old_answer": "Yes"
    },
    {
        "qa_idx": 3,
        "qa_type": "qa",
        "qa_level": "cross_event",
        "qa_task": "action-understanding",
        "question": "In the event from 786.0 to 889.0, do the stick figures interact with whimsical elements such as floating stars?",
        "answer": "Yes",
        "old_answer": "Yes"
    },
    {
        "qa_idx": 4,
        "qa_type": "qa",
        "qa_level": "cross_event",
        "qa_task": "speed",
        "question": "Did the animated sequences from 245.0 to 306.0 and 317.0 to 421.0 depict characters moving at a fast pace?",
        "answer": "No",
        "old_answer": "No"
    },
    {
        "qa_idx": 5,
        "qa_task": "character-understanding",
        "question": "What is the character doing at the end of the video event from 317.0 to 421.0 seconds?",
        "options": [
            "A. The character is crying near a burning house.",
            "B. The character is flying a kite.",
            "C. The character is drawing on notebook paper.",
            "D. The character is running away from a fire."
        ],
        "answer": "B",
        "qa_level": "within_event",
        "qa_type": "mcqa",
        "old_answer": "B"
    },
    {
        "qa_idx": 6,
        "qa_task": "spatial-relationship",
        "question": "In the first event from 1673.0 to 1736.0 seconds, where is the large red pencil positioned in relation to the small red rectangular object?",
        "options": [
            "A. The large red pencil is positioned diagonally from the upper left corner, while the small red rectangular object is slightly elevated.",
            "B. The large red pencil is positioned horizontally at the bottom, while the small red rectangular object is on the right.",
            "C. The large red pencil is positioned vertically in the center, while the small red rectangular object is on the left.",
            "D. The large red pencil is positioned diagonally from the lower right corner, while the small red rectangular object is slightly elevated."
        ],
        "answer": "A",
        "qa_level": "cross_event",
        "qa_type": "mcqa",
        "old_answer": "A"
    },
    {
        "qa_idx": 7,
        "qa_task": "temporal-relationship",
        "question": "What happened after the scene featuring the blue stick-figure character walking a small yellow dog on a leash from left to right?",
        "options": [
            "A. An urban scene characterized by visible damage and disarray is depicted.",
            "B. The blue stick-figure character starts flying a kite.",
            "C. The blue stick-figure character interacts with a red character near a window.",
            "D. The blue stick-figure character holds a spherical object with a menacing skull symbol."
        ],
        "answer": "A",
        "qa_level": "long_term",
        "qa_type": "mcqa",
        "old_answer": "A"
    },
    {
        "qa_idx": 8,
        "qa_task": "spatial-relationship",
        "question": "Where is the red fire hydrant located in relation to the blue stick-figure character walking a small yellow dog?",
        "options": [
            "A. On the left side of the frame.",
            "B. On the right side of the frame.",
            "C. In the center of the frame.",
            "D. Behind the blue stick-figure character."
        ],
        "answer": "B",
        "qa_level": "long_term",
        "qa_type": "mcqa",
        "old_answer": "B"
    },
    {
        "qa_idx": 10,
        "qa_task": "camera-direction",
        "question": "What direction does the camera move towards when the scene transitions from the character surfing on a wave to the promotional display featuring various pieces of clothing?",
        "options": [
            "A. The camera moves closer to the character surfing.",
            "B. The camera moves away from the character surfing.",
            "C. The camera moves closer to the promotional display.",
            "D. The camera moves away from the promotional display."
        ],
        "answer": "C",
        "qa_level": "long_term",
        "qa_type": "mcqa",
        "old_answer": "C"
    },
    {
        "qa_idx": 11,
        "qa_task": "speed",
        "question": "Which character is depicted moving faster in the video from 3.0 to 1824.0 seconds?",
        "options": [
            "A. The blue stick-figure character walking a small yellow dog on a leash.",
            "B. The character surfing on a wave.",
            "C. The character holding a spherical object painted with a menacing skull symbol.",
            "D. The character running towards a blue puddle and splashing."
        ],
        "answer": "B",
        "qa_level": "long_term",
        "qa_type": "mcqa",
        "old_answer": "B"
    },
    {
        "qa_idx": 12,
        "qa_task": "attribute-change",
        "question": "How does the background change throughout the video from 3.0 to 1824.0 seconds?",
        "options": [
            "A. The background remains the same lined paper texture throughout.",
            "B. The background changes from a lined paper texture to a crumpled paper texture and then to a beige background.",
            "C. The background changes from a lined paper texture to a dark sky with distant stars.",
            "D. The background changes from a lined paper texture to a solid color background."
        ],
        "answer": "B",
        "qa_level": "long_term",
        "qa_type": "mcqa",
        "old_answer": "B"
    },
    {
        "qa_idx": 14,
        "qa_task": "object understanding",
        "question": "What is depicted on the T-shirt on the left in the scene featuring two white T-shirts?",
        "options": [
            "A. A cartoonish character with a wide smile, a blue body, and a pencil above its head.",
            "B. A cartoon figure in pink with the word 'Pencilmation' written below it.",
            "C. A stick figure character with a blue circular torso.",
            "D. A cartoon dog character with exaggerated facial features."
        ],
        "answer": "A",
        "qa_level": "long_term",
        "qa_type": "mcqa",
        "old_answer": "A"
    },
    {
        "qa_idx": 15,
        "qa_task": "time-order",
        "question": "In which order do the events occur in the video from 3.0 to 1824.0 seconds?",
        "options": [
            "A. The video begins with a scene from an animated cartoon titled 'You Drive Me Crayon,' followed by a character surfing on a wave, then a promotional display of T-shirts, and finally an outer space setting featuring Earth and Moon.",
            "B. The video begins with a scene from an animated cartoon titled 'You Drive Me Crayon,' followed by a character surfing on a wave, then an outer space setting featuring Earth and Moon, and finally a promotional display of T-shirts.",
            "C. The video begins with a character surfing on a wave, followed by a scene from an animated cartoon titled 'You Drive Me Crayon,' then a promotional display of T-shirts, and finally an outer space setting featuring Earth and Moon.",
            "D. The video begins with a character surfing on a wave, followed by a promotional display of T-shirts, then a scene from an animated cartoon titled 'You Drive Me Crayon,' and finally an outer space setting featuring Earth and Moon."
        ],
        "answer": "A",
        "qa_level": "long_term",
        "qa_type": "mcqa",
        "old_answer": "A"
    }
]