[
    {
        "qa_idx": 0,
        "qa_task": "character-understanding",
        "question": "What is prominently positioned in the foreground of the frame at 464.0 seconds into the video?",
        "options": [
            "A. A cartoon-style human face.",
            "B. A real human face.",
            "C. A landscape scene.",
            "D. A building."
        ],
        "answer": "A",
        "qa_level": "frame",
        "qa_type": "mcqa",
        "old_answer": "A"
    },
    {
        "qa_idx": 1,
        "qa_type": "qa",
        "qa_level": "frame",
        "qa_task": "object understanding",
        "question": "Is there a large tree in the foreground of the scene at the 1160.0-second mark?",
        "answer": "Yes",
        "old_answer": "Yes"
    },
    {
        "qa_idx": 2,
        "qa_task": "spatial-relationship",
        "question": "What is the main feature of the backdrop in the frame at 1650.0 seconds?",
        "options": [
            "A. A large clear window divided into geometric panes.",
            "B. A cluttered bookshelf.",
            "C. A colorful painting.",
            "D. A brick wall."
        ],
        "answer": "A",
        "qa_level": "frame",
        "qa_type": "mcqa",
        "old_answer": "A"
    },
    {
        "qa_idx": 4,
        "qa_task": "object understanding",
        "question": "What is the person seated on at 2091.0 seconds into the video?",
        "options": [
            "A. A wooden chair.",
            "B. A purple couch.",
            "C. A green sofa.",
            "D. A red armchair."
        ],
        "answer": "B",
        "qa_level": "frame",
        "qa_type": "mcqa",
        "old_answer": "B"
    },
    {
        "qa_idx": 5,
        "qa_type": "qa",
        "qa_level": "within_event",
        "qa_task": "action-understanding",
        "question": "Between 2445.0 and 2508.0 seconds, do the characters in animal costumes engage in a serious debate about environmental issues?",
        "answer": "No",
        "old_answer": "No"
    },
    {
        "qa_idx": 6,
        "qa_type": "qa",
        "qa_level": "cross_event",
        "qa_task": "character-understanding",
        "question": "In both events from 2.0 to 63.0 and 65.0 to 125.0, do the animated scenes feature interactions between a child and a dog?",
        "answer": "Yes",
        "old_answer": "Yes"
    },
    {
        "qa_idx": 8,
        "qa_type": "qa",
        "qa_level": "cross_event",
        "qa_task": "action-understanding",
        "question": "In the event from 1843.0 to 1903.0, does the character in the bright, casual setting with a magazine and bowl of snacks start cooking a meal in the kitchen?",
        "answer": "No",
        "old_answer": "No"
    },
    {
        "qa_idx": 9,
        "qa_task": "attribute-change",
        "question": "How does the background change from the beginning to the end of the event from 1375.0 to 1436.0 seconds?",
        "options": [
            "A. The background remains the same throughout the event.",
            "B. The background changes from an outdoor scene to a cozy living room.",
            "C. The background changes from a cozy living room to an outdoor scene.",
            "D. The background changes from a dynamic action scene to a homely setting."
        ],
        "answer": "B",
        "qa_level": "within_event",
        "qa_type": "mcqa",
        "old_answer": "B"
    },
    {
        "qa_idx": 10,
        "qa_type": "qa",
        "qa_level": "long_term",
        "qa_task": "speed",
        "question": "Did the characters in the video move at a slow pace during the flooding incident involving the washing machine from 2.0 to 2768.0 seconds?",
        "answer": "No",
        "old_answer": "No"
    },
    {
        "qa_idx": 11,
        "qa_task": "causal",
        "question": "Why did the character in the yellow shirt touch the washing machine sternly in the scene from 2040.0 to 2100.0 seconds?",
        "options": [
            "A. To check if the washing machine was working properly.",
            "B. To stop the washing machine from making noise.",
            "C. To clean the washing machine.",
            "D. To remove clothes from the washing machine."
        ],
        "answer": "A",
        "qa_level": "cross_event",
        "qa_type": "mcqa",
        "old_answer": "A"
    },
    {
        "qa_idx": 12,
        "qa_task": "attribute-change",
        "question": "How does the state of the domestic setting change from the beginning to the end of the video events between 1622.0 seconds to 1699.0 seconds?",
        "options": [
            "A. The setting remains consistently clean and organized.",
            "B. The setting transitions from a disorganized state to a clean and organized state.",
            "C. The setting transitions from a clean and organized state to a disorganized state.",
            "D. The setting remains consistently disorganized and chaotic."
        ],
        "answer": "B",
        "qa_level": "cross_event",
        "qa_type": "mcqa",
        "old_answer": "B"
    },
    {
        "qa_idx": 13,
        "qa_task": "temporal-relationship",
        "question": "What happened after the characters were seen interacting with a washing machine and experiencing a flooding incident?",
        "options": [
            "A. The characters were seen in a park with a dog and a butterfly.",
            "B. The characters were seen in a rural setting with a tree and apples.",
            "C. The characters were seen in a vibrant outdoor scene with animal costumes.",
            "D. The characters were seen in a cozy indoor setting with a cat and a purple couch."
        ],
        "answer": "C",
        "qa_level": "long_term",
        "qa_type": "mcqa",
        "old_answer": "C"
    },
    {
        "qa_idx": 14,
        "qa_task": "causal",
        "question": "Why did the characters express surprise and distress in the scene with the washing machine?",
        "options": [
            "A. Because the washing machine was overflowing with water.",
            "B. Because the washing machine was on fire.",
            "C. Because the washing machine was stolen.",
            "D. Because the washing machine was making loud noises."
        ],
        "answer": "A",
        "qa_level": "long_term",
        "qa_type": "mcqa",
        "old_answer": "A"
    },
    {
        "qa_idx": 16,
        "qa_task": "object-direction",
        "question": "In the video event from 2.0 to 2768.0 seconds, which direction does the dog fly while attached to the blue leash?",
        "options": [
            "A. The dog flies high above the ground.",
            "B. The dog flies low near the ground.",
            "C. The dog flies in circles.",
            "D. The dog flies straight towards the camera."
        ],
        "answer": "A",
        "qa_level": "long_term",
        "qa_type": "mcqa",
        "old_answer": "A"
    },
    {
        "qa_idx": 17,
        "qa_task": "camera-direction",
        "question": "In the video event from 2.0 to 2768.0 seconds, what is the camera movement when the scene transitions to a close-up of a character holding a purple plush toy?",
        "options": [
            "A. The camera zooms in on the character.",
            "B. The camera pans to the left.",
            "C. The camera tilts upwards.",
            "D. The camera moves away from the character."
        ],
        "answer": "A",
        "qa_level": "long_term",
        "qa_type": "mcqa",
        "old_answer": "A"
    },
    {
        "qa_idx": 18,
        "qa_task": "speed",
        "question": "Which character is moving faster in the video from 2.0 to 2768.0 seconds?",
        "options": [
            "A. The child in a red outfit.",
            "B. The small brown dog.",
            "C. The anthropomorphic dog.",
            "D. The woman holding a basket of colorful clothing."
        ],
        "answer": "B",
        "qa_level": "long_term",
        "qa_type": "mcqa",
        "old_answer": "B"
    },
    {
        "qa_idx": 19,
        "qa_task": "attribute-change",
        "question": "How does the environment change from the beginning to the end of the video event from 2.0 to 2768.0 seconds?",
        "options": [
            "A. The environment changes from a colorful animated scene to a serene outdoor setting.",
            "B. The environment changes from a serene outdoor setting to a chaotic indoor scene.",
            "C. The environment changes from a chaotic indoor scene to a colorful animated scene.",
            "D. The environment remains the same throughout the video."
        ],
        "answer": "A",
        "qa_level": "long_term",
        "qa_type": "mcqa",
        "old_answer": "A"
    },
    {
        "qa_idx": 20,
        "qa_task": "character-understanding",
        "question": "What is the child in the red shirt doing in the outdoor setting with the small dog and the woman?",
        "options": [
            "A. Holding a basket of clothing.",
            "B. Playing with a stick and a stuffed animal.",
            "C. Interacting with a teddy bear.",
            "D. Chasing a butterfly."
        ],
        "answer": "A",
        "qa_level": "long_term",
        "qa_type": "mcqa",
        "old_answer": "A"
    },
    {
        "qa_idx": 21,
        "qa_task": "descriptive-scene",
        "question": "Where do the interactions between the animated characters and the dog take place in the video from 2.0 to 2768.0 seconds?",
        "options": [
            "A. In a domestic environment with pastel walls and red curtains.",
            "B. In a park with a clear blue sky and green grass.",
            "C. In a rural setting with a wooden structure and a tiled roof.",
            "D. In a cozy living room with a purple sofa and green curtains."
        ],
        "answer": "A",
        "qa_level": "long_term",
        "qa_type": "mcqa",
        "old_answer": "A"
    }
]