[
    {
        "qa_idx": 0,
        "qa_type": "qa",
        "qa_level": "frame",
        "qa_task": "object understanding",
        "question": "Is there a black flat-screen television mounted on the wall behind the man at 3795.0 seconds into the video?",
        "answer": "Yes",
        "old_answer": "Yes"
    },
    {
        "qa_idx": 3,
        "qa_type": "qa",
        "qa_level": "within_event",
        "qa_task": "action-understanding",
        "question": "During the scene from 1904.0 to 1920.0 seconds, does the man stand up and start dancing in front of the television?",
        "answer": "No",
        "old_answer": "No"
    },
    {
        "qa_idx": 5,
        "qa_type": "qa",
        "qa_level": "cross_event",
        "qa_task": "speed",
        "question": "From the time of 4311.0 to 4386.0 and 4485.0 to 4547.0, does the man change his activities at a fast pace?",
        "answer": "No",
        "old_answer": "No"
    },
    {
        "qa_idx": 7,
        "qa_type": "qa",
        "qa_level": "long_term",
        "qa_task": "object understanding",
        "question": "Is there a fan visible in the room throughout the video from 7.0 to 6243.0 seconds?",
        "answer": "Yes",
        "old_answer": "Yes"
    },
    {
        "qa_idx": 11,
        "qa_task": "spatial-relationship",
        "question": "Where is the fan located in relation to the man in the video from 7.0 to 6243.0 seconds?",
        "options": [
            "A. On the right side of the frame.",
            "B. On the left side of the frame.",
            "C. Directly behind the man.",
            "D. In front of the man."
        ],
        "answer": "B",
        "qa_level": "long_term",
        "qa_type": "mcqa",
        "old_answer": "B"
    },
    {
        "qa_idx": 17,
        "qa_task": "speed",
        "question": "How does the speed of the man's hand gestures change over the course of the video from 7.0 to 6243.0 seconds?",
        "options": [
            "A. The speed of the hand gestures remains constant.",
            "B. The speed of the hand gestures increases.",
            "C. The speed of the hand gestures decreases.",
            "D. The speed of the hand gestures varies."
        ],
        "answer": "A",
        "qa_level": "long_term",
        "qa_type": "mcqa",
        "old_answer": "A"
    },
    {
        "qa_idx": 20,
        "qa_task": "object understanding",
        "question": "What objects are consistently visible in the room where the man is seated?",
        "options": [
            "A. A large flat-screen television and a fan.",
            "B. A bookshelf and a lamp.",
            "C. A computer and a printer.",
            "D. A painting and a clock."
        ],
        "answer": "A",
        "qa_level": "long_term",
        "qa_type": "mcqa",
        "old_answer": "A"
    },
    {
        "qa_idx": 21,
        "qa_task": "time-order",
        "question": "In which order do the events occur in the video from 7.0 to 6243.0 seconds?",
        "options": [
            "A. The man is seated centrally in front of a large flat-screen television, wearing earphones and engaging with the camera.",
            "B. The man is seen making hand gestures, indicating he might be engaged in a conversation or presentation.",
            "C. The man is consistently positioned in front of the television, with a fan visible on the left side of the frame.",
            "D. The man is centrally positioned, wearing light-colored clothing, in front of a large flat-screen television, indicating a casual environment."
        ],
        "answer": "A",
        "qa_level": "long_term",
        "qa_type": "mcqa",
        "old_answer": "A"
    }
]