[
    {
        "qa_idx": 0,
        "qa_task": "descriptive-scene",
        "question": "What is the backdrop in the scene at 65.0 seconds into the video?",
        "options": [
            "A. A light-yellow striped wall.",
            "B. A complex patterned wall.",
            "C. A wall with various objects.",
            "D. A dark-colored wall."
        ],
        "answer": "A",
        "qa_level": "frame",
        "qa_type": "mcqa",
        "old_answer": "A"
    },
    {
        "qa_idx": 1,
        "qa_task": "character-understanding",
        "question": "What are the dolphins doing in the video frame at 2527.0 seconds?",
        "options": [
            "A. The dolphins are swimming away.",
            "B. The dolphins are playing with a brightly colored fish.",
            "C. The dolphins are jumping through hoops.",
            "D. The dolphins are resting on the beach."
        ],
        "answer": "B",
        "qa_level": "frame",
        "qa_type": "mcqa",
        "old_answer": "B"
    },
    {
        "qa_idx": 2,
        "qa_type": "qa",
        "qa_level": "within_event",
        "qa_task": "plot-understanding",
        "question": "Do the animated characters in the video event from 2696.0 to 2757.0 seconds appear to be reacting to an unseen event?",
        "answer": "Yes",
        "old_answer": "Yes"
    },
    {
        "qa_idx": 3,
        "qa_task": "object understanding",
        "question": "What is the elephant interacting with in the frame at the 1265.0-second mark of the video?",
        "options": [
            "A. A door with blue curtains.",
            "B. A window with purple curtains.",
            "C. A table with a red cloth.",
            "D. A bookshelf with green books."
        ],
        "answer": "B",
        "qa_level": "frame",
        "qa_type": "mcqa",
        "old_answer": "B"
    },
    {
        "qa_idx": 4,
        "qa_type": "qa",
        "qa_level": "cross_event",
        "qa_task": "character-understanding",
        "question": "In the event from 1248.0 to 1309.0, were there any anthropomorphic characters dressed in blue suits?",
        "answer": "Yes",
        "old_answer": "Yes"
    },
    {
        "qa_idx": 5,
        "qa_task": "speed",
        "question": "During the event from 3049.0 to 3059.0 seconds, which scene transition occurs more quickly?",
        "options": [
            "A. From the suburban scene to the animated street scene.",
            "B. From the animated street scene to the characters on the wooden deck.",
            "C. From the characters on the wooden deck to the indoor animated setting.",
            "D. From the indoor animated setting to the close-up view of the hand holding a smartphone."
        ],
        "answer": "A",
        "qa_level": "within_event",
        "qa_type": "mcqa",
        "old_answer": "A"
    },
    {
        "qa_idx": 6,
        "qa_type": "qa",
        "qa_level": "cross_event",
        "qa_task": "plot-understanding",
        "question": "Does the pink dog character appear in both video events from 474.0 to 515.0 and 522.0 to 593.0?",
        "answer": "Yes",
        "old_answer": "Yes"
    },
    {
        "qa_idx": 7,
        "qa_task": "temporal-relationship",
        "question": "What was the white dog doing at the beginning of the event from 349.0 to 409.0 seconds?",
        "options": [
            "A. The white dog was sleeping.",
            "B. The white dog was reacting to rapid movement.",
            "C. The white dog was eating.",
            "D. The white dog was playing with a toy."
        ],
        "answer": "B",
        "qa_level": "within_event",
        "qa_type": "mcqa",
        "old_answer": "B"
    },
    {
        "qa_idx": 8,
        "qa_task": "speed",
        "question": "From 2758.0 to 2829.0 seconds, which characters are moving faster, the anthropomorphic mice-like characters in the indoor scene or the anthropomorphic mice characters under the tree in the outdoor setting?",
        "options": [
            "A. The anthropomorphic mice-like characters in the indoor scene.",
            "B. The anthropomorphic mice characters under the tree in the outdoor setting.",
            "C. Both groups of characters are moving at the same speed.",
            "D. None of the above."
        ],
        "answer": "B",
        "qa_level": "within_event",
        "qa_type": "mcqa",
        "old_answer": "B"
    },
    {
        "qa_idx": 9,
        "qa_task": "scene-understanding",
        "question": "What is the primary setting of the events described in both video descriptions from 2900.0 to 2962.0 seconds and H to e seconds?",
        "options": [
            "A. An indoor room with furniture.",
            "B. A brightly colored outdoor scene with a wooden table and grassy area.",
            "C. A dark alley with streetlights.",
            "D. A busy city street with traffic."
        ],
        "answer": "B",
        "qa_level": "cross_event",
        "qa_type": "mcqa",
        "old_answer": "B"
    },
    {
        "qa_idx": 10,
        "qa_task": "speed",
        "question": "How does the speed of the animated characters' movements compare between the two video events from 594.0 to 655.0 seconds and H to e seconds?",
        "options": [
            "A. The characters move at a constant speed in both events.",
            "B. The characters move faster in the first event and slower in the second event.",
            "C. The characters move slower in the first event and faster in the second event.",
            "D. The speed of the characters' movements varies significantly in both events."
        ],
        "answer": "D",
        "qa_level": "cross_event",
        "qa_type": "mcqa",
        "old_answer": "D"
    },
    {
        "qa_idx": 11,
        "qa_task": "temporal-relationship",
        "question": "What happens after the green anthropomorphic character wearing a military-style hat appears pondering over an event suggested by a thought bubble?",
        "options": [
            "A. The scene transitions to a room with light beige wooden walls and a tiled floor.",
            "B. The pink dog appears happy or excited in a brightly lit indoor environment.",
            "C. The green anthropomorphic character appears again, this time with a black hat and a dog tag, possibly screaming.",
            "D. The scene transitions to a cozy bedroom with a decorative bedspread featuring floral patterns and cartoon characters."
        ],
        "answer": "A",
        "qa_level": "long_term",
        "qa_type": "mcqa",
        "old_answer": "A"
    },
    {
        "qa_idx": 12,
        "qa_task": "spatial-relationship",
        "question": "What is positioned to the left of the brown bench in the room with light beige wooden walls and a tiled floor?",
        "options": [
            "A. A large green book.",
            "B. A pinkish-red tabletop.",
            "C. A display stand.",
            "D. A cardboard box."
        ],
        "answer": "A",
        "qa_level": "long_term",
        "qa_type": "mcqa",
        "old_answer": "A"
    },
    {
        "qa_idx": 14,
        "qa_task": "camera-direction",
        "question": "At what time does the camera move closer to the pink dog character holding a 'SUPER SUIT' box?",
        "options": [
            "A. 558.0 seconds.",
            "B. 573.0 seconds.",
            "C. 586.0 seconds.",
            "D. 592.0 seconds."
        ],
        "answer": "C",
        "qa_level": "long_term",
        "qa_type": "mcqa",
        "old_answer": "C"
    },
    {
        "qa_idx": 15,
        "qa_task": "speed",
        "question": "Which character is depicted moving rapidly with flames trailing behind it?",
        "options": [
            "A. A green anthropomorphic dog.",
            "B. A pink dog.",
            "C. A piece of wood.",
            "D. A blue rodent."
        ],
        "answer": "C",
        "qa_level": "long_term",
        "qa_type": "mcqa",
        "old_answer": "C"
    },
    {
        "qa_idx": 17,
        "qa_task": "character-understanding",
        "question": "What is the green anthropomorphic character wearing in the video from 1.0 to 3066.0 seconds?",
        "options": [
            "A. A military-style hat.",
            "B. A red jacket.",
            "C. A blue suit.",
            "D. A yellow dress."
        ],
        "answer": "A",
        "qa_level": "long_term",
        "qa_type": "mcqa",
        "old_answer": "A"
    },
    {
        "qa_idx": 18,
        "qa_task": "time-order",
        "question": "In which order do the events occur in the video from 1.0 to 3066.0 seconds?",
        "options": [
            "A. The scene starts with a serene suburban neighborhood, transitions to a cozy bedroom, then to a brightly lit indoor environment with a pink dog, followed by a green anthropomorphic character with a military-style hat, and ends with a pink dog sitting on a seesaw-like object.",
            "B. The scene starts with a room having light beige wooden walls, transitions to a green anthropomorphic character with a military-style hat, then to a bear-like character with a concerned expression, followed by a green bear character in a military cap, and ends with three mice with varied expressions.",
            "C. The scene starts with a well-lit interior space with beige walls, transitions to a pink anthropomorphic character, then to a pink dog-like character, followed by two distinct doors within an indoor setting, and ends with a white animated dog character.",
            "D. The scene starts with an animated scene featuring anthropomorphic animal characters, transitions to two characters behind a blue desk, then to a teal staircase, followed by a damaged light yellow wooden surface, and ends with a living room scene with an orange couch."
        ],
        "answer": "A",
        "qa_level": "long_term",
        "qa_type": "mcqa",
        "old_answer": "A"
    }
]