[
    {
        "qa_idx": 0,
        "qa_type": "qa",
        "qa_level": "frame",
        "qa_task": "character-understanding",
        "question": "Is there a prominent tower structure visible in the frame at the 513.0-second mark?",
        "answer": "Yes",
        "old_answer": "Yes"
    },
    {
        "qa_idx": 1,
        "qa_task": "character-understanding",
        "question": "What is prominently visible inside the car at 241.0 seconds into the video?",
        "options": [
            "A. The car's dashboard and steering wheel.",
            "B. The car's backseat.",
            "C. The car's trunk.",
            "D. The car's sunroof."
        ],
        "answer": "A",
        "qa_level": "frame",
        "qa_type": "mcqa",
        "old_answer": "A"
    },
    {
        "qa_idx": 2,
        "qa_type": "qa",
        "qa_level": "frame",
        "qa_task": "object understanding",
        "question": "Is the painting in the frame at 882.0 seconds depicting a group of figures in classical attire?",
        "answer": "Yes",
        "old_answer": "Yes"
    },
    {
        "qa_idx": 3,
        "qa_task": "descriptive-scene",
        "question": "Where is the woman seated in the video frame at 1398.0 seconds?",
        "options": [
            "A. Indoors against a plain wall.",
            "B. Outdoors against a textured brick wall.",
            "C. In a park with trees in the background.",
            "D. In a café with a colorful mural."
        ],
        "answer": "B",
        "qa_level": "frame",
        "qa_type": "mcqa",
        "old_answer": "B"
    },
    {
        "qa_idx": 4,
        "qa_type": "qa",
        "qa_level": "within_event",
        "qa_task": "speed",
        "question": "Are the attendees moving quickly throughout the event from 1550.0 to 1612.0 seconds?",
        "answer": "No",
        "old_answer": "No"
    },
    {
        "qa_idx": 5,
        "qa_task": "object understanding",
        "question": "What kind of attire are the individuals wearing in the frame captured at 1544.0 seconds into the video?",
        "options": [
            "A. Casual clothing like jeans and t-shirts.",
            "B. Sportswear like tracksuits and sneakers.",
            "C. Elegant attire; men in suits and women in dresses.",
            "D. Traditional clothing like kimonos and saris."
        ],
        "answer": "C",
        "qa_level": "frame",
        "qa_type": "mcqa",
        "old_answer": "C"
    },
    {
        "qa_idx": 6,
        "qa_type": "qa",
        "qa_level": "within_event",
        "qa_task": "character-understanding",
        "question": "Was there a woman standing prominently in the foreground on a narrow, European-style street between 2456.0 seconds and 2511.0 seconds?",
        "answer": "Yes",
        "old_answer": "Yes"
    },
    {
        "qa_idx": 7,
        "qa_task": "object understanding",
        "question": "What is prominently placed in front of the large window at 839.0 seconds into the video?",
        "options": [
            "A. A painting of a landscape.",
            "B. A sculpture of a man.",
            "C. A large vase with flowers.",
            "D. A bookshelf filled with books."
        ],
        "answer": "B",
        "qa_level": "frame",
        "qa_type": "mcqa",
        "old_answer": "B"
    },
    {
        "qa_idx": 8,
        "qa_type": "qa",
        "qa_level": "cross_event",
        "qa_task": "action-understanding",
        "question": "In the event from 380.0 to 440.0, does the video focus on the musician's face while playing the violin?",
        "answer": "No",
        "old_answer": "No"
    },
    {
        "qa_idx": 9,
        "qa_type": "qa",
        "qa_level": "cross_event",
        "qa_task": "action-understanding",
        "question": "In the scene from 1090.0 to 1138.0, do the individuals working on the historical painting take a break to discuss the radar scanning of the Hall of the 500 at the Palazzo Vecchio?",
        "answer": "No",
        "old_answer": "No"
    },
    {
        "qa_idx": 10,
        "qa_task": "character-understanding",
        "question": "What is the woman in the foreground standing next to in the video event from 2456.0 to 2511.0 seconds?",
        "options": [
            "A. A river.",
            "B. A narrow, European-style street.",
            "C. A grand building.",
            "D. A public square."
        ],
        "answer": "B",
        "qa_level": "within_event",
        "qa_type": "mcqa",
        "old_answer": "B"
    },
    {
        "qa_idx": 11,
        "qa_task": "camera-direction",
        "question": "From 1235.0 to 1299.0 seconds, does the camera move closer to the food preparation process or away from it?",
        "options": [
            "A. The camera moves closer to the food preparation process.",
            "B. The camera moves away from the food preparation process.",
            "C. The camera remains stationary.",
            "D. The camera moves closer to the urban street scenes."
        ],
        "answer": "A",
        "qa_level": "within_event",
        "qa_type": "mcqa",
        "old_answer": "A"
    },
    {
        "qa_idx": 12,
        "qa_task": "counting",
        "question": "How many times is the red car mentioned in the event from 832.0 to 892.0 seconds?",
        "options": [
            "A. 1 time.",
            "B. 2 times.",
            "C. 3 times.",
            "D. 4 times."
        ],
        "answer": "B",
        "qa_level": "cross_event",
        "qa_type": "mcqa",
        "old_answer": "B"
    },
    {
        "qa_idx": 13,
        "qa_task": "plot-understanding",
        "question": "How does the setting transition from the beginning to the end of the event between 1014.0 seconds to 1089.0 seconds?",
        "options": [
            "A. From an outdoor setting in front of a building to an industrial or workshop setting.",
            "B. From an indoor setting to a bustling city environment.",
            "C. From a rural area to a historical monument.",
            "D. From a beach scene to a crowded market."
        ],
        "answer": "A",
        "qa_level": "cross_event",
        "qa_type": "mcqa",
        "old_answer": "A"
    },
    {
        "qa_idx": 14,
        "qa_task": "temporal-relationship",
        "question": "What happens after the scene showcasing the bustling airport arrivals area with two women interacting?",
        "options": [
            "A. The scene transitions to an aerial view of Florence, Italy.",
            "B. The scene shows a red car navigating through narrow historic streets.",
            "C. The scene captures a violin performance intercut with detailed architectural scenes.",
            "D. The scene shifts to a bustling urban setting with a historical stone wall and a red car."
        ],
        "answer": "A",
        "qa_level": "long_term",
        "qa_type": "mcqa",
        "old_answer": "A"
    },
    {
        "qa_idx": 15,
        "qa_task": "time-order",
        "question": "In which order do the events occur in the video from 8.0 to 2567.0 seconds?",
        "options": [
            "A. Airport scene, aerial view of Florence, urban setting with red car, narrow urban street, violin performance, stairwell and observation deck, Piazza Pitti, ornate interior, opulent bedroom, historical artwork, urban street with modified signs, art studio, train carriage, Leaning Tower of Pisa, kitchen environment, aerial view of Florence, Santa Croce Square.",
            "B. Airport scene, urban setting with red car, aerial view of Florence, narrow urban street, violin performance, stairwell and observation deck, Piazza Pitti, ornate interior, opulent bedroom, historical artwork, urban street with modified signs, art studio, train carriage, Leaning Tower of Pisa, kitchen environment, aerial view of Florence, Santa Croce Square.",
            "C. Airport scene, aerial view of Florence, urban setting with red car, narrow urban street, violin performance, stairwell and observation deck, Piazza Pitti, ornate interior, opulent bedroom, historical artwork, urban street with modified signs, art studio, train carriage, Leaning Tower of Pisa, kitchen environment, Santa Croce Square, aerial view of Florence.",
            "D. Airport scene, urban setting with red car, aerial view of Florence, narrow urban street, violin performance, stairwell and observation deck, Piazza Pitti, ornate interior, opulent bedroom, historical artwork, urban street with modified signs, art studio, train carriage, Leaning Tower of Pisa, kitchen environment, Santa Croce Square, aerial view of Florence."
        ],
        "answer": "A",
        "qa_level": "long_term",
        "qa_type": "mcqa",
        "old_answer": "A"
    },
    {
        "qa_idx": 17,
        "qa_task": "object-direction",
        "question": "In the video sequence from 8.0 to 2567.0 seconds, which direction does the red car move relative to the historical buildings and urban settings?",
        "options": [
            "A. The red car moves towards the historical buildings.",
            "B. The red car moves away from the historical buildings.",
            "C. The red car moves parallel to the historical buildings.",
            "D. The red car remains stationary."
        ],
        "answer": "C",
        "qa_level": "long_term",
        "qa_type": "mcqa",
        "old_answer": "C"
    },
    {
        "qa_idx": 18,
        "qa_task": "speed",
        "question": "Which vehicle is faster in the video sequence from 8.0 to 2567.0 seconds?",
        "options": [
            "A. The red Maserati.",
            "B. The cyclist.",
            "C. The pedestrians.",
            "D. The red car in Uffizi Square."
        ],
        "answer": "A",
        "qa_level": "long_term",
        "qa_type": "mcqa",
        "old_answer": "A"
    },
    {
        "qa_idx": 19,
        "qa_task": "attribute-change",
        "question": "How does the setting change from the beginning to the end of the video sequence from 8.0 to 2567.0 seconds?",
        "options": [
            "A. From a bustling airport to a serene countryside.",
            "B. From a historical urban area to a modern art studio.",
            "C. From a busy airport to a vibrant urban square.",
            "D. From a serene countryside to a bustling airport."
        ],
        "answer": "C",
        "qa_level": "long_term",
        "qa_type": "mcqa",
        "old_answer": "C"
    }
]