[
    {
        "qa_idx": 0,
        "qa_task": "object understanding",
        "question": "What is the bear wearing in the forest scene at 1080.0 seconds into the video?",
        "options": [
            "A. A red hat.",
            "B. A blue scarf.",
            "C. Small, round spectacles.",
            "D. A green vest."
        ],
        "answer": "C",
        "qa_level": "frame",
        "qa_type": "mcqa",
        "old_answer": "C"
    },
    {
        "qa_idx": 1,
        "qa_type": "qa",
        "qa_level": "within_event",
        "qa_task": "character-understanding",
        "question": "Was there a girl standing in the jungle scene from 3606.0 to 3668.0 seconds?",
        "answer": "Yes",
        "old_answer": "Yes"
    },
    {
        "qa_idx": 3,
        "qa_type": "qa",
        "qa_level": "cross_event",
        "qa_task": "action-understanding",
        "question": "In the event from 389.0 to 449.0, does the tiger interact with its surroundings from a rocky outcrop?",
        "answer": "Yes",
        "old_answer": "Yes"
    },
    {
        "qa_idx": 5,
        "qa_task": "speed",
        "question": "From 3376.0 to 3449.0 seconds, which character is depicted as moving the fastest in the jungle environment?",
        "options": [
            "A. The coiled snake.",
            "B. The human figure.",
            "C. The bear.",
            "D. The panther."
        ],
        "answer": "D",
        "qa_level": "within_event",
        "qa_type": "mcqa",
        "old_answer": "D"
    },
    {
        "qa_idx": 6,
        "qa_type": "qa",
        "qa_level": "long_term",
        "qa_task": "character-understanding",
        "question": "Is there a girl interacting with animals in the jungle environment throughout the video from 13.0 to 3692.0 seconds?",
        "answer": "Yes",
        "old_answer": "Yes"
    },
    {
        "qa_idx": 7,
        "qa_task": "character-understanding",
        "question": "What are the main actions of the characters in the video from 2580.0 to 2641.0 seconds?",
        "options": [
            "A. A girl is seen amidst the dense foliage, a large primate is depicted mid-leap, and a character is shown running through the jungle.",
            "B. A girl is seen sitting quietly, a large primate is sleeping, and a character is shown walking slowly through the jungle.",
            "C. A girl is seen amidst the dense foliage, a large primate is depicted eating, and a character is shown swimming through the jungle.",
            "D. A girl is seen amidst the dense foliage, a large primate is depicted flying, and a character is shown dancing through the jungle."
        ],
        "answer": "A",
        "qa_level": "cross_event",
        "qa_type": "mcqa",
        "old_answer": "A"
    },
    {
        "qa_idx": 8,
        "qa_task": "spatial-relationship",
        "question": "What is the spatial relationship between the bear and the tiger in the forest setting from 176.0 to 286.0 seconds?",
        "options": [
            "A. The bear and the tiger are never shown together in the same frame.",
            "B. The bear and the tiger are shown interacting in the same frame.",
            "C. The bear is always shown in the background while the tiger is in the foreground.",
            "D. The bear and the tiger are shown in separate scenes with no interaction."
        ],
        "answer": "B",
        "qa_level": "cross_event",
        "qa_type": "mcqa",
        "old_answer": "B"
    },
    {
        "qa_idx": 9,
        "qa_task": "spatial-relationship",
        "question": "Where is the girl positioned when she is interacting with the large snake in the jungle?",
        "options": [
            "A. On the ground.",
            "B. On a tree branch.",
            "C. In a cave.",
            "D. Near a waterfall."
        ],
        "answer": "B",
        "qa_level": "long_term",
        "qa_type": "mcqa",
        "old_answer": "B"
    },
    {
        "qa_idx": 12,
        "qa_task": "object-direction",
        "question": "In the animated jungle scenes from 13.0 to 3692.0 seconds, which direction does the tiger move through the lush underbrush?",
        "options": [
            "A. Forward.",
            "B. Backward.",
            "C. Upward.",
            "D. Downward."
        ],
        "answer": "A",
        "qa_level": "long_term",
        "qa_type": "mcqa",
        "old_answer": "A"
    },
    {
        "qa_idx": 13,
        "qa_task": "speed",
        "question": "Which animal is depicted moving dynamically through the jungle landscape at a faster pace from 13.0 to 3692.0 seconds?",
        "options": [
            "A. The bear.",
            "B. The tiger.",
            "C. The black panther.",
            "D. The girl."
        ],
        "answer": "C",
        "qa_level": "long_term",
        "qa_type": "mcqa",
        "old_answer": "C"
    },
    {
        "qa_idx": 14,
        "qa_task": "attribute-change",
        "question": "How does the environment change from 13.0 seconds to 3692.0 seconds in the video?",
        "options": [
            "A. The environment changes from a vibrant jungle to a serene underwater scene.",
            "B. The environment changes from a dense jungle to a rocky terrain.",
            "C. The environment changes from a lush jungle to an ancient stone structure.",
            "D. The environment changes from a vibrant jungle to a nighttime forest."
        ],
        "answer": "D",
        "qa_level": "long_term",
        "qa_type": "mcqa",
        "old_answer": "D"
    },
    {
        "qa_idx": 15,
        "qa_task": "character-understanding",
        "question": "What is the girl doing in the jungle environment from 13.0 to 3692.0 seconds?",
        "options": [
            "A. The girl is sitting on a tree branch.",
            "B. The girl is interacting with a large snake.",
            "C. The girl is holding a lit torch.",
            "D. All of the above."
        ],
        "answer": "D",
        "qa_level": "long_term",
        "qa_type": "mcqa",
        "old_answer": "D"
    },
    {
        "qa_idx": 16,
        "qa_task": "object understanding",
        "question": "What object is prominently featured in the jungle environment from 13.0 to 3692.0 seconds?",
        "options": [
            "A. A large tree with thick branches and vibrant green leaves.",
            "B. A wooden cabin.",
            "C. A metal bridge.",
            "D. A stone castle."
        ],
        "answer": "A",
        "qa_level": "long_term",
        "qa_type": "mcqa",
        "old_answer": "A"
    }
]