[
    {
        "qa_idx": 0,
        "qa_type": "qa",
        "qa_level": "frame",
        "qa_task": "object understanding",
        "question": "Is there a large, grey shark-like character wearing a green sweater in the frame at 2468.0 seconds?",
        "answer": "Yes",
        "old_answer": "Yes"
    },
    {
        "qa_idx": 1,
        "qa_task": "descriptive-scene",
        "question": "Where does the scene at 1321.0 seconds into the video take place?",
        "options": [
            "A. In a desert.",
            "B. On a snowy mountain.",
            "C. In a forest.",
            "D. On a beach."
        ],
        "answer": "B",
        "qa_level": "frame",
        "qa_type": "mcqa",
        "old_answer": "B"
    },
    {
        "qa_idx": 2,
        "qa_type": "qa",
        "qa_level": "within_event",
        "qa_task": "object understanding",
        "question": "Is there a cartoonish hammerhead shark with exaggerated features in the video event from 1166.0 to 1224.0 seconds?",
        "answer": "Yes",
        "old_answer": "Yes"
    },
    {
        "qa_idx": 3,
        "qa_type": "qa",
        "qa_level": "within_event",
        "qa_task": "character-understanding",
        "question": "Were there characters interacting in a playful, animated world featuring elements like a large anthropomorphic eagle and a shark engaging with a mermaid between 1229.0 seconds and 1299.0 seconds?",
        "answer": "Yes",
        "old_answer": "Yes"
    },
    {
        "qa_idx": 4,
        "qa_type": "qa",
        "qa_level": "cross_event",
        "qa_task": "action-understanding",
        "question": "In the event from 2371.0 to 2434.0, do the animated gorillas hold hands on a stage with a predominantly yellow background?",
        "answer": "Yes",
        "old_answer": "Yes"
    },
    {
        "qa_idx": 5,
        "qa_task": "descriptive-scene",
        "question": "What is the initial setting of the video event from 1988.0 to 2048.0 seconds?",
        "options": [
            "A. A bright, animated sky with a bird and an airplane.",
            "B. An underwater environment with a mermaid and a shark.",
            "C. A tropical island with a large volcanic mountain.",
            "D. A serene marine environment with flying birds."
        ],
        "answer": "A",
        "qa_level": "within_event",
        "qa_type": "mcqa",
        "old_answer": "A"
    },
    {
        "qa_idx": 6,
        "qa_type": "qa",
        "qa_level": "cross_event",
        "qa_task": "object understanding",
        "question": "Is there a dolphin present in both video events from 1988.0 to 2048.0 and 2049.0 to 2119.0?",
        "answer": "Yes",
        "old_answer": "Yes"
    },
    {
        "qa_idx": 8,
        "qa_task": "character-understanding",
        "question": "Which characters are featured in the event from 666.0 to 676.0 seconds?",
        "options": [
            "A. A shark, a brown dog, a mermaid, and a bird.",
            "B. A shark, a brown dog, a cat, and a bird.",
            "C. A shark, a brown dog, a mermaid, and a cat.",
            "D. A shark, a brown dog, a mermaid, and a jellyfish."
        ],
        "answer": "A",
        "qa_level": "within_event",
        "qa_type": "mcqa",
        "old_answer": "A"
    },
    {
        "qa_idx": 9,
        "qa_task": "attribute-change",
        "question": "How does the environment change from the beginning to the end of the event from 677.0 to 741.0 seconds?",
        "options": [
            "A. From an underwater scene to a desert-like environment.",
            "B. From a whimsical background to a beach setting.",
            "C. From a desert-like environment to an underwater scene.",
            "D. From a beach setting to a whimsical background."
        ],
        "answer": "B",
        "qa_level": "cross_event",
        "qa_type": "mcqa",
        "old_answer": "B"
    },
    {
        "qa_idx": 10,
        "qa_task": "plot-understanding",
        "question": "What is the main theme of the video from 6.0 to 2618.0 seconds?",
        "options": [
            "A. Underwater and marine life.",
            "B. Jungle and tropical environments.",
            "C. Beach and coastal scenes.",
            "D. All of the above."
        ],
        "answer": "D",
        "qa_level": "long_term",
        "qa_type": "mcqa",
        "old_answer": "D"
    },
    {
        "qa_idx": 11,
        "qa_task": "character-understanding",
        "question": "What is the main activity of the animated character named 'Marina' in the underwater scenes from 7.0 to 2618.0 seconds?",
        "options": [
            "A. Interacting with the underwater environment.",
            "B. Sitting on a rock.",
            "C. Holding a coconut.",
            "D. Reading a book."
        ],
        "answer": "A",
        "qa_level": "long_term",
        "qa_type": "mcqa",
        "old_answer": "A"
    },
    {
        "qa_idx": 12,
        "qa_task": "time-order",
        "question": "In which order do the events occur in the video from 6.0 to 2618.0 seconds?",
        "options": [
            "A. Black frame, underwater scene, animated character Marina, animated shark Sharko, coastal scene with mermaid, 'THE COACH' text, title credits, island scene, coastal scene with calm waters, sunny coastal scene.",
            "B. Underwater scene, black frame, animated character Marina, animated shark Sharko, coastal scene with mermaid, 'THE COACH' text, title credits, island scene, coastal scene with calm waters, sunny coastal scene.",
            "C. Black frame, underwater scene, animated shark Sharko, animated character Marina, coastal scene with mermaid, 'THE COACH' text, title credits, island scene, coastal scene with calm waters, sunny coastal scene.",
            "D. Black frame, underwater scene, animated character Marina, animated shark Sharko, coastal scene with mermaid, 'THE COACH' text, title credits, sunny coastal scene, island scene, coastal scene with calm waters."
        ],
        "answer": "A",
        "qa_level": "long_term",
        "qa_type": "mcqa",
        "old_answer": "A"
    }
]