[
    {
        "qa_idx": 0,
        "qa_type": "qa",
        "qa_level": "frame",
        "qa_task": "object understanding",
        "question": "Is there a sign prohibiting sandcastle building in the video frame at 532.0 seconds?",
        "answer": "Yes",
        "old_answer": "Yes"
    },
    {
        "qa_idx": 1,
        "qa_task": "object understanding",
        "question": "What is the elderly man holding in his hand at 1604.0 seconds into the video?",
        "options": [
            "A. A fork.",
            "B. A spoon.",
            "C. Chopsticks.",
            "D. A knife."
        ],
        "answer": "C",
        "qa_level": "frame",
        "qa_type": "mcqa",
        "old_answer": "C"
    },
    {
        "qa_idx": 2,
        "qa_type": "qa",
        "qa_level": "frame",
        "qa_task": "object understanding",
        "question": "Is the background of the video frame at 1208.0 seconds light blue?",
        "answer": "Yes",
        "old_answer": "Yes"
    },
    {
        "qa_idx": 4,
        "qa_task": "spatial-relationship",
        "question": "What is hanging on the wall to the left of the table at 1553.0 seconds into the video?",
        "options": [
            "A. A clock.",
            "B. A picture frame.",
            "C. A mirror.",
            "D. A shelf."
        ],
        "answer": "B",
        "qa_level": "frame",
        "qa_type": "mcqa",
        "old_answer": "B"
    },
    {
        "qa_idx": 5,
        "qa_type": "qa",
        "qa_level": "cross_event",
        "qa_task": "character-understanding",
        "question": "In the event from 874.0 to 934.0, was there a person wearing protective gear?",
        "answer": "Yes",
        "old_answer": "Yes"
    },
    {
        "qa_idx": 6,
        "qa_type": "qa",
        "qa_level": "cross_event",
        "qa_task": "object understanding",
        "question": "Between the time of 2020.0 to 2021.0 and 2022.0 to 2089.0, is there a control panel featured in both video events?",
        "answer": "Yes",
        "old_answer": "Yes"
    },
    {
        "qa_idx": 7,
        "qa_task": "speed",
        "question": "Which character is shown interacting with a faucet and a wood-burning stove faster, the pink character or the penguins, from 1899.0 seconds to 1951.0 seconds?",
        "options": [
            "A. The pink character.",
            "B. The penguins.",
            "C. Both interact at the same speed.",
            "D. None of the above."
        ],
        "answer": "A",
        "qa_level": "within_event",
        "qa_type": "mcqa",
        "old_answer": "A"
    },
    {
        "qa_idx": 8,
        "qa_task": "camera-direction",
        "question": "How does the camera movement change from the beginning to the end of the video events between 2022.0 to 2089.0 seconds?",
        "options": [
            "A. The camera starts with a static shot and then moves dynamically through various scenes.",
            "B. The camera remains static throughout the entire video.",
            "C. The camera starts with dynamic movements and then becomes static.",
            "D. The camera only moves horizontally without any dynamic changes."
        ],
        "answer": "A",
        "qa_level": "cross_event",
        "qa_type": "mcqa",
        "old_answer": "A"
    },
    {
        "qa_idx": 9,
        "qa_task": "object understanding",
        "question": "What is the appearance and function of the police vehicle in the animated encounter in the first video event from 812.0 to 873.0 seconds?",
        "options": [
            "A. A small black vehicle with a blue and yellow star.",
            "B. A police vehicle with a blue and yellow star.",
            "C. A vibrant pink cartoon character.",
            "D. A serene outdoor scene with brown terrain."
        ],
        "answer": "B",
        "qa_level": "cross_event",
        "qa_type": "mcqa",
        "old_answer": "B"
    },
    {
        "qa_idx": 10,
        "qa_task": "temporal-relationship",
        "question": "What was the animated character doing before the scene with the pink character holding a blue object and a skateboard?",
        "options": [
            "A. The character was interacting with a large gray mechanical device.",
            "B. The character was lounging in an inflatable ring in a swimming pool.",
            "C. The character was skateboarding in a suburban setting.",
            "D. The character was holding a pink cup with a straw."
        ],
        "answer": "C",
        "qa_level": "long_term",
        "qa_type": "mcqa",
        "old_answer": "C"
    },
    {
        "qa_idx": 12,
        "qa_task": "speed",
        "question": "Which character is moving faster in the video from 2.0 to 2105.0 seconds?",
        "options": [
            "A. The animated pink character skateboarding.",
            "B. The animated white dog running near the pool.",
            "C. The animated character lounging in the inflatable ring.",
            "D. The animated character holding a skateboard."
        ],
        "answer": "A",
        "qa_level": "long_term",
        "qa_type": "mcqa",
        "old_answer": "A"
    }
]