[
    {
        "qa_idx": 0,
        "qa_type": "qa",
        "qa_level": "frame",
        "qa_task": "character-understanding",
        "question": "Are there characters on both boats in the frame at 4035.0 seconds?",
        "answer": "Yes",
        "old_answer": "Yes"
    },
    {
        "qa_idx": 1,
        "qa_task": "object understanding",
        "question": "What objects are present on the deck of the blue boat at 3257.0 seconds into the video?",
        "options": [
            "A. A life preserver, a bell, and a parrot.",
            "B. A fishing net, a lantern, and a crab.",
            "C. A treasure chest, a map, and a seagull.",
            "D. A lifeboat, a flag, and a dolphin."
        ],
        "answer": "A",
        "qa_level": "frame",
        "qa_type": "mcqa",
        "old_answer": "A"
    },
    {
        "qa_idx": 2,
        "qa_task": "spatial-relationship",
        "question": "What are the pigs gathered around at 3063.0 seconds into the video?",
        "options": [
            "A. A wooden box filled with various vegetables.",
            "B. A pile of leaves.",
            "C. A small pond.",
            "D. A tree."
        ],
        "answer": "A",
        "qa_level": "frame",
        "qa_type": "mcqa",
        "old_answer": "A"
    },
    {
        "qa_idx": 3,
        "qa_type": "qa",
        "qa_level": "within_event",
        "qa_task": "speed",
        "question": "Is the red car moving uphill at a fast pace from 2731.0 seconds to 2792.0 seconds?",
        "answer": "No",
        "old_answer": "No"
    },
    {
        "qa_idx": 4,
        "qa_task": "spatial-relationship",
        "question": "What is the animated character holding in the frame at 2965.0 seconds?",
        "options": [
            "A. A red book with a white cross symbol.",
            "B. A green book with a white cross symbol.",
            "C. A blue book with a white cross symbol.",
            "D. A yellow book with a white cross symbol."
        ],
        "answer": "B",
        "qa_level": "frame",
        "qa_type": "mcqa",
        "old_answer": "B"
    },
    {
        "qa_idx": 5,
        "qa_type": "qa",
        "qa_level": "cross_event",
        "qa_task": "speed",
        "question": "From 1963.0 to 2027.0, do the hot air balloons float at a fast pace against the clear blue sky?",
        "answer": "No",
        "old_answer": "No"
    },
    {
        "qa_idx": 6,
        "qa_task": "plot-understanding",
        "question": "What is the main setting of the event from 5288.0 to 5344.0 seconds?",
        "options": [
            "A. A playground.",
            "B. An indoor swimming pool.",
            "C. A beach.",
            "D. A park."
        ],
        "answer": "B",
        "qa_level": "within_event",
        "qa_type": "mcqa",
        "old_answer": "B"
    },
    {
        "qa_idx": 7,
        "qa_type": "qa",
        "qa_level": "long_term",
        "qa_task": "action-understanding",
        "question": "After the pig family finishes their dental check-up, do they immediately start a dance party in the clinic? (Time: 3.0 - 5519.0 seconds)",
        "answer": "No",
        "old_answer": "No"
    },
    {
        "qa_idx": 8,
        "qa_task": "descriptive-scene",
        "question": "Where does the event from 2924.0 to 2989.0 seconds take place?",
        "options": [
            "A. In a park.",
            "B. In a library.",
            "C. In a classroom.",
            "D. In a kitchen."
        ],
        "answer": "B",
        "qa_level": "cross_event",
        "qa_type": "mcqa",
        "old_answer": "B"
    },
    {
        "qa_idx": 9,
        "qa_task": "time-order",
        "question": "What is the correct sequence of events in the video from 4508.0 to 4618.0 seconds?",
        "options": [
            "A. Peppa Pig appears in front of a blue background, followed by outdoor scenes with inflatable toys, and ends with characters enjoying ice cream.",
            "B. Characters enjoy ice cream first, followed by Peppa Pig appearing in front of a blue background, and then outdoor scenes with inflatable toys.",
            "C. Outdoor scenes with inflatable toys occur first, followed by characters enjoying ice cream, and then Peppa Pig appears in front of a blue background.",
            "D. Peppa Pig appears in front of a blue background, followed by characters enjoying ice cream, and then outdoor scenes with inflatable toys."
        ],
        "answer": "A",
        "qa_level": "cross_event",
        "qa_type": "mcqa",
        "old_answer": "A"
    },
    {
        "qa_idx": 10,
        "qa_task": "temporal-relationship",
        "question": "What was the young pig doing after the nurse entered the room with a clipboard?",
        "options": [
            "A. The young pig was sitting in a dental chair for a check-up.",
            "B. The young pig was playing with toys.",
            "C. The young pig was interacting with the elephant dentist.",
            "D. The young pig was reading a book."
        ],
        "answer": "A",
        "qa_level": "long_term",
        "qa_type": "mcqa",
        "old_answer": "A"
    },
    {
        "qa_idx": 11,
        "qa_task": "spatial-relationship",
        "question": "Where is the pink anthropomorphic pig character standing at the beginning of the video event?",
        "options": [
            "A. On a blue, irregularly-shaped background.",
            "B. In a brightly colored clinic.",
            "C. In a dental office.",
            "D. In a whimsical space-themed room."
        ],
        "answer": "A",
        "qa_level": "long_term",
        "qa_type": "mcqa",
        "old_answer": "A"
    },
    {
        "qa_idx": 14,
        "qa_task": "object-direction",
        "question": "In which direction did the red bus labeled 'C2' move relative to the green grassy hill near the medical facility?",
        "options": [
            "A. Up the hill.",
            "B. Down the hill.",
            "C. Left.",
            "D. Right."
        ],
        "answer": "A",
        "qa_level": "long_term",
        "qa_type": "mcqa",
        "old_answer": "A"
    },
    {
        "qa_idx": 15,
        "qa_task": "camera-direction",
        "question": "What does the camera do when the scene transitions from the indoor medical facility to the outdoor sunny day with a red bus labeled 'C2' at a bus stop?",
        "options": [
            "A. The camera zooms in on the characters.",
            "B. The camera moves closer to the bus.",
            "C. The camera pans from the indoor setting to the outdoor setting.",
            "D. The camera remains stationary."
        ],
        "answer": "C",
        "qa_level": "long_term",
        "qa_type": "mcqa",
        "old_answer": "C"
    },
    {
        "qa_idx": 16,
        "qa_task": "speed",
        "question": "Which character is faster in the video, the pink anthropomorphic pig or the purple elephant?",
        "options": [
            "A. The pink anthropomorphic pig.",
            "B. The purple elephant.",
            "C. Both are at the same speed.",
            "D. None of the above."
        ],
        "answer": "C",
        "qa_level": "long_term",
        "qa_type": "mcqa",
        "old_answer": "C"
    },
    {
        "qa_idx": 17,
        "qa_task": "attribute-change",
        "question": "How does the setting change from the beginning to the end of the video event from 3.0 to 5519.0 seconds?",
        "options": [
            "A. From a medical clinic to a beach scene.",
            "B. From a dental office to a classroom.",
            "C. From a grocery store to a playground.",
            "D. From a boat outing to a construction site."
        ],
        "answer": "A",
        "qa_level": "long_term",
        "qa_type": "mcqa",
        "old_answer": "A"
    },
    {
        "qa_idx": 18,
        "qa_task": "character-understanding",
        "question": "What is the main activity of the young pig in the dental chair during the check-up from 3.0 to 5519.0 seconds?",
        "options": [
            "A. The young pig is playing with a green dinosaur toy.",
            "B. The young pig is reading a book.",
            "C. The young pig is eating a snack.",
            "D. The young pig is drawing a picture."
        ],
        "answer": "A",
        "qa_level": "long_term",
        "qa_type": "mcqa",
        "old_answer": "A"
    },
    {
        "qa_idx": 19,
        "qa_task": "object understanding",
        "question": "What object is the pink anthropomorphic pig holding in the indoor scene with shades of purple in the background?",
        "options": [
            "A. A green dinosaur toy.",
            "B. A blue book.",
            "C. A round fishbowl containing a small orange fish.",
            "D. A red telephone."
        ],
        "answer": "C",
        "qa_level": "long_term",
        "qa_type": "mcqa",
        "old_answer": "C"
    },
    {
        "qa_idx": 20,
        "qa_task": "time-order",
        "question": "In which order do the events occur in the video from 3.0 to 5519.0 seconds?",
        "options": [
            "A. The video begins with a scene featuring a stylized cartoon character standing on a blue, irregularly-shaped background. The scene then transitions into a brightly colored clinic or medical facility. Later, the video illustrates a waiting area in the clinic. Subsequently, the scene progresses to the dental office where the pig family interacts with the elephant dentist. The event concludes with a young pig sitting in a dental chair for a check-up.",
            "B. The video begins with a scene featuring a stylized cartoon character standing on a blue, irregularly-shaped background. The scene then transitions into a brightly colored clinic or medical facility. Subsequently, the scene progresses to the dental office where the pig family interacts with the elephant dentist. Later, the video illustrates a waiting area in the clinic. The event concludes with a young pig sitting in a dental chair for a check-up.",
            "C. The video begins with a scene featuring a stylized cartoon character standing on a blue, irregularly-shaped background. The scene then transitions into a brightly colored clinic or medical facility. Subsequently, the scene progresses to the dental office where the pig family interacts with the elephant dentist. The event concludes with a young pig sitting in a dental chair for a check-up. Later, the video illustrates a waiting area in the clinic.",
            "D. The video begins with a scene featuring a stylized cartoon character standing on a blue, irregularly-shaped background. The scene then transitions into a brightly colored clinic or medical facility. Later, the video illustrates a waiting area in the clinic. The event concludes with a young pig sitting in a dental chair for a check-up. Subsequently, the scene progresses to the dental office where the pig family interacts with the elephant dentist."
        ],
        "answer": "A",
        "qa_level": "long_term",
        "qa_type": "mcqa",
        "old_answer": "A"
    },
    {
        "qa_idx": 21,
        "qa_task": "descriptive-scene",
        "question": "Where do the characters interact with the elephant dentist and learn about dental hygiene?",
        "options": [
            "A. In a brightly colored clinic or medical facility.",
            "B. In a classroom filled with educational decorations.",
            "C. In a whimsical space-themed room.",
            "D. In a vibrant shoe store."
        ],
        "answer": "A",
        "qa_level": "long_term",
        "qa_type": "mcqa",
        "old_answer": "A"
    }
]