[
    {
        "qa_idx": 0,
        "qa_type": "qa",
        "qa_level": "frame",
        "qa_task": "object understanding",
        "question": "Is there a large plant dominating the frame at 348.0 seconds into the video?",
        "answer": "Yes",
        "old_answer": "Yes"
    },
    {
        "qa_idx": 1,
        "qa_task": "object understanding",
        "question": "What does the toy in the scene at 3589.0 seconds look like?",
        "options": [
            "A. A penguin with a yellow patch on its head.",
            "B. A teddy bear with a red bow tie.",
            "C. A robot with blue lights.",
            "D. A doll with a pink dress."
        ],
        "answer": "A",
        "qa_level": "frame",
        "qa_type": "mcqa",
        "old_answer": "A"
    },
    {
        "qa_idx": 2,
        "qa_type": "qa",
        "qa_level": "frame",
        "qa_task": "object understanding",
        "question": "Is the character in the foreground a brown bear at 1371.0 seconds into the video?",
        "answer": "Yes",
        "old_answer": "Yes"
    },
    {
        "qa_idx": 3,
        "qa_task": "character-understanding",
        "question": "What is the anthropomorphic bear doing at 3705.0 seconds into the video?",
        "options": [
            "A. Cooking food.",
            "B. Watching television.",
            "C. Drawing or working on maps.",
            "D. Reading a book."
        ],
        "answer": "C",
        "qa_level": "frame",
        "qa_type": "mcqa",
        "old_answer": "C"
    },
    {
        "qa_idx": 4,
        "qa_type": "qa",
        "qa_level": "within_event",
        "qa_task": "speed",
        "question": "From 3677.0 to 3739.0 seconds, does the bear move quickly in the indoor setting?",
        "answer": "Yes",
        "old_answer": "Yes"
    },
    {
        "qa_idx": 5,
        "qa_task": "character-understanding",
        "question": "What is the large, brown, anthropomorphic bear doing at 1901.0 seconds into the video?",
        "options": [
            "A. The bear is reading a book.",
            "B. The bear is playing checkers.",
            "C. The bear is cooking.",
            "D. The bear is watching TV."
        ],
        "answer": "B",
        "qa_level": "frame",
        "qa_type": "mcqa",
        "old_answer": "B"
    },
    {
        "qa_idx": 6,
        "qa_task": "character-understanding",
        "question": "What is the child wearing in the video at 1,281 seconds?",
        "options": [
            "A. A blue winter outfit with matching mittens.",
            "B. A green winter outfit with matching mittens.",
            "C. A pink winter outfit with matching mittens.",
            "D. A yellow winter outfit with matching mittens."
        ],
        "answer": "C",
        "qa_level": "frame",
        "qa_type": "mcqa",
        "old_answer": "C"
    },
    {
        "qa_idx": 7,
        "qa_type": "qa",
        "qa_level": "cross_event",
        "qa_task": "plot-understanding",
        "question": "Do both events take place in a serene outdoor setting with animated characters interacting with natural elements from the time of 512.0 to 640.0?",
        "answer": "Yes",
        "old_answer": "Yes"
    },
    {
        "qa_idx": 8,
        "qa_task": "speed",
        "question": "During the time from 2611.0 to 2672.0 seconds, which dog exhibited more energetic behavior when exiting the old medical vehicle?",
        "options": [
            "A. The first dog.",
            "B. The second dog.",
            "C. Both dogs exhibited the same level of energy.",
            "D. Neither dog exhibited energetic behavior."
        ],
        "answer": "A",
        "qa_level": "within_event",
        "qa_type": "mcqa",
        "old_answer": "A"
    },
    {
        "qa_idx": 9,
        "qa_task": "attribute-change",
        "question": "How does the environment change from 751.0 seconds to 755.0 seconds?",
        "options": [
            "A. The scene remains wintry with icicles.",
            "B. The scene transitions from winter to spring with vibrant colors.",
            "C. The scene becomes darker and more ominous.",
            "D. The scene shifts to an indoor setting."
        ],
        "answer": "B",
        "qa_level": "within_event",
        "qa_type": "mcqa",
        "old_answer": "B"
    },
    {
        "qa_idx": 11,
        "qa_task": "spatial-relationship",
        "question": "What is the spatial relationship between the bear and the objects in the outdoor setting from 2336.0 to 2396.0 seconds?",
        "options": [
            "A. The bear is sitting at a sewing machine next to a small area of water.",
            "B. The bear is engaged in laundry tasks near a wooden fence and vibrant green plants.",
            "C. The bear is handling a pink-purple garment on the clothesline next to a toy in a stroller.",
            "D. The bear is washing a small figure under an outdoor shower near a sewing machine."
        ],
        "answer": "B",
        "qa_level": "cross_event",
        "qa_type": "mcqa",
        "old_answer": "B"
    },
    {
        "qa_idx": 12,
        "qa_task": "temporal-relationship",
        "question": "What happened after the bear was seen holding multiple trophies in a room adorned with numerous framed awards and certificates?",
        "options": [
            "A. The bear was seen holding a red toy in a cozy kitchen scene.",
            "B. The bear was seen interacting with a smaller figure in a purple garment.",
            "C. The bear was seen holding a spoon in a cozy kitchen setting.",
            "D. The bear was seen holding a samovar and a teapot near a rustic wooden building."
        ],
        "answer": "A",
        "qa_level": "long_term",
        "qa_type": "mcqa",
        "old_answer": "A"
    },
    {
        "qa_idx": 13,
        "qa_task": "spatial-relationship",
        "question": "Where is the old, slightly weathered ambulance van positioned in the video from 5.0 to 3770.0 seconds?",
        "options": [
            "A. On a grassy hilltop surrounded by coniferous trees.",
            "B. Against a backdrop of tall evergreen trees in a forested environment.",
            "C. In front of a rustic wooden house with a porch.",
            "D. Near a large tree with a mailbox and blooming flowers."
        ],
        "answer": "B",
        "qa_level": "long_term",
        "qa_type": "mcqa",
        "old_answer": "B"
    },
    {
        "qa_idx": 15,
        "qa_task": "camera-direction",
        "question": "How does the camera movement change from 5.0 seconds to 3770.0 seconds in the video?",
        "options": [
            "A. The camera moves from an outdoor scene to an indoor scene and back to an outdoor scene.",
            "B. The camera remains static throughout the video.",
            "C. The camera only captures indoor scenes.",
            "D. The camera only captures outdoor scenes."
        ],
        "answer": "A",
        "qa_level": "long_term",
        "qa_type": "mcqa",
        "old_answer": "A"
    },
    {
        "qa_idx": 16,
        "qa_task": "speed",
        "question": "Which character is moving faster in the video from 5.0 to 3770.0 seconds?",
        "options": [
            "A. The bear riding a bicycle.",
            "B. The animated wolf-like characters.",
            "C. The bear walking.",
            "D. The animated dog."
        ],
        "answer": "A",
        "qa_level": "long_term",
        "qa_type": "mcqa",
        "old_answer": "A"
    },
    {
        "qa_idx": 17,
        "qa_task": "attribute-change",
        "question": "How does the condition of the ambulance change from the beginning to the end of the video from 5.0 to 3770.0 seconds?",
        "options": [
            "A. The ambulance becomes newer and more functional.",
            "B. The ambulance remains in the same condition throughout.",
            "C. The ambulance becomes more worn out and rusted.",
            "D. The ambulance is replaced by a different vehicle."
        ],
        "answer": "C",
        "qa_level": "long_term",
        "qa_type": "mcqa",
        "old_answer": "C"
    },
    {
        "qa_idx": 18,
        "qa_task": "object understanding",
        "question": "What kind of vehicle is prominently featured in the video from 5.0 to 3770.0 seconds?",
        "options": [
            "A. A camper van.",
            "B. An ambulance.",
            "C. A fire truck.",
            "D. A police car."
        ],
        "answer": "B",
        "qa_level": "long_term",
        "qa_type": "mcqa",
        "old_answer": "B"
    },
    {
        "qa_idx": 19,
        "qa_task": "time-order",
        "question": "In which order do the events occur in the video from 5.0 to 3770.0 seconds?",
        "options": [
            "A. The scene opens with a camper van situated on a grassy hilltop, followed by an old, slightly weathered ambulance van, and then a worn-out ambulance with a large animated wolf near the open front door.",
            "B. The event commences with an outdoor scene featuring lush greenery and dense forestation, followed by an aged, rusted ambulance with two animated dogs nearby, and then a monkey centrally positioned against a verdant forest backdrop.",
            "C. Initially, the event shows a scene set in an outdoor area featuring a rustic wooden structure with a window, followed by an indoor cozy kitchen scene with a brown bear holding a red toy, and then another indoor setting with wooden paneling focusing on a colorful chest with star patterns.",
            "D. The scene begins in the interior of a vehicle, likely a medical or emergency vehicle, followed by an outdoor scene revealing an old, discolored ambulance vehicle with open doors, and then two anthropomorphic wolves engaged with the ambulance."
        ],
        "answer": "A",
        "qa_level": "long_term",
        "qa_type": "mcqa",
        "old_answer": "A"
    },
    {
        "qa_idx": 20,
        "qa_task": "descriptive-scene",
        "question": "Where does the scene with the bear holding multiple trophies and medals take place?",
        "options": [
            "A. In a cozy library adorned with wooden bookshelves.",
            "B. In a rustic kitchen with vintage-style furnishings.",
            "C. In a serene outdoor setting with lush greenery.",
            "D. In a medical vehicle equipped for transporting individuals with mobility issues."
        ],
        "answer": "A",
        "qa_level": "long_term",
        "qa_type": "mcqa",
        "old_answer": "A"
    }
]