[
    {
        "qa_idx": 0,
        "qa_task": "object understanding",
        "question": "What is the topic highlighted in the text on the screen at 2173.0 seconds into the video?",
        "options": [
            "A. Students express concerns as GA school resumes in-person classes.",
            "B. Global and U.S. coronavirus cases and deaths.",
            "C. Upcoming CNN program.",
            "D. Cityscape background."
        ],
        "answer": "A",
        "qa_level": "frame",
        "qa_type": "mcqa",
        "old_answer": "A"
    },
    {
        "qa_idx": 1,
        "qa_type": "qa",
        "qa_level": "frame",
        "qa_task": "character-understanding",
        "question": "Is there a hand with a bandaged appendage visible in the frame at 1362.0 seconds?",
        "answer": "Yes",
        "old_answer": "Yes"
    },
    {
        "qa_idx": 2,
        "qa_task": "character-understanding",
        "question": "What is the man doing in the video frame at 3139.0 seconds?",
        "options": [
            "A. The man is playing a musical instrument.",
            "B. The man is setting up a cloth or blanket on the ground.",
            "C. The man is reading a book.",
            "D. The man is cooking food."
        ],
        "answer": "B",
        "qa_level": "frame",
        "qa_type": "mcqa",
        "old_answer": "B"
    },
    {
        "qa_idx": 3,
        "qa_type": "qa",
        "qa_level": "within_event",
        "qa_task": "object understanding",
        "question": "Is there a wicker basket filled with supplies in the video event from 3137.0 to 3177.0 seconds?",
        "answer": "Yes",
        "old_answer": "Yes"
    },
    {
        "qa_idx": 4,
        "qa_task": "descriptive-scene",
        "question": "What is the main topic of the CNN news broadcast at 2221.0 seconds into the video?",
        "options": [
            "A. Economic updates.",
            "B. Sports events.",
            "C. Coronavirus pandemic.",
            "D. Weather forecast."
        ],
        "answer": "C",
        "qa_level": "frame",
        "qa_type": "mcqa",
        "old_answer": "C"
    },
    {
        "qa_idx": 5,
        "qa_task": "object understanding",
        "question": "What is the man wearing at 4407.0 seconds into the video?",
        "options": [
            "A. A dark gray shirt.",
            "B. A light pink shirt.",
            "C. A blue jacket.",
            "D. A white t-shirt."
        ],
        "answer": "B",
        "qa_level": "frame",
        "qa_type": "mcqa",
        "old_answer": "B"
    },
    {
        "qa_idx": 6,
        "qa_task": "camera-direction",
        "question": "Does the camera move towards the woman presenting in the well-organized room or does it stay stationary in the video event from 2934.0 to 3003.0 seconds?",
        "options": [
            "A. The camera moves towards the woman.",
            "B. The camera stays stationary.",
            "C. The camera moves away from the woman.",
            "D. The camera pans to the left."
        ],
        "answer": "B",
        "qa_level": "within_event",
        "qa_type": "mcqa",
        "old_answer": "B"
    },
    {
        "qa_idx": 7,
        "qa_type": "qa",
        "qa_level": "long_term",
        "qa_task": "object understanding",
        "question": "Were Samsung mobile phones prominently featured in the virtual film festival scenes from 249.0 to 5294.0 seconds?",
        "answer": "Yes",
        "old_answer": "Yes"
    },
    {
        "qa_idx": 8,
        "qa_task": "camera-direction",
        "question": "During the event from 4057.0 to 4117.0 seconds, how does the camera transition from the indoor scene with the man in a white hoodie to the outdoor dining scene?",
        "options": [
            "A. The camera moves from left to right.",
            "B. The camera zooms out from the man in the white hoodie to reveal the outdoor dining scene.",
            "C. The camera cuts directly from the indoor scene to the outdoor dining scene.",
            "D. The camera pans upward from the man in the white hoodie to the outdoor dining scene."
        ],
        "answer": "C",
        "qa_level": "within_event",
        "qa_type": "mcqa",
        "old_answer": "C"
    },
    {
        "qa_idx": 9,
        "qa_type": "qa",
        "qa_level": "long_term",
        "qa_task": "action-understanding",
        "question": "After the virtual film festival event, did the participants gather in person for a celebratory dinner? (249.0 - 5294.0 seconds)",
        "answer": "No",
        "old_answer": "No"
    },
    {
        "qa_idx": 10,
        "qa_task": "spatial-relationship",
        "question": "In the virtual film festival event from 3671.0 to 3739.0 seconds, where is the couple walking while being recorded on a JOBY tripod-mounted smartphone?",
        "options": [
            "A. On a well-lit urban street at night.",
            "B. In a professional setup against a white brick wall.",
            "C. On a rooftop with an illuminated city skyline.",
            "D. In a virtual conference or panel."
        ],
        "answer": "A",
        "qa_level": "cross_event",
        "qa_type": "mcqa",
        "old_answer": "A"
    },
    {
        "qa_idx": 11,
        "qa_task": "speed",
        "question": "How does the speed of scene transitions in the virtual film festival event (4643.0 to 5044.0 seconds) compare to the speed of interactions among participants?",
        "options": [
            "A. The scene transitions are faster than the interactions among participants.",
            "B. The scene transitions are slower than the interactions among participants.",
            "C. The scene transitions and interactions among participants occur at the same speed.",
            "D. The speed of scene transitions and interactions among participants cannot be compared."
        ],
        "answer": "A",
        "qa_level": "cross_event",
        "qa_type": "mcqa",
        "old_answer": "A"
    },
    {
        "qa_idx": 12,
        "qa_task": "temporal-relationship",
        "question": "What happens after the promotional scene for the virtual film festival featuring Samsung, The Dodo, PopSugar, and Thrillist logos?",
        "options": [
            "A. A dog is seen sleeping comfortably on a cushioned bed.",
            "B. A man interacts closely with a dog in an open doorway.",
            "C. Participants are seen in a grid layout engaging in discussions or presentations.",
            "D. A woman is shown against a bold, black-and-white patterned wall."
        ],
        "answer": "A",
        "qa_level": "long_term",
        "qa_type": "mcqa",
        "old_answer": "A"
    },
    {
        "qa_idx": 13,
        "qa_task": "spatial-relationship",
        "question": "Where is the dog sleeping comfortably on a cushioned bed surrounded by various blankets?",
        "options": [
            "A. On a wooden deck area.",
            "B. In a well-lit room with a desk setup.",
            "C. In an animal shelter kennel.",
            "D. In a vehicle on the backseat."
        ],
        "answer": "B",
        "qa_level": "long_term",
        "qa_type": "mcqa",
        "old_answer": "B"
    },
    {
        "qa_idx": 14,
        "qa_task": "counting",
        "question": "How many dogs are seen in the well-lit room surrounded by various blankets and a cushioned bed from 249.0 to 5294.0 seconds?",
        "options": [
            "A. One dog.",
            "B. Two dogs.",
            "C. Three dogs.",
            "D. Four dogs."
        ],
        "answer": "B",
        "qa_level": "long_term",
        "qa_type": "mcqa",
        "old_answer": "B"
    },
    {
        "qa_idx": 16,
        "qa_task": "camera-direction",
        "question": "How does the camera movement change from the promotional scene of the virtual film festival to the indoor scenes with the dogs and the man?",
        "options": [
            "A. The camera moves from a close-up of the phones to a wide shot of the indoor room.",
            "B. The camera zooms in on the phones and then pans to the indoor room.",
            "C. The camera remains static on the phones and then cuts to the indoor room.",
            "D. The camera moves from a wide shot of the phones to a close-up of the indoor room."
        ],
        "answer": "A",
        "qa_level": "long_term",
        "qa_type": "mcqa",
        "old_answer": "A"
    },
    {
        "qa_idx": 20,
        "qa_task": "time-order",
        "question": "In which order do the events occur in the video from 249.0 to 5294.0 seconds?",
        "options": [
            "A. The event opens with a promotional scene for a virtual film festival, followed by scenes of a dog sleeping in a well-lit room, then an outdoor wooden deck area with a man interacting with a dog, and finally, a virtual film festival session with multiple participants.",
            "B. The event opens with a promotional scene for a virtual film festival, followed by scenes of a dog sleeping in a well-lit room, then a virtual film festival session with multiple participants, and finally, an outdoor wooden deck area with a man interacting with a dog.",
            "C. The event opens with a scene of a dog sleeping in a well-lit room, followed by a promotional scene for a virtual film festival, then an outdoor wooden deck area with a man interacting with a dog, and finally, a virtual film festival session with multiple participants.",
            "D. The event opens with a scene of a dog sleeping in a well-lit room, followed by an outdoor wooden deck area with a man interacting with a dog, then a promotional scene for a virtual film festival, and finally, a virtual film festival session with multiple participants."
        ],
        "answer": "A",
        "qa_level": "long_term",
        "qa_type": "mcqa",
        "old_answer": "A"
    }
]