[
    {
        "qa_idx": 0,
        "qa_type": "qa",
        "qa_level": "frame",
        "qa_task": "character-understanding",
        "question": "Are the men standing outdoors at 4981.0 seconds into the video?",
        "answer": "Yes",
        "old_answer": "Yes"
    },
    {
        "qa_idx": 1,
        "qa_task": "character-understanding",
        "question": "What is the person in the video likely doing at 2394.0 seconds?",
        "options": [
            "A. The person is reading a book.",
            "B. The person is cooking or burning something.",
            "C. The person is playing a musical instrument.",
            "D. The person is painting a picture."
        ],
        "answer": "B",
        "qa_level": "frame",
        "qa_type": "mcqa",
        "old_answer": "B"
    },
    {
        "qa_idx": 2,
        "qa_type": "qa",
        "qa_level": "within_event",
        "qa_task": "character-understanding",
        "question": "Were there several young boys holding signs at the beginning of the event from 4133.0 to 4192.0 seconds?",
        "answer": "Yes",
        "old_answer": "Yes"
    },
    {
        "qa_idx": 3,
        "qa_type": "qa",
        "qa_level": "within_event",
        "qa_task": "object understanding",
        "question": "Is there a man prominently captured walking out of the water at the beach at the end of the video event from 4078.0 to 4132.0 seconds?",
        "answer": "Yes",
        "old_answer": "Yes"
    },
    {
        "qa_idx": 4,
        "qa_task": "character-understanding",
        "question": "What is the man wearing in the video frame at 1924.0 seconds?",
        "options": [
            "A. A blue jacket over a white shirt with horizontal stripes.",
            "B. A red jacket over a white shirt with vertical stripes.",
            "C. A green jacket over a plain white shirt.",
            "D. A black jacket over a white shirt with polka dots."
        ],
        "answer": "A",
        "qa_level": "frame",
        "qa_type": "mcqa",
        "old_answer": "A"
    },
    {
        "qa_idx": 5,
        "qa_type": "qa",
        "qa_level": "cross_event",
        "qa_task": "camera-direction",
        "question": "From the time of 2520.0 to 2583.0, does the camera transition from an outdoor to an indoor setting?",
        "answer": "Yes",
        "old_answer": "Yes"
    },
    {
        "qa_idx": 6,
        "qa_task": "descriptive-scene",
        "question": "Where does the majority of the video take place from 1985.0 to 2040.0 seconds?",
        "options": [
            "A. In a city.",
            "B. In a forest.",
            "C. In a desert.",
            "D. In a mountain."
        ],
        "answer": "B",
        "qa_level": "within_event",
        "qa_type": "mcqa",
        "old_answer": "B"
    },
    {
        "qa_idx": 9,
        "qa_task": "speed",
        "question": "During the event from 4133.0 to 4192.0 seconds, which group of people is depicted as moving the fastest?",
        "options": [
            "A. The young boys holding signs.",
            "B. The person in the red t-shirt sitting on the bed.",
            "C. The two women in the narrow hallway.",
            "D. The multiple people in the makeshift outdoor space."
        ],
        "answer": "D",
        "qa_level": "within_event",
        "qa_type": "mcqa",
        "old_answer": "D"
    },
    {
        "qa_idx": 10,
        "qa_task": "temporal-relationship",
        "question": "What happens after the person opens the bottle in the snowy mountainous region from 1608.0 to 1669.0 seconds?",
        "options": [
            "A. The person descends the mountain.",
            "B. The person stands on a snowy mountain peak with a bottle.",
            "C. The person sets up a tent.",
            "D. The person starts a campfire."
        ],
        "answer": "B",
        "qa_level": "cross_event",
        "qa_type": "mcqa",
        "old_answer": "B"
    },
    {
        "qa_idx": 11,
        "qa_task": "temporal-relationship",
        "question": "What happens after the scene with the six individuals skiing or hiking in a snowy environment?",
        "options": [
            "A. A woman wearing a colorful scarf stands on a paved path with decorative white and green lines.",
            "B. A close-up view of a large tree trunk with a yellow glow around it.",
            "C. A person is seen navigating rocky terrain under a clear blue sky.",
            "D. A red and white aircraft is shown on an airstrip, engaging in pre-flight activities."
        ],
        "answer": "A",
        "qa_level": "long_term",
        "qa_type": "mcqa",
        "old_answer": "A"
    },
    {
        "qa_idx": 12,
        "qa_task": "spatial-relationship",
        "question": "Where is the person standing when they are seen with a green and white circular motif in the background?",
        "options": [
            "A. On a paved path with decorative white and green lines.",
            "B. Near a treehouse constructed from branches.",
            "C. In an aircraft cockpit.",
            "D. Near a rugged mountainous landscape."
        ],
        "answer": "A",
        "qa_level": "long_term",
        "qa_type": "mcqa",
        "old_answer": "A"
    },
    {
        "qa_idx": 14,
        "qa_task": "time-order",
        "question": "In which order do the events occur in the video from 4.0 to 5133.0 seconds?",
        "options": [
            "A. Close-up of a large tree trunk, six individuals skiing or hiking, woman with colorful scarf, intricately designed elephants, person with green and white circular motif, stylized text on dark surface, graphic scene with Cyrillic text, snowy mountain landscape, two hikers on rocky trail, close-up of sturdy boots, high-altitude scene with hikers.",
            "B. Close-up of a large tree trunk, woman with colorful scarf, six individuals skiing or hiking, intricately designed elephants, person with green and white circular motif, stylized text on dark surface, graphic scene with Cyrillic text, snowy mountain landscape, two hikers on rocky trail, close-up of sturdy boots, high-altitude scene with hikers.",
            "C. Close-up of a large tree trunk, six individuals skiing or hiking, woman with colorful scarf, intricately designed elephants, person with green and white circular motif, stylized text on dark surface, graphic scene with Cyrillic text, two hikers on rocky trail, snowy mountain landscape, close-up of sturdy boots, high-altitude scene with hikers.",
            "D. Close-up of a large tree trunk, six individuals skiing or hiking, woman with colorful scarf, intricately designed elephants, person with green and white circular motif, stylized text on dark surface, graphic scene with Cyrillic text, snowy mountain landscape, close-up of sturdy boots, two hikers on rocky trail, high-altitude scene with hikers."
        ],
        "answer": "A",
        "qa_level": "long_term",
        "qa_type": "mcqa",
        "old_answer": "A"
    },
    {
        "qa_idx": 15,
        "qa_task": "plot-understanding",
        "question": "What is the main theme of the video from 4.0 to 5133.0 seconds?",
        "options": [
            "A. A high-altitude mountaineering expedition.",
            "B. A culinary journey through different cultures.",
            "C. A historical documentary on ancient civilizations.",
            "D. A wildlife exploration in various ecosystems."
        ],
        "answer": "A",
        "qa_level": "long_term",
        "qa_type": "mcqa",
        "old_answer": "A"
    },
    {
        "qa_idx": 17,
        "qa_task": "attribute-change",
        "question": "How does the lighting change from the beginning to the end of the video event descriptions from 4.0 to 5133.0 seconds?",
        "options": [
            "A. The lighting remains consistently bright throughout.",
            "B. The lighting changes from a warm, serene ambiance to a cold, harsh environment.",
            "C. The lighting changes from a cold, harsh environment to a warm, serene ambiance.",
            "D. The lighting remains consistently dim throughout."
        ],
        "answer": "B",
        "qa_level": "long_term",
        "qa_type": "mcqa",
        "old_answer": "B"
    },
    {
        "qa_idx": 18,
        "qa_task": "character-understanding",
        "question": "What is the woman wearing while standing on a paved path surrounded by lush greenery?",
        "options": [
            "A. A colorful scarf.",
            "B. A blue jacket.",
            "C. A red hat.",
            "D. A white dress."
        ],
        "answer": "A",
        "qa_level": "long_term",
        "qa_type": "mcqa",
        "old_answer": "A"
    },
    {
        "qa_idx": 19,
        "qa_task": "object understanding",
        "question": "What kind of structure is constructed from branches and natural materials in the forest?",
        "options": [
            "A. A treehouse.",
            "B. A wooden cabin.",
            "C. A tent.",
            "D. A stone hut."
        ],
        "answer": "A",
        "qa_level": "long_term",
        "qa_type": "mcqa",
        "old_answer": "A"
    },
    {
        "qa_idx": 20,
        "qa_task": "descriptive-scene",
        "question": "Where does the scene with the red and white aircraft on an airstrip take place?",
        "options": [
            "A. In a dense forest with a treehouse.",
            "B. On a snowy mountain trail.",
            "C. On an airstrip with pre-flight activities.",
            "D. In a cozy, wood-paneled cabin."
        ],
        "answer": "C",
        "qa_level": "long_term",
        "qa_type": "mcqa",
        "old_answer": "C"
    }
]