[
    {
        "qa_idx": 0,
        "qa_task": "descriptive-scene",
        "question": "What is the main character doing at 495.0 seconds into the video?",
        "options": [
            "A. Reading a book.",
            "B. Painting a gray splotch on the wall.",
            "C. Cooking a meal.",
            "D. Playing a musical instrument."
        ],
        "answer": "B",
        "qa_level": "frame",
        "qa_type": "mcqa",
        "old_answer": "B"
    },
    {
        "qa_idx": 1,
        "qa_type": "qa",
        "qa_level": "frame",
        "qa_task": "object understanding",
        "question": "Is there a kite entangled in the branches of the tree at the 785.0-second mark in the video?",
        "answer": "Yes",
        "old_answer": "Yes"
    },
    {
        "qa_idx": 2,
        "qa_task": "character-understanding",
        "question": "What are the pig characters wearing in the video frame at 1322.0 seconds?",
        "options": [
            "A. Summer clothing.",
            "B. Winter clothing.",
            "C. Casual clothing.",
            "D. Formal clothing."
        ],
        "answer": "B",
        "qa_level": "frame",
        "qa_type": "mcqa",
        "old_answer": "B"
    },
    {
        "qa_idx": 3,
        "qa_task": "character-understanding",
        "question": "What is the character in the video wearing at 1638.0 seconds?",
        "options": [
            "A. A teal outfit, green boots, round glasses, and a red hat.",
            "B. A blue outfit, yellow boots, square glasses, and a green hat.",
            "C. A red outfit, black boots, round glasses, and a blue hat.",
            "D. A green outfit, white boots, square glasses, and a yellow hat."
        ],
        "answer": "A",
        "qa_level": "frame",
        "qa_type": "mcqa",
        "old_answer": "A"
    },
    {
        "qa_idx": 4,
        "qa_task": "spatial-relationship",
        "question": "Where is the flag located in the frame at 112.0 seconds?",
        "options": [
            "A. To the right side of the frame.",
            "B. To the left side of the frame.",
            "C. In the center of the frame.",
            "D. Behind the characters."
        ],
        "answer": "B",
        "qa_level": "frame",
        "qa_type": "mcqa",
        "old_answer": "B"
    },
    {
        "qa_idx": 7,
        "qa_task": "speed",
        "question": "From 1765.0 to 1824.0 seconds, which character is depicted interacting with the old-fashioned desktop computer the fastest?",
        "options": [
            "A. The pink cartoon characters.",
            "B. The rabbit-like character.",
            "C. The anthropomorphic cat character.",
            "D. The pig character in a turquoise outfit."
        ],
        "answer": "C",
        "qa_level": "within_event",
        "qa_type": "mcqa",
        "old_answer": "C"
    },
    {
        "qa_idx": 10,
        "qa_task": "scene-understanding",
        "question": "How does the scene transition from the wintery outdoor activities to the nighttime campfire setting in the video event from 1360.0 to 1425.0 seconds?",
        "options": [
            "A. The scene transitions from the pigs sledding down the slope to them sitting around a campfire under a starry sky.",
            "B. The scene transitions from the pigs playing on a green structure to them enjoying a meal indoors.",
            "C. The scene transitions from the pigs building a snowman to them dancing around a bonfire.",
            "D. The scene transitions from the pigs skiing down a mountain to them sleeping in a cabin."
        ],
        "answer": "A",
        "qa_level": "cross_event",
        "qa_type": "mcqa",
        "old_answer": "A"
    },
    {
        "qa_idx": 11,
        "qa_task": "spatial-relationship",
        "question": "Where is the pink pig character with glasses positioned when it is seen holding a mobile phone with a brightly colored keypad?",
        "options": [
            "A. Inside a red car.",
            "B. In a grassy field.",
            "C. Near a large mud puddle.",
            "D. On a carnival ground."
        ],
        "answer": "A",
        "qa_level": "long_term",
        "qa_type": "mcqa",
        "old_answer": "A"
    },
    {
        "qa_idx": 13,
        "qa_task": "camera-direction",
        "question": "What is the camera doing when the red car is suspended in mid-air by a helicopter against a backdrop of white clouds and blue sky?",
        "options": [
            "A. The camera is moving closer to the helicopter.",
            "B. The camera is moving away from the helicopter.",
            "C. The camera is panning around the helicopter.",
            "D. The camera is stationary."
        ],
        "answer": "C",
        "qa_level": "long_term",
        "qa_type": "mcqa",
        "old_answer": "C"
    },
    {
        "qa_idx": 14,
        "qa_task": "attribute-change",
        "question": "How does the setting change from the beginning to the end of the video from 3.0 to 2034.0 seconds?",
        "options": [
            "A. From an indoor setting to a snowy outdoor setting.",
            "B. From a cheerful animated introduction to a title card with production credits.",
            "C. From a carnival-like outdoor setting to a nighttime camping scene.",
            "D. From a vibrant room with houseplants to a playground or sports track setting."
        ],
        "answer": "B",
        "qa_level": "long_term",
        "qa_type": "mcqa",
        "old_answer": "B"
    },
    {
        "qa_idx": 15,
        "qa_task": "time-order",
        "question": "In which order do the events occur in the video from 3.0 to 2034.0 seconds?",
        "options": [
            "A. Peppa Pig introduction, indoor scenes with houseplants, outdoor carnival, patriotic pig character, mud puddle, large potato character, pig jumping, characters covered in mud, helicopter carrying red car, supermarket scene, castle tower, blue bus with mechanical issues, Peppa Pig title card.",
            "B. Peppa Pig introduction, outdoor carnival, indoor scenes with houseplants, patriotic pig character, mud puddle, large potato character, pig jumping, characters covered in mud, helicopter carrying red car, supermarket scene, castle tower, blue bus with mechanical issues, Peppa Pig title card.",
            "C. Peppa Pig introduction, indoor scenes with houseplants, patriotic pig character, outdoor carnival, mud puddle, large potato character, pig jumping, characters covered in mud, helicopter carrying red car, supermarket scene, castle tower, blue bus with mechanical issues, Peppa Pig title card.",
            "D. Peppa Pig introduction, indoor scenes with houseplants, outdoor carnival, patriotic pig character, mud puddle, large potato character, pig jumping, characters covered in mud, supermarket scene, helicopter carrying red car, castle tower, blue bus with mechanical issues, Peppa Pig title card."
        ],
        "answer": "A",
        "qa_level": "long_term",
        "qa_type": "mcqa",
        "old_answer": "A"
    }
]