[
    {
        "qa_idx": 0,
        "qa_type": "qa",
        "qa_level": "frame",
        "qa_task": "object understanding",
        "question": "Is there a milling machine in the workshop at 4614.0 seconds into the video?",
        "answer": "Yes",
        "old_answer": "Yes"
    },
    {
        "qa_idx": 2,
        "qa_task": "object understanding",
        "question": "What tools and materials are visible on the workbench at 1304.0 seconds into the video?",
        "options": [
            "A. A hammer, a saw, and wooden planks.",
            "B. A drill, a glue gun, and several metal and plastic components.",
            "C. A paintbrush, a palette, and canvas.",
            "D. A laptop, a mouse, and a keyboard."
        ],
        "answer": "B",
        "qa_level": "frame",
        "qa_type": "mcqa",
        "old_answer": "B"
    },
    {
        "qa_idx": 3,
        "qa_type": "qa",
        "qa_level": "within_event",
        "qa_task": "speed",
        "question": "From 3251.0 to 3323.0 seconds, is the person working at the workbench moving quickly?",
        "answer": "No",
        "old_answer": "No"
    },
    {
        "qa_idx": 4,
        "qa_type": "qa",
        "qa_level": "cross_event",
        "qa_task": "character-understanding",
        "question": "Were there people actively engaged in projects in both workshop environments from 1893.0 to 1967.0 and 1996.0 to 2076.0?",
        "answer": "Yes",
        "old_answer": "Yes"
    },
    {
        "qa_idx": 5,
        "qa_task": "camera-direction",
        "question": "Does the camera move closer to the workbench or away from it during the event from 284.0 to 356.0 seconds?",
        "options": [
            "A. The camera moves closer to the workbench.",
            "B. The camera moves away from the workbench.",
            "C. The camera remains stationary.",
            "D. The camera moves around the workshop."
        ],
        "answer": "A",
        "qa_level": "within_event",
        "qa_type": "mcqa",
        "old_answer": "A"
    },
    {
        "qa_idx": 6,
        "qa_type": "qa",
        "qa_level": "long_term",
        "qa_task": "character-understanding",
        "question": "Is there a person wearing a t-shirt with the words 'EMPATHY KINDNESS RESPECT' visible in the workshop environment at both 3.0 and 524.0 seconds?",
        "answer": "Yes",
        "old_answer": "Yes"
    },
    {
        "qa_idx": 12,
        "qa_task": "spatial-relationship",
        "question": "Where is the milling machine positioned in the workshop environment?",
        "options": [
            "A. On the left side.",
            "B. On the right side.",
            "C. In the center.",
            "D. Near the entrance."
        ],
        "answer": "B",
        "qa_level": "long_term",
        "qa_type": "mcqa",
        "old_answer": "B"
    },
    {
        "qa_idx": 14,
        "qa_task": "camera-direction",
        "question": "What direction does the camera move towards in the workshop environment from 3.0 to 4636.0 seconds?",
        "options": [
            "A. The camera moves closer to the objects being worked on.",
            "B. The camera moves away from the objects being worked on.",
            "C. The camera remains stationary.",
            "D. The camera moves in a circular motion around the objects."
        ],
        "answer": "A",
        "qa_level": "long_term",
        "qa_type": "mcqa",
        "old_answer": "A"
    },
    {
        "qa_idx": 15,
        "qa_task": "attribute-change",
        "question": "How does the workspace environment change from the beginning to the end of the video from 3.0 to 4636.0 seconds?",
        "options": [
            "A. The workspace becomes more cluttered and disorganized.",
            "B. The workspace remains the same throughout.",
            "C. The workspace becomes more organized and efficient.",
            "D. The workspace changes from a workshop to a laboratory."
        ],
        "answer": "C",
        "qa_level": "long_term",
        "qa_type": "mcqa",
        "old_answer": "C"
    },
    {
        "qa_idx": 16,
        "qa_task": "character-understanding",
        "question": "What is the person wearing a black T-shirt with the words 'EMPATHY KINDNESS RESPECT' doing in the workshop environment from 3.0 to 4636.0 seconds?",
        "options": [
            "A. The person is holding and examining a small black component with brass screws.",
            "B. The person is using a hot glue gun and measuring caliper.",
            "C. The person is working on a wooden piece with a drill.",
            "D. The person is handling a mechanical device."
        ],
        "answer": "A",
        "qa_level": "long_term",
        "qa_type": "mcqa",
        "old_answer": "A"
    },
    {
        "qa_idx": 18,
        "qa_task": "time-order",
        "question": "In which order do the events occur in the video from 3.0 to 4636.0 seconds?",
        "options": [
            "A. The video captures a workshop environment with a clapperboard, followed by a person examining a small black component, then a person using a hot glue gun and measuring caliper, and finally a person giving a thumbs-up near a bandsaw.",
            "B. The video captures a workshop environment with a clapperboard, followed by a person using a hot glue gun and measuring caliper, then a person examining a small black component, and finally a person giving a thumbs-up near a bandsaw.",
            "C. The video captures a workshop environment with a clapperboard, followed by a person giving a thumbs-up near a bandsaw, then a person examining a small black component, and finally a person using a hot glue gun and measuring caliper.",
            "D. The video captures a workshop environment with a clapperboard, followed by a person giving a thumbs-up near a bandsaw, then a person using a hot glue gun and measuring caliper, and finally a person examining a small black component."
        ],
        "answer": "A",
        "qa_level": "long_term",
        "qa_type": "mcqa",
        "old_answer": "A"
    }
]