[
    {
        "qa_idx": 0,
        "qa_type": "qa",
        "qa_level": "frame",
        "qa_task": "object understanding",
        "question": "Is there an animated character wearing a fedora in the background of the video frame at 1223.0 seconds?",
        "answer": "Yes",
        "old_answer": "Yes"
    },
    {
        "qa_idx": 2,
        "qa_type": "qa",
        "qa_level": "within_event",
        "qa_task": "character-understanding",
        "question": "Were the individuals in the video positioned in front of a dark background displaying a logo with stylized human profiles and text that reads 'Psico y Psi' between 1893.0 seconds and 2048.0 seconds?",
        "answer": "Yes",
        "old_answer": "Yes"
    },
    {
        "qa_idx": 4,
        "qa_type": "qa",
        "qa_level": "within_event",
        "qa_task": "plot-understanding",
        "question": "Does the video event feature any human characters from 7.0 to 42.0 seconds?",
        "answer": "No",
        "old_answer": "No"
    },
    {
        "qa_idx": 5,
        "qa_task": "object understanding",
        "question": "What is the animated character in the background wearing and holding in the frame at 1223.0 seconds?",
        "options": [
            "A. A baseball cap and a book.",
            "B. A fedora and a phone.",
            "C. A helmet and a tablet.",
            "D. A beanie and a laptop."
        ],
        "answer": "B",
        "qa_level": "frame",
        "qa_type": "mcqa",
        "old_answer": "B"
    },
    {
        "qa_idx": 6,
        "qa_type": "qa",
        "qa_level": "cross_event",
        "qa_task": "action-understanding",
        "question": "In both events from 1893.0 to 2048.0 and 2297.0 to 2360.0, is the man positioned on the left side wearing glasses?",
        "answer": "Yes",
        "old_answer": "Yes"
    },
    {
        "qa_idx": 12,
        "qa_task": "spatial-relationship",
        "question": "In the scene from 1893.0 to 2048.0 seconds, where are the man and the woman positioned relative to each other?",
        "options": [
            "A. The man is on the right and the woman is on the left.",
            "B. The man is on the left and the woman is on the right.",
            "C. Both are standing side by side with no specific positioning.",
            "D. The man is behind the woman."
        ],
        "answer": "B",
        "qa_level": "cross_event",
        "qa_type": "mcqa",
        "old_answer": "B"
    },
    {
        "qa_idx": 13,
        "qa_task": "temporal-relationship",
        "question": "What was the scene before the man and woman were seen engaged in a discussion in front of microphones?",
        "options": [
            "A. A dark, starry background with an illuminated blue logo of two human profiles facing each other and the text 'Psico y Psico'.",
            "B. A completely dark scene, lacking discernible objects or elements.",
            "C. A dynamic scene with vibrant, multicolored light streaks against a dark background.",
            "D. A dark and almost entirely black frame, suggesting a fade-out effect or a dimly lit environment."
        ],
        "answer": "A",
        "qa_level": "long_term",
        "qa_type": "mcqa",
        "old_answer": "A"
    },
    {
        "qa_idx": 14,
        "qa_task": "spatial-relationship",
        "question": "Where is the microphone positioned in relation to the man and the woman during their discussion?",
        "options": [
            "A. In front of the man.",
            "B. In front of the woman.",
            "C. Between the man and the woman.",
            "D. Behind the woman."
        ],
        "answer": "B",
        "qa_level": "long_term",
        "qa_type": "mcqa",
        "old_answer": "B"
    },
    {
        "qa_idx": 15,
        "qa_task": "causal",
        "question": "Why is the woman speaking into a microphone in the video from 7.0 to 4137.0 seconds?",
        "options": [
            "A. She is recording a podcast or discussion.",
            "B. She is singing a song.",
            "C. She is making a phone call.",
            "D. She is giving a speech at a conference."
        ],
        "answer": "A",
        "qa_level": "long_term",
        "qa_type": "mcqa",
        "old_answer": "A"
    },
    {
        "qa_idx": 18,
        "qa_task": "object-direction",
        "question": "In which direction is the man positioned relative to the woman during their discussion in the video from 7.0 to 4137.0 seconds?",
        "options": [
            "A. To the left of the woman.",
            "B. To the right of the woman.",
            "C. In front of the woman.",
            "D. Behind the woman."
        ],
        "answer": "A",
        "qa_level": "long_term",
        "qa_type": "mcqa",
        "old_answer": "A"
    },
    {
        "qa_idx": 19,
        "qa_task": "speed",
        "question": "How does the speed of the scene transition change from the beginning to the end of the video segment between 7.0 seconds and 4137.0 seconds?",
        "options": [
            "A. The transitions become faster.",
            "B. The transitions become slower.",
            "C. The transitions remain consistent.",
            "D. The transitions are random."
        ],
        "answer": "A",
        "qa_level": "long_term",
        "qa_type": "mcqa",
        "old_answer": "A"
    },
    {
        "qa_idx": 22,
        "qa_task": "time-order",
        "question": "In which order do the events occur in the video from 7.0 seconds to 4137.0 seconds?",
        "options": [
            "A. A completely dark scene, an emblem with 'FRANCO ESCAMILLA EXCLUSIVO', a dynamic scene with multicolored light streaks, a dark starry background with 'Psico y Psico', a dark frame, two individuals in a discussion setting.",
            "B. A completely dark scene, a dynamic scene with multicolored light streaks, an emblem with 'FRANCO ESCAMILLA EXCLUSIVO', a dark starry background with 'Psico y Psico', a dark frame, two individuals in a discussion setting.",
            "C. A completely dark scene, a dark starry background with 'Psico y Psico', an emblem with 'FRANCO ESCAMILLA EXCLUSIVO', a dynamic scene with multicolored light streaks, a dark frame, two individuals in a discussion setting.",
            "D. A completely dark scene, a dark frame, an emblem with 'FRANCO ESCAMILLA EXCLUSIVO', a dynamic scene with multicolored light streaks, a dark starry background with 'Psico y Psico', two individuals in a discussion setting."
        ],
        "answer": "A",
        "qa_level": "long_term",
        "qa_type": "mcqa",
        "old_answer": "A"
    }
]