[
    {
        "qa_idx": 0,
        "qa_type": "qa",
        "qa_level": "frame",
        "qa_task": "object understanding",
        "question": "Is there a central figure dressed in a distinctive outfit at the middle table in the frame at 1640.0 seconds?",
        "answer": "Yes",
        "old_answer": "Yes"
    },
    {
        "qa_idx": 1,
        "qa_task": "character-understanding",
        "question": "What is the man doing in the video frame at 3029.0 seconds?",
        "options": [
            "A. The man is clearly visible and performing.",
            "B. The man is partially visible due to the blurring effect.",
            "C. The man is not present in the frame.",
            "D. The man is sitting and reading a book."
        ],
        "answer": "B",
        "qa_level": "frame",
        "qa_type": "mcqa",
        "old_answer": "B"
    },
    {
        "qa_idx": 2,
        "qa_type": "qa",
        "qa_level": "frame",
        "qa_task": "character-understanding",
        "question": "Are the people in the room engaged in a casual discussion or interview at 2254.0 seconds into the video?",
        "answer": "Yes",
        "old_answer": "Yes"
    },
    {
        "qa_idx": 4,
        "qa_type": "qa",
        "qa_level": "cross_event",
        "qa_task": "character-understanding",
        "question": "Was there a person dressed in a Santa suit in both events from 3312.0 to 3714.0 and 3839.0 to 3899.0?",
        "answer": "Yes",
        "old_answer": "Yes"
    },
    {
        "qa_idx": 6,
        "qa_task": "camera-direction",
        "question": "During the video event from 865.0 to 1102.0 seconds, does the camera focus more on the backdrop or the individuals seated around the tables?",
        "options": [
            "A. The camera focuses more on the backdrop.",
            "B. The camera focuses more on the individuals seated around the tables.",
            "C. The camera equally focuses on both the backdrop and the individuals.",
            "D. The camera does not focus on either the backdrop or the individuals."
        ],
        "answer": "B",
        "qa_level": "within_event",
        "qa_type": "mcqa",
        "old_answer": "B"
    },
    {
        "qa_idx": 7,
        "qa_task": "descriptive-scene",
        "question": "What is the primary setting of the video event from 1296.0 to 1358.0 seconds?",
        "options": [
            "A. A winter-themed outdoor scene with a snowman and falling snow.",
            "B. A festive indoor scene with red gift boxes and a talk-show setup.",
            "C. A beach scene with people playing volleyball.",
            "D. A busy city street with cars and pedestrians."
        ],
        "answer": "B",
        "qa_level": "cross_event",
        "qa_type": "mcqa",
        "old_answer": "B"
    },
    {
        "qa_idx": 8,
        "qa_task": "camera-direction",
        "question": "In the scene from 790.0 to 864.0 seconds, what is the primary direction of the camera movement?",
        "options": [
            "A. The camera moves forward to focus on the central table.",
            "B. The camera pans left to capture the side table.",
            "C. The camera zooms out to show the entire room.",
            "D. The camera remains stationary throughout the scene."
        ],
        "answer": "A",
        "qa_level": "cross_event",
        "qa_type": "mcqa",
        "old_answer": "A"
    },
    {
        "qa_idx": 9,
        "qa_task": "attribute-change",
        "question": "How does the atmosphere and setting change from the beginning to the end of the video event from 2697.0 to 3011.0 seconds?",
        "options": [
            "A. The room becomes less decorated and the atmosphere turns more serious.",
            "B. The room remains lively and well-decorated, maintaining a cheerful and engaging atmosphere.",
            "C. The decorations in the room change to a different theme, altering the atmosphere.",
            "D. The number of people in the room decreases, making the atmosphere less lively."
        ],
        "answer": "B",
        "qa_level": "cross_event",
        "qa_type": "mcqa",
        "old_answer": "B"
    },
    {
        "qa_idx": 11,
        "qa_task": "temporal-relationship",
        "question": "What happens after the promotional scene showcasing vibrant light effects and a bold white text in Spanish announcing an event on December 30th?",
        "options": [
            "A. A man wearing a fedora and glasses is introduced with the same text against a stylized and vibrant backdrop.",
            "B. A lively musical performance is depicted on a stage with vibrant lighting and coordinated designs.",
            "C. The scene transitions to a more relaxed, studio-like setting with individuals engaging in a talk show or interview.",
            "D. The video concludes with a celebratory scene featuring a vehicle registration plate and text 'CERRANDO FUERTE.'."
        ],
        "answer": "A",
        "qa_level": "long_term",
        "qa_type": "mcqa",
        "old_answer": "A"
    },
    {
        "qa_idx": 16,
        "qa_task": "attribute-change",
        "question": "How does the setting change from the beginning to the end of the video from 6.0 to 4214.0 seconds?",
        "options": [
            "A. From a promotional scene with vibrant light effects to a festive Christmas-themed setting.",
            "B. From a talk show setting to a musical performance.",
            "C. From a sports event to a cooking show.",
            "D. From a news broadcast to a documentary."
        ],
        "answer": "A",
        "qa_level": "long_term",
        "qa_type": "mcqa",
        "old_answer": "A"
    },
    {
        "qa_idx": 19,
        "qa_task": "time-order",
        "question": "In which order do the events occur in the video from 6.0 to 4214.0 seconds?",
        "options": [
            "A. Promotional scene with vibrant light effects -> Man in fedora and glasses introduced -> Musical performance on stage -> Talk show or interview setting -> Festive winter-themed scene with snowman -> Studio setup with Santa Claus outfit.",
            "B. Talk show or interview setting -> Promotional scene with vibrant light effects -> Man in fedora and glasses introduced -> Musical performance on stage -> Festive winter-themed scene with snowman -> Studio setup with Santa Claus outfit.",
            "C. Festive winter-themed scene with snowman -> Promotional scene with vibrant light effects -> Man in fedora and glasses introduced -> Musical performance on stage -> Talk show or interview setting -> Studio setup with Santa Claus outfit.",
            "D. Studio setup with Santa Claus outfit -> Promotional scene with vibrant light effects -> Man in fedora and glasses introduced -> Musical performance on stage -> Talk show or interview setting -> Festive winter-themed scene with snowman."
        ],
        "answer": "A",
        "qa_level": "long_term",
        "qa_type": "mcqa",
        "old_answer": "A"
    }
]