[
    {
        "qa_idx": 0,
        "qa_type": "qa",
        "qa_level": "frame",
        "qa_task": "object understanding",
        "question": "Are there three men participating in the video conference on the left side of the frame at 3504.0 seconds?",
        "answer": "Yes",
        "old_answer": "Yes"
    },
    {
        "qa_idx": 2,
        "qa_type": "qa",
        "qa_level": "within_event",
        "qa_task": "object understanding",
        "question": "Are there framed pictures in the background of the video conference participants' settings from 2254.0 to 2314.0 seconds?",
        "answer": "Yes",
        "old_answer": "Yes"
    },
    {
        "qa_idx": 5,
        "qa_type": "qa",
        "qa_level": "long_term",
        "qa_task": "object understanding",
        "question": "Is there a comic strip titled 'Cyanide & Happiness: Drawing a Blank' featured in the video between 754.0 and 4205.0 seconds?",
        "answer": "Yes",
        "old_answer": "Yes"
    },
    {
        "qa_idx": 6,
        "qa_task": "speed",
        "question": "Between the transitions of the split-screen composition and the virtual meeting setup, which one occurs faster in the video event from 2254.0 to 2314.0 seconds?",
        "options": [
            "A. The transition to the split-screen composition.",
            "B. The transition to the virtual meeting setup.",
            "C. Both transitions occur at the same speed.",
            "D. None of the above."
        ],
        "answer": "B",
        "qa_level": "within_event",
        "qa_type": "mcqa",
        "old_answer": "B"
    },
    {
        "qa_idx": 7,
        "qa_type": "qa",
        "qa_level": "long_term",
        "qa_task": "action-understanding",
        "question": "During the video call sessions between 754.0 and 4205.0 seconds, did the participants engage in a live musical performance?",
        "answer": "No",
        "old_answer": "No"
    },
    {
        "qa_idx": 9,
        "qa_task": "causal",
        "question": "Why do the participants in the video call appear in different virtual backgrounds during the scene from 2754.0 to 3005.0 seconds?",
        "options": [
            "A. They are in different physical locations.",
            "B. They are using different video conferencing software.",
            "C. They are part of a collaborative activity involving a comic strip.",
            "D. They are testing different virtual backgrounds for a presentation."
        ],
        "answer": "C",
        "qa_level": "cross_event",
        "qa_type": "mcqa",
        "old_answer": "C"
    },
    {
        "qa_idx": 11,
        "qa_task": "temporal-relationship",
        "question": "What happens after the video call participants are seen in their respective environments with a comic strip from 'Cyanide & Happiness' titled 'Drawing A Blank'?",
        "options": [
            "A. The participants start drawing a new comic strip.",
            "B. The participants engage in a discussion related to the comic creation.",
            "C. The participants end the video call.",
            "D. The participants switch to a different activity unrelated to drawing."
        ],
        "answer": "B",
        "qa_level": "long_term",
        "qa_type": "mcqa",
        "old_answer": "B"
    },
    {
        "qa_idx": 12,
        "qa_task": "spatial-relationship",
        "question": "Where is the animated character positioned in relation to the participant wearing headphones during the online video call interface?",
        "options": [
            "A. Beside the participant on the left side.",
            "B. Above the participant.",
            "C. Below the participant.",
            "D. On the right side of the participant."
        ],
        "answer": "A",
        "qa_level": "long_term",
        "qa_type": "mcqa",
        "old_answer": "A"
    },
    {
        "qa_idx": 15,
        "qa_task": "object-direction",
        "question": "In the video frames between 4.0 and 4205.0 seconds, which direction are the animated characters and human faces distributed across the frame?",
        "options": [
            "A. To the left and right.",
            "B. To the top and bottom.",
            "C. To the center.",
            "D. To the corners."
        ],
        "answer": "A",
        "qa_level": "long_term",
        "qa_type": "mcqa",
        "old_answer": "A"
    },
    {
        "qa_idx": 16,
        "qa_task": "camera-direction",
        "question": "Between 4.0 and 4205.0 seconds, what does the camera do when transitioning from the video call participants to the comic strip?",
        "options": [
            "A. The camera zooms in on the comic strip.",
            "B. The camera pans from left to right.",
            "C. The camera zooms out to show both the video call and the comic strip.",
            "D. The camera remains static."
        ],
        "answer": "C",
        "qa_level": "long_term",
        "qa_type": "mcqa",
        "old_answer": "C"
    },
    {
        "qa_idx": 18,
        "qa_task": "attribute-change",
        "question": "How does the comic strip 'Cyanide & Happiness: Drawing a Blank' evolve over the course of the video from 4.0 to 4205.0 seconds?",
        "options": [
            "A. It remains blank throughout the video.",
            "B. It transitions from partially drawn to a detailed humorous scene.",
            "C. It changes from a black-and-white sketch to a colored illustration.",
            "D. It starts with a completed comic and ends with a blank canvas."
        ],
        "answer": "B",
        "qa_level": "long_term",
        "qa_type": "mcqa",
        "old_answer": "B"
    },
    {
        "qa_idx": 21,
        "qa_task": "time-order",
        "question": "In which order do the events occur in the video from 4.0 to 4205.0 seconds?",
        "options": [
            "A. Animated scene with human faces and full-body figures engaging in creative activity, followed by a virtual meeting setup with three individuals, then a split-screen format with four men in a video call, and finally a video conference call featuring three individuals in distinct office settings.",
            "B. Virtual meeting setup with three individuals, followed by an animated scene with human faces and full-body figures engaging in creative activity, then a split-screen format with four men in a video call, and finally a video conference call featuring three individuals in distinct office settings.",
            "C. Split-screen format with four men in a video call, followed by an animated scene with human faces and full-body figures engaging in creative activity, then a virtual meeting setup with three individuals, and finally a video conference call featuring three individuals in distinct office settings.",
            "D. Video conference call featuring three individuals in distinct office settings, followed by a split-screen format with four men in a video call, then a virtual meeting setup with three individuals, and finally an animated scene with human faces and full-body figures engaging in creative activity."
        ],
        "answer": "A",
        "qa_level": "long_term",
        "qa_type": "mcqa",
        "old_answer": "A"
    }
]