[
    {
        "qa_idx": 0,
        "qa_type": "qa",
        "qa_level": "frame",
        "qa_task": "object understanding",
        "question": "Are there any adults recording the event with their phones in the video frame at 2710 seconds?",
        "answer": "Yes",
        "old_answer": "Yes"
    },
    {
        "qa_idx": 1,
        "qa_task": "spatial-relationship",
        "question": "Where is the text 'PENYAKIT!!!' located in the frame at 1361.0 seconds?",
        "options": [
            "A. Top left corner.",
            "B. Bottom left corner.",
            "C. Top right corner.",
            "D. Bottom right corner."
        ],
        "answer": "C",
        "qa_level": "frame",
        "qa_type": "mcqa",
        "old_answer": "C"
    },
    {
        "qa_idx": 2,
        "qa_type": "qa",
        "qa_level": "frame",
        "qa_task": "character-understanding",
        "question": "Is there a man standing near a window at 2305.0 seconds into the video?",
        "answer": "Yes",
        "old_answer": "Yes"
    },
    {
        "qa_idx": 4,
        "qa_type": "qa",
        "qa_level": "within_event",
        "qa_task": "speed",
        "question": "Is there any indication of fast-paced movement or activity in the communal setting from 310.0 to 371.0 seconds?",
        "answer": "No",
        "old_answer": "No"
    },
    {
        "qa_idx": 5,
        "qa_type": "qa",
        "qa_level": "cross_event",
        "qa_task": "action-understanding",
        "question": "In the event from 2032.0 to 2099.0, is the man in the background near a fence holding an object possibly capturing or observing the event?",
        "answer": "Yes",
        "old_answer": "Yes"
    },
    {
        "qa_idx": 6,
        "qa_task": "object understanding",
        "question": "What is the man on the left side of the frame wearing at 4528.0 seconds into the video?",
        "options": [
            "A. A camouflage jacket and a hat.",
            "B. A blue shirt and jeans.",
            "C. A black suit and tie.",
            "D. A white t-shirt and shorts."
        ],
        "answer": "A",
        "qa_level": "frame",
        "qa_type": "mcqa",
        "old_answer": "A"
    },
    {
        "qa_idx": 7,
        "qa_type": "qa",
        "qa_level": "cross_event",
        "qa_task": "character-understanding",
        "question": "Were there people holding electronic devices in both events from 1240.0 to 1302.0 and 1310.0 to 1379.0?",
        "answer": "Yes",
        "old_answer": "Yes"
    },
    {
        "qa_idx": 8,
        "qa_type": "qa",
        "qa_level": "long_term",
        "qa_task": "speed",
        "question": "Did the individuals in the communal indoor setting move quickly while engaging in their activities from 113.0 seconds to 625.0 seconds?",
        "answer": "No",
        "old_answer": "No"
    },
    {
        "qa_idx": 9,
        "qa_task": "descriptive-scene",
        "question": "Where does the scene at the 3316.0-second mark of the video take place?",
        "options": [
            "A. In a park.",
            "B. On a street.",
            "C. In a garden.",
            "D. In a shopping mall."
        ],
        "answer": "B",
        "qa_level": "frame",
        "qa_type": "mcqa",
        "old_answer": "B"
    },
    {
        "qa_idx": 10,
        "qa_task": "object understanding",
        "question": "What objects are visible in the foreground of the frame at 1883.0 seconds into the video?",
        "options": [
            "A. A bicycle and a signpost.",
            "B. The dashboard and antenna of the vehicle.",
            "C. A bench and a lamp post.",
            "D. A fence and a mailbox."
        ],
        "answer": "B",
        "qa_level": "frame",
        "qa_type": "mcqa",
        "old_answer": "B"
    },
    {
        "qa_idx": 11,
        "qa_task": "character-understanding",
        "question": "What are the people in the video doing at 286.0 seconds?",
        "options": [
            "A. Playing a game.",
            "B. Cooking or preparing food.",
            "C. Watching television.",
            "D. Cleaning the room."
        ],
        "answer": "B",
        "qa_level": "frame",
        "qa_type": "mcqa",
        "old_answer": "B"
    },
    {
        "qa_idx": 12,
        "qa_task": "descriptive-scene",
        "question": "Where is the scene at 3621.0 seconds into the video observed from?",
        "options": [
            "A. From within a car.",
            "B. From a building.",
            "C. From a park.",
            "D. From a mountain."
        ],
        "answer": "A",
        "qa_level": "frame",
        "qa_type": "mcqa",
        "old_answer": "A"
    },
    {
        "qa_idx": 13,
        "qa_task": "spatial-relationship",
        "question": "Where is the woman positioned in the frame at 227.0 seconds into the video?",
        "options": [
            "A. On the right side of the frame.",
            "B. In the center of the frame.",
            "C. On the left side of the frame.",
            "D. Behind the men."
        ],
        "answer": "C",
        "qa_level": "frame",
        "qa_type": "mcqa",
        "old_answer": "C"
    },
    {
        "qa_idx": 16,
        "qa_task": "speed",
        "question": "From 1073.0 to 1131.0 seconds, which activity appears to be happening at a faster pace in the video?",
        "options": [
            "A. The men engaging in conversation or activities involving their smartphones.",
            "B. The cooking process with the pot steaming over an open flame.",
            "C. The men dressing in colorful headbands.",
            "D. The lighting changes in the room."
        ],
        "answer": "B",
        "qa_level": "within_event",
        "qa_type": "mcqa",
        "old_answer": "B"
    },
    {
        "qa_idx": 17,
        "qa_task": "object understanding",
        "question": "What is inscribed on the central figure's black sweatshirt in the marketplace scene from 4732.0 to 4794.0 seconds?",
        "options": [
            "A. RRIG.",
            "B. MARKET.",
            "C. SHOP.",
            "D. TRADE."
        ],
        "answer": "A",
        "qa_level": "within_event",
        "qa_type": "mcqa",
        "old_answer": "A"
    },
    {
        "qa_idx": 18,
        "qa_task": "speed",
        "question": "From 4881.0 to 4923.0 seconds, who is moving faster in the marketplace scene?",
        "options": [
            "A. The woman in casual clothing and a mask.",
            "B. The man in a red jacket.",
            "C. Both are moving at the same speed.",
            "D. None of the above."
        ],
        "answer": "B",
        "qa_level": "within_event",
        "qa_type": "mcqa",
        "old_answer": "B"
    },
    {
        "qa_idx": 19,
        "qa_task": "camera-direction",
        "question": "During the event from 995.0 to 1064.0 seconds, does the camera move towards the central cooking area or away from it?",
        "options": [
            "A. The camera moves towards the central cooking area.",
            "B. The camera moves away from the central cooking area.",
            "C. The camera remains stationary.",
            "D. The camera moves around the perimeter of the room."
        ],
        "answer": "A",
        "qa_level": "within_event",
        "qa_type": "mcqa",
        "old_answer": "A"
    },
    {
        "qa_idx": 20,
        "qa_task": "attribute-change",
        "question": "How does the focus of the scene change from the beginning to the end of the event from 2523.0 to 2589.0 seconds?",
        "options": [
            "A. The focus shifts from an outdoor rural setting to an indoor educational activity.",
            "B. The focus remains on the outdoor rustic wooden structures throughout.",
            "C. The focus shifts from an indoor educational activity to an outdoor rural setting.",
            "D. The focus remains on the person in camouflage throughout."
        ],
        "answer": "A",
        "qa_level": "within_event",
        "qa_type": "mcqa",
        "old_answer": "A"
    },
    {
        "qa_idx": 22,
        "qa_task": "scene-understanding",
        "question": "What is the primary setting of the event from 4732.0 to 4794.0 seconds?",
        "options": [
            "A. A bustling marketplace with vibrant textiles and woven goods.",
            "B. A quiet library with people reading books.",
            "C. A busy office with employees working on computers.",
            "D. A serene beach with people sunbathing."
        ],
        "answer": "A",
        "qa_level": "within_event",
        "qa_type": "mcqa",
        "old_answer": "A"
    },
    {
        "qa_idx": 23,
        "qa_task": "object-direction",
        "question": "In the video events from 4505.0 to 4609.0 seconds and H to e seconds, what is the direction of the car's movement in the outdoor setting?",
        "options": [
            "A. The car moves from left to right.",
            "B. The car moves from right to left.",
            "C. The car remains stationary.",
            "D. The car moves in a circular direction."
        ],
        "answer": "C",
        "qa_level": "cross_event",
        "qa_type": "mcqa",
        "old_answer": "C"
    },
    {
        "qa_idx": 24,
        "qa_task": "causal",
        "question": "Why are the individuals gathered closely together and focused on a common point outside the frame in the semi-enclosed environment in the event from 2314.0 to 2408.0 seconds?",
        "options": [
            "A. They are watching a performance.",
            "B. They are participating in a communal gathering.",
            "C. They are observing an important announcement.",
            "D. They are engaged in a group activity."
        ],
        "answer": "B",
        "qa_level": "cross_event",
        "qa_type": "mcqa",
        "old_answer": "B"
    },
    {
        "qa_idx": 25,
        "qa_task": "spatial-relationship",
        "question": "Where is the vibrant red and yellow plastic item located in the outdoor scene at the beginning of the event?",
        "options": [
            "A. In the center of the scene.",
            "B. On the left side of the scene.",
            "C. On the right side of the scene.",
            "D. In the background of the scene."
        ],
        "answer": "C",
        "qa_level": "long_term",
        "qa_type": "mcqa",
        "old_answer": "C"
    },
    {
        "qa_idx": 28,
        "qa_task": "attribute-change",
        "question": "How does the setting change from the beginning to the end of the video from 45.0 to 5432.0 seconds?",
        "options": [
            "A. From a rough, dirty outdoor scene to a communal indoor setting.",
            "B. From a communal indoor setting to a bustling marketplace.",
            "C. From a rural village to a modern urban environment.",
            "D. From a serene rural setting to a busy airport."
        ],
        "answer": "A",
        "qa_level": "long_term",
        "qa_type": "mcqa",
        "old_answer": "A"
    },
    {
        "qa_idx": 30,
        "qa_task": "object understanding",
        "question": "What kind of bags are prominently visible in the communal indoor setting described from 113.0 seconds to 625.0 seconds?",
        "options": [
            "A. Blue and green plastic bags.",
            "B. Red and yellow plastic bags.",
            "C. Red and purple plastic bags.",
            "D. Black and white plastic bags."
        ],
        "answer": "C",
        "qa_level": "long_term",
        "qa_type": "mcqa",
        "old_answer": "C"
    },
    {
        "qa_idx": 31,
        "qa_task": "time-order",
        "question": "In which order do the events occur in the video from 45.0 to 5432.0 seconds?",
        "options": [
            "A. Outdoor scene with rough ground -> Indoor rustic setting with food preparation -> Indoor scene with wooden structure and utensils -> Indoor scene with three individuals and thatched roof -> Indoor communal gathering with clothing scattered around.",
            "B. Indoor rustic setting with food preparation -> Outdoor scene with rough ground -> Indoor scene with wooden structure and utensils -> Indoor scene with three individuals and thatched roof -> Indoor communal gathering with clothing scattered around.",
            "C. Indoor scene with wooden structure and utensils -> Outdoor scene with rough ground -> Indoor rustic setting with food preparation -> Indoor scene with three individuals and thatched roof -> Indoor communal gathering with clothing scattered around.",
            "D. Indoor scene with three individuals and thatched roof -> Outdoor scene with rough ground -> Indoor rustic setting with food preparation -> Indoor scene with wooden structure and utensils -> Indoor communal gathering with clothing scattered around."
        ],
        "answer": "A",
        "qa_level": "long_term",
        "qa_type": "mcqa",
        "old_answer": "A"
    }
]