[
    {
        "qa_idx": 0,
        "qa_type": "qa",
        "qa_level": "frame",
        "qa_task": "character-understanding",
        "question": "At 1171.0 seconds into the video, were the smaller pigs wearing hats?",
        "answer": "Yes",
        "old_answer": "Yes"
    },
    {
        "qa_idx": 1,
        "qa_task": "spatial-relationship",
        "question": "What is to the right of the pink animated figure at 721.0 seconds into the video?",
        "options": [
            "A. A green plant.",
            "B. A grey television set.",
            "C. A blue chair.",
            "D. A red ball."
        ],
        "answer": "B",
        "qa_level": "frame",
        "qa_type": "mcqa",
        "old_answer": "B"
    },
    {
        "qa_idx": 2,
        "qa_type": "qa",
        "qa_level": "within_event",
        "qa_task": "character-understanding",
        "question": "Was the smaller pig holding a green object resembling a toy dinosaur between 69.0 and 86.0 seconds?",
        "answer": "Yes",
        "old_answer": "Yes"
    },
    {
        "qa_idx": 3,
        "qa_task": "object understanding",
        "question": "What is the primary object placed on the round blue table at 1398.0 seconds into the video?",
        "options": [
            "A. A green and blue clock in the shape of a house.",
            "B. A red vase with flowers.",
            "C. A stack of books.",
            "D. A bowl of fruit."
        ],
        "answer": "A",
        "qa_level": "frame",
        "qa_type": "mcqa",
        "old_answer": "A"
    },
    {
        "qa_idx": 4,
        "qa_type": "qa",
        "qa_level": "cross_event",
        "qa_task": "action-understanding",
        "question": "Between 3.0 to 64.0 seconds, do the animated characters engage in a cooking competition in the playground?",
        "answer": "No",
        "old_answer": "No"
    },
    {
        "qa_idx": 5,
        "qa_task": "camera-direction",
        "question": "During the scene from 1728.0 to 1789.0 seconds, does the camera move closer to the house or does it stay at a distance?",
        "options": [
            "A. The camera moves closer to the house.",
            "B. The camera stays at a distance.",
            "C. The camera moves away from the house.",
            "D. The camera circles around the house."
        ],
        "answer": "B",
        "qa_level": "within_event",
        "qa_type": "mcqa",
        "old_answer": "B"
    },
    {
        "qa_idx": 6,
        "qa_type": "qa",
        "qa_level": "cross_event",
        "qa_task": "character-understanding",
        "question": "Were the anthropomorphic pig characters engaging in playful activities in both events from 1667.0 to 1726.0 and 1728.0 to 1789.0?",
        "answer": "Yes",
        "old_answer": "Yes"
    },
    {
        "qa_idx": 9,
        "qa_task": "plot-understanding",
        "question": "How does the setting transition from the beginning to the end of the event from 237.0 to 299.0 seconds?",
        "options": [
            "A. From a classroom to a grassy field with a pond.",
            "B. From a grassy field to a classroom.",
            "C. From a pond to a classroom.",
            "D. From a classroom to a city street."
        ],
        "answer": "A",
        "qa_level": "cross_event",
        "qa_type": "mcqa",
        "old_answer": "A"
    },
    {
        "qa_idx": 10,
        "qa_task": "temporal-relationship",
        "question": "What were the characters doing before they were seen engaging in playful activities around the pond with toy boats and ducks?",
        "options": [
            "A. They were riding a merry-go-round.",
            "B. They were in a classroom with educational materials.",
            "C. They were having a birthday celebration.",
            "D. They were interacting in a kitchen."
        ],
        "answer": "A",
        "qa_level": "long_term",
        "qa_type": "mcqa",
        "old_answer": "A"
    },
    {
        "qa_idx": 12,
        "qa_task": "speed",
        "question": "Which character is faster in the video from 3.0 to 1789.0 seconds, the character holding a toy boat or the character holding a green toy dinosaur?",
        "options": [
            "A. The character holding a toy boat.",
            "B. The character holding a green toy dinosaur.",
            "C. Both are at the same speed.",
            "D. None of the above."
        ],
        "answer": "A",
        "qa_level": "long_term",
        "qa_type": "mcqa",
        "old_answer": "A"
    },
    {
        "qa_idx": 13,
        "qa_task": "attribute-change",
        "question": "How does the setting change from the beginning to the end of the video from 3.0 to 1789.0 seconds?",
        "options": [
            "A. The setting changes from a playful outdoor scene to a vibrant indoor classroom.",
            "B. The setting changes from a serene outdoor scene to a rainy outdoor setting.",
            "C. The setting changes from a playful outdoor scene to a cheerful indoor birthday celebration.",
            "D. The setting changes from a serene outdoor scene to a dark, dimly lit indoor setting."
        ],
        "answer": "C",
        "qa_level": "long_term",
        "qa_type": "mcqa",
        "old_answer": "C"
    },
    {
        "qa_idx": 14,
        "qa_task": "time-order",
        "question": "In which order do the events occur in the video from 3.0 to 1789.0 seconds?",
        "options": [
            "A. The scene begins with a playful outdoor setting featuring a group of animated characters around a merry-go-round. The scene then transitions to a classroom with educational materials. Later, the characters are seen in a grassy field with flowers and trees. The event concludes with characters surrounding a pond filled with toys and ducks.",
            "B. The scene begins with a playful outdoor setting featuring a group of animated characters around a merry-go-round. The scene then transitions to a classroom with educational materials. Later, the characters are seen in a grassy field with flowers and trees. The event concludes with characters in a brightly colored indoor scene featuring a light purple wall and yellow floor.",
            "C. The scene begins with a playful outdoor setting featuring a group of animated characters around a merry-go-round. The scene then transitions to a classroom with educational materials. Later, the characters are seen in a grassy field with flowers and trees. The event concludes with characters in a brightly colored indoor scene featuring a light purple wall and yellow floor, and then moves to a cheerful outdoor setting with anthropomorphic pigs in front of a light-yellow house.",
            "D. The scene begins with a playful outdoor setting featuring a group of animated characters around a merry-go-round. The scene then transitions to a classroom with educational materials. Later, the characters are seen in a grassy field with flowers and trees. The event concludes with characters in a brightly colored indoor scene featuring a light purple wall and yellow floor, and then moves to a cheerful outdoor setting with anthropomorphic pigs in front of a light-yellow house, and finally to a festive birthday celebration indoors."
        ],
        "answer": "D",
        "qa_level": "long_term",
        "qa_type": "mcqa",
        "old_answer": "D"
    }
]