[
    {
        "qa_idx": 0,
        "qa_task": "object understanding",
        "question": "What objects are visible along the sides of the dirt path at 2317.0 seconds into the video?",
        "options": [
            "A. Trees and bushes.",
            "B. Grassy patches and some rocks.",
            "C. Benches and streetlights.",
            "D. Fences and gates."
        ],
        "answer": "B",
        "qa_level": "frame",
        "qa_type": "mcqa",
        "old_answer": "B"
    },
    {
        "qa_idx": 1,
        "qa_task": "object understanding",
        "question": "What is the small animal perched atop in the video frame at 1398.0 seconds?",
        "options": [
            "A. A red container labeled 'Flour'.",
            "B. A light blue container labeled 'Sugar'.",
            "C. A green container labeled 'Salt'.",
            "D. A yellow container labeled 'Coffee'."
        ],
        "answer": "B",
        "qa_level": "frame",
        "qa_type": "mcqa",
        "old_answer": "B"
    },
    {
        "qa_idx": 2,
        "qa_type": "qa",
        "qa_level": "within_event",
        "qa_task": "speed",
        "question": "Did the small mammal, possibly a sugar glider, move quickly while engaging with the person's arm between 1414.0 and 1422.0 seconds?",
        "answer": "No",
        "old_answer": "No"
    },
    {
        "qa_idx": 3,
        "qa_type": "qa",
        "qa_level": "within_event",
        "qa_task": "object understanding",
        "question": "Is there a horse present in the office environment from 1090.0 to 1113.0 seconds?",
        "answer": "Yes",
        "old_answer": "Yes"
    },
    {
        "qa_idx": 4,
        "qa_task": "descriptive-scene",
        "question": "Where does the scene at 1155.0 seconds take place?",
        "options": [
            "A. In a barn.",
            "B. In a domestic indoor setting.",
            "C. In a garden.",
            "D. In an office."
        ],
        "answer": "B",
        "qa_level": "frame",
        "qa_type": "mcqa",
        "old_answer": "B"
    },
    {
        "qa_idx": 5,
        "qa_task": "camera-direction",
        "question": "During the event from 1090.0 to 1113.0 seconds, how does the camera movement change when the horse appears in the office space?",
        "options": [
            "A. The camera moves away from the horse.",
            "B. The camera remains static and does not move.",
            "C. The camera moves closer to the horse.",
            "D. The camera focuses on the office furniture and ignores the horse."
        ],
        "answer": "C",
        "qa_level": "within_event",
        "qa_type": "mcqa",
        "old_answer": "C"
    },
    {
        "qa_idx": 6,
        "qa_task": "plot-understanding",
        "question": "What is the main focus of the video event between 1396.0 and 1402.0 seconds?",
        "options": [
            "A. A sugar glider interacting with various objects and a human.",
            "B. A dog playing with a ball.",
            "C. A cat sleeping in a basket.",
            "D. A bird flying around a room."
        ],
        "answer": "A",
        "qa_level": "within_event",
        "qa_type": "mcqa",
        "old_answer": "A"
    },
    {
        "qa_idx": 7,
        "qa_task": "descriptive-scene",
        "question": "Where does the video event take place from 473.0 to 494.0 seconds?",
        "options": [
            "A. In a kitchen.",
            "B. In a personalized room.",
            "C. In a garden.",
            "D. In an office."
        ],
        "answer": "B",
        "qa_level": "within_event",
        "qa_type": "mcqa",
        "old_answer": "B"
    },
    {
        "qa_idx": 8,
        "qa_type": "qa",
        "qa_level": "long_term",
        "qa_task": "object understanding",
        "question": "Is there a rabbit featured in the video between 69.0 seconds and 1700.0 seconds?",
        "answer": "Yes",
        "old_answer": "Yes"
    },
    {
        "qa_idx": 11,
        "qa_task": "causal",
        "question": "Why is the dog being held in a red and white carrier in the garden or park setting at the end of the video?",
        "options": [
            "A. The dog is being transported to a new location.",
            "B. The dog is being protected from the sun.",
            "C. The dog is being showcased in a pet boutique.",
            "D. The dog is being taken to a veterinary checkup."
        ],
        "answer": "A",
        "qa_level": "long_term",
        "qa_type": "mcqa",
        "old_answer": "A"
    },
    {
        "qa_idx": 12,
        "qa_task": "descriptive-scene",
        "question": "Where does the interaction between the playful puppy and kitten take place in the video from 1.0 to 2609.0 seconds?",
        "options": [
            "A. In a living room.",
            "B. In a garden or park.",
            "C. In a kitchen.",
            "D. In a bedroom."
        ],
        "answer": "B",
        "qa_level": "long_term",
        "qa_type": "mcqa",
        "old_answer": "B"
    },
    {
        "qa_idx": 14,
        "qa_task": "camera-direction",
        "question": "How does the camera movement change from the scene featuring a dog in front of a large letter 'A' against a white background to the scene with a woman exiting a house?",
        "options": [
            "A. The camera moves from a close-up to a wide shot.",
            "B. The camera moves from a wide shot to a close-up.",
            "C. The camera remains static in both scenes.",
            "D. The camera zooms in on the dog and then pans to the woman."
        ],
        "answer": "A",
        "qa_level": "long_term",
        "qa_type": "mcqa",
        "old_answer": "A"
    },
    {
        "qa_idx": 15,
        "qa_task": "speed",
        "question": "Which animal is faster in the video, the dog or the cat, as seen in the scenes from 1.0 to 2609.0 seconds?",
        "options": [
            "A. The dog.",
            "B. The cat.",
            "C. Both are at the same speed.",
            "D. None of the above."
        ],
        "answer": "A",
        "qa_level": "long_term",
        "qa_type": "mcqa",
        "old_answer": "A"
    },
    {
        "qa_idx": 16,
        "qa_task": "attribute-change",
        "question": "How does the background change from the beginning to the end of the video from 1.0 to 2609.0 seconds?",
        "options": [
            "A. From a colorful and playful background to a serene and natural outdoor setting.",
            "B. From a dark and indoor setting to a bright and outdoor setting.",
            "C. From a rural setting to an urban environment.",
            "D. From a festive indoor setting to a quiet indoor setting."
        ],
        "answer": "A",
        "qa_level": "long_term",
        "qa_type": "mcqa",
        "old_answer": "A"
    },
    {
        "qa_idx": 17,
        "qa_task": "time-order",
        "question": "In which order do the events occur in the video from 1.0 to 2609.0 seconds?",
        "options": [
            "A. The video initially shows a tree with the text 'WILD THINGS' displayed beneath it, followed by a dog against a playful background, then a small dog with a bow, and later a cat inside a coffee cup.",
            "B. The video initially shows a tree with the text 'WILD THINGS' displayed beneath it, followed by a dog against a playful background, then a small dog with a bow, and later a woman exiting a house.",
            "C. The video initially shows a tree with the text 'WILD THINGS' displayed beneath it, followed by a dog against a playful background, then a small dog with a bow, and later a serene scene with a dog in front of a large letter 'A'.",
            "D. The video initially shows a tree with the text 'WILD THINGS' displayed beneath it, followed by a dog against a playful background, then a small dog with a bow, and later a woman holding a bag."
        ],
        "answer": "A",
        "qa_level": "long_term",
        "qa_type": "mcqa",
        "old_answer": "A"
    },
    {
        "qa_idx": 18,
        "qa_task": "descriptive-scene",
        "question": "Where does the scene with a woman holding a small dog wrapped in a pink blanket take place?",
        "options": [
            "A. In a rural or park environment.",
            "B. In a busy city street.",
            "C. In a retail store.",
            "D. In a veterinary clinic."
        ],
        "answer": "A",
        "qa_level": "long_term",
        "qa_type": "mcqa",
        "old_answer": "A"
    }
]