[
    {
        "qa_idx": 0,
        "qa_type": "qa",
        "qa_level": "frame",
        "qa_task": "character-understanding",
        "question": "At 2909.0 seconds into the video, are there human figures involved in a video call or virtual meeting?",
        "answer": "Yes",
        "old_answer": "Yes"
    },
    {
        "qa_idx": 1,
        "qa_task": "descriptive-scene",
        "question": "What is the setting of the video frame at 312.0 seconds?",
        "options": [
            "A. A cooking show.",
            "B. A competitive game show.",
            "C. A news broadcast.",
            "D. A music concert."
        ],
        "answer": "B",
        "qa_level": "frame",
        "qa_type": "mcqa",
        "old_answer": "B"
    },
    {
        "qa_idx": 2,
        "qa_type": "qa",
        "qa_level": "frame",
        "qa_task": "character-understanding",
        "question": "Are there two human figures seated on either side of the poster at 339.0 seconds into the video?",
        "answer": "Yes",
        "old_answer": "Yes"
    },
    {
        "qa_idx": 3,
        "qa_type": "qa",
        "qa_level": "within_event",
        "qa_task": "speed",
        "question": "Did the participants in the virtual meeting communicate at a slow pace from 7975.0 to 8035.0 seconds?",
        "answer": "No",
        "old_answer": "No"
    },
    {
        "qa_idx": 5,
        "qa_type": "qa",
        "qa_level": "cross_event",
        "qa_task": "object understanding",
        "question": "Is there a cartoon character present in the virtual meeting or online broadcast from the time of 7975.0 to 8035.0?",
        "answer": "Yes",
        "old_answer": "Yes"
    },
    {
        "qa_idx": 7,
        "qa_task": "attribute-change",
        "question": "How do the backgrounds of the participants change over the course of the event from 4349.0 to 4892.0 seconds?",
        "options": [
            "A. The backgrounds remain the same throughout the event.",
            "B. The backgrounds change from home environments to studios.",
            "C. The backgrounds change from colorful setups to plain white walls.",
            "D. The backgrounds change from studios to home environments."
        ],
        "answer": "A",
        "qa_level": "within_event",
        "qa_type": "mcqa",
        "old_answer": "A"
    },
    {
        "qa_idx": 8,
        "qa_task": "object-direction",
        "question": "In the event from 1732.0 to 1983.0 seconds, what is the direction of the animated cat figure with a microphone in the center foreground?",
        "options": [
            "A. Left to right.",
            "B. Right to left.",
            "C. Center foreground.",
            "D. Top to bottom."
        ],
        "answer": "C",
        "qa_level": "cross_event",
        "qa_type": "mcqa",
        "old_answer": "C"
    },
    {
        "qa_idx": 10,
        "qa_task": "temporal-relationship",
        "question": "What happens after the scene featuring a Fedora hat adorned with red horns on a white background?",
        "options": [
            "A. The video showcases a vibrant scene with animated anthropomorphic cats sitting on clouds against a starry sky.",
            "B. The video transitions to a frame featuring a copyright notice with the name 'Franco Escamilla'.",
            "C. The video shows an animated background with two partially obscured cats facing each other.",
            "D. The video features a thematic graphic background depicting a night sky with stars and cartoon cats on clouds."
        ],
        "answer": "A",
        "qa_level": "long_term",
        "qa_type": "mcqa",
        "old_answer": "A"
    },
    {
        "qa_idx": 11,
        "qa_task": "spatial-relationship",
        "question": "Where is the animated cat character with boxing gloves prominently displayed in the video?",
        "options": [
            "A. In the center of the screen.",
            "B. In the top left corner.",
            "C. In the bottom right corner.",
            "D. In the background."
        ],
        "answer": "A",
        "qa_level": "long_term",
        "qa_type": "mcqa",
        "old_answer": "A"
    },
    {
        "qa_idx": 12,
        "qa_task": "causal",
        "question": "Why is the name 'Franco Escamilla' prominently featured in the video at the beginning?",
        "options": [
            "A. To inform viewers about the enforcement of intellectual property rights.",
            "B. To introduce the main character of the event.",
            "C. To showcase a new product.",
            "D. To display a sponsor's name."
        ],
        "answer": "A",
        "qa_level": "long_term",
        "qa_type": "mcqa",
        "old_answer": "A"
    },
    {
        "qa_idx": 14,
        "qa_task": "camera-direction",
        "question": "At what time does the camera transition to a multi-window virtual meeting with five participants, identified by names like 'FRANCO,' 'SKIPER & CHECO,' 'FACUNDO HERRERA,' 'TUCÁN GUZMAN,' and 'MEMO HIERVAS,' against a digital, neon-themed background?",
        "options": [
            "A. 2446.0 seconds.",
            "B. 2639.0 seconds.",
            "C. 2817.0 seconds.",
            "D. 2908.0 seconds."
        ],
        "answer": "B",
        "qa_level": "long_term",
        "qa_type": "mcqa",
        "old_answer": "B"
    },
    {
        "qa_idx": 15,
        "qa_task": "speed",
        "question": "Which participant was the fastest to appear in the video conference setup?",
        "options": [
            "A. Franco Escamilla.",
            "B. Skiper & Checo.",
            "C. Facundo Herrera.",
            "D. Christian Meza."
        ],
        "answer": "A",
        "qa_level": "long_term",
        "qa_type": "mcqa",
        "old_answer": "A"
    },
    {
        "qa_idx": 17,
        "qa_task": "time-order",
        "question": "In which order do the events occur in the video from 1.0 to 8491.0 seconds?",
        "options": [
            "A. The video begins with a copyright notice, transitions to a Fedora hat with red horns, and then showcases animated anthropomorphic cats.",
            "B. The video starts with a split-screen format featuring participants in a virtual meeting, transitions to a competitive context between animated characters, and ends with a multi-participant online broadcast.",
            "C. The video begins with a copyright notice, transitions to a Fedora hat with red horns, showcases animated anthropomorphic cats, and ends with a multi-participant online broadcast.",
            "D. The video starts with a split-screen format featuring participants in a virtual meeting, transitions to a competitive context between animated characters, and ends with a copyright notice."
        ],
        "answer": "C",
        "qa_level": "long_term",
        "qa_type": "mcqa",
        "old_answer": "C"
    }
]