[
    {
        "qa_idx": 0,
        "qa_type": "qa",
        "qa_level": "frame",
        "qa_task": "object understanding",
        "question": "Is there a brown animal on a leash in the video frame at 272.0 seconds?",
        "answer": "Yes",
        "old_answer": "Yes"
    },
    {
        "qa_idx": 1,
        "qa_task": "descriptive-scene",
        "question": "Where does the scene in the video frame at 3932.0 seconds take place?",
        "options": [
            "A. In a park.",
            "B. In a confined space, possibly a vehicle.",
            "C. In a living room.",
            "D. In a backyard."
        ],
        "answer": "B",
        "qa_level": "frame",
        "qa_type": "mcqa",
        "old_answer": "B"
    },
    {
        "qa_idx": 3,
        "qa_type": "qa",
        "qa_level": "within_event",
        "qa_task": "camera-direction",
        "question": "Is the camera moving to follow the man walking on the narrow path from 3700.0 to 3769.0 seconds?",
        "answer": "No",
        "old_answer": "No"
    },
    {
        "qa_idx": 4,
        "qa_task": "character-understanding",
        "question": "What is visible on the individual's arm in the video frame at 4463.0 seconds?",
        "options": [
            "A. A bracelet.",
            "B. A watch.",
            "C. A tattoo.",
            "D. A sleeve."
        ],
        "answer": "B",
        "qa_level": "frame",
        "qa_type": "mcqa",
        "old_answer": "B"
    },
    {
        "qa_idx": 5,
        "qa_type": "qa",
        "qa_level": "within_event",
        "qa_task": "character-understanding",
        "question": "Was the girl focused on her smartphone at the beginning of the sequence from 80.0 to 143.0 seconds?",
        "answer": "Yes",
        "old_answer": "Yes"
    },
    {
        "qa_idx": 9,
        "qa_type": "qa",
        "qa_level": "cross_event",
        "qa_task": "object understanding",
        "question": "Is there a white car present in the video event from 1605.0 to 1678.0 seconds?",
        "answer": "Yes",
        "old_answer": "Yes"
    },
    {
        "qa_idx": 10,
        "qa_task": "character-understanding",
        "question": "Who is the main character in the video event from 4341.0 to 4405.0 seconds?",
        "options": [
            "A. A lion.",
            "B. A tiger.",
            "C. A bear.",
            "D. A dog."
        ],
        "answer": "A",
        "qa_level": "within_event",
        "qa_type": "mcqa",
        "old_answer": "A"
    },
    {
        "qa_idx": 11,
        "qa_type": "qa",
        "qa_level": "long_term",
        "qa_task": "character-understanding",
        "question": "Did the video feature a person interacting with a large feline animal inside a vehicle between 3954.0 and 5092.0 seconds?",
        "answer": "Yes",
        "old_answer": "Yes"
    },
    {
        "qa_idx": 16,
        "qa_task": "camera-direction",
        "question": "How does the camera movement change from the beginning to the end of the event sequence from 3330.0 to 3430.0 seconds?",
        "options": [
            "A. The camera starts with a wide shot of the meadow and then zooms in on the person and dog on the paved path.",
            "B. The camera starts with a close-up of the person and dog on the paved path and then zooms out to show the meadow.",
            "C. The camera remains stationary throughout the entire sequence.",
            "D. The camera starts with a close-up of the dog and then moves to a wide shot of the meadow."
        ],
        "answer": "A",
        "qa_level": "cross_event",
        "qa_type": "mcqa",
        "old_answer": "A"
    },
    {
        "qa_idx": 18,
        "qa_task": "object-direction",
        "question": "In which direction does the dog move through the outdoor area dominated by natural elements like grass, dry leaves, and bushes from 5.0 to 5092.0 seconds?",
        "options": [
            "A. Towards the denser vegetation ahead.",
            "B. Away from the denser vegetation.",
            "C. In a circular motion.",
            "D. In a zigzag pattern."
        ],
        "answer": "A",
        "qa_level": "long_term",
        "qa_type": "mcqa",
        "old_answer": "A"
    },
    {
        "qa_idx": 19,
        "qa_task": "camera-direction",
        "question": "How does the camera movement change from 5.0 seconds to 5092.0 seconds?",
        "options": [
            "A. The camera moves from inside the car to various outdoor scenes and back inside the car.",
            "B. The camera remains stationary inside the car throughout the video.",
            "C. The camera only captures outdoor scenes without any indoor shots.",
            "D. The camera moves from outdoor scenes to inside the car and stays there."
        ],
        "answer": "A",
        "qa_level": "long_term",
        "qa_type": "mcqa",
        "old_answer": "A"
    },
    {
        "qa_idx": 20,
        "qa_task": "speed",
        "question": "Which is faster, the dog or the large feline animal, as observed in the video from 5.0 to 5092.0 seconds?",
        "options": [
            "A. The dog.",
            "B. The large feline animal.",
            "C. Both are at the same speed.",
            "D. None of the above."
        ],
        "answer": "A",
        "qa_level": "long_term",
        "qa_type": "mcqa",
        "old_answer": "A"
    },
    {
        "qa_idx": 22,
        "qa_task": "time-order",
        "question": "In which order do the events occur in the video from 5.0 to 5092.0 seconds?",
        "options": [
            "A. (a) Interior view of a car focusing on the passenger side, (b) Focus shifts to the driver's seat, (c) Scene transitions outdoors capturing a woman, (d) A man and a large dog-like animal in the open trunk of a vehicle, (e) Rear of a car with an animal inside positioned behind a grid barrier, (f) Large feline animal in the open trunk of a car wearing a harness.",
            "B. (a) A girl standing on a dirt path surrounded by greenery, (b) Various natural and rural outdoor settings, (c) Cars parked in grassy fields, (d) A dog near a cracked, worn path lined with dense vegetation, (e) A dog standing on dry grassy terrain amidst greenery.",
            "C. (a) A dog navigating through an outdoor area dominated by natural elements, (b) Surrounding vegetation becomes denser, (c) A dog moving through the underbrush, (d) A dog exploring the environment, (e) A dog walking or running near a pathway or paved road.",
            "D. (a) A large feline on a leash in a forested background, (b) A person handling the leashed puma, (c) Another dog held by a person comes into view, (d) A detailed close-up of a dog wearing an orange collar, (e) A person interacting with a large brown dog under a tree canopy."
        ],
        "answer": "A",
        "qa_level": "long_term",
        "qa_type": "mcqa",
        "old_answer": "A"
    }
]