[
    {
        "qa_idx": 0,
        "qa_type": "qa",
        "qa_level": "frame",
        "qa_task": "character-understanding",
        "question": "Is there a person present in the workshop at 156.0 seconds?",
        "answer": "Yes",
        "old_answer": "Yes"
    },
    {
        "qa_idx": 2,
        "qa_type": "qa",
        "qa_level": "frame",
        "qa_task": "character-understanding",
        "question": "At 471.0 seconds into the video, are human hands manipulating the metallic threaded object?",
        "answer": "Yes",
        "old_answer": "Yes"
    },
    {
        "qa_idx": 4,
        "qa_task": "spatial-relationship",
        "question": "What is the individual handling with their left hand at 89.0 seconds into the video?",
        "options": [
            "A. A piece of machinery or a tool on the bench.",
            "B. A piece of wood.",
            "C. A measuring tape.",
            "D. A paintbrush."
        ],
        "answer": "A",
        "qa_level": "frame",
        "qa_type": "mcqa",
        "old_answer": "A"
    },
    {
        "qa_idx": 5,
        "qa_type": "qa",
        "qa_level": "cross_event",
        "qa_task": "action-understanding",
        "question": "In the time frame from 778.0 to 857.0, does the person in the workshop hold and point at a printed instruction sheet detailing procedures for 'Replacing Spindles on Quill Assembly'?",
        "answer": "Yes",
        "old_answer": "Yes"
    },
    {
        "qa_idx": 8,
        "qa_task": "camera-direction",
        "question": "Does the camera focus on the clapperboard or the person operating machinery in the video from 2.0 to 62.0 seconds?",
        "options": [
            "A. The camera focuses on the clapperboard.",
            "B. The camera focuses on the person operating machinery.",
            "C. The camera focuses on the workshop equipment.",
            "D. The camera focuses on the safety signs."
        ],
        "answer": "A",
        "qa_level": "within_event",
        "qa_type": "mcqa",
        "old_answer": "A"
    },
    {
        "qa_idx": 9,
        "qa_task": "causal",
        "question": "Why is the person holding and pointing at a printed instruction sheet in the workshop from 778.0 to 857.0 seconds?",
        "options": [
            "A. To detail procedures for 'Replacing Spindles on Quill Assembly.'.",
            "B. To show off their new tool.",
            "C. To clean the workspace.",
            "D. To organize the tools on the shelves."
        ],
        "answer": "A",
        "qa_level": "within_event",
        "qa_type": "mcqa",
        "old_answer": "A"
    },
    {
        "qa_idx": 13,
        "qa_task": "causal",
        "question": "Why is the individual in the workshop or garage setting actively engaging with various tools and equipment from 75.0 to 135.0 seconds?",
        "options": [
            "A. To repair a broken machine.",
            "B. To showcase the functionality of the workspace.",
            "C. To clean and organize the tools.",
            "D. To create a new sculpture."
        ],
        "answer": "B",
        "qa_level": "cross_event",
        "qa_type": "mcqa",
        "old_answer": "B"
    },
    {
        "qa_idx": 16,
        "qa_task": "camera-direction",
        "question": "What direction does the camera move towards in the workshop from 2.0 to 2054.0 seconds?",
        "options": [
            "A. The camera moves closer to the person and tools.",
            "B. The camera moves away from the person and tools.",
            "C. The camera remains stationary.",
            "D. The camera moves in a circular motion around the workshop."
        ],
        "answer": "A",
        "qa_level": "long_term",
        "qa_type": "mcqa",
        "old_answer": "A"
    },
    {
        "qa_idx": 17,
        "qa_task": "speed",
        "question": "Which tool is being operated faster in the workshop between 1825.0 seconds and 2052.0 seconds?",
        "options": [
            "A. Drill press.",
            "B. Disk sander.",
            "C. Vise.",
            "D. Electric motor."
        ],
        "answer": "A",
        "qa_level": "long_term",
        "qa_type": "mcqa",
        "old_answer": "A"
    },
    {
        "qa_idx": 18,
        "qa_task": "attribute-change",
        "question": "How does the workshop environment change from the beginning to the end of the video between 2.0 and 2054.0 seconds?",
        "options": [
            "A. The workshop becomes more cluttered and busy.",
            "B. The workshop becomes less organized and chaotic.",
            "C. The workshop remains the same throughout.",
            "D. The workshop becomes empty and deserted."
        ],
        "answer": "A",
        "qa_level": "long_term",
        "qa_type": "mcqa",
        "old_answer": "A"
    },
    {
        "qa_idx": 20,
        "qa_task": "object understanding",
        "question": "What kind of machine is prominently featured in the workshop throughout the video from 2.0 to 2054.0 seconds?",
        "options": [
            "A. A lathe.",
            "B. A drill press.",
            "C. A milling machine.",
            "D. A 3D printer."
        ],
        "answer": "B",
        "qa_level": "long_term",
        "qa_type": "mcqa",
        "old_answer": "B"
    }
]