[
    {
        "qa_idx": 0,
        "qa_type": "qa",
        "qa_level": "frame",
        "qa_task": "object understanding",
        "question": "Is the man in the center holding a coffee cup at the 73.0-second mark?",
        "answer": "Yes",
        "old_answer": "Yes"
    },
    {
        "qa_idx": 1,
        "qa_type": "qa",
        "qa_level": "frame",
        "qa_task": "object understanding",
        "question": "Is there a central display screen showing navigation on the car's dashboard at 1739.0 seconds into the video?",
        "answer": "Yes",
        "old_answer": "Yes"
    },
    {
        "qa_idx": 2,
        "qa_type": "qa",
        "qa_level": "within_event",
        "qa_task": "speed",
        "question": "Is the person in the yellow jacket handling the mobile device quickly from 1502.0 to 1512.0 seconds?",
        "answer": "No",
        "old_answer": "No"
    },
    {
        "qa_idx": 3,
        "qa_task": "character-understanding",
        "question": "What is the man in the center holding in the video frame at 1610.0 seconds?",
        "options": [
            "A. A shopping bag.",
            "B. A microphone.",
            "C. A book.",
            "D. A phone."
        ],
        "answer": "B",
        "qa_level": "frame",
        "qa_type": "mcqa",
        "old_answer": "B"
    },
    {
        "qa_idx": 4,
        "qa_type": "qa",
        "qa_level": "long_term",
        "qa_task": "object understanding",
        "question": "Is there a store named 'reStore' visible in the video between 68.0 and 1763.0 seconds?",
        "answer": "Yes",
        "old_answer": "Yes"
    },
    {
        "qa_idx": 5,
        "qa_task": "camera-direction",
        "question": "How does the camera movement direction change from the beginning to the end of the event between 334.0 seconds and 398.0 seconds?",
        "options": [
            "A. The camera moves from a close-up of the storefront to a wide shot of the street.",
            "B. The camera remains stationary throughout the event.",
            "C. The camera moves from a wide shot of the street to a close-up of the storefront.",
            "D. The camera pans from left to right across the street."
        ],
        "answer": "A",
        "qa_level": "cross_event",
        "qa_type": "mcqa",
        "old_answer": "A"
    },
    {
        "qa_idx": 9,
        "qa_task": "attribute-change",
        "question": "How does the setting change from the beginning to the end of the video from 68.0 to 1763.0 seconds?",
        "options": [
            "A. From a bustling urban street to a high-end retail environment.",
            "B. From a quiet park to a busy street.",
            "C. From a residential area to a commercial district.",
            "D. From a rural area to a city center."
        ],
        "answer": "A",
        "qa_level": "long_term",
        "qa_type": "mcqa",
        "old_answer": "A"
    }
]