[
    {
        "qa_idx": 1,
        "qa_type": "qa",
        "qa_level": "within_event",
        "qa_task": "action-understanding",
        "question": "During the event from 3345.0 to 3411.0 seconds, does the largest pig, dressed in yellow, hold flowers throughout the entire scene?",
        "answer": "Yes",
        "old_answer": "Yes"
    },
    {
        "qa_idx": 2,
        "qa_task": "object understanding",
        "question": "What is the animated character interacting with at 2669.0 seconds into the video?",
        "options": [
            "A. A wooden door with a glass window.",
            "B. A metal control panel with a circular dial.",
            "C. A computer screen with a keyboard.",
            "D. A bookshelf filled with books."
        ],
        "answer": "B",
        "qa_level": "frame",
        "qa_type": "mcqa",
        "old_answer": "B"
    },
    {
        "qa_idx": 3,
        "qa_type": "qa",
        "qa_level": "cross_event",
        "qa_task": "camera-direction",
        "question": "Does the camera remain stationary while the animated characters are lying on the green surface from 2505.0 to 2569.0?",
        "answer": "No",
        "old_answer": "No"
    },
    {
        "qa_idx": 5,
        "qa_type": "qa",
        "qa_level": "cross_event",
        "qa_task": "speed",
        "question": "Did the characters in the first event (1920.0 to 1981.0) move quickly between rooms compared to the characters in the second event (1982.0 to 2048.0)?",
        "answer": "No",
        "old_answer": "No"
    },
    {
        "qa_idx": 7,
        "qa_type": "qa",
        "qa_level": "long_term",
        "qa_task": "object understanding",
        "question": "Is there a yellow race car marked with the number '2' in the video between 438.0 and 485.0 seconds?",
        "answer": "Yes",
        "old_answer": "Yes"
    },
    {
        "qa_idx": 8,
        "qa_task": "attribute-change",
        "question": "How does the setting change from the beginning to the end of the event from 3004.0 to 3066.0 seconds?",
        "options": [
            "A. The setting changes from a bright, clear day outdoors to a festive outdoor scene and then to an indoor gymnasium.",
            "B. The setting changes from a dark, stormy night to a sunny beach and then to a crowded marketplace.",
            "C. The setting remains the same throughout the event.",
            "D. The setting changes from an indoor gymnasium to a bright, clear day outdoors and then to a festive outdoor scene."
        ],
        "answer": "A",
        "qa_level": "within_event",
        "qa_type": "mcqa",
        "old_answer": "A"
    },
    {
        "qa_idx": 10,
        "qa_task": "object-direction",
        "question": "In the event from 767.0 to 827.0 seconds, what direction is the green dinosaur-shaped balloon moving?",
        "options": [
            "A. The balloon is moving from left to right.",
            "B. The balloon is moving from right to left.",
            "C. The balloon is moving upwards.",
            "D. The balloon is stationary."
        ],
        "answer": "D",
        "qa_level": "cross_event",
        "qa_type": "mcqa",
        "old_answer": "D"
    },
    {
        "qa_idx": 12,
        "qa_task": "time-order",
        "question": "In which order do the events occur in the video from 4.0 to 3671.0 seconds?",
        "options": [
            "A. Peppa Pig stands in a blue background with the show's title, followed by a vibrant scene with a cheerful pig in red attire, and then transitions to a creative workspace with a table full of craft supplies.",
            "B. The scene begins with a cheerful cartoon pig character, Peppa Pig, standing against a light blue background, followed by an indoor setting with a chair, table, and coffee table, and then transitions to a vibrant area dominated by dense foliage and dark purple flowers.",
            "C. The event starts with a vibrant, animated scene featuring a large pink character wearing blue clothing, followed by a brightly colored bedroom scene with two animated pig characters, and then transitions to a brightly colored indoor setting resembling a children's playroom.",
            "D. The event begins with a scene set on a grassy field under a clear blue sky, followed by a brightly colored indoor kitchen scene featuring a family of anthropomorphic pig characters, and then transitions to a brightly lit room that appears to be an optician's office."
        ],
        "answer": "A",
        "qa_level": "long_term",
        "qa_type": "mcqa",
        "old_answer": "A"
    },
    {
        "qa_idx": 13,
        "qa_task": "plot-understanding",
        "question": "What is the main theme of the video from 4.0 to 3671.0 seconds?",
        "options": [
            "A. Family interaction and creative activities.",
            "B. A sports competition.",
            "C. A cooking show.",
            "D. A mystery adventure."
        ],
        "answer": "A",
        "qa_level": "long_term",
        "qa_type": "mcqa",
        "old_answer": "A"
    },
    {
        "qa_idx": 14,
        "qa_task": "attribute-change",
        "question": "How does the setting change from the beginning to the end of the video from 4.0 to 3671.0 seconds?",
        "options": [
            "A. From an indoor crafting scene to an outdoor race event.",
            "B. From a colorful animated scene to a festive outdoor gathering.",
            "C. From a classroom setting to a gymnasium.",
            "D. From a picnic scene to a family painting activity."
        ],
        "answer": "B",
        "qa_level": "long_term",
        "qa_type": "mcqa",
        "old_answer": "B"
    },
    {
        "qa_idx": 16,
        "qa_task": "descriptive-scene",
        "question": "Where do the characters engage in creative activities with art supplies and toys?",
        "options": [
            "A. In a classroom.",
            "B. In a kitchen.",
            "C. In a creative workspace.",
            "D. In a garden."
        ],
        "answer": "C",
        "qa_level": "long_term",
        "qa_type": "mcqa",
        "old_answer": "C"
    }
]