[
    {
        "qa_idx": 0,
        "qa_type": "qa",
        "qa_level": "frame",
        "qa_task": "object understanding",
        "question": "Is there a stone chair adorned with green fabric or leaves in the foreground at 1076.0 seconds into the video?",
        "answer": "Yes",
        "old_answer": "Yes"
    },
    {
        "qa_idx": 1,
        "qa_task": "character-understanding",
        "question": "What is the house made of in the video frame at 686.0 seconds?",
        "options": [
            "A. Bricks.",
            "B. Wooden planks.",
            "C. Stone.",
            "D. Metal."
        ],
        "answer": "B",
        "qa_level": "frame",
        "qa_type": "mcqa",
        "old_answer": "B"
    },
    {
        "qa_idx": 2,
        "qa_task": "character-understanding",
        "question": "What is the individual doing at 793.0 seconds into the video?",
        "options": [
            "A. Cooking a meal.",
            "B. Playing a musical instrument.",
            "C. Working on technical drawings and blueprints.",
            "D. Reading a book."
        ],
        "answer": "C",
        "qa_level": "frame",
        "qa_type": "mcqa",
        "old_answer": "C"
    },
    {
        "qa_idx": 3,
        "qa_type": "qa",
        "qa_level": "within_event",
        "qa_task": "action-understanding",
        "question": "During the scene from 709.0 to 869.0 seconds, does the girl in the magenta outfit fly into the sky with the help of the anthropomorphic bears?",
        "answer": "No",
        "old_answer": "No"
    },
    {
        "qa_idx": 4,
        "qa_task": "spatial-relationship",
        "question": "What is located to the right of the rustic wooden door at 44.0 seconds into the video?",
        "options": [
            "A. A green object with the word 'BUMP'.",
            "B. A pair of light-colored boots.",
            "C. A blue-patterned wall.",
            "D. A wooden floor with visible planks."
        ],
        "answer": "B",
        "qa_level": "frame",
        "qa_type": "mcqa",
        "old_answer": "B"
    },
    {
        "qa_idx": 5,
        "qa_type": "qa",
        "qa_level": "within_event",
        "qa_task": "speed",
        "question": "From 329.0 to 439.0 seconds, does the bear in the white lab coat move quickly while measuring plants and tending to the vegetable garden?",
        "answer": "No",
        "old_answer": "No"
    },
    {
        "qa_idx": 6,
        "qa_task": "object understanding",
        "question": "What is the girl wearing in the frame at 530.0 seconds into the video?",
        "options": [
            "A. A bright, magenta-colored outfit with a hood.",
            "B. A blue dress with white polka dots.",
            "C. A green shirt and black pants.",
            "D. A yellow raincoat and red boots."
        ],
        "answer": "A",
        "qa_level": "frame",
        "qa_type": "mcqa",
        "old_answer": "A"
    },
    {
        "qa_idx": 7,
        "qa_type": "qa",
        "qa_level": "cross_event",
        "qa_task": "camera-direction",
        "question": "Does the camera shift focus from an outdoor forest scene to a yellow wooden house between 329.0 to 439.0 seconds?",
        "answer": "Yes",
        "old_answer": "Yes"
    },
    {
        "qa_idx": 8,
        "qa_type": "qa",
        "qa_level": "long_term",
        "qa_task": "speed",
        "question": "Did the bear character perform the juggling act quickly from 3.0 to 1869.0 seconds?",
        "answer": "No",
        "old_answer": "No"
    },
    {
        "qa_idx": 9,
        "qa_task": "camera-direction",
        "question": "During the event from 3.0 to 64.0 seconds, how does the camera transition from the toy setup scene to the title card?",
        "options": [
            "A. The camera zooms out from the toy setup to reveal the title card.",
            "B. The camera pans left from the toy setup to the title card.",
            "C. The camera cuts directly from the toy setup to the title card.",
            "D. The camera moves upward from the toy setup to the title card."
        ],
        "answer": "C",
        "qa_level": "within_event",
        "qa_type": "mcqa",
        "old_answer": "C"
    },
    {
        "qa_idx": 10,
        "qa_task": "time-order",
        "question": "What is the correct sequence of events in the video from 1111.0 to 1189.0 seconds?",
        "options": [
            "A. The bear interacts with a small figure, reads a newspaper, and then studies from an open book.",
            "B. The bear starts by reading a book, then interacts with a small figure, and finally reads a newspaper.",
            "C. The bear begins by studying from an open book, then reads a newspaper, and finally interacts with a small figure.",
            "D. The bear interacts with a small figure, studies from an open book, and then reads a newspaper."
        ],
        "answer": "A",
        "qa_level": "cross_event",
        "qa_type": "mcqa",
        "old_answer": "A"
    },
    {
        "qa_idx": 11,
        "qa_task": "speed",
        "question": "How does the speed of the bear's movement change from the outdoor scene to the indoor scene between 1544.0 seconds to 1606.0 seconds?",
        "options": [
            "A. The bear moves faster outdoors and slower indoors.",
            "B. The bear moves slower outdoors and faster indoors.",
            "C. The bear maintains the same speed both outdoors and indoors.",
            "D. The bear does not move at all in either scene."
        ],
        "answer": "A",
        "qa_level": "cross_event",
        "qa_type": "mcqa",
        "old_answer": "A"
    },
    {
        "qa_idx": 12,
        "qa_task": "object understanding",
        "question": "What object is the bear holding in the outdoor scene from 1544.0 to 1606.0 seconds?",
        "options": [
            "A. A brass-like kettle or samovar.",
            "B. A large mallet.",
            "C. A wicker basket.",
            "D. A flower pot containing white daisies."
        ],
        "answer": "A",
        "qa_level": "cross_event",
        "qa_type": "mcqa",
        "old_answer": "A"
    },
    {
        "qa_idx": 13,
        "qa_task": "spatial-relationship",
        "question": "Where is the bear character when it is seen holding a brass-like kettle or samovar?",
        "options": [
            "A. In a laboratory.",
            "B. In a garden.",
            "C. In a cozy room.",
            "D. In a snowy outdoor scene."
        ],
        "answer": "B",
        "qa_level": "long_term",
        "qa_type": "mcqa",
        "old_answer": "B"
    },
    {
        "qa_idx": 15,
        "qa_task": "plot-understanding",
        "question": "What is the main theme of the video from 3.0 to 1869.0 seconds?",
        "options": [
            "A. A scientific experiment in a laboratory.",
            "B. A festive celebration with anthropomorphic characters.",
            "C. A cooking show in a rustic kitchen.",
            "D. A sports competition in a stadium."
        ],
        "answer": "B",
        "qa_level": "long_term",
        "qa_type": "mcqa",
        "old_answer": "B"
    },
    {
        "qa_idx": 16,
        "qa_task": "speed",
        "question": "Which character is depicted as moving faster in the video from 3.0 to 1869.0 seconds?",
        "options": [
            "A. The bear character juggling sausages.",
            "B. The small figure in a magenta outfit observing.",
            "C. The rabbit carrying a gift box.",
            "D. The bear character in a white lab coat measuring plants."
        ],
        "answer": "A",
        "qa_level": "long_term",
        "qa_type": "mcqa",
        "old_answer": "A"
    },
    {
        "qa_idx": 17,
        "qa_task": "attribute-change",
        "question": "How does the setting change from the beginning to the end of the video from 3.0 seconds to 1869.0 seconds?",
        "options": [
            "A. From a circus-themed indoor setting to a festive outdoor winter wonderland.",
            "B. From a laboratory setting to a cozy indoor tea party.",
            "C. From a serene outdoor forest to a vibrant garden picnic.",
            "D. From a rustic indoor setting to a scientific laboratory."
        ],
        "answer": "A",
        "qa_level": "long_term",
        "qa_type": "mcqa",
        "old_answer": "A"
    },
    {
        "qa_idx": 18,
        "qa_task": "character-understanding",
        "question": "What is the bear character doing in the laboratory or workshop setting from 440.0 seconds to 543.0 seconds?",
        "options": [
            "A. The bear is sleeping.",
            "B. The bear is engaged in scientific experiments.",
            "C. The bear is playing with toys.",
            "D. The bear is cooking."
        ],
        "answer": "B",
        "qa_level": "long_term",
        "qa_type": "mcqa",
        "old_answer": "B"
    },
    {
        "qa_idx": 19,
        "qa_task": "object understanding",
        "question": "What objects are featured on the table during the tea party scene in the indoor celebratory setting?",
        "options": [
            "A. A golden samovar, presents, and a bear holding a cake.",
            "B. A wooden sled, a rounded purple figure, and a puddled wooden floor.",
            "C. A mailbox, wooden crates, and a meandering path.",
            "D. A tricycle, a plaid blanket, and a wooden headboard."
        ],
        "answer": "A",
        "qa_level": "long_term",
        "qa_type": "mcqa",
        "old_answer": "A"
    }
]