[
    {
        "qa_idx": 0,
        "qa_type": "qa",
        "qa_level": "frame",
        "qa_task": "character-understanding",
        "question": "Is the small figure in the video wearing purple clothing at 535.0 seconds?",
        "answer": "Yes",
        "old_answer": "Yes"
    },
    {
        "qa_idx": 1,
        "qa_type": "qa",
        "qa_level": "frame",
        "qa_task": "object understanding",
        "question": "Is the individual in the frame wearing an orange and purple outfit at 1371.0 seconds?",
        "answer": "Yes",
        "old_answer": "Yes"
    },
    {
        "qa_idx": 2,
        "qa_type": "qa",
        "qa_level": "within_event",
        "qa_task": "camera-direction",
        "question": "Does the camera follow the spacecraft as it moves towards a distant star against a starry backdrop from 1370.0 to 1434.0 seconds?",
        "answer": "Yes",
        "old_answer": "Yes"
    },
    {
        "qa_idx": 3,
        "qa_task": "object understanding",
        "question": "What is the appearance of the bear in the wooded scene at 1045.0 seconds into the video?",
        "options": [
            "A. The bear is small with a black coat and white spots.",
            "B. The bear is large with a brown coat, tan muzzle, and belly.",
            "C. The bear is medium-sized with a gray coat and blue eyes.",
            "D. The bear is large with a white coat and black patches."
        ],
        "answer": "B",
        "qa_level": "frame",
        "qa_type": "mcqa",
        "old_answer": "B"
    },
    {
        "qa_idx": 4,
        "qa_task": "plot-understanding",
        "question": "What is the main theme depicted in the video from 1748.0 to 1817.0 seconds?",
        "options": [
            "A. Winter wonderland.",
            "B. Autumn outdoor play.",
            "C. Summer beach party.",
            "D. Spring garden festival."
        ],
        "answer": "B",
        "qa_level": "within_event",
        "qa_type": "mcqa",
        "old_answer": "B"
    },
    {
        "qa_idx": 6,
        "qa_task": "character-understanding",
        "question": "What are the toys dressed as in the video event from 1436.0 to 1493.0 seconds?",
        "options": [
            "A. Knights.",
            "B. Astronauts.",
            "C. Pirates.",
            "D. Superheroes."
        ],
        "answer": "B",
        "qa_level": "within_event",
        "qa_type": "mcqa",
        "old_answer": "B"
    },
    {
        "qa_idx": 8,
        "qa_task": "camera-direction",
        "question": "In the video event from 1957.0 to 1968.0 seconds, how does the camera capture the final scene with the bear and the small figure?",
        "options": [
            "A. The camera moves closer to the bear and the small figure.",
            "B. The camera moves away from the bear and the small figure.",
            "C. The camera remains stationary, focusing on the bear and the small figure.",
            "D. The camera pans from left to right across the bear and the small figure."
        ],
        "answer": "C",
        "qa_level": "within_event",
        "qa_type": "mcqa",
        "old_answer": "C"
    },
    {
        "qa_idx": 9,
        "qa_task": "temporal-relationship",
        "question": "What was the bear doing before the scene transitioned to the outdoor pathway in the forest from 1688.0 to 1741.0 seconds?",
        "options": [
            "A. The bear was interacting with various objects in the room.",
            "B. The bear was walking along the forest path.",
            "C. The bear was sitting on a wooden chest.",
            "D. The bear was climbing a tree."
        ],
        "answer": "A",
        "qa_level": "within_event",
        "qa_type": "mcqa",
        "old_answer": "A"
    },
    {
        "qa_idx": 10,
        "qa_task": "descriptive-scene",
        "question": "Where do the events in the video primarily take place from 369.0 to 429.0 seconds and H to e seconds?",
        "options": [
            "A. In a bustling city with modern skyscrapers.",
            "B. In a cozy indoor setting transitioning to a serene countryside.",
            "C. In a futuristic space station.",
            "D. In a busy marketplace with various stalls."
        ],
        "answer": "B",
        "qa_level": "cross_event",
        "qa_type": "mcqa",
        "old_answer": "B"
    },
    {
        "qa_idx": 11,
        "qa_task": "spatial-relationship",
        "question": "Where is the bear positioned when it is interacting with the mailbox and examining envelopes?",
        "options": [
            "A. Near the house built into an enormous tree.",
            "B. Inside a cozy, well-decorated room.",
            "C. In a cluttered, rustic storage room.",
            "D. In a vibrant and dynamic indoor environment."
        ],
        "answer": "A",
        "qa_level": "long_term",
        "qa_type": "mcqa",
        "old_answer": "A"
    },
    {
        "qa_idx": 13,
        "qa_task": "plot-understanding",
        "question": "What is the main theme of the video from 9.0 to 1968.0 seconds?",
        "options": [
            "A. A bear and a child engaging in various activities in a cozy, rustic setting.",
            "B. A group of animals preparing for a space mission.",
            "C. A family celebrating a holiday in a decorated house.",
            "D. A sports team practicing for a big game."
        ],
        "answer": "A",
        "qa_level": "long_term",
        "qa_type": "mcqa",
        "old_answer": "A"
    },
    {
        "qa_idx": 15,
        "qa_task": "object understanding",
        "question": "What objects are featured in the rustic scene with the house built into an enormous tree?",
        "options": [
            "A. A blue curtain, a milk tank, flowers, and a mailbox.",
            "B. A red bicycle, glass bottles, and a first aid box.",
            "C. A striped armchair, a fireplace, and trophies.",
            "D. A patterned rug, a vacuum cleaner, and a wooden door."
        ],
        "answer": "A",
        "qa_level": "long_term",
        "qa_type": "mcqa",
        "old_answer": "A"
    },
    {
        "qa_idx": 16,
        "qa_task": "time-order",
        "question": "In which order do the events occur in the video from 9.0 to 1968.0 seconds?",
        "options": [
            "A. The bear interacts with a mailbox, then the bear and a child engage in painting, followed by a scene with a bear holding a large fish, and finally, a bear in an orange space suit inside a dome-like structure.",
            "B. The bear and a child engage in painting, then the bear interacts with a mailbox, followed by a scene with a bear holding a large fish, and finally, a bear in an orange space suit inside a dome-like structure.",
            "C. The bear interacts with a mailbox, then a bear holding a large fish, followed by the bear and a child engaging in painting, and finally, a bear in an orange space suit inside a dome-like structure.",
            "D. The bear and a child engage in painting, then a bear holding a large fish, followed by the bear interacting with a mailbox, and finally, a bear in an orange space suit inside a dome-like structure."
        ],
        "answer": "A",
        "qa_level": "long_term",
        "qa_type": "mcqa",
        "old_answer": "A"
    }
]