[
    {
        "qa_idx": 0,
        "qa_type": "qa",
        "qa_level": "frame",
        "qa_task": "object understanding",
        "question": "Is there a woman positioned towards the right side of the frame at 2348.0 seconds into the video?",
        "answer": "Yes",
        "old_answer": "Yes"
    },
    {
        "qa_idx": 1,
        "qa_task": "object understanding",
        "question": "What is featured in the background of the frame captured at 2538.0 seconds into the video?",
        "options": [
            "A. A banner with Korean text.",
            "B. A large painting.",
            "C. A bookshelf filled with books.",
            "D. A window with curtains."
        ],
        "answer": "A",
        "qa_level": "frame",
        "qa_type": "mcqa",
        "old_answer": "A"
    },
    {
        "qa_idx": 2,
        "qa_task": "descriptive-scene",
        "question": "Where does the scene at 1874.0 seconds into the video take place?",
        "options": [
            "A. In an office.",
            "B. In a park.",
            "C. In an outdoor setting.",
            "D. In a living room."
        ],
        "answer": "C",
        "qa_level": "frame",
        "qa_type": "mcqa",
        "old_answer": "C"
    },
    {
        "qa_idx": 4,
        "qa_type": "qa",
        "qa_level": "cross_event",
        "qa_task": "action-understanding",
        "question": "In the scene from 1178.0 to 1247.0, does the woman in vibrant floral-patterned clothing start organizing documents from a wooden cabinet?",
        "answer": "No",
        "old_answer": "No"
    },
    {
        "qa_idx": 5,
        "qa_type": "qa",
        "qa_level": "cross_event",
        "qa_task": "action-understanding",
        "question": "In the event from 1250.0 to 1311.0, does the video show individuals organizing items from a wooden cabinet?",
        "answer": "Yes",
        "old_answer": "Yes"
    },
    {
        "qa_idx": 6,
        "qa_task": "object-direction",
        "question": "In the video events from 780.0 to 897.0 seconds and H to e seconds, what is the direction of the movement of individuals in the outdoor scenes?",
        "options": [
            "A. From the shoreline to the rural landscape.",
            "B. From the rural landscape to the shoreline.",
            "C. From the cherry blossoms to the shoreline.",
            "D. From the household setting to the rural landscape."
        ],
        "answer": "A",
        "qa_level": "cross_event",
        "qa_type": "mcqa",
        "old_answer": "A"
    },
    {
        "qa_idx": 7,
        "qa_task": "attribute-change",
        "question": "How does the setting change from the beginning to the end of the video events between 1022.0 seconds to 1088.0 seconds?",
        "options": [
            "A. The setting changes from an indoor meal scene to an outdoor household activity scene.",
            "B. The setting remains the same throughout the video.",
            "C. The setting changes from an outdoor activity scene to an indoor meal scene.",
            "D. The setting changes from a rural area to an urban area."
        ],
        "answer": "A",
        "qa_level": "cross_event",
        "qa_type": "mcqa",
        "old_answer": "A"
    },
    {
        "qa_idx": 8,
        "qa_task": "temporal-relationship",
        "question": "What happens immediately after the older individual serves rice from the rice cooker into a bowl in the domestic kitchen setting from 956.0 to 1016.0 seconds?",
        "options": [
            "A. A woman and a man are engaged in a meal in the dining area.",
            "B. The man touches his head while wearing a plaid shirt.",
            "C. A person in floral-patterned clothing enters a passage in a private residence.",
            "D. A woman is seen from behind, moving through a hallway with patterned wallpaper and a clock."
        ],
        "answer": "A",
        "qa_level": "cross_event",
        "qa_type": "mcqa",
        "old_answer": "A"
    },
    {
        "qa_idx": 10,
        "qa_task": "temporal-relationship",
        "question": "What was the woman doing before she was seen holding a walking stick in a serene courtyard?",
        "options": [
            "A. She was seated near a building, dressed in a colorful floral-patterned vest.",
            "B. She was engaged in food preparation in a kitchen.",
            "C. She was interacting with a dog in a garden.",
            "D. She was seen in a greenhouse with agricultural supplies."
        ],
        "answer": "A",
        "qa_level": "long_term",
        "qa_type": "mcqa",
        "old_answer": "A"
    },
    {
        "qa_idx": 15,
        "qa_task": "speed",
        "question": "Which is faster, the boat or the car in the video from 5.0 to 2815.0 seconds?",
        "options": [
            "A. The boat.",
            "B. The car.",
            "C. Both are at the same speed.",
            "D. None of the above."
        ],
        "answer": "B",
        "qa_level": "long_term",
        "qa_type": "mcqa",
        "old_answer": "B"
    },
    {
        "qa_idx": 16,
        "qa_task": "attribute-change",
        "question": "How does the environment change from the beginning to the end of the video from 5.0 to 2815.0 seconds?",
        "options": [
            "A. The video starts with a serene coastal landscape and transitions to a dark, featureless frame.",
            "B. The video starts with a bustling urban area and transitions to a serene coastal landscape.",
            "C. The video starts with a dark, featureless frame and transitions to a bustling urban area.",
            "D. The video starts with a serene coastal landscape and transitions to a bustling urban area."
        ],
        "answer": "A",
        "qa_level": "long_term",
        "qa_type": "mcqa",
        "old_answer": "A"
    },
    {
        "qa_idx": 18,
        "qa_task": "time-order",
        "question": "In which order do the events occur in the video from 5.0 to 2815.0 seconds?",
        "options": [
            "A. Aerial view of coastal landscape, residential setting with blooming trees, woman seated near a building, lush garden scene, traditional-style house, serene courtyard, indoor scene with a woman on a bed, maritime activities, food preparation, social gathering, rural landscape, indoor communal activity, black frame.",
            "B. Aerial view of coastal landscape, lush garden scene, woman seated near a building, residential setting with blooming trees, traditional-style house, serene courtyard, indoor scene with a woman on a bed, maritime activities, food preparation, social gathering, rural landscape, indoor communal activity, black frame.",
            "C. Aerial view of coastal landscape, residential setting with blooming trees, lush garden scene, woman seated near a building, traditional-style house, serene courtyard, indoor scene with a woman on a bed, maritime activities, food preparation, social gathering, rural landscape, indoor communal activity, black frame.",
            "D. Aerial view of coastal landscape, lush garden scene, residential setting with blooming trees, woman seated near a building, traditional-style house, serene courtyard, indoor scene with a woman on a bed, maritime activities, food preparation, social gathering, rural landscape, indoor communal activity, black frame."
        ],
        "answer": "A",
        "qa_level": "long_term",
        "qa_type": "mcqa",
        "old_answer": "A"
    }
]