[
    {
        "qa_idx": 0,
        "qa_task": "object understanding",
        "question": "What is the man on the left wearing in the frame captured at 2017.0 seconds into the video?",
        "options": [
            "A. A denim jacket over a black shirt.",
            "B. An orange jacket.",
            "C. A white shirt and blue jeans.",
            "D. A black suit."
        ],
        "answer": "A",
        "qa_level": "frame",
        "qa_type": "mcqa",
        "old_answer": "A"
    },
    {
        "qa_idx": 1,
        "qa_type": "qa",
        "qa_level": "within_event",
        "qa_task": "action-understanding",
        "question": "During the event from 751.0 to 812.0 seconds, does anyone in the room start playing a musical instrument?",
        "answer": "No",
        "old_answer": "No"
    },
    {
        "qa_idx": 3,
        "qa_type": "qa",
        "qa_level": "cross_event",
        "qa_task": "camera-direction",
        "question": "From the time of 2142.0 to 2204.0 and 2206.0 to 2264.0, does the camera follow the girl in the yellow shirt as she interacts with the interviewer?",
        "answer": "Yes",
        "old_answer": "Yes"
    },
    {
        "qa_idx": 5,
        "qa_type": "qa",
        "qa_level": "cross_event",
        "qa_task": "character-understanding",
        "question": "Were there individuals engaged in conversations in both events from 390.0 to 449.0 and 456.0 to 563.0?",
        "answer": "Yes",
        "old_answer": "Yes"
    },
    {
        "qa_idx": 6,
        "qa_task": "descriptive-scene",
        "question": "What kind of setting is depicted in the video from 813.0 to 873.0 seconds?",
        "options": [
            "A. A formal office.",
            "B. A modern living room.",
            "C. A busy street.",
            "D. A classroom."
        ],
        "answer": "B",
        "qa_level": "within_event",
        "qa_type": "mcqa",
        "old_answer": "B"
    },
    {
        "qa_idx": 8,
        "qa_type": "qa",
        "qa_level": "long_term",
        "qa_task": "action-understanding",
        "question": "Between 4.0 and 2595.0 seconds, did any individual remove a USB cable from a charging port?",
        "answer": "No",
        "old_answer": "No"
    },
    {
        "qa_idx": 9,
        "qa_task": "attribute-change",
        "question": "How does the environment in the scene change from the beginning to the end of the video event from 2330.0 to 2339.0 seconds?",
        "options": [
            "A. The environment becomes more cluttered.",
            "B. The environment becomes more organized.",
            "C. The environment remains the same.",
            "D. The environment becomes darker."
        ],
        "answer": "C",
        "qa_level": "within_event",
        "qa_type": "mcqa",
        "old_answer": "C"
    },
    {
        "qa_idx": 11,
        "qa_task": "speed",
        "question": "How does the speed of interaction change between the man and the woman from the beginning to the end of the event from 1429.0 seconds to 1499.0 seconds?",
        "options": [
            "A. The speed of interaction remains constant throughout the event.",
            "B. The speed of interaction increases as the event progresses.",
            "C. The speed of interaction decreases as the event progresses.",
            "D. The speed of interaction fluctuates throughout the event."
        ],
        "answer": "B",
        "qa_level": "cross_event",
        "qa_type": "mcqa",
        "old_answer": "B"
    },
    {
        "qa_idx": 14,
        "qa_task": "spatial-relationship",
        "question": "What is positioned to the right side of the frame in the modern and well-decorated living space?",
        "options": [
            "A. A large aquarium.",
            "B. A staircase leading to an upper level.",
            "C. A dartboard.",
            "D. A red telephone booth model."
        ],
        "answer": "B",
        "qa_level": "long_term",
        "qa_type": "mcqa",
        "old_answer": "B"
    },
    {
        "qa_idx": 17,
        "qa_task": "speed",
        "question": "Which individual is moving faster in the video sequence from 4.0 to 2595.0 seconds?",
        "options": [
            "A. The woman in a vibrant pink shirt dancing.",
            "B. The man in a denim jacket interacting nearby.",
            "C. The woman in a light blue dress standing near a wall.",
            "D. The man in a green and black jacket near a motorcycle."
        ],
        "answer": "A",
        "qa_level": "long_term",
        "qa_type": "mcqa",
        "old_answer": "A"
    },
    {
        "qa_idx": 18,
        "qa_task": "attribute-change",
        "question": "How does the background change from the beginning to the end of the video from 4.0 to 2595.0 seconds?",
        "options": [
            "A. From a whimsical scene with celestial motifs to a modern, well-decorated indoor setting.",
            "B. From a modern indoor setting to an outdoor garden.",
            "C. From a dark, gloomy room to a brightly lit studio.",
            "D. From a beach scene to a mountain landscape."
        ],
        "answer": "A",
        "qa_level": "long_term",
        "qa_type": "mcqa",
        "old_answer": "A"
    },
    {
        "qa_idx": 19,
        "qa_task": "object understanding",
        "question": "What decorative items are visible on the shelves in the modern indoor setting from 4.0 to 2595.0 seconds?",
        "options": [
            "A. A globe, vintage-style telephones, and geometric decorations.",
            "B. A red phone booth, a fish tank, and a staircase.",
            "C. A dartboard, plants, and a television showing an aquatic scene.",
            "D. A model sailboat, toy cars, and a Stormtrooper figurine."
        ],
        "answer": "A",
        "qa_level": "long_term",
        "qa_type": "mcqa",
        "old_answer": "A"
    }
]