[
    {
        "qa_idx": 0,
        "qa_task": "object understanding",
        "question": "What can be seen through the window of the vehicle at the 29.0-second mark of the video?",
        "options": [
            "A. A rural landscape with trees and fields.",
            "B. A beach with people sunbathing.",
            "C. Buildings with large windows and signage, and moving cars on the road.",
            "D. A mountain range with snow-capped peaks."
        ],
        "answer": "C",
        "qa_level": "frame",
        "qa_type": "mcqa",
        "old_answer": "C"
    },
    {
        "qa_idx": 1,
        "qa_type": "qa",
        "qa_level": "within_event",
        "qa_task": "action-understanding",
        "question": "Between 266.0 and 334.0 seconds, does the person inside the vehicle step out and start a campfire on the grassy path?",
        "answer": "No",
        "old_answer": "No"
    },
    {
        "qa_idx": 3,
        "qa_type": "qa",
        "qa_level": "within_event",
        "qa_task": "character-understanding",
        "question": "Were there any humans visible in the video from 150.0 to 170.0 seconds?",
        "answer": "No",
        "old_answer": "No"
    },
    {
        "qa_idx": 4,
        "qa_task": "spatial-relationship",
        "question": "What is on the right side of the frame at 523.0 seconds into the video?",
        "options": [
            "A. A person in a hooded garment.",
            "B. A collection of plants.",
            "C. A building.",
            "D. A car."
        ],
        "answer": "B",
        "qa_level": "frame",
        "qa_type": "mcqa",
        "old_answer": "B"
    },
    {
        "qa_idx": 5,
        "qa_type": "qa",
        "qa_level": "cross_event",
        "qa_task": "action-understanding",
        "question": "In the event from 680.0 to 741.0, do the silhouetted figures set up a tent in the illuminated outdoor environment?",
        "answer": "No",
        "old_answer": "No"
    },
    {
        "qa_idx": 6,
        "qa_task": "attribute-change",
        "question": "How does the visibility of the vegetation change throughout the event from 680.0 to 741.0 seconds?",
        "options": [
            "A. The vegetation becomes less visible as the event progresses.",
            "B. The vegetation remains consistently illuminated throughout the event.",
            "C. The vegetation becomes more discernible and illuminated as the event progresses.",
            "D. The vegetation is not visible at any point during the event."
        ],
        "answer": "C",
        "qa_level": "within_event",
        "qa_type": "mcqa",
        "old_answer": "C"
    },
    {
        "qa_idx": 7,
        "qa_type": "qa",
        "qa_level": "cross_event",
        "qa_task": "speed",
        "question": "Did the horse move quickly through the forested area at night from 2442.0 to 2517.0?",
        "answer": "No",
        "old_answer": "No"
    },
    {
        "qa_idx": 8,
        "qa_task": "object-direction",
        "question": "In which direction is the horse being ridden in the initial nighttime scene with the illuminated house in the background from 2442.0 to 2517.0 seconds?",
        "options": [
            "A. Towards the house.",
            "B. Away from the house.",
            "C. Parallel to the house.",
            "D. Around the house."
        ],
        "answer": "B",
        "qa_level": "within_event",
        "qa_type": "mcqa",
        "old_answer": "B"
    },
    {
        "qa_idx": 9,
        "qa_task": "attribute-change",
        "question": "How does the illumination in the scene change from the beginning to the end of the event from 927.0 to 987.0 seconds?",
        "options": [
            "A. The scene becomes completely dark.",
            "B. The illumination remains constant throughout.",
            "C. The scene becomes brightly lit.",
            "D. The illumination varies with sporadic artificial light."
        ],
        "answer": "D",
        "qa_level": "within_event",
        "qa_type": "mcqa",
        "old_answer": "D"
    },
    {
        "qa_idx": 10,
        "qa_task": "character-understanding",
        "question": "What is the main activity of the individual in the video event from 2614.0 to 2724.0 seconds?",
        "options": [
            "A. The individual is walking through a dark forest.",
            "B. The individual is sitting by a campfire.",
            "C. The individual is swimming in a river.",
            "D. The individual is climbing a mountain."
        ],
        "answer": "A",
        "qa_level": "cross_event",
        "qa_type": "mcqa",
        "old_answer": "A"
    },
    {
        "qa_idx": 11,
        "qa_task": "temporal-relationship",
        "question": "What happened after the scene with the person in dark clothing and gloves mounted on a black horse in the dense forest?",
        "options": [
            "A. The scene transitions to a night scene with three individuals engaged in a mysterious activity.",
            "B. The scene shows a vivid depiction of a roaring tiger against a dark background.",
            "C. The scene shifts to an indoor setting with a man positioned centrally against a dim backdrop.",
            "D. The scene captures a person in a camouflage-patterned jacket holding a red-lit device in a dark environment."
        ],
        "answer": "A",
        "qa_level": "long_term",
        "qa_type": "mcqa",
        "old_answer": "A"
    },
    {
        "qa_idx": 12,
        "qa_task": "spatial-relationship",
        "question": "Where is the person holding a leash positioned in the nighttime forest scene?",
        "options": [
            "A. On the left side of the pathway.",
            "B. On the right side of the pathway.",
            "C. In the center of the pathway.",
            "D. Behind a tree."
        ],
        "answer": "B",
        "qa_level": "long_term",
        "qa_type": "mcqa",
        "old_answer": "B"
    },
    {
        "qa_idx": 13,
        "qa_task": "time-order",
        "question": "In which order do the events occur in the video from 1.0 to 3815.0 seconds?",
        "options": [
            "A. A person in dark clothing is mounted on a black horse in a dense forest. -> A nighttime scene with three individuals engaged in mysterious activity. -> A man holding a camera documents objects suggesting rituals or offerings. -> A car with illuminated brake lights is seen near a festively lit venue. -> A person in camouflage-patterned clothing is seen holding a red-lit device in a dark forest.",
            "B. A person in dark clothing is mounted on a black horse in a dense forest. -> A man holding a camera documents objects suggesting rituals or offerings. -> A nighttime scene with three individuals engaged in mysterious activity. -> A car with illuminated brake lights is seen near a festively lit venue. -> A person in camouflage-patterned clothing is seen holding a red-lit device in a dark forest.",
            "C. A person in dark clothing is mounted on a black horse in a dense forest. -> A car with illuminated brake lights is seen near a festively lit venue. -> A nighttime scene with three individuals engaged in mysterious activity. -> A man holding a camera documents objects suggesting rituals or offerings. -> A person in camouflage-patterned clothing is seen holding a red-lit device in a dark forest.",
            "D. A person in dark clothing is mounted on a black horse in a dense forest. -> A nighttime scene with three individuals engaged in mysterious activity. -> A car with illuminated brake lights is seen near a festively lit venue. -> A man holding a camera documents objects suggesting rituals or offerings. -> A person in camouflage-patterned clothing is seen holding a red-lit device in a dark forest."
        ],
        "answer": "A",
        "qa_level": "long_term",
        "qa_type": "mcqa",
        "old_answer": "A"
    },
    {
        "qa_idx": 15,
        "qa_task": "camera-direction",
        "question": "In the video event from 266.0 to 1056.0 seconds, what is the direction of the camera movement when the scene transitions from the interior of a vehicle to a nighttime outdoor setting?",
        "options": [
            "A. The camera moves from inside the vehicle to the outside.",
            "B. The camera moves from outside to inside the vehicle.",
            "C. The camera remains stationary inside the vehicle.",
            "D. The camera moves from the outside to a building."
        ],
        "answer": "A",
        "qa_level": "long_term",
        "qa_type": "mcqa",
        "old_answer": "A"
    },
    {
        "qa_idx": 16,
        "qa_task": "speed",
        "question": "Which mode of transportation is faster in the video from 1.0 to 3815.0 seconds?",
        "options": [
            "A. The black horse.",
            "B. The white car.",
            "C. The black off-road vehicle.",
            "D. The red land vehicle."
        ],
        "answer": "B",
        "qa_level": "long_term",
        "qa_type": "mcqa",
        "old_answer": "B"
    }
]