[
    {
        "qa_idx": 0,
        "qa_task": "character-understanding",
        "question": "What indicates human presence in the video frame at 1550.0 seconds?",
        "options": [
            "A. A group of people walking.",
            "B. A parking area with a few parked cars.",
            "C. A house on the hill.",
            "D. A person riding a bicycle."
        ],
        "answer": "B",
        "qa_level": "frame",
        "qa_type": "mcqa",
        "old_answer": "B"
    },
    {
        "qa_idx": 1,
        "qa_task": "spatial-relationship",
        "question": "What is the smaller pig character holding in the kitchen scene at 1272.0 seconds?",
        "options": [
            "A. A turquoise telephone.",
            "B. A yellow stick.",
            "C. A green spotted curtain.",
            "D. A faucet."
        ],
        "answer": "A",
        "qa_level": "frame",
        "qa_type": "mcqa",
        "old_answer": "A"
    },
    {
        "qa_idx": 2,
        "qa_type": "qa",
        "qa_level": "within_event",
        "qa_task": "camera-direction",
        "question": "Does the camera follow the pig character with a red umbrella as it walks towards the car holding a grocery bag amid tall pine trees from 1499.0 to 1550.0 seconds?",
        "answer": "No",
        "old_answer": "No"
    },
    {
        "qa_idx": 3,
        "qa_type": "qa",
        "qa_level": "within_event",
        "qa_task": "action-understanding",
        "question": "During the event from 484.0 to 549.0 seconds, do the anthropomorphic pig characters engage in a dance performance outside the house with the bell tower?",
        "answer": "No",
        "old_answer": "No"
    },
    {
        "qa_idx": 4,
        "qa_task": "attribute-change",
        "question": "How does the setting change from the beginning to the end of the event from 336.0 to 398.0 seconds?",
        "options": [
            "A. The setting changes from a brightly colored office to a classroom.",
            "B. The setting changes from a dark room to a brightly lit outdoor scene.",
            "C. The setting changes from a classroom to a yellow two-story house.",
            "D. The setting changes from a rural environment to an office."
        ],
        "answer": "A",
        "qa_level": "within_event",
        "qa_type": "mcqa",
        "old_answer": "A"
    },
    {
        "qa_idx": 5,
        "qa_type": "qa",
        "qa_level": "cross_event",
        "qa_task": "action-understanding",
        "question": "In the event from 1153.0 to 1214.0, does the larger pig character wear glasses?",
        "answer": "Yes",
        "old_answer": "Yes"
    },
    {
        "qa_idx": 6,
        "qa_type": "qa",
        "qa_level": "long_term",
        "qa_task": "speed",
        "question": "Throughout the video from 3.0 to 2188.0 seconds, do the animated characters engage in activities at a fast pace?",
        "answer": "No",
        "old_answer": "No"
    },
    {
        "qa_idx": 7,
        "qa_type": "qa",
        "qa_level": "long_term",
        "qa_task": "plot-understanding",
        "question": "Does the video event depict a consistent theme of playful and cheerful interactions among anthropomorphic characters in various outdoor and indoor settings from 3.0 to 2188.0 seconds?",
        "answer": "Yes",
        "old_answer": "Yes"
    },
    {
        "qa_idx": 8,
        "qa_task": "camera-direction",
        "question": "Does the camera focus on the pig character holding the turquoise device before or after showing the white character with pink accents holding a red telephone receiver in the video from 1293.0 to 1357.0 seconds?",
        "options": [
            "A. Before.",
            "B. After.",
            "C. Simultaneously.",
            "D. The camera does not focus on the pig character."
        ],
        "answer": "B",
        "qa_level": "within_event",
        "qa_type": "mcqa",
        "old_answer": "B"
    },
    {
        "qa_idx": 10,
        "qa_task": "object-direction",
        "question": "In the video events from 1759.0 to 1874.0 seconds and H to e seconds, what direction do the animated characters, including a rabbit and a group, move in the outdoor scenes?",
        "options": [
            "A. Up a grassy hill.",
            "B. Down a grassy hill.",
            "C. Across a flat field.",
            "D. Towards a building."
        ],
        "answer": "B",
        "qa_level": "cross_event",
        "qa_type": "mcqa",
        "old_answer": "B"
    },
    {
        "qa_idx": 11,
        "qa_task": "temporal-relationship",
        "question": "What activity were the animated pig characters engaged in before they were seen playing in the mud puddle?",
        "options": [
            "A. Blowing bubbles.",
            "B. Reading a newspaper.",
            "C. Playing with a toy rocket.",
            "D. Eating ice cream."
        ],
        "answer": "A",
        "qa_level": "long_term",
        "qa_type": "mcqa",
        "old_answer": "A"
    },
    {
        "qa_idx": 12,
        "qa_task": "spatial-relationship",
        "question": "Where is the bicycle with cow-like patterns located in the video?",
        "options": [
            "A. Near some bushes on the right side of the frame.",
            "B. Next to a tree with large green leaves.",
            "C. In front of a yellow house with a red roof.",
            "D. Beside a blue picket fence."
        ],
        "answer": "A",
        "qa_level": "long_term",
        "qa_type": "mcqa",
        "old_answer": "A"
    },
    {
        "qa_idx": 13,
        "qa_task": "counting",
        "question": "How many anthropomorphic pig characters are seen standing together on a grassy hill under the bright sun in the video event from 3.0 to 2188.0 seconds?",
        "options": [
            "A. Two.",
            "B. Four.",
            "C. Six.",
            "D. Eight."
        ],
        "answer": "B",
        "qa_level": "long_term",
        "qa_type": "mcqa",
        "old_answer": "B"
    },
    {
        "qa_idx": 15,
        "qa_task": "object-direction",
        "question": "In the video event from 3.0 to 2188.0 seconds, which direction do the animated pig characters look towards during their playful activities on the grassy field?",
        "options": [
            "A. Towards the left.",
            "B. Towards the right.",
            "C. Towards the sky.",
            "D. Towards the ground."
        ],
        "answer": "A",
        "qa_level": "long_term",
        "qa_type": "mcqa",
        "old_answer": "A"
    },
    {
        "qa_idx": 17,
        "qa_task": "speed",
        "question": "Which character is faster in the video from 3.0 to 2188.0 seconds, the pink pig or the fox?",
        "options": [
            "A. The pink pig.",
            "B. The fox.",
            "C. Both are at the same speed.",
            "D. None of the above."
        ],
        "answer": "B",
        "qa_level": "long_term",
        "qa_type": "mcqa",
        "old_answer": "B"
    },
    {
        "qa_idx": 18,
        "qa_task": "attribute-change",
        "question": "How does the outdoor setting change from the beginning to the end of the video event spanning from 3.0 to 2188.0 seconds?",
        "options": [
            "A. The sky changes from clear to overcast.",
            "B. The characters change from being indoors to outdoors.",
            "C. The setting changes from a vibrant and playful outdoor scene to a serene and colorful scene.",
            "D. The characters change from being in a classroom to being in a kitchen."
        ],
        "answer": "C",
        "qa_level": "long_term",
        "qa_type": "mcqa",
        "old_answer": "C"
    },
    {
        "qa_idx": 20,
        "qa_task": "time-order",
        "question": "In which order do the events occur in the video from 3.0 to 2188.0 seconds?",
        "options": [
            "A. Peppa Pig title screen, outdoor scene with characters, characters holding hands, characters playing with a red bucket, characters in a classroom, characters in a kitchen, characters in a car, characters in a rainy setting, characters in a living room, characters with a green dinosaur toy.",
            "B. Characters in a classroom, Peppa Pig title screen, characters in a kitchen, characters in a car, characters in a rainy setting, characters in a living room, characters with a green dinosaur toy, outdoor scene with characters, characters holding hands, characters playing with a red bucket.",
            "C. Characters in a car, characters in a rainy setting, characters in a living room, characters with a green dinosaur toy, Peppa Pig title screen, outdoor scene with characters, characters holding hands, characters playing with a red bucket, characters in a classroom, characters in a kitchen.",
            "D. Characters in a kitchen, characters in a car, characters in a rainy setting, characters in a living room, characters with a green dinosaur toy, Peppa Pig title screen, outdoor scene with characters, characters holding hands, characters playing with a red bucket, characters in a classroom."
        ],
        "answer": "A",
        "qa_level": "long_term",
        "qa_type": "mcqa",
        "old_answer": "A"
    }
]