[
    {
        "qa_idx": 0,
        "qa_task": "character-understanding",
        "question": "What is the man in the video wearing at 9700.0 seconds?",
        "options": [
            "A. Casual clothing.",
            "B. Traditional white clothing.",
            "C. Sportswear.",
            "D. Business suit."
        ],
        "answer": "B",
        "qa_level": "frame",
        "qa_type": "mcqa",
        "old_answer": "B"
    },
    {
        "qa_idx": 1,
        "qa_task": "character-understanding",
        "question": "What are the two men likely doing in the video frame at 1838.0 seconds?",
        "options": [
            "A. Engaged in a conversation or interaction.",
            "B. Playing a musical instrument.",
            "C. Cooking a meal.",
            "D. Exercising."
        ],
        "answer": "A",
        "qa_level": "frame",
        "qa_type": "mcqa",
        "old_answer": "A"
    },
    {
        "qa_idx": 2,
        "qa_task": "object understanding",
        "question": "What is the first man wearing in the video frame at 5053.0 seconds?",
        "options": [
            "A. A fully dressed outfit with a hat.",
            "B. A partially dressed outfit with a necklace.",
            "C. A suit and tie.",
            "D. Casual clothes with a scarf."
        ],
        "answer": "B",
        "qa_level": "frame",
        "qa_type": "mcqa",
        "old_answer": "B"
    },
    {
        "qa_idx": 3,
        "qa_type": "qa",
        "qa_level": "cross_event",
        "qa_task": "action-understanding",
        "question": "Between the time of 6865.0 to 7028.0, do any of the individuals engage in a competitive sports activity within the lush, green environment?",
        "answer": "No",
        "old_answer": "No"
    },
    {
        "qa_idx": 4,
        "qa_task": "descriptive-scene",
        "question": "Where does the video event primarily take place between 7750.0 seconds and 7871.0 seconds?",
        "options": [
            "A. In a park.",
            "B. In a kitchen.",
            "C. In a living room and bedroom.",
            "D. In an office."
        ],
        "answer": "C",
        "qa_level": "within_event",
        "qa_type": "mcqa",
        "old_answer": "C"
    },
    {
        "qa_idx": 5,
        "qa_task": "object-direction",
        "question": "In which direction do the man and woman move relative to the window in the final moments of the scene from 7878.0 to 7936.0 seconds?",
        "options": [
            "A. Towards the window.",
            "B. Away from the window.",
            "C. Parallel to the window.",
            "D. Diagonally across the room."
        ],
        "answer": "A",
        "qa_level": "within_event",
        "qa_type": "mcqa",
        "old_answer": "A"
    },
    {
        "qa_idx": 6,
        "qa_task": "spatial-relationship",
        "question": "In the sequence from 9140.0 to 9452.0 seconds, where is the man in the white shirt positioned in relation to the restrained man?",
        "options": [
            "A. The man in the white shirt is standing next to the restrained man.",
            "B. The man in the white shirt is positioned behind the restrained man.",
            "C. The man in the white shirt is prominently positioned while the restrained man is chained to the pillars.",
            "D. The man in the white shirt is sitting in front of the restrained man."
        ],
        "answer": "C",
        "qa_level": "cross_event",
        "qa_type": "mcqa",
        "old_answer": "C"
    },
    {
        "qa_idx": 7,
        "qa_task": "temporal-relationship",
        "question": "What happens after the two men are seen embracing in the outdoor environment from 6200.0 to 6268.0 seconds?",
        "options": [
            "A. They start walking away from each other.",
            "B. They continue to stand closely, maintaining their interaction.",
            "C. They sit down on the grass.",
            "D. They begin to argue."
        ],
        "answer": "B",
        "qa_level": "cross_event",
        "qa_type": "mcqa",
        "old_answer": "B"
    },
    {
        "qa_idx": 8,
        "qa_task": "speed",
        "question": "Between the events from 4228.0 to 4288.0 seconds and H to e seconds, which event depicts a faster pace of activities?",
        "options": [
            "A. Event from 4228.0 to 4288.0 seconds.",
            "B. Event from H to e seconds.",
            "C. Both events depict the same pace.",
            "D. Neither event depicts any significant pace."
        ],
        "answer": "A",
        "qa_level": "cross_event",
        "qa_type": "mcqa",
        "old_answer": "A"
    },
    {
        "qa_idx": 9,
        "qa_task": "descriptive-scene",
        "question": "Where do the events in the video from 1654.0 to 1737.0 seconds take place?",
        "options": [
            "A. In a public park.",
            "B. In a well-furnished residential space.",
            "C. In a corporate office.",
            "D. In a hospital."
        ],
        "answer": "B",
        "qa_level": "cross_event",
        "qa_type": "mcqa",
        "old_answer": "B"
    },
    {
        "qa_idx": 10,
        "qa_task": "temporal-relationship",
        "question": "What happens after the scene featuring a grand building's interior hall with intricate wooden paneling and vibrant red carpeting?",
        "options": [
            "A. The scene transitions to a formal room with large windows draped with blue curtains.",
            "B. The scene shifts to a kitchen with distinctive retro orange and yellow patterned tile design.",
            "C. The scene moves to an outdoor setting by a small stream with lush green surroundings.",
            "D. The scene transitions to a dimly lit cave with rugged stone formations."
        ],
        "answer": "A",
        "qa_level": "long_term",
        "qa_type": "mcqa",
        "old_answer": "A"
    },
    {
        "qa_idx": 11,
        "qa_task": "spatial-relationship",
        "question": "Where is the man standing when he is seen on an elevated platform with ornate wooden railings and architectural details?",
        "options": [
            "A. In a grand building's interior hall.",
            "B. In a formal room with large windows draped with blue curtains.",
            "C. On an elevated platform with ornate wooden railings and architectural details.",
            "D. In a kitchen with retro style wallpaper."
        ],
        "answer": "C",
        "qa_level": "long_term",
        "qa_type": "mcqa",
        "old_answer": "C"
    },
    {
        "qa_idx": 12,
        "qa_task": "causal",
        "question": "Why is the man in the red shirt restrained with chains in the dimly lit, ancient setting?",
        "options": [
            "A. He is being punished.",
            "B. He is part of a ceremonial ritual.",
            "C. He is being protected.",
            "D. He is being honored."
        ],
        "answer": "A",
        "qa_level": "long_term",
        "qa_type": "mcqa",
        "old_answer": "A"
    },
    {
        "qa_idx": 13,
        "qa_task": "time-order",
        "question": "In which order do the events occur in the video from 4.0 to 9746.0 seconds?",
        "options": [
            "A. The video opens with an official certification document, transitions to a poster, then to credit scenes, and finally to a sophisticated indoor environment.",
            "B. The video begins with a grand building's interior hall, transitions to a formal room, then to a kitchen, and finally to a lush green outdoor setting.",
            "C. The video starts with a serene outdoor scene, transitions to a kitchen, then to a formal indoor environment, and finally to a dramatic cave-like setting.",
            "D. The video opens with a dramatic cave-like setting, transitions to a formal indoor environment, then to a kitchen, and finally to a serene outdoor scene."
        ],
        "answer": "A",
        "qa_level": "long_term",
        "qa_type": "mcqa",
        "old_answer": "A"
    },
    {
        "qa_idx": 14,
        "qa_task": "plot-understanding",
        "question": "What is the main theme of the video from 4.0 to 9746.0 seconds?",
        "options": [
            "A. A cultural and traditional celebration with various interactions and ceremonies.",
            "B. A sports event with multiple competitions and activities.",
            "C. A documentary about wildlife and nature.",
            "D. A cooking show with different recipes and cooking techniques."
        ],
        "answer": "A",
        "qa_level": "long_term",
        "qa_type": "mcqa",
        "old_answer": "A"
    },
    {
        "qa_idx": 15,
        "qa_task": "camera-direction",
        "question": "How does the camera movement change from the beginning to the end of the video event from 4.0 to 9746.0 seconds?",
        "options": [
            "A. The camera moves from a static position to dynamic movements capturing various angles.",
            "B. The camera remains static throughout the video.",
            "C. The camera starts with dynamic movements and then becomes static.",
            "D. The camera only captures close-up shots without any movement."
        ],
        "answer": "A",
        "qa_level": "long_term",
        "qa_type": "mcqa",
        "old_answer": "A"
    },
    {
        "qa_idx": 16,
        "qa_task": "attribute-change",
        "question": "How does the setting change from the beginning to the end of the video event from 4.0 to 9746.0 seconds?",
        "options": [
            "A. From a formal indoor environment to a lush outdoor setting.",
            "B. From a lush outdoor setting to a formal indoor environment.",
            "C. From a formal indoor environment to a dimly lit cave.",
            "D. From a dimly lit cave to a formal indoor environment."
        ],
        "answer": "A",
        "qa_level": "long_term",
        "qa_type": "mcqa",
        "old_answer": "A"
    }
]