[
    {
        "qa_idx": 0,
        "qa_type": "qa",
        "qa_level": "frame",
        "qa_task": "object understanding",
        "question": "Is there a large screen displaying information about smartphone shipments at 1452.0 seconds into the video?",
        "answer": "Yes",
        "old_answer": "Yes"
    },
    {
        "qa_idx": 1,
        "qa_task": "spatial-relationship",
        "question": "What is the man doing with his hands at 3573.0 seconds into the video?",
        "options": [
            "A. Holding a book.",
            "B. Clasping them together in front of him.",
            "C. Waving.",
            "D. Putting them in his pockets."
        ],
        "answer": "B",
        "qa_level": "frame",
        "qa_type": "mcqa",
        "old_answer": "B"
    },
    {
        "qa_idx": 2,
        "qa_task": "object understanding",
        "question": "What branding is featured on the stage backdrop at 1310.0 seconds into the video?",
        "options": [
            "A. Microsoft.",
            "B. Apple.",
            "C. Google.",
            "D. Amazon."
        ],
        "answer": "C",
        "qa_level": "frame",
        "qa_type": "mcqa",
        "old_answer": "C"
    },
    {
        "qa_idx": 3,
        "qa_type": "qa",
        "qa_level": "within_event",
        "qa_task": "object understanding",
        "question": "Is there a large display screen in the background of the video from 4627.0 to 4684.0 seconds?",
        "answer": "Yes",
        "old_answer": "Yes"
    },
    {
        "qa_idx": 4,
        "qa_task": "descriptive-scene",
        "question": "Where is the man standing in the video frame at 6108.0 seconds?",
        "options": [
            "A. In front of a white background with a colorful circular graphic.",
            "B. In front of a green screen.",
            "C. In a crowded room.",
            "D. In a park."
        ],
        "answer": "A",
        "qa_level": "frame",
        "qa_type": "mcqa",
        "old_answer": "A"
    },
    {
        "qa_idx": 5,
        "qa_task": "spatial-relationship",
        "question": "Where is the person positioned in the frame at 5835.0 seconds into the video?",
        "options": [
            "A. Towards the left side of the frame.",
            "B. Towards the center of the frame.",
            "C. Towards the right side of the frame.",
            "D. At the bottom of the frame."
        ],
        "answer": "C",
        "qa_level": "frame",
        "qa_type": "mcqa",
        "old_answer": "C"
    },
    {
        "qa_idx": 6,
        "qa_type": "qa",
        "qa_level": "cross_event",
        "qa_task": "action-understanding",
        "question": "During the presentation from 1798.0 to 1870.0, does the man in a suit perform a live demonstration of the MATT machine on stage?",
        "answer": "No",
        "old_answer": "No"
    },
    {
        "qa_idx": 7,
        "qa_type": "qa",
        "qa_level": "long_term",
        "qa_task": "character-understanding",
        "question": "Did the video feature multiple individuals presenting at a formal event related to Google's initiatives in India from 965.0 to 6164.0 seconds?",
        "answer": "Yes",
        "old_answer": "Yes"
    },
    {
        "qa_idx": 9,
        "qa_task": "attribute-change",
        "question": "How does the background change in the video event from 4489.0 to 4555.0 seconds?",
        "options": [
            "A. The background changes from a cityscape to a rural landscape.",
            "B. The background changes from a lit-up cityscape to a dark, unlit cityscape.",
            "C. The background changes slightly to include cityscapes and text.",
            "D. The background changes from a cityscape to a beach scene."
        ],
        "answer": "C",
        "qa_level": "cross_event",
        "qa_type": "mcqa",
        "old_answer": "C"
    },
    {
        "qa_idx": 11,
        "qa_task": "attribute-change",
        "question": "How does the lighting and backdrop change from the beginning to the end of the event from 6021.0 seconds to 6091.0 seconds?",
        "options": [
            "A. The lighting becomes dimmer and the backdrop changes to a plain white screen.",
            "B. The lighting remains consistent and the backdrop changes to display various banking logos.",
            "C. The lighting becomes brighter and the backdrop changes to a colorful 'INDIA' decoration.",
            "D. The lighting remains consistent and the backdrop changes to a plain white screen."
        ],
        "answer": "B",
        "qa_level": "cross_event",
        "qa_type": "mcqa",
        "old_answer": "B"
    },
    {
        "qa_idx": 12,
        "qa_task": "object understanding",
        "question": "What is the appearance and function of the object the woman is using during her speech from 3345.0 to 3419.0 seconds?",
        "options": [
            "A. A podium branded with the Google logo, used for delivering a speech or presentation.",
            "B. A large screen displaying various scenes, used for visual support.",
            "C. A laptop computer, used for managing presentation content.",
            "D. A microphone, used for amplifying her voice."
        ],
        "answer": "A",
        "qa_level": "cross_event",
        "qa_type": "mcqa",
        "old_answer": "A"
    },
    {
        "qa_idx": 13,
        "qa_task": "time-order",
        "question": "What is the correct sequence of events in the two video descriptions from the time of 2988.0 to 3052.0 seconds and H to e seconds?",
        "options": [
            "A. The man in light-colored attire presents first, followed by the two individuals engaging with the audience.",
            "B. The two individuals engage with the audience first, followed by the man in light-colored attire presenting.",
            "C. The man in light-colored attire presents, then the countdown timer shows '58 58', followed by the two individuals engaging with the audience.",
            "D. The countdown timer shows '58 58' first, followed by the man in light-colored attire presenting, and then the two individuals engaging with the audience."
        ],
        "answer": "C",
        "qa_level": "cross_event",
        "qa_type": "mcqa",
        "old_answer": "C"
    },
    {
        "qa_idx": 14,
        "qa_task": "spatial-relationship",
        "question": "Where is the bicycle parked in the exterior scene of the weathered building?",
        "options": [
            "A. Against the wall.",
            "B. In front of the door.",
            "C. Next to a tree.",
            "D. Near the streetlight."
        ],
        "answer": "A",
        "qa_level": "long_term",
        "qa_type": "mcqa",
        "old_answer": "A"
    },
    {
        "qa_idx": 18,
        "qa_task": "speed",
        "question": "Which mode of transportation is highlighted for its speed in the video event descriptions from 965.0 to 6164.0 seconds?",
        "options": [
            "A. Bicycle.",
            "B. Train.",
            "C. Car.",
            "D. Airplane."
        ],
        "answer": "B",
        "qa_level": "long_term",
        "qa_type": "mcqa",
        "old_answer": "B"
    },
    {
        "qa_idx": 19,
        "qa_task": "attribute-change",
        "question": "How does the setting change from the beginning to the end of the video event from 965.0 to 6164.0 seconds?",
        "options": [
            "A. From a dimly lit indoor event to a vibrant outdoor rural setting.",
            "B. From a rural agricultural scene to a formal indoor conference.",
            "C. From a professional indoor conference to a bustling public transit hub.",
            "D. From a tranquil small town street to a large, well-lit auditorium."
        ],
        "answer": "D",
        "qa_level": "long_term",
        "qa_type": "mcqa",
        "old_answer": "D"
    },
    {
        "qa_idx": 20,
        "qa_task": "character-understanding",
        "question": "What is the attire of the woman presenting at the Google event from 1937.0 seconds to 4108.0 seconds?",
        "options": [
            "A. A long-sleeved red blouse and dark pants.",
            "B. A blue blazer over a red patterned shirt and light-colored trousers.",
            "C. A white top and a dark blazer.",
            "D. A traditional sari."
        ],
        "answer": "A",
        "qa_level": "long_term",
        "qa_type": "mcqa",
        "old_answer": "A"
    },
    {
        "qa_idx": 22,
        "qa_task": "time-order",
        "question": "In which order do the events occur in the video from 965.0 to 6164.0 seconds?",
        "options": [
            "A. Indoor event with colorful mandala patterns -> Exterior of a weathered building -> Person resting on a traditional bed -> Group under a large tree -> Teaching session on using the internet.",
            "B. Indoor event with colorful mandala patterns -> Person resting on a traditional bed -> Exterior of a weathered building -> Group under a large tree -> Teaching session on using the internet.",
            "C. Exterior of a weathered building -> Indoor event with colorful mandala patterns -> Person resting on a traditional bed -> Group under a large tree -> Teaching session on using the internet.",
            "D. Group under a large tree -> Indoor event with colorful mandala patterns -> Exterior of a weathered building -> Person resting on a traditional bed -> Teaching session on using the internet."
        ],
        "answer": "A",
        "qa_level": "long_term",
        "qa_type": "mcqa",
        "old_answer": "A"
    }
]