[
    {
        "qa_idx": 0,
        "qa_task": "character-understanding",
        "question": "What is prominently featured on the right side of the frame at the 2215.0-second mark of the video?",
        "options": [
            "A. A brightly illuminated tower.",
            "B. A large bridge.",
            "C. A ferris wheel.",
            "D. A stadium."
        ],
        "answer": "A",
        "qa_level": "frame",
        "qa_type": "mcqa",
        "old_answer": "A"
    },
    {
        "qa_idx": 1,
        "qa_task": "descriptive-scene",
        "question": "Where does the scene at 2133 seconds into the video take place?",
        "options": [
            "A. In a classroom.",
            "B. In a zoo-like environment.",
            "C. In a shopping mall.",
            "D. In a living room."
        ],
        "answer": "B",
        "qa_level": "frame",
        "qa_type": "mcqa",
        "old_answer": "B"
    },
    {
        "qa_idx": 2,
        "qa_type": "qa",
        "qa_level": "within_event",
        "qa_task": "camera-direction",
        "question": "Does the camera remain stationary while showing the girl standing near the tree from 951.0 to 1019.0 seconds?",
        "answer": "No",
        "old_answer": "No"
    },
    {
        "qa_idx": 3,
        "qa_type": "qa",
        "qa_level": "long_term",
        "qa_task": "character-understanding",
        "question": "Is there a scene where a girl is seen partially submerged in clear, turquoise water in Hawaii, USA between 34.0 and 2867.0 seconds?",
        "answer": "Yes",
        "old_answer": "Yes"
    },
    {
        "qa_idx": 4,
        "qa_task": "attribute-change",
        "question": "How does the scene change from the beginning to the end of the event from 2768.0 to 2805.0 seconds?",
        "options": [
            "A. The scene remains a nighttime view of the Toronto skyline.",
            "B. The scene transitions from a nighttime view of the Toronto skyline to a bustling open square, then to a vibrant outdoor market, and finally to the exterior of a CVS Pharmacy.",
            "C. The scene changes from a bustling open square to a nighttime view of the Toronto skyline.",
            "D. The scene transitions from a vibrant outdoor market to a bustling open square."
        ],
        "answer": "B",
        "qa_level": "within_event",
        "qa_type": "mcqa",
        "old_answer": "B"
    },
    {
        "qa_idx": 5,
        "qa_task": "camera-direction",
        "question": "How does the camera movement emphasize the modern architecture and organized environment of Tokyo's airport terminal from 1020.0 to 1083.0 seconds?",
        "options": [
            "A. The camera remains stationary, focusing on a single check-in counter.",
            "B. The camera moves forward, capturing the spacious terminal, self-service kiosks, and structural elements.",
            "C. The camera pans left and right, showing the entire terminal in one continuous shot.",
            "D. The camera zooms in on individual passengers, ignoring the terminal's architecture."
        ],
        "answer": "B",
        "qa_level": "cross_event",
        "qa_type": "mcqa",
        "old_answer": "B"
    },
    {
        "qa_idx": 6,
        "qa_task": "plot-understanding",
        "question": "What is the main theme depicted in the video from 34.0 to 2867.0 seconds?",
        "options": [
            "A. The exploration of various global landmarks and cultural sites.",
            "B. A detailed tutorial on crafting and creative activities.",
            "C. A documentary on wildlife and natural habitats.",
            "D. A series of urban and market scenes in different cities."
        ],
        "answer": "A",
        "qa_level": "long_term",
        "qa_type": "mcqa",
        "old_answer": "A"
    },
    {
        "qa_idx": 7,
        "qa_task": "camera-direction",
        "question": "How does the camera movement change from the archaeological site to the urban park area between 34.0 and 2867.0 seconds?",
        "options": [
            "A. The camera moves from a close-up view to a wide panoramic view.",
            "B. The camera moves from a wide panoramic view to a close-up view.",
            "C. The camera remains static throughout.",
            "D. The camera moves from an indoor setting to an outdoor setting."
        ],
        "answer": "A",
        "qa_level": "long_term",
        "qa_type": "mcqa",
        "old_answer": "A"
    },
    {
        "qa_idx": 8,
        "qa_task": "speed",
        "question": "Which scene transitions faster, the one from the archaeological site to the workspace or the one from the serene garden to the beach scene?",
        "options": [
            "A. The transition from the archaeological site to the workspace.",
            "B. The transition from the serene garden to the beach scene.",
            "C. Both transitions are at the same speed.",
            "D. None of the above."
        ],
        "answer": "A",
        "qa_level": "long_term",
        "qa_type": "mcqa",
        "old_answer": "A"
    },
    {
        "qa_idx": 9,
        "qa_task": "attribute-change",
        "question": "How does the setting change from the archaeological site to the urban environments in the video from 34.0 to 2867.0 seconds?",
        "options": [
            "A. The setting changes from a serene and untouched archaeological site to various bustling urban environments with modern architecture and busy streets.",
            "B. The setting remains the same throughout the video.",
            "C. The setting changes from a serene beach to a dense forest.",
            "D. The setting changes from a busy urban environment to a serene archaeological site."
        ],
        "answer": "A",
        "qa_level": "long_term",
        "qa_type": "mcqa",
        "old_answer": "A"
    },
    {
        "qa_idx": 10,
        "qa_task": "object understanding",
        "question": "What objects are featured on the workspace desk in the video from 34.0 to 2867.0 seconds?",
        "options": [
            "A. A keyboard, office items, and a mouse.",
            "B. A laptop, a wooden chair, and greenery.",
            "C. A teapot, a cup, and a table.",
            "D. A swing, flower beds, and a lawn."
        ],
        "answer": "A",
        "qa_level": "long_term",
        "qa_type": "mcqa",
        "old_answer": "A"
    },
    {
        "qa_idx": 11,
        "qa_task": "time-order",
        "question": "In which order do the events occur in the video from 34.0 to 2867.0 seconds?",
        "options": [
            "A. The sequence starts with an archaeological site with massive stone statues, transitions to a close-up view of someone typing on a keyboard, then moves to an outdoor scene with an individual lounging on a wooden chair, and ends with two men casually seated in a well-lit indoor or semi-outdoor setting.",
            "B. The sequence starts with a bustling urban scene in Edmonton, Canada, transitions to a serene park scene in Windsor, UK, then moves to a vibrant coastal scene in Bermuda, and ends with a bustling urban scene in Porto, Portugal.",
            "C. The sequence starts with a serene garden scene in Manchester, UK, transitions to a beach scene in Hawaii, USA, then moves to an urban scene in Madrid, Spain, and ends with a park scene in Oslo, Norway.",
            "D. The sequence starts with a bustling marketplace in Minsk, Belarus, transitions to a serene park scene in Windsor, UK, then moves to a vibrant coastal scene in Bermuda, and ends with a bustling urban scene in Porto, Portugal."
        ],
        "answer": "A",
        "qa_level": "long_term",
        "qa_type": "mcqa",
        "old_answer": "A"
    }
]