[
    {
        "qa_idx": 0,
        "qa_type": "qa",
        "qa_level": "frame",
        "qa_task": "character-understanding",
        "question": "Is there a doll present in the room at 265.0 seconds into the video?",
        "answer": "Yes",
        "old_answer": "Yes"
    },
    {
        "qa_idx": 1,
        "qa_task": "descriptive-scene",
        "question": "Where does the scene at 1421.0 seconds into the video take place?",
        "options": [
            "A. In a house.",
            "B. In a vehicle.",
            "C. In a forest.",
            "D. In a cave."
        ],
        "answer": "B",
        "qa_level": "frame",
        "qa_type": "mcqa",
        "old_answer": "B"
    },
    {
        "qa_idx": 2,
        "qa_task": "object understanding",
        "question": "What fishing-related equipment is hanging on the dark wooden background at 768.0 seconds into the video?",
        "options": [
            "A. A fishing net and a fishing rod.",
            "B. A fishing reel and a tackle box.",
            "C. A fishing hat and a pair of waders.",
            "D. A fishing line and a bait bucket."
        ],
        "answer": "A",
        "qa_level": "frame",
        "qa_type": "mcqa",
        "old_answer": "A"
    },
    {
        "qa_idx": 3,
        "qa_type": "qa",
        "qa_level": "within_event",
        "qa_task": "plot-understanding",
        "question": "Does the bear interact with a piano in both the forest and indoor settings from 4.0 to 64.0 seconds?",
        "answer": "Yes",
        "old_answer": "Yes"
    },
    {
        "qa_idx": 5,
        "qa_type": "qa",
        "qa_level": "cross_event",
        "qa_task": "plot-understanding",
        "question": "Does the bear appear in both events from 382.0 to 442.0 and 445.0 to 505.0?",
        "answer": "Yes",
        "old_answer": "Yes"
    },
    {
        "qa_idx": 6,
        "qa_task": "speed",
        "question": "From 1895.0 to 1963.0 seconds, which character is depicted moving faster, the bear character or the small figure in a bright pink winter suit?",
        "options": [
            "A. The bear character.",
            "B. The small figure in a bright pink winter suit.",
            "C. Both are moving at the same speed.",
            "D. None of the above."
        ],
        "answer": "A",
        "qa_level": "within_event",
        "qa_type": "mcqa",
        "old_answer": "A"
    },
    {
        "qa_idx": 7,
        "qa_task": "scene-understanding",
        "question": "What is the primary setting of the video event from 382.0 to 442.0 seconds?",
        "options": [
            "A. A bustling city market.",
            "B. A serene and bountiful garden.",
            "C. A busy kitchen.",
            "D. A crowded beach."
        ],
        "answer": "B",
        "qa_level": "within_event",
        "qa_type": "mcqa",
        "old_answer": "B"
    },
    {
        "qa_idx": 8,
        "qa_type": "qa",
        "qa_level": "long_term",
        "qa_task": "object understanding",
        "question": "Is there a piano present in the indoor scenes from 159.0 seconds to 1764.0 seconds?",
        "answer": "Yes",
        "old_answer": "Yes"
    },
    {
        "qa_idx": 9,
        "qa_task": "temporal-relationship",
        "question": "What happens after the child with a white bow in their hair and the anthropomorphic teddy bear interact with the piano in the warmly-lit indoor scene from 203.0 to 272.0 seconds?",
        "options": [
            "A. The child and the teddy bear move to another room to continue their musical play.",
            "B. The child and the teddy bear stop playing the piano and start dancing.",
            "C. The child and the teddy bear are joined by other characters for a group musical performance.",
            "D. The child and the teddy bear continue their musical engagement, emphasizing a collaborative and whimsical interaction."
        ],
        "answer": "D",
        "qa_level": "cross_event",
        "qa_type": "mcqa",
        "old_answer": "D"
    },
    {
        "qa_idx": 10,
        "qa_task": "time-order",
        "question": "What is the correct sequence of events in the video from 1005.0 to 1068.0 seconds?",
        "options": [
            "A. The bear starts fishing, the child joins, and they interact playfully.",
            "B. The child sits on a log, the bear appears, and they both start fishing.",
            "C. The child sits on a log, the bear starts fishing, and the smaller character joins.",
            "D. The bear starts fishing, the smaller character joins, and the child appears."
        ],
        "answer": "C",
        "qa_level": "cross_event",
        "qa_type": "mcqa",
        "old_answer": "C"
    },
    {
        "qa_idx": 11,
        "qa_task": "spatial-relationship",
        "question": "Where is the piano located in the indoor scenes featuring the bear?",
        "options": [
            "A. Near a window with patterned curtains.",
            "B. Next to a refrigerator.",
            "C. Beside a wooden table with wicker baskets.",
            "D. In front of a red brick fireplace."
        ],
        "answer": "A",
        "qa_level": "long_term",
        "qa_type": "mcqa",
        "old_answer": "A"
    },
    {
        "qa_idx": 13,
        "qa_task": "plot-understanding",
        "question": "What is the main activity that the bear is engaged in throughout the video from 4.0 to 2335.0 seconds?",
        "options": [
            "A. Fishing.",
            "B. Playing the piano.",
            "C. Harvesting fruits.",
            "D. Decorating for a festive event."
        ],
        "answer": "B",
        "qa_level": "long_term",
        "qa_type": "mcqa",
        "old_answer": "B"
    },
    {
        "qa_idx": 14,
        "qa_task": "camera-direction",
        "question": "How does the camera movement change from the outdoor forest scenes to the indoor scenes featuring the bear and the piano between 4.0 and 2335.0 seconds?",
        "options": [
            "A. The camera zooms in on the bear's activities in the forest and then zooms out to capture the entire indoor setting.",
            "B. The camera pans across the forest and then moves closer to focus on the bear and the piano indoors.",
            "C. The camera remains static in both the forest and indoor scenes.",
            "D. The camera moves away from the bear in the forest and then zooms in on the bear and the piano indoors."
        ],
        "answer": "B",
        "qa_level": "long_term",
        "qa_type": "mcqa",
        "old_answer": "B"
    },
    {
        "qa_idx": 15,
        "qa_task": "speed",
        "question": "Which character is faster in the video from 4.0 to 2335.0 seconds, the bear or the child?",
        "options": [
            "A. The bear.",
            "B. The child.",
            "C. Both are at the same speed.",
            "D. None of the above."
        ],
        "answer": "A",
        "qa_level": "long_term",
        "qa_type": "mcqa",
        "old_answer": "A"
    },
    {
        "qa_idx": 16,
        "qa_task": "attribute-change",
        "question": "How does the setting change from the beginning to the end of the video event from 4.0 to 2335.0 seconds?",
        "options": [
            "A. From an animated indoor scene to a vibrant outdoor winter scene.",
            "B. From a serene outdoor setting to a cozy indoor musical setting.",
            "C. From a rustic indoor setting to a festive holiday scene.",
            "D. From a lush green forest to a snowy winter landscape."
        ],
        "answer": "D",
        "qa_level": "long_term",
        "qa_type": "mcqa",
        "old_answer": "D"
    },
    {
        "qa_idx": 17,
        "qa_task": "character-understanding",
        "question": "What is the bear often seen doing in the indoor scenes from 159.0 to 2335.0 seconds?",
        "options": [
            "A. Cooking food.",
            "B. Playing the piano.",
            "C. Reading a book.",
            "D. Painting a picture."
        ],
        "answer": "B",
        "qa_level": "long_term",
        "qa_type": "mcqa",
        "old_answer": "B"
    },
    {
        "qa_idx": 19,
        "qa_task": "time-order",
        "question": "In which order do the events occur in the video from 4.0 to 2335.0 seconds?",
        "options": [
            "A. The bear performs a balancing act, the bear plays the piano, the bear and child interact with the piano, the bear and child play different instruments, the bear juggles berries, the bear stirs a pot, the bear fishes, the bear interacts with a clock, the bear prepares breakfast, the bear decorates for Christmas, the bear interacts with a snowy landscape, the bear celebrates with fireworks.",
            "B. The bear plays the piano, the bear performs a balancing act, the bear and child interact with the piano, the bear and child play different instruments, the bear juggles berries, the bear stirs a pot, the bear fishes, the bear interacts with a clock, the bear prepares breakfast, the bear decorates for Christmas, the bear interacts with a snowy landscape, the bear celebrates with fireworks.",
            "C. The bear performs a balancing act, the bear plays the piano, the bear and child play different instruments, the bear and child interact with the piano, the bear juggles berries, the bear stirs a pot, the bear fishes, the bear interacts with a clock, the bear prepares breakfast, the bear decorates for Christmas, the bear interacts with a snowy landscape, the bear celebrates with fireworks.",
            "D. The bear performs a balancing act, the bear plays the piano, the bear and child interact with the piano, the bear and child play different instruments, the bear juggles berries, the bear stirs a pot, the bear fishes, the bear interacts with a clock, the bear prepares breakfast, the bear interacts with a snowy landscape, the bear decorates for Christmas, the bear celebrates with fireworks."
        ],
        "answer": "A",
        "qa_level": "long_term",
        "qa_type": "mcqa",
        "old_answer": "A"
    },
    {
        "qa_idx": 20,
        "qa_task": "descriptive-scene",
        "question": "Where does the bear interact with the piano in the video from 159.0 to 2335.0 seconds?",
        "options": [
            "A. In a forest.",
            "B. In a cozy, rustic room.",
            "C. In a garden.",
            "D. In a snowy landscape."
        ],
        "answer": "B",
        "qa_level": "long_term",
        "qa_type": "mcqa",
        "old_answer": "B"
    }
]