[
    {
        "qa_idx": 0,
        "qa_type": "qa",
        "qa_level": "frame",
        "qa_task": "character-understanding",
        "question": "Were the individuals engaged in a cooking or food preparation activity at 1296.0 seconds into the video?",
        "answer": "Yes",
        "old_answer": "Yes"
    },
    {
        "qa_idx": 1,
        "qa_task": "object understanding",
        "question": "What items are displayed on the counter in the cooking show scene at 1397.0 seconds into the video?",
        "options": [
            "A. Various cakes.",
            "B. Fresh vegetables.",
            "C. Assorted fruits.",
            "D. Different types of bread."
        ],
        "answer": "A",
        "qa_level": "frame",
        "qa_type": "mcqa",
        "old_answer": "A"
    },
    {
        "qa_idx": 2,
        "qa_type": "qa",
        "qa_level": "frame",
        "qa_task": "character-understanding",
        "question": "At 399.0 seconds into the video, were there women wearing green dresses?",
        "answer": "Yes",
        "old_answer": "Yes"
    },
    {
        "qa_idx": 3,
        "qa_task": "spatial-relationship",
        "question": "What is in the foreground of the scene at 1989.0 seconds?",
        "options": [
            "A. A group of individuals engaged in interaction.",
            "B. A goalpost.",
            "C. Orange traffic cones.",
            "D. A football field with artificial grass."
        ],
        "answer": "A",
        "qa_level": "frame",
        "qa_type": "mcqa",
        "old_answer": "A"
    },
    {
        "qa_idx": 4,
        "qa_type": "qa",
        "qa_level": "within_event",
        "qa_task": "speed",
        "question": "Are the individuals moving at a fast pace during the event from 636.0 to 799.0 seconds?",
        "answer": "No",
        "old_answer": "No"
    },
    {
        "qa_idx": 5,
        "qa_task": "character-understanding",
        "question": "What are the individuals in the video doing at 1715.0 seconds?",
        "options": [
            "A. Playing basketball.",
            "B. Playing indoor football.",
            "C. Playing tennis.",
            "D. Playing volleyball."
        ],
        "answer": "B",
        "qa_level": "frame",
        "qa_type": "mcqa",
        "old_answer": "B"
    },
    {
        "qa_idx": 6,
        "qa_type": "qa",
        "qa_level": "cross_event",
        "qa_task": "action-understanding",
        "question": "In the event from 2203.0 to 2268.0, does the boy in the yellow sports jersey perform a dance routine in front of the soccer goal?",
        "answer": "No",
        "old_answer": "No"
    },
    {
        "qa_idx": 7,
        "qa_task": "character-understanding",
        "question": "What is the woman in the red sports jersey doing at the beginning of the event from 2275.0 to 2331.0 seconds?",
        "options": [
            "A. Playing football.",
            "B. Holding a camera and leaning on a tripod.",
            "C. Interacting with a potted houseplant.",
            "D. Engaging in a conversation."
        ],
        "answer": "B",
        "qa_level": "within_event",
        "qa_type": "mcqa",
        "old_answer": "B"
    },
    {
        "qa_idx": 8,
        "qa_type": "qa",
        "qa_level": "cross_event",
        "qa_task": "character-understanding",
        "question": "Were there multiple individuals dressed in festive or formal attire in both events from 808.0 to 872.0 and 873.0 to 887.0?",
        "answer": "Yes",
        "old_answer": "Yes"
    },
    {
        "qa_idx": 10,
        "qa_type": "qa",
        "qa_level": "long_term",
        "qa_task": "object understanding",
        "question": "Is there a disco ball present in the indoor setting from 5.0 to 2386.0 seconds?",
        "answer": "Yes",
        "old_answer": "Yes"
    },
    {
        "qa_idx": 12,
        "qa_task": "speed",
        "question": "From 1452.0 to 1510.0 seconds, which individual is depicted making a quicker movement?",
        "options": [
            "A. The man adjusting or removing his headpiece.",
            "B. The woman with decorative red elements in her hair.",
            "C. The man holding a white fan.",
            "D. The woman in a patterned pink kimono."
        ],
        "answer": "A",
        "qa_level": "within_event",
        "qa_type": "mcqa",
        "old_answer": "A"
    },
    {
        "qa_idx": 14,
        "qa_task": "camera-direction",
        "question": "How does the camera movement emphasize the details of the setting in the event from 954.0 to 1018.0 seconds?",
        "options": [
            "A. The camera moves forward to focus on the details of the table and the items on it.",
            "B. The camera remains static, capturing the entire scene without focusing on specific details.",
            "C. The camera pans around the room, showing different angles of the setting.",
            "D. The camera zooms out to show the entire room and all the participants."
        ],
        "answer": "A",
        "qa_level": "cross_event",
        "qa_type": "mcqa",
        "old_answer": "A"
    },
    {
        "qa_idx": 15,
        "qa_task": "temporal-relationship",
        "question": "What happens after the scene with the vibrant graphic background transitioning from a deep pink to orange gradient, embellished with illustrated white clouds, stars, and a faint outline of a sun?",
        "options": [
            "A. The scene captures a minimalist, modern aesthetic featuring a laptop on a circular red platform.",
            "B. The scene transitions to a vibrant set with whimsical, cartoon-like elements such as clouds, stars, and a sun.",
            "C. The scene shows a vibrant stage setup with two individuals on a raised red platform surrounded by stage props.",
            "D. The scene transitions to a brightly lit indoor setting where a group of people are arranged in a line."
        ],
        "answer": "A",
        "qa_level": "long_term",
        "qa_type": "mcqa",
        "old_answer": "A"
    },
    {
        "qa_idx": 18,
        "qa_task": "plot-understanding",
        "question": "What is the main theme of the event described in the video from 5.0 to 2386.0 seconds?",
        "options": [
            "A. A sports training session.",
            "B. A cooking or culinary show.",
            "C. A musical performance and festive celebration.",
            "D. A formal business meeting."
        ],
        "answer": "C",
        "qa_level": "long_term",
        "qa_type": "mcqa",
        "old_answer": "C"
    },
    {
        "qa_idx": 19,
        "qa_task": "camera-direction",
        "question": "How does the camera move during the transition from the vibrant graphic background to the stage setup with whimsical elements between 5.0 and 2386.0 seconds?",
        "options": [
            "A. The camera moves closer to the stage setup.",
            "B. The camera moves away from the stage setup.",
            "C. The camera remains stationary.",
            "D. The camera moves to the left."
        ],
        "answer": "A",
        "qa_level": "long_term",
        "qa_type": "mcqa",
        "old_answer": "A"
    },
    {
        "qa_idx": 20,
        "qa_task": "speed",
        "question": "Which is faster, the man in the red and black suit or the woman in the green dress?",
        "options": [
            "A. The man in the red and black suit.",
            "B. The woman in the green dress.",
            "C. Both are at the same speed.",
            "D. None of the above."
        ],
        "answer": "A",
        "qa_level": "long_term",
        "qa_type": "mcqa",
        "old_answer": "A"
    },
    {
        "qa_idx": 21,
        "qa_task": "attribute-change",
        "question": "How does the background change from the beginning to the end of the video from 5.0 to 2386.0 seconds?",
        "options": [
            "A. From a vibrant graphic background with a deep pink to orange gradient to a bright blue sky with scattered white clouds.",
            "B. From a dark and gloomy background to a bright and colorful one.",
            "C. From a plain white background to a vibrant graphic background with a deep pink to orange gradient.",
            "D. From a bright blue sky with scattered white clouds to a vibrant graphic background with a deep pink to orange gradient."
        ],
        "answer": "A",
        "qa_level": "long_term",
        "qa_type": "mcqa",
        "old_answer": "A"
    },
    {
        "qa_idx": 23,
        "qa_task": "time-order",
        "question": "In which order do the events occur in the video from 5.0 to 2386.0 seconds?",
        "options": [
            "A. The video starts with a vibrant graphic background, followed by a minimalist, modern aesthetic featuring a laptop, then a vibrant set with whimsical elements, and finally a vibrant colorful stage with five human figures.",
            "B. The video starts with a vibrant colorful stage with five human figures, followed by a minimalist, modern aesthetic featuring a laptop, then a vibrant set with whimsical elements, and finally a vibrant graphic background.",
            "C. The video starts with a vibrant set with whimsical elements, followed by a vibrant graphic background, then a vibrant colorful stage with five human figures, and finally a minimalist, modern aesthetic featuring a laptop.",
            "D. The video starts with a minimalist, modern aesthetic featuring a laptop, followed by a vibrant colorful stage with five human figures, then a vibrant graphic background, and finally a vibrant set with whimsical elements."
        ],
        "answer": "A",
        "qa_level": "long_term",
        "qa_type": "mcqa",
        "old_answer": "A"
    },
    {
        "qa_idx": 24,
        "qa_task": "descriptive-scene",
        "question": "What is the overall setting of the event from 5.0 to 2386.0 seconds?",
        "options": [
            "A. A lively indoor setting with a festive atmosphere, featuring coordinated outfits, modern decor, and various decorative elements.",
            "B. An outdoor sports event with a focus on football activities and casual interactions.",
            "C. A serene outdoor garden with minimalistic decor and natural elements.",
            "D. A quiet indoor library with a focus on reading and studying."
        ],
        "answer": "A",
        "qa_level": "long_term",
        "qa_type": "mcqa",
        "old_answer": "A"
    }
]