[
    {
        "qa_idx": 0,
        "qa_type": "qa",
        "qa_level": "frame",
        "qa_task": "character-understanding",
        "question": "Are there two figures standing side by side in the frame at the 313.0-second mark?",
        "answer": "Yes",
        "old_answer": "Yes"
    },
    {
        "qa_idx": 1,
        "qa_type": "qa",
        "qa_level": "within_event",
        "qa_task": "action-understanding",
        "question": "During the scene from 4381.0 to 4386.0 seconds, does the animated figure with a beard and a green hat jump into the red river?",
        "answer": "No",
        "old_answer": "No"
    },
    {
        "qa_idx": 4,
        "qa_type": "qa",
        "qa_level": "cross_event",
        "qa_task": "plot-understanding",
        "question": "Do both video events from 2465.0 to 2525.0 and 2715.0 to 2816.0 feature the same two men participating in 'The WAN Show'?",
        "answer": "Yes",
        "old_answer": "Yes"
    },
    {
        "qa_idx": 6,
        "qa_type": "qa",
        "qa_level": "cross_event",
        "qa_task": "action-understanding",
        "question": "In both events from 3075.0 to 3576.0 and 3825.0 to 4380.0, do the individuals remain seated and continue their dialogue throughout the scenes?",
        "answer": "Yes",
        "old_answer": "Yes"
    },
    {
        "qa_idx": 7,
        "qa_task": "speed",
        "question": "From 4381.0 to 4386.0 seconds, how does the animated figure maneuver the boat across the red river?",
        "options": [
            "A. Quickly with rapid movements.",
            "B. Gradually with steady movements.",
            "C. The boat remains stationary.",
            "D. The boat moves erratically."
        ],
        "answer": "B",
        "qa_level": "within_event",
        "qa_type": "mcqa",
        "old_answer": "B"
    },
    {
        "qa_idx": 8,
        "qa_type": "qa",
        "qa_level": "long_term",
        "qa_task": "action-understanding",
        "question": "Did the video show the two men in 'The WAN Show' interacting with each other on-screen between 249.0 seconds and 4390.0 seconds?",
        "answer": "No",
        "old_answer": "No"
    },
    {
        "qa_idx": 9,
        "qa_task": "speed",
        "question": "During the event from 3825.0 to 4380.0 seconds, which individual appears to be speaking more quickly?",
        "options": [
            "A. The individual in front of the plain door.",
            "B. The individual in the warm-lit room with wooden elements.",
            "C. Both individuals speak at the same speed.",
            "D. Neither individual speaks quickly."
        ],
        "answer": "A",
        "qa_level": "within_event",
        "qa_type": "mcqa",
        "old_answer": "A"
    },
    {
        "qa_idx": 10,
        "qa_task": "plot-understanding",
        "question": "What is the main theme of the discussion in the video segment from 249.0 to 313.0 seconds?",
        "options": [
            "A. Technology.",
            "B. Cooking.",
            "C. Travel.",
            "D. Sports."
        ],
        "answer": "A",
        "qa_level": "cross_event",
        "qa_type": "mcqa",
        "old_answer": "A"
    },
    {
        "qa_idx": 12,
        "qa_task": "spatial-relationship",
        "question": "In the segment from 1493.0 to 1750.0 seconds, where are the two individuals positioned relative to each other and their backgrounds?",
        "options": [
            "A. The man on the left is against a plain background with a closed door, and the man on the right is against a warmer background with a plant, a shelf, and some decorative elements.",
            "B. The man on the left is against a warmer background with a plant, a shelf, and some decorative elements, and the man on the right is against a plain background with a closed door.",
            "C. Both individuals are against a plain background with a closed door.",
            "D. Both individuals are against a warmer background with a plant, a shelf, and some decorative elements."
        ],
        "answer": "A",
        "qa_level": "cross_event",
        "qa_type": "mcqa",
        "old_answer": "A"
    },
    {
        "qa_idx": 16,
        "qa_task": "speed",
        "question": "Which scene transition happens faster, the shift from the split-screen setup to the pixel art style at 280.0 seconds or the transition to the 2CRSI company webpage at 641.0 seconds?",
        "options": [
            "A. The shift from the split-screen setup to the pixel art style at 280.0 seconds.",
            "B. The transition to the 2CRSI company webpage at 641.0 seconds.",
            "C. Both transitions happen at the same speed.",
            "D. None of the above."
        ],
        "answer": "A",
        "qa_level": "long_term",
        "qa_type": "mcqa",
        "old_answer": "A"
    },
    {
        "qa_idx": 19,
        "qa_task": "time-order",
        "question": "In which order do the events occur in the video from 249.0 seconds to 4390.0 seconds?",
        "options": [
            "A. Two men wearing headphones discuss technology, followed by a pixel art scene, then a webpage from Shadow, and finally a 2CRSI company webpage.",
            "B. A pixel art scene, followed by two men wearing headphones discussing technology, then a webpage from Shadow, and finally a 2CRSI company webpage.",
            "C. A webpage from Shadow, followed by two men wearing headphones discussing technology, then a pixel art scene, and finally a 2CRSI company webpage.",
            "D. Two men wearing headphones discuss technology, followed by a 2CRSI company webpage, then a pixel art scene, and finally a webpage from Shadow."
        ],
        "answer": "A",
        "qa_level": "long_term",
        "qa_type": "mcqa",
        "old_answer": "A"
    }
]