[
    {
        "qa_idx": 0,
        "qa_type": "qa",
        "qa_level": "frame",
        "qa_task": "character-understanding",
        "question": "At 161.0 seconds into the video, is the person with a backpack walking towards the building?",
        "answer": "Yes",
        "old_answer": "Yes"
    },
    {
        "qa_idx": 1,
        "qa_task": "object understanding",
        "question": "What objects are present on the boat deck at 923.0 seconds into the video?",
        "options": [
            "A. Benches and minimal equipment.",
            "B. A dining table and chairs.",
            "C. A barbecue grill and cooler.",
            "D. A hammock and a tent."
        ],
        "answer": "A",
        "qa_level": "frame",
        "qa_type": "mcqa",
        "old_answer": "A"
    },
    {
        "qa_idx": 2,
        "qa_task": "descriptive-scene",
        "question": "Where is the woman positioned in the video frame at 1337.0 seconds?",
        "options": [
            "A. By the roadside.",
            "B. In a park.",
            "C. In a city square.",
            "D. Inside a building."
        ],
        "answer": "A",
        "qa_level": "frame",
        "qa_type": "mcqa",
        "old_answer": "A"
    },
    {
        "qa_idx": 3,
        "qa_type": "qa",
        "qa_level": "within_event",
        "qa_task": "action-understanding",
        "question": "During the scene from 1324.0 to 1373.0 seconds, does the woman in black and red attire start a campfire by the roadside?",
        "answer": "No",
        "old_answer": "No"
    },
    {
        "qa_idx": 4,
        "qa_task": "spatial-relationship",
        "question": "What is positioned prominently in the lower half of the frame at 568.0 seconds into the video?",
        "options": [
            "A. A large swimming pool.",
            "B. A tall palm tree.",
            "C. A house with multiple units.",
            "D. The ocean."
        ],
        "answer": "A",
        "qa_level": "frame",
        "qa_type": "mcqa",
        "old_answer": "A"
    },
    {
        "qa_idx": 5,
        "qa_task": "descriptive-scene",
        "question": "Where does the scene at 545.0 seconds take place?",
        "options": [
            "A. In a kitchen.",
            "B. In a bathroom.",
            "C. In a living room.",
            "D. In a dining room."
        ],
        "answer": "B",
        "qa_level": "frame",
        "qa_type": "mcqa",
        "old_answer": "B"
    },
    {
        "qa_idx": 6,
        "qa_task": "object understanding",
        "question": "What is prominently featured in the woman's attire in the video event from 2440.0 to 2476.0 seconds?",
        "options": [
            "A. A blue jacket.",
            "B. A red dress.",
            "C. A green scarf.",
            "D. A yellow hat."
        ],
        "answer": "B",
        "qa_level": "within_event",
        "qa_type": "mcqa",
        "old_answer": "B"
    },
    {
        "qa_idx": 7,
        "qa_task": "temporal-relationship",
        "question": "What happens after the scene at Darwin International Airport with the man and woman amidst colorful totem poles and palm trees?",
        "options": [
            "A. The scene transitions to a busy urban road with multiple vehicles and traffic signals.",
            "B. The scene transitions to an underwater scene with a coin and text 'МОРСКОЙ СЕЗОН'.",
            "C. The scene transitions to a serene natural landscape with a waterfall and lush greenery.",
            "D. The scene transitions to a bustling street scene with sidewalks and storefronts."
        ],
        "answer": "C",
        "qa_level": "long_term",
        "qa_type": "mcqa",
        "old_answer": "C"
    },
    {
        "qa_idx": 8,
        "qa_task": "spatial-relationship",
        "question": "Where is the man positioned relative to the woman in the outdoor scene with lush palm trees and modern architectural building?",
        "options": [
            "A. The man is on the left side of the frame, and the woman is on the right.",
            "B. The man is on the right side of the frame, and the woman is on the left.",
            "C. The man is in front of the woman.",
            "D. The man is behind the woman."
        ],
        "answer": "A",
        "qa_level": "long_term",
        "qa_type": "mcqa",
        "old_answer": "A"
    },
    {
        "qa_idx": 9,
        "qa_task": "descriptive-scene",
        "question": "Where are the man and woman standing and walking amidst vibrant surroundings from 13.0 to 2476.0 seconds?",
        "options": [
            "A. In a park.",
            "B. At Darwin International Airport.",
            "C. In a shopping mall.",
            "D. At a beach."
        ],
        "answer": "B",
        "qa_level": "long_term",
        "qa_type": "mcqa",
        "old_answer": "B"
    },
    {
        "qa_idx": 11,
        "qa_task": "camera-direction",
        "question": "How does the camera movement change from the scene at 13.0 seconds to the scene at 2428.0 seconds?",
        "options": [
            "A. The camera moves from a close-up of a modern building to an aerial view of a coastal path.",
            "B. The camera moves from an underwater scene to a bustling urban street.",
            "C. The camera moves from a serene natural landscape to a busy airport terminal.",
            "D. The camera moves from a rural road to an indoor dining area."
        ],
        "answer": "A",
        "qa_level": "long_term",
        "qa_type": "mcqa",
        "old_answer": "A"
    },
    {
        "qa_idx": 12,
        "qa_task": "speed",
        "question": "Which vehicle is faster, the bus or the white car, as depicted in the scenes from 607.0 to 2428.0 seconds?",
        "options": [
            "A. The bus.",
            "B. The white car.",
            "C. Both are at the same speed.",
            "D. None of the above."
        ],
        "answer": "B",
        "qa_level": "long_term",
        "qa_type": "mcqa",
        "old_answer": "B"
    },
    {
        "qa_idx": 13,
        "qa_task": "attribute-change",
        "question": "How does the environment change from the beginning to the end of the video from 13.0 to 2476.0 seconds?",
        "options": [
            "A. From a vibrant cultural setting to a serene natural landscape.",
            "B. From a busy urban street to a quiet rural area.",
            "C. From a modern architectural building to an underwater scene.",
            "D. From a bustling airport terminal to a tranquil coastal resort."
        ],
        "answer": "A",
        "qa_level": "long_term",
        "qa_type": "mcqa",
        "old_answer": "A"
    },
    {
        "qa_idx": 14,
        "qa_task": "character-understanding",
        "question": "What is the man wearing in the video from 13.0 to 2476.0 seconds?",
        "options": [
            "A. Light grey short-sleeve shirt with a backpack.",
            "B. Black sleeveless top and a red skirt.",
            "C. Light-colored t-shirt, dark pants, and sandals.",
            "D. White bathrobe."
        ],
        "answer": "A",
        "qa_level": "long_term",
        "qa_type": "mcqa",
        "old_answer": "A"
    },
    {
        "qa_idx": 15,
        "qa_task": "object understanding",
        "question": "What objects are prominently featured in the outdoor scene at Darwin International Airport from 13.0 to 2476.0 seconds?",
        "options": [
            "A. Colorful, vertically-oriented totem poles with intricate patterns.",
            "B. A large water fountain with lights.",
            "C. A series of food stalls and kiosks.",
            "D. A playground with swings and slides."
        ],
        "answer": "A",
        "qa_level": "long_term",
        "qa_type": "mcqa",
        "old_answer": "A"
    },
    {
        "qa_idx": 16,
        "qa_task": "time-order",
        "question": "In which order do the events occur in the video from 13.0 to 2476.0 seconds?",
        "options": [
            "A. The man and woman interact amidst colorful pillars and decorated poles at Darwin International Airport. -> The scene transitions to a busy urban road with multiple vehicles and traffic signals. -> The scene captures a bustling street with sidewalks and storefronts. -> The scene transitions to a serene natural landscape with a grassy terrain and termite mounds. -> The scene captures a vibrant urban nighttime setting with colorful neon lights.",
            "B. The man and woman interact amidst colorful pillars and decorated poles at Darwin International Airport. -> The scene transitions to a serene natural landscape with a grassy terrain and termite mounds. -> The scene captures a bustling street with sidewalks and storefronts. -> The scene transitions to a busy urban road with multiple vehicles and traffic signals. -> The scene captures a vibrant urban nighttime setting with colorful neon lights.",
            "C. The man and woman interact amidst colorful pillars and decorated poles at Darwin International Airport. -> The scene captures a bustling street with sidewalks and storefronts. -> The scene transitions to a busy urban road with multiple vehicles and traffic signals. -> The scene transitions to a serene natural landscape with a grassy terrain and termite mounds. -> The scene captures a vibrant urban nighttime setting with colorful neon lights.",
            "D. The man and woman interact amidst colorful pillars and decorated poles at Darwin International Airport. -> The scene transitions to a busy urban road with multiple vehicles and traffic signals. -> The scene transitions to a serene natural landscape with a grassy terrain and termite mounds. -> The scene captures a bustling street with sidewalks and storefronts. -> The scene captures a vibrant urban nighttime setting with colorful neon lights."
        ],
        "answer": "A",
        "qa_level": "long_term",
        "qa_type": "mcqa",
        "old_answer": "A"
    },
    {
        "qa_idx": 17,
        "qa_task": "descriptive-scene",
        "question": "Where are the man and woman standing and interacting amidst colorful pillars and decorated poles?",
        "options": [
            "A. At a park.",
            "B. At Darwin International Airport.",
            "C. At a shopping mall.",
            "D. At a beach."
        ],
        "answer": "B",
        "qa_level": "long_term",
        "qa_type": "mcqa",
        "old_answer": "B"
    }
]