[
    {
        "qa_idx": 0,
        "qa_type": "qa",
        "qa_level": "frame",
        "qa_task": "character-understanding",
        "question": "Is the person in the frame seated in front of a computer screen at 696.0 seconds?",
        "answer": "Yes",
        "old_answer": "Yes"
    },
    {
        "qa_idx": 2,
        "qa_task": "character-understanding",
        "question": "What is the person in the video wearing at 359.0 seconds?",
        "options": [
            "A. A hat.",
            "B. Glasses.",
            "C. A scarf.",
            "D. A jacket."
        ],
        "answer": "B",
        "qa_level": "frame",
        "qa_type": "mcqa",
        "old_answer": "B"
    },
    {
        "qa_idx": 3,
        "qa_task": "character-understanding",
        "question": "What is the man wearing in the video frame at 368.0 seconds?",
        "options": [
            "A. A hat.",
            "B. Glasses.",
            "C. A scarf.",
            "D. A watch."
        ],
        "answer": "B",
        "qa_level": "frame",
        "qa_type": "mcqa",
        "old_answer": "B"
    },
    {
        "qa_idx": 6,
        "qa_type": "qa",
        "qa_level": "cross_event",
        "qa_task": "speed",
        "question": "Did the man in the security uniform move quickly between different activities in the recording studio from the time of 481.0 to 555.0 and 571.0 to 664.0?",
        "answer": "No",
        "old_answer": "No"
    },
    {
        "qa_idx": 8,
        "qa_type": "qa",
        "qa_level": "cross_event",
        "qa_task": "camera-direction",
        "question": "Does the camera remain stationary while capturing the man in the security uniform from 571.0 to 664.0?",
        "answer": "Yes",
        "old_answer": "Yes"
    },
    {
        "qa_idx": 9,
        "qa_type": "qa",
        "qa_level": "long_term",
        "qa_task": "object understanding",
        "question": "Is there a water bottle present in the scenes from 116.0 to 3823.0 seconds?",
        "answer": "Yes",
        "old_answer": "Yes"
    },
    {
        "qa_idx": 10,
        "qa_task": "object understanding",
        "question": "What is the man wearing at 159.0 seconds into the video?",
        "options": [
            "A. A jacket with 'Seguridad' written on it and a white fedora hat.",
            "B. A blue shirt and a black cap.",
            "C. A red sweater and a green beanie.",
            "D. A black suit and a yellow hat."
        ],
        "answer": "A",
        "qa_level": "frame",
        "qa_type": "mcqa",
        "old_answer": "A"
    },
    {
        "qa_idx": 11,
        "qa_type": "qa",
        "qa_level": "long_term",
        "qa_task": "character-understanding",
        "question": "Is there a man wearing a security uniform labeled 'SEGURIDAD' involved in recording or broadcasting activities throughout the video from 116.0 to 3823.0 seconds?",
        "answer": "Yes",
        "old_answer": "Yes"
    },
    {
        "qa_idx": 12,
        "qa_task": "spatial-relationship",
        "question": "Where is the monitor located in relation to the person in the frame at 81.0 seconds?",
        "options": [
            "A. On the left side of the frame.",
            "B. On the right side of the frame.",
            "C. Directly in front of the person.",
            "D. Behind the person."
        ],
        "answer": "B",
        "qa_level": "frame",
        "qa_type": "mcqa",
        "old_answer": "B"
    },
    {
        "qa_idx": 14,
        "qa_task": "character-understanding",
        "question": "What is the man holding in his right hand in the video frame at 528.0 seconds?",
        "options": [
            "A. A microphone.",
            "B. A revolver.",
            "C. A keyboard.",
            "D. A book."
        ],
        "answer": "B",
        "qa_level": "frame",
        "qa_type": "mcqa",
        "old_answer": "B"
    },
    {
        "qa_idx": 20,
        "qa_task": "speed",
        "question": "Who is moving faster in the scene from 412.0 to 427.0 seconds?",
        "options": [
            "A. The person wearing glasses and a floral-patterned garment.",
            "B. The person standing in the dimly lit area.",
            "C. Both are moving at the same speed.",
            "D. None of the above."
        ],
        "answer": "D",
        "qa_level": "within_event",
        "qa_type": "mcqa",
        "old_answer": "D"
    },
    {
        "qa_idx": 22,
        "qa_task": "object-direction",
        "question": "In which direction is the man sitting in front of the microphone facing relative to the monitor displaying the chat box from 3822.0 to 3823.0 seconds?",
        "options": [
            "A. Towards the monitor.",
            "B. Away from the monitor.",
            "C. To the left of the monitor.",
            "D. To the right of the monitor."
        ],
        "answer": "A",
        "qa_level": "within_event",
        "qa_type": "mcqa",
        "old_answer": "A"
    },
    {
        "qa_idx": 23,
        "qa_task": "attribute-change",
        "question": "How does the setting change from the beginning to the end of the video event from 180.0 to 203.0 seconds?",
        "options": [
            "A. The setting changes from a workspace to a recording studio.",
            "B. The setting changes from a recording studio to a workspace.",
            "C. The setting remains the same throughout.",
            "D. The setting changes from an outdoor scene to an indoor scene."
        ],
        "answer": "A",
        "qa_level": "within_event",
        "qa_type": "mcqa",
        "old_answer": "A"
    },
    {
        "qa_idx": 25,
        "qa_task": "attribute-change",
        "question": "How does the setting of the scene change from the beginning to the end of the video events between 1506.0 seconds to 1681.0 seconds and H seconds to e seconds?",
        "options": [
            "A. The scene changes from an outdoor setting to an indoor studio.",
            "B. The scene transitions from a brightly lit room to a monochromatic, dimly lit room.",
            "C. The scene remains the same throughout the video events.",
            "D. The scene changes from a monochromatic, dimly lit room to a brightly lit outdoor setting."
        ],
        "answer": "B",
        "qa_level": "cross_event",
        "qa_type": "mcqa",
        "old_answer": "B"
    },
    {
        "qa_idx": 28,
        "qa_task": "temporal-relationship",
        "question": "What was the man in the 'SEGURIDAD' uniform doing before he started speaking into the microphone?",
        "options": [
            "A. He was adjusting his glasses.",
            "B. He was holding a water bottle.",
            "C. He was interacting with a computer screen.",
            "D. He was adjusting audio settings."
        ],
        "answer": "C",
        "qa_level": "long_term",
        "qa_type": "mcqa",
        "old_answer": "C"
    },
    {
        "qa_idx": 29,
        "qa_task": "spatial-relationship",
        "question": "Where is the water bottle positioned in the recording studio environment?",
        "options": [
            "A. On the left side of the frame.",
            "B. On the right side of the frame.",
            "C. In the center of the frame.",
            "D. Near the door."
        ],
        "answer": "A",
        "qa_level": "long_term",
        "qa_type": "mcqa",
        "old_answer": "A"
    },
    {
        "qa_idx": 32,
        "qa_task": "object-direction",
        "question": "In which direction is the man in the 'SEGURIDAD' uniform moving relative to the camera when he appears in the frame?",
        "options": [
            "A. Towards the camera.",
            "B. Away from the camera.",
            "C. From left to right.",
            "D. From right to left."
        ],
        "answer": "A",
        "qa_level": "long_term",
        "qa_type": "mcqa",
        "old_answer": "A"
    },
    {
        "qa_idx": 33,
        "qa_task": "camera-direction",
        "question": "How does the camera movement change from 116.0 seconds to 3823.0 seconds in the video?",
        "options": [
            "A. The camera remains static throughout the video.",
            "B. The camera moves closer to the individuals and equipment.",
            "C. The camera zooms out to show the entire room.",
            "D. The camera pans around the room to capture different angles."
        ],
        "answer": "B",
        "qa_level": "long_term",
        "qa_type": "mcqa",
        "old_answer": "B"
    },
    {
        "qa_idx": 34,
        "qa_task": "speed",
        "question": "Which individual is likely to be engaged in a faster-paced activity based on the descriptions from 116.0 to 3823.0 seconds?",
        "options": [
            "A. The individual seated in front of a computer screen, engrossed in an activity.",
            "B. The man wearing a fedora and headphones, adjusting equipment and speaking into a microphone.",
            "C. The person in a floral-patterned garment, speaking into a microphone.",
            "D. The man in a security uniform, holding a microphone and a revolver."
        ],
        "answer": "B",
        "qa_level": "long_term",
        "qa_type": "mcqa",
        "old_answer": "B"
    },
    {
        "qa_idx": 35,
        "qa_task": "attribute-change",
        "question": "How does the setting change from the beginning to the end of the video from 116.0 to 3823.0 seconds?",
        "options": [
            "A. The setting changes from a workspace to a recording studio.",
            "B. The setting changes from a recording studio to an outdoor environment.",
            "C. The setting changes from a kitchen to a living room.",
            "D. The setting remains the same throughout the video."
        ],
        "answer": "A",
        "qa_level": "long_term",
        "qa_type": "mcqa",
        "old_answer": "A"
    },
    {
        "qa_idx": 36,
        "qa_task": "character-understanding",
        "question": "What is the man wearing while he is seated in front of a microphone in the recording studio from 116.0 to 3823.0 seconds?",
        "options": [
            "A. A floral-patterned garment.",
            "B. A security uniform labeled 'SEGURIDAD'.",
            "C. A jacket labeled 'KULTEC'.",
            "D. All of the above."
        ],
        "answer": "D",
        "qa_level": "long_term",
        "qa_type": "mcqa",
        "old_answer": "D"
    },
    {
        "qa_idx": 38,
        "qa_task": "time-order",
        "question": "In which order do the events occur in the video from 116.0 to 3823.0 seconds?",
        "options": [
            "A. A man in a security uniform with 'SEGURIDAD' patches is seated in a dimly lit, controlled environment, likely a recording studio. He wears a fedora hat and glasses, and is positioned centrally in front of a microphone.",
            "B. The scene captures a professional indoor setting that gradually transitions from a workspace to a recording studio. The initial frames feature a person seated in subdued lighting, holding a plastic water bottle and a pair of headphones on a desk.",
            "C. The scene begins with a man situated predominantly in the foreground, wearing glasses and a hat, holding an object close to his face and displaying it to the camera. This indoor scene is set in a dimly lit environment with a background containing a chair labeled 'KULTER', a door with a sign, and a water bottle at the bottom left corner.",
            "D. The scene takes place in a workspace or studio environment with a dark backdrop, scattered objects, and dim lighting. Initially, a person wearing glasses and a floral-patterned garment is seen sitting in front of a microphone, indicative of a possible podcast or broadcast setting."
        ],
        "answer": "B",
        "qa_level": "long_term",
        "qa_type": "mcqa",
        "old_answer": "B"
    }
]