[
    {
        "qa_idx": 0,
        "qa_type": "qa",
        "qa_level": "frame",
        "qa_task": "character-understanding",
        "question": "Are the human-like figures in the frame actively swimming or floating at 84.0 seconds?",
        "answer": "Yes",
        "old_answer": "Yes"
    },
    {
        "qa_idx": 1,
        "qa_type": "qa",
        "qa_level": "frame",
        "qa_task": "object understanding",
        "question": "Is there an animated bear-like figure in the center of the frame at 1447.0 seconds?",
        "answer": "Yes",
        "old_answer": "Yes"
    },
    {
        "qa_idx": 2,
        "qa_task": "spatial-relationship",
        "question": "What is prominently featured in addition to the human-like characters at 1652.0 seconds into the video?",
        "options": [
            "A. A toy car.",
            "B. A doll.",
            "C. A book.",
            "D. A ball."
        ],
        "answer": "B",
        "qa_level": "frame",
        "qa_type": "mcqa",
        "old_answer": "B"
    },
    {
        "qa_idx": 3,
        "qa_task": "descriptive-scene",
        "question": "What is the primary focus of the scene at 1710.0 seconds into the video?",
        "options": [
            "A. A large toy dog with a dark coat and white spots.",
            "B. A red mount-like structure.",
            "C. A lush, green landscape with rolling hills.",
            "D. Trees in varied bright colors."
        ],
        "answer": "A",
        "qa_level": "frame",
        "qa_type": "mcqa",
        "old_answer": "A"
    },
    {
        "qa_idx": 4,
        "qa_type": "qa",
        "qa_level": "cross_event",
        "qa_task": "character-understanding",
        "question": "Were children engaged in playful and creative activities in both events from 2004.0 to 2067.0 and 2073.0 to 2134.0?",
        "answer": "Yes",
        "old_answer": "Yes"
    },
    {
        "qa_idx": 5,
        "qa_type": "qa",
        "qa_level": "cross_event",
        "qa_task": "character-understanding",
        "question": "In the event from 930.0 to 991.0, did a person interact with a koala?",
        "answer": "Yes",
        "old_answer": "Yes"
    },
    {
        "qa_idx": 6,
        "qa_task": "descriptive-scene",
        "question": "Where does the event take place in the video from 238.0 to 308.0 seconds?",
        "options": [
            "A. In a softly lit room and a beach.",
            "B. In a classroom and a playground.",
            "C. In a park and a swimming pool.",
            "D. In a garden and a living room."
        ],
        "answer": "A",
        "qa_level": "within_event",
        "qa_type": "mcqa",
        "old_answer": "A"
    },
    {
        "qa_idx": 7,
        "qa_task": "speed",
        "question": "During the event from 930.0 to 991.0 seconds, which object is depicted as moving faster?",
        "options": [
            "A. The paper airplane.",
            "B. The magenta car.",
            "C. The butterfly.",
            "D. The koala."
        ],
        "answer": "B",
        "qa_level": "within_event",
        "qa_type": "mcqa",
        "old_answer": "B"
    },
    {
        "qa_idx": 8,
        "qa_task": "time-order",
        "question": "What is the correct sequence of events in the video from 238.0 to 308.0 seconds?",
        "options": [
            "A. Children playing in a softly lit room, bedtime scenes, indoor scene with animated characters, beach activities.",
            "B. Beach activities, indoor scene with animated characters, bedtime scenes, children playing in a softly lit room.",
            "C. Indoor scene with animated characters, children playing in a softly lit room, beach activities, bedtime scenes.",
            "D. Bedtime scenes, children playing in a softly lit room, beach activities, indoor scene with animated characters."
        ],
        "answer": "A",
        "qa_level": "cross_event",
        "qa_type": "mcqa",
        "old_answer": "A"
    },
    {
        "qa_idx": 9,
        "qa_task": "spatial-relationship",
        "question": "In the scene from 1197.0 to 1258.0 seconds, where is the small blue object positioned in relation to the smiling, winking face?",
        "options": [
            "A. To the left of the face.",
            "B. Above the face.",
            "C. To the right of the face.",
            "D. Below the face."
        ],
        "answer": "B",
        "qa_level": "cross_event",
        "qa_type": "mcqa",
        "old_answer": "B"
    },
    {
        "qa_idx": 10,
        "qa_task": "object understanding",
        "question": "What are the main features of the wall mural observed by the character in the blue outfit with yellow details in the scene from 2073.0 to 2134.0 seconds?",
        "options": [
            "A. A playful cartoonish green cactus with large expressive eyes and a simple smile.",
            "B. A realistic painting of a desert landscape.",
            "C. A black and white abstract design.",
            "D. A mural featuring a city skyline."
        ],
        "answer": "A",
        "qa_level": "cross_event",
        "qa_type": "mcqa",
        "old_answer": "A"
    },
    {
        "qa_idx": 13,
        "qa_task": "character-understanding",
        "question": "What is the child wearing while interacting with the small animated dog near a sand sculpture and stream of water?",
        "options": [
            "A. A white outfit with red polka dots and a red bow.",
            "B. A blue outfit with a red bow.",
            "C. A yellow outfit with blue stripes.",
            "D. A green outfit with a yellow hat."
        ],
        "answer": "A",
        "qa_level": "long_term",
        "qa_type": "mcqa",
        "old_answer": "A"
    },
    {
        "qa_idx": 14,
        "qa_task": "object understanding",
        "question": "What kind of object is prominently featured in the brightly lit indoor scene at the beginning of the event?",
        "options": [
            "A. A rabbit.",
            "B. A toy car.",
            "C. A large red hat.",
            "D. A blue bouncy ball shaped like a pig."
        ],
        "answer": "A",
        "qa_level": "long_term",
        "qa_type": "mcqa",
        "old_answer": "A"
    }
]