[
    {
        "qa_idx": 0,
        "qa_task": "spatial-relationship",
        "question": "Where is the woman positioned in the frame at 4412.0 seconds?",
        "options": [
            "A. Centered.",
            "B. Slightly off-centered.",
            "C. In the background.",
            "D. In the foreground."
        ],
        "answer": "B",
        "qa_level": "frame",
        "qa_type": "mcqa",
        "old_answer": "B"
    },
    {
        "qa_idx": 1,
        "qa_type": "qa",
        "qa_level": "within_event",
        "qa_task": "character-understanding",
        "question": "Was the man wearing a black shirt with white patterns prominently positioned near the center at the beginning of the video event from 5159.0 to 5251.0 seconds?",
        "answer": "Yes",
        "old_answer": "Yes"
    },
    {
        "qa_idx": 2,
        "qa_type": "qa",
        "qa_level": "within_event",
        "qa_task": "action-understanding",
        "question": "During the scene from 1246.0 to 1325.0 seconds, does the person using the laptop on the couch start painting a picture?",
        "answer": "No",
        "old_answer": "No"
    },
    {
        "qa_idx": 4,
        "qa_task": "descriptive-scene",
        "question": "What is the overall environment of the characters in the video from 2299.0 to 2360.0 seconds?",
        "options": [
            "A. A brightly lit indoor setting.",
            "B. An outdoor nighttime setting with dim lighting.",
            "C. A busy street during the day.",
            "D. A well-lit office environment."
        ],
        "answer": "B",
        "qa_level": "within_event",
        "qa_type": "mcqa",
        "old_answer": "B"
    },
    {
        "qa_idx": 5,
        "qa_type": "qa",
        "qa_level": "cross_event",
        "qa_task": "camera-direction",
        "question": "Does the camera remain stationary while capturing the individuals engaged in various activities from 4322.0 to 4385.0?",
        "answer": "No",
        "old_answer": "No"
    },
    {
        "qa_idx": 7,
        "qa_task": "scene-understanding",
        "question": "How does the scene transition from the outdoor celebration to the indoor settings in the video events from 6680.0 to 6749.0 seconds?",
        "options": [
            "A. The scene transitions from an outdoor celebration to an intimate indoor setting, then to a professional office environment.",
            "B. The scene transitions from an indoor setting to an outdoor celebration, then to a professional office environment.",
            "C. The scene transitions from a professional office environment to an outdoor celebration, then to an intimate indoor setting.",
            "D. The scene transitions from an intimate indoor setting to a professional office environment, then to an outdoor celebration."
        ],
        "answer": "A",
        "qa_level": "cross_event",
        "qa_type": "mcqa",
        "old_answer": "A"
    },
    {
        "qa_idx": 8,
        "qa_task": "speed",
        "question": "Between the events from 4256.0 to 4317.0 seconds and the unspecified time period in Description 2, which event showcases a higher relative speed of human activity?",
        "options": [
            "A. The event from 4256.0 to 4317.0 seconds.",
            "B. The event in Description 2.",
            "C. Both events have the same relative speed.",
            "D. None of the events showcase any human activity."
        ],
        "answer": "A",
        "qa_level": "cross_event",
        "qa_type": "mcqa",
        "old_answer": "A"
    },
    {
        "qa_idx": 9,
        "qa_task": "attribute-change",
        "question": "How does the setting and attire of the characters change from the beginning to the end of the events between 1952.0 seconds to 2013.0 seconds?",
        "options": [
            "A. The setting changes from a plain background to a dance studio, and the attire changes from casual to athletic.",
            "B. The setting changes from a dance studio to a tech lab, and the attire changes from formal to casual.",
            "C. The setting remains the same throughout, and the attire changes from athletic to formal.",
            "D. The setting changes from a tech lab to a plain background, and the attire remains casual throughout."
        ],
        "answer": "A",
        "qa_level": "cross_event",
        "qa_type": "mcqa",
        "old_answer": "A"
    },
    {
        "qa_idx": 10,
        "qa_task": "temporal-relationship",
        "question": "What happens after the scene featuring a man standing in a partially lit indoor area wearing a red and blue checked shirt over a grey hoodie against a backdrop that suggests artificial lighting?",
        "options": [
            "A. The scene transitions to an indoor setting with three men conversing in a minimally furnished room.",
            "B. The scene transitions to a busy urban street scene populated by people engaging in casual activities.",
            "C. The scene transitions to a culinary or workshop setting where two men in casual attire converse amidst metallic kitchen equipment.",
            "D. The scene transitions to a social media interface displaying profiles with names like 'Gagan Gulati'."
        ],
        "answer": "A",
        "qa_level": "long_term",
        "qa_type": "mcqa",
        "old_answer": "A"
    },
    {
        "qa_idx": 11,
        "qa_task": "causal",
        "question": "Why is the 'Rajshri ESTD. 1947' logo frequently visible in the video from 4.0 to 7044.0 seconds?",
        "options": [
            "A. It indicates the production house involved in the video.",
            "B. It is part of the video's artistic design.",
            "C. It is a watermark to prevent unauthorized use.",
            "D. It is a logo of a sponsor."
        ],
        "answer": "A",
        "qa_level": "long_term",
        "qa_type": "mcqa",
        "old_answer": "A"
    },
    {
        "qa_idx": 14,
        "qa_task": "attribute-change",
        "question": "How does the setting change from the beginning to the end of the video event from 4.0 to 7044.0 seconds?",
        "options": [
            "A. From a YouTube channel interface to a professional meeting in an office.",
            "B. From a YouTube channel interface to a lively outdoor celebration.",
            "C. From a YouTube channel interface to a serene river scene.",
            "D. From a YouTube channel interface to a dramatic end credits scene."
        ],
        "answer": "D",
        "qa_level": "long_term",
        "qa_type": "mcqa",
        "old_answer": "D"
    },
    {
        "qa_idx": 15,
        "qa_task": "character-understanding",
        "question": "What are the individuals doing in the well-decorated office environment from 6000.0 to 7044.0 seconds?",
        "options": [
            "A. Engaged in casual conversation.",
            "B. Participating in a dance rehearsal.",
            "C. Engaged in a professional meeting or discussion.",
            "D. Watching a movie."
        ],
        "answer": "C",
        "qa_level": "long_term",
        "qa_type": "mcqa",
        "old_answer": "C"
    },
    {
        "qa_idx": 16,
        "qa_task": "object understanding",
        "question": "What is the name of the YouTube channel displayed on the mobile phone at the beginning of the event?",
        "options": [
            "A. Rajshri.",
            "B. Madhu Entertainment & Media Ltd.",
            "C. Sheffield Hallam University.",
            "D. 5 Rupaiya 12 Ana productions."
        ],
        "answer": "A",
        "qa_level": "long_term",
        "qa_type": "mcqa",
        "old_answer": "A"
    },
    {
        "qa_idx": 17,
        "qa_task": "time-order",
        "question": "In which order do the events occur in the video from 4.0 to 7044.0 seconds?",
        "options": [
            "A. The video starts with a mobile phone displaying a YouTube channel named 'Rajshri', transitions to a certification document from the Central Board of Film Certification (CBFC. India, then shows a professional meeting in a well-decorated office environment, followed by scenes of a densely populated residential area, and ends with a lively social event in an indoor setting.",
            "B. The video starts with a professional meeting in a well-decorated office environment, transitions to a mobile phone displaying a YouTube channel named 'Rajshri', then shows a certification document from the Central Board of Film Certification (CBFC. India, followed by scenes of a densely populated residential area, and ends with a lively social event in an indoor setting.",
            "C. The video starts with scenes of a densely populated residential area, transitions to a mobile phone displaying a YouTube channel named 'Rajshri', then shows a professional meeting in a well-decorated office environment, followed by a certification document from the Central Board of Film Certification (CBFC. India, and ends with a lively social event in an indoor setting.",
            "D. The video starts with a lively social event in an indoor setting, transitions to a mobile phone displaying a YouTube channel named 'Rajshri', then shows scenes of a densely populated residential area, followed by a professional meeting in a well-decorated office environment, and ends with a certification document from the Central Board of Film Certification (CBFC. India."
        ],
        "answer": "A",
        "qa_level": "long_term",
        "qa_type": "mcqa",
        "old_answer": "A"
    },
    {
        "qa_idx": 18,
        "qa_task": "descriptive-scene",
        "question": "Where does the event featuring a lively social gathering with colorful vinyl record artwork on the walls take place?",
        "options": [
            "A. In a cozy indoor space with warm string lights.",
            "B. In a room with vibrant blue walls and colorful vinyl record artwork.",
            "C. In a dimly lit room with a large circular artwork on the wall.",
            "D. In an outdoor setting with lush greenery and trees."
        ],
        "answer": "B",
        "qa_level": "long_term",
        "qa_type": "mcqa",
        "old_answer": "B"
    }
]