[
    {
        "qa_idx": 0,
        "qa_type": "qa",
        "qa_level": "frame",
        "qa_task": "object understanding",
        "question": "Is there a shared document titled 'Palm and Oak Summer Campaign Planning' displayed in the video frame at 677.0 seconds?",
        "answer": "Yes",
        "old_answer": "Yes"
    },
    {
        "qa_idx": 1,
        "qa_type": "qa",
        "qa_level": "frame",
        "qa_task": "object understanding",
        "question": "Is there a large, colorful display visible behind the men in the frame at 1949.0 seconds?",
        "answer": "Yes",
        "old_answer": "Yes"
    },
    {
        "qa_idx": 2,
        "qa_task": "character-understanding",
        "question": "What is the main activity of the people in the video frame at 677.0 seconds?",
        "options": [
            "A. Playing a game.",
            "B. Attending a virtual team meeting.",
            "C. Watching a movie.",
            "D. Exercising."
        ],
        "answer": "B",
        "qa_level": "frame",
        "qa_type": "mcqa",
        "old_answer": "B"
    },
    {
        "qa_idx": 3,
        "qa_type": "qa",
        "qa_level": "within_event",
        "qa_task": "action-understanding",
        "question": "Is the woman seated on a wooden chair facing away from the stage at any point during the event from 4746.0 to 4826.0 seconds?",
        "answer": "No",
        "old_answer": "No"
    },
    {
        "qa_idx": 4,
        "qa_type": "qa",
        "qa_level": "cross_event",
        "qa_task": "object understanding",
        "question": "Is there a large screen present in both events from 3270.0 to 3354.0 and 3384.0 to 3445.0?",
        "answer": "Yes",
        "old_answer": "Yes"
    },
    {
        "qa_idx": 6,
        "qa_type": "qa",
        "qa_level": "long_term",
        "qa_task": "action-understanding",
        "question": "Did the presenter perform a live coding demonstration during the outdoor Google I/O event from 57.0 seconds to 6948.0 seconds?",
        "answer": "No",
        "old_answer": "No"
    },
    {
        "qa_idx": 7,
        "qa_task": "speed",
        "question": "During the event from 734.0 to 851.0 seconds, who is moving faster?",
        "options": [
            "A. The man addressing the audience on stage.",
            "B. The woman communicating via sign language.",
            "C. Both are moving at the same speed.",
            "D. None of the above."
        ],
        "answer": "B",
        "qa_level": "within_event",
        "qa_type": "mcqa",
        "old_answer": "B"
    },
    {
        "qa_idx": 8,
        "qa_task": "camera-direction",
        "question": "How does the camera movement change from the beginning to the end of the event from 734.0 to 851.0 seconds?",
        "options": [
            "A. The camera starts by focusing on two men and then moves to capture a large screen and the audience.",
            "B. The camera remains static throughout the event.",
            "C. The camera starts by focusing on the audience and then moves to capture the two men.",
            "D. The camera starts by focusing on the large screen and then moves to capture the trees."
        ],
        "answer": "A",
        "qa_level": "cross_event",
        "qa_type": "mcqa",
        "old_answer": "A"
    },
    {
        "qa_idx": 9,
        "qa_task": "object understanding",
        "question": "What is the function of the large screen displayed in the outdoor courtyard event from 3484.0 to 3556.0 seconds?",
        "options": [
            "A. To display a logo and a map of Broadway with traffic signals.",
            "B. To show a movie.",
            "C. To provide a live feed of the audience.",
            "D. To display advertisements."
        ],
        "answer": "A",
        "qa_level": "cross_event",
        "qa_type": "mcqa",
        "old_answer": "A"
    },
    {
        "qa_idx": 10,
        "qa_task": "descriptive-scene",
        "question": "Where do the events in the video take place between the time of 211.0 seconds to 314.0 seconds and H seconds to e seconds?",
        "options": [
            "A. In a formal indoor setting followed by an outdoor Google I/O event.",
            "B. In a classroom followed by a park.",
            "C. In a hospital followed by a conference room.",
            "D. In a shopping mall followed by a beach."
        ],
        "answer": "A",
        "qa_level": "cross_event",
        "qa_type": "mcqa",
        "old_answer": "A"
    },
    {
        "qa_idx": 11,
        "qa_task": "spatial-relationship",
        "question": "In the outdoor event from 2558.0 to 2659.0 seconds, where is the audience seated in relation to the large screen displaying images?",
        "options": [
            "A. Behind the screen.",
            "B. To the left of the screen.",
            "C. Facing the screen.",
            "D. To the right of the screen."
        ],
        "answer": "C",
        "qa_level": "cross_event",
        "qa_type": "mcqa",
        "old_answer": "C"
    },
    {
        "qa_idx": 12,
        "qa_task": "camera-direction",
        "question": "How does the camera movement change from the outdoor setting to the indoor environment in the video event from 1772.0 seconds to 1876.0 seconds?",
        "options": [
            "A. The camera moves from a wide shot of the garden to a close-up of the interpreter.",
            "B. The camera transitions from a static shot of the garden to a dynamic pan across the indoor environment.",
            "C. The camera zooms in on the interpreter and then cuts to a different angle indoors.",
            "D. The camera remains static throughout both the outdoor and indoor settings."
        ],
        "answer": "B",
        "qa_level": "cross_event",
        "qa_type": "mcqa",
        "old_answer": "B"
    },
    {
        "qa_idx": 16,
        "qa_task": "speed",
        "question": "Which presentation topic was discussed faster, 'Google Lens' or 'Live Caption'?",
        "options": [
            "A. Google Lens.",
            "B. Live Caption.",
            "C. Both were discussed at the same speed.",
            "D. None of the above."
        ],
        "answer": "B",
        "qa_level": "long_term",
        "qa_type": "mcqa",
        "old_answer": "B"
    },
    {
        "qa_idx": 18,
        "qa_task": "character-understanding",
        "question": "What role does the person on the right side of the frame play during the Google I/O presentations from 57.0 seconds to 6948.0 seconds?",
        "options": [
            "A. Presenter.",
            "B. Audience member.",
            "C. Sign language interpreter.",
            "D. Technical support."
        ],
        "answer": "C",
        "qa_level": "long_term",
        "qa_type": "mcqa",
        "old_answer": "C"
    },
    {
        "qa_idx": 19,
        "qa_task": "time-order",
        "question": "In which order do the events occur in the video from 1.0 to 6948.0 seconds?",
        "options": [
            "A. The video begins with a completely blank white background. The frame prominently displays the text '#GoogleIO'. A tablet computer appears, displaying various elements and text. The scene transitions to an event or presentation with a screen showing the 'Google I/O' logo. The frame reveals a live presentation setup featuring a person demonstrating something on a mobile device.",
            "B. The video begins with a completely blank white background. A tablet computer appears, displaying various elements and text. The frame prominently displays the text '#GoogleIO'. The scene transitions to an event or presentation with a screen showing the 'Google I/O' logo. The frame reveals a live presentation setup featuring a person demonstrating something on a mobile device.",
            "C. The video begins with a completely blank white background. The frame prominently displays the text '#GoogleIO'. The scene transitions to an event or presentation with a screen showing the 'Google I/O' logo. A tablet computer appears, displaying various elements and text. The frame reveals a live presentation setup featuring a person demonstrating something on a mobile device.",
            "D. The video begins with a completely blank white background. The frame prominently displays the text '#GoogleIO'. A tablet computer appears, displaying various elements and text. The frame reveals a live presentation setup featuring a person demonstrating something on a mobile device. The scene transitions to an event or presentation with a screen showing the 'Google I/O' logo."
        ],
        "answer": "A",
        "qa_level": "long_term",
        "qa_type": "mcqa",
        "old_answer": "A"
    }
]