[
    {
        "qa_idx": 0,
        "qa_task": "object understanding",
        "question": "What object is positioned to the lower left within the frame at 3198.0 seconds into the video?",
        "options": [
            "A. A book.",
            "B. A lipstick.",
            "C. A cup.",
            "D. A phone."
        ],
        "answer": "B",
        "qa_level": "frame",
        "qa_type": "mcqa",
        "old_answer": "B"
    },
    {
        "qa_idx": 1,
        "qa_type": "qa",
        "qa_level": "within_event",
        "qa_task": "object understanding",
        "question": "Are there framed pictures and signs on the walls in the background of the initial scene from 5701.0 to 5763.0 seconds?",
        "answer": "Yes",
        "old_answer": "Yes"
    },
    {
        "qa_idx": 2,
        "qa_task": "spatial-relationship",
        "question": "Where is the man positioned in relation to the woman at 2630.0 seconds into the video?",
        "options": [
            "A. In the left foreground.",
            "B. In the right foreground.",
            "C. Slightly further back on the right.",
            "D. Between the trees in the background."
        ],
        "answer": "A",
        "qa_level": "frame",
        "qa_type": "mcqa",
        "old_answer": "A"
    },
    {
        "qa_idx": 3,
        "qa_type": "qa",
        "qa_level": "cross_event",
        "qa_task": "camera-direction",
        "question": "From the time of 7625.0 to 7688.0, does the camera capture a helicopter flying over a densely forested area?",
        "answer": "Yes",
        "old_answer": "Yes"
    },
    {
        "qa_idx": 4,
        "qa_type": "qa",
        "qa_level": "cross_event",
        "qa_task": "character-understanding",
        "question": "In the event from 1670.0 to 1737.0, were there individuals in uniform involved in a military context?",
        "answer": "Yes",
        "old_answer": "Yes"
    },
    {
        "qa_idx": 5,
        "qa_task": "scene-understanding",
        "question": "Where does the scene take place from 3593.0 to 3651.0 seconds?",
        "options": [
            "A. In a forest.",
            "B. In an aircraft hangar.",
            "C. In a busy street.",
            "D. In a classroom."
        ],
        "answer": "B",
        "qa_level": "within_event",
        "qa_type": "mcqa",
        "old_answer": "B"
    },
    {
        "qa_idx": 6,
        "qa_task": "attribute-change",
        "question": "How does the setting change from the beginning to the end of the event from 3491.0 to 3550.0 seconds?",
        "options": [
            "A. The setting changes from an outdoor scene to an indoor scene.",
            "B. The setting changes from a neutral background to a well-lit room with light-colored curtains.",
            "C. The setting changes from a neutral background to a scene featuring a man in a military or aviation uniform.",
            "D. The setting changes from a neutral background to a formal or somber event with women in white clothing."
        ],
        "answer": "D",
        "qa_level": "within_event",
        "qa_type": "mcqa",
        "old_answer": "D"
    },
    {
        "qa_idx": 11,
        "qa_task": "spatial-relationship",
        "question": "Where is the text 'Press the Bell icon on the YouTube App & Never miss an update' positioned relative to the mobile phone in the video?",
        "options": [
            "A. To the left of the mobile phone.",
            "B. To the right of the mobile phone.",
            "C. Above the mobile phone.",
            "D. Below the mobile phone."
        ],
        "answer": "B",
        "qa_level": "long_term",
        "qa_type": "mcqa",
        "old_answer": "B"
    },
    {
        "qa_idx": 12,
        "qa_task": "time-order",
        "question": "In which order do the events occur in the video from 4.0 to 8132.0 seconds?",
        "options": [
            "A. The video starts with a mobile phone displaying the YouTube channel 'Shemaroo Movies', transitions to a certificate from the Central Board of Film Certification, and then shows a military jet on an airfield.",
            "B. The video starts with a military jet on an airfield, transitions to a certificate from the Central Board of Film Certification, and then shows a mobile phone displaying the YouTube channel 'Shemaroo Movies'.",
            "C. The video starts with a certificate from the Central Board of Film Certification, transitions to a mobile phone displaying the YouTube channel 'Shemaroo Movies', and then shows a military jet on an airfield.",
            "D. The video starts with a military jet on an airfield, transitions to a mobile phone displaying the YouTube channel 'Shemaroo Movies', and then shows a certificate from the Central Board of Film Certification."
        ],
        "answer": "A",
        "qa_level": "long_term",
        "qa_type": "mcqa",
        "old_answer": "A"
    },
    {
        "qa_idx": 14,
        "qa_task": "speed",
        "question": "Which object is moving faster, the airplane or the helicopter, between 159.0 seconds and 8132.0 seconds?",
        "options": [
            "A. The airplane.",
            "B. The helicopter.",
            "C. Both are moving at the same speed.",
            "D. None of the above."
        ],
        "answer": "A",
        "qa_level": "long_term",
        "qa_type": "mcqa",
        "old_answer": "A"
    },
    {
        "qa_idx": 15,
        "qa_task": "attribute-change",
        "question": "How does the background change from 4.0 seconds to 8132.0 seconds in the video?",
        "options": [
            "A. From a neutral background with a film strip design to a lush green outdoor environment.",
            "B. From a neutral background with a film strip design to a dimly lit indoor setting.",
            "C. From a neutral background with a film strip design to a snowy outdoor environment.",
            "D. From a neutral background with a film strip design to a formal military setting."
        ],
        "answer": "A",
        "qa_level": "long_term",
        "qa_type": "mcqa",
        "old_answer": "A"
    },
    {
        "qa_idx": 16,
        "qa_task": "object understanding",
        "question": "What is prominently displayed against a neutral background adorned with a film strip design at the start of the event?",
        "options": [
            "A. A certificate from the Central Board of Film Certification.",
            "B. A mobile phone showcasing the YouTube channel 'Shemaroo Movies'.",
            "C. A glowing digital display with the text 'SHEMAROO'.",
            "D. A military jet on an airfield."
        ],
        "answer": "B",
        "qa_level": "long_term",
        "qa_type": "mcqa",
        "old_answer": "B"
    }
]