[
    {
        "qa_idx": 0,
        "qa_task": "character-understanding",
        "question": "What is the doll wearing in the video frame captured at 1097.0 seconds?",
        "options": [
            "A. A red and white outfit with a hat.",
            "B. A blue and yellow outfit with a scarf.",
            "C. A purple and white outfit with a hood.",
            "D. A green and black outfit with a cap."
        ],
        "answer": "C",
        "qa_level": "frame",
        "qa_type": "mcqa",
        "old_answer": "C"
    },
    {
        "qa_idx": 1,
        "qa_type": "qa",
        "qa_level": "frame",
        "qa_task": "character-understanding",
        "question": "Is the bear standing upright in the frame at 1676.0 seconds?",
        "answer": "Yes",
        "old_answer": "Yes"
    },
    {
        "qa_idx": 2,
        "qa_task": "spatial-relationship",
        "question": "Where is the rabbit positioned in the frame at 422.0 seconds?",
        "options": [
            "A. Upper left side.",
            "B. Lower right side.",
            "C. Center.",
            "D. Upper right side."
        ],
        "answer": "B",
        "qa_level": "frame",
        "qa_type": "mcqa",
        "old_answer": "B"
    },
    {
        "qa_idx": 3,
        "qa_type": "qa",
        "qa_level": "within_event",
        "qa_task": "character-understanding",
        "question": "Was the bear holding a toothbrush and toothpaste at the beginning of the scene from 1970.0 to 2028.0 seconds?",
        "answer": "Yes",
        "old_answer": "Yes"
    },
    {
        "qa_idx": 4,
        "qa_type": "qa",
        "qa_level": "cross_event",
        "qa_task": "character-understanding",
        "question": "Did the bear interact with the tiger in both events from 1970.0 to 2028.0 and 2032.0 to 2090.0?",
        "answer": "Yes",
        "old_answer": "Yes"
    },
    {
        "qa_idx": 5,
        "qa_type": "qa",
        "qa_level": "cross_event",
        "qa_task": "plot-understanding",
        "question": "Do both events feature animated characters engaged in dynamic activities within rustic, nature-themed settings from the time of 1384.0 to 1449.0 and 1452.0 to 1514.0?",
        "answer": "Yes",
        "old_answer": "Yes"
    },
    {
        "qa_idx": 6,
        "qa_task": "attribute-change",
        "question": "How does the lighting in the forest change from the beginning to the end of the video segment from 2160.0 to 2222.0 seconds?",
        "options": [
            "A. The lighting becomes brighter and more intense.",
            "B. The lighting remains consistently dim and bluish.",
            "C. The lighting changes to a warm, golden hue.",
            "D. The lighting becomes completely dark."
        ],
        "answer": "B",
        "qa_level": "within_event",
        "qa_type": "mcqa",
        "old_answer": "B"
    },
    {
        "qa_idx": 7,
        "qa_type": "qa",
        "qa_level": "long_term",
        "qa_task": "plot-understanding",
        "question": "Does the video depict a transition from an outdoor woodland environment to various indoor settings and back to outdoor scenes, involving animated bear characters and other creatures, from 4.0 to 2311.0 seconds?",
        "answer": "Yes",
        "old_answer": "Yes"
    },
    {
        "qa_idx": 10,
        "qa_task": "temporal-relationship",
        "question": "What happens after the bear is seen playing a brass trombone in the indoor scene from 1517.0 to 1578.0 seconds?",
        "options": [
            "A. The scene transitions to a serene, lush outdoor environment with a hedgehog near a large tree.",
            "B. The bear continues to play the trombone while other animals join in.",
            "C. The scene shifts to a chaotic indoor environment with an old, sparking television.",
            "D. The bear and the small child start reading a book together."
        ],
        "answer": "A",
        "qa_level": "cross_event",
        "qa_type": "mcqa",
        "old_answer": "A"
    },
    {
        "qa_idx": 11,
        "qa_task": "object-direction",
        "question": "In the events from 1251.0 to 1317.0 seconds and H to e seconds, what direction does the bear move while carrying the large wooden cabinet?",
        "options": [
            "A. From indoors to outdoors.",
            "B. From outdoors to indoors.",
            "C. From left to right.",
            "D. From right to left."
        ],
        "answer": "A",
        "qa_level": "cross_event",
        "qa_type": "mcqa",
        "old_answer": "A"
    },
    {
        "qa_idx": 12,
        "qa_task": "temporal-relationship",
        "question": "What was the bear doing before it was seen playing a checkers game on a log bench in an outdoor setting?",
        "options": [
            "A. The bear was writing with a pen inside a warmly decorated home.",
            "B. The bear was interacting with a small panda character indoors.",
            "C. The bear was lying on its back atop the bench.",
            "D. The bear was pouring liquid into a wooden container."
        ],
        "answer": "A",
        "qa_level": "long_term",
        "qa_type": "mcqa",
        "old_answer": "A"
    },
    {
        "qa_idx": 14,
        "qa_task": "plot-understanding",
        "question": "What is the main activity of the large brown bear in the indoor scenes from 4.0 to 2311.0 seconds?",
        "options": [
            "A. Playing checkers.",
            "B. Writing and interacting with other characters.",
            "C. Gardening.",
            "D. Painting."
        ],
        "answer": "B",
        "qa_level": "long_term",
        "qa_type": "mcqa",
        "old_answer": "B"
    },
    {
        "qa_idx": 16,
        "qa_task": "object-direction",
        "question": "In the video event from 4.0 to 2311.0 seconds, which direction is the bear facing when it is prominently featured with a concerned expression?",
        "options": [
            "A. Facing the left side.",
            "B. Facing the right side.",
            "C. Facing forward.",
            "D. Facing backward."
        ],
        "answer": "A",
        "qa_level": "long_term",
        "qa_type": "mcqa",
        "old_answer": "A"
    },
    {
        "qa_idx": 17,
        "qa_task": "camera-direction",
        "question": "How does the camera transition from the outdoor forest setting to the indoor cozy room filled with bookshelves, trophies, and framed pictures between 4.0 and 2311.0 seconds?",
        "options": [
            "A. The camera zooms in on the bear and then cuts to the indoor scene.",
            "B. The camera pans from the forest to the indoor scene.",
            "C. The camera follows the bear as it walks from the forest into the house.",
            "D. The camera fades out from the forest and fades in to the indoor scene."
        ],
        "answer": "D",
        "qa_level": "long_term",
        "qa_type": "mcqa",
        "old_answer": "D"
    },
    {
        "qa_idx": 18,
        "qa_task": "speed",
        "question": "Which character is moving faster in the video from 4.0 to 2311.0 seconds, the bear or the rabbit?",
        "options": [
            "A. The bear.",
            "B. The rabbit.",
            "C. Both are moving at the same speed.",
            "D. None of the above."
        ],
        "answer": "B",
        "qa_level": "long_term",
        "qa_type": "mcqa",
        "old_answer": "B"
    },
    {
        "qa_idx": 19,
        "qa_task": "attribute-change",
        "question": "How does the setting change from the beginning to the end of the video event from 4.0 to 2311.0 seconds?",
        "options": [
            "A. From a lively performance with a bear balancing on a spool to a serene forest setting.",
            "B. From a cozy indoor environment to a vibrant outdoor forest setting.",
            "C. From a rustic kitchen to a playful garden scene.",
            "D. From a whimsical woodland environment to a cluttered indoor kitchen."
        ],
        "answer": "A",
        "qa_level": "long_term",
        "qa_type": "mcqa",
        "old_answer": "A"
    },
    {
        "qa_idx": 20,
        "qa_task": "character-understanding",
        "question": "What is the large brown bear doing in the cozy room filled with bookshelves, trophies, and framed pictures?",
        "options": [
            "A. Playing a checkers game.",
            "B. Writing with a pen.",
            "C. Interacting with a small panda character.",
            "D. Watching a retro television set."
        ],
        "answer": "B",
        "qa_level": "long_term",
        "qa_type": "mcqa",
        "old_answer": "B"
    },
    {
        "qa_idx": 21,
        "qa_task": "object understanding",
        "question": "What objects are prominently featured in the cozy indoor environment where the large bear is seen writing?",
        "options": [
            "A. Bookshelves, trophies, and framed pictures.",
            "B. A large aquarium, a piano, and a chandelier.",
            "C. A television, a gaming console, and a bean bag.",
            "D. A treadmill, dumbbells, and a yoga mat."
        ],
        "answer": "A",
        "qa_level": "long_term",
        "qa_type": "mcqa",
        "old_answer": "A"
    },
    {
        "qa_idx": 22,
        "qa_task": "time-order",
        "question": "In which order do the events occur in the video from 4.0 to 2311.0 seconds?",
        "options": [
            "A. The scene transitions from a lively performance featuring a large bear balancing on a spool while juggling to a quaint and whimsical woodland environment. The woodland area is characterized by lush greenery and cozy rustic houses built into large, gnarled trees, with surroundings that evoke a serene and homely atmosphere.",
            "B. The event begins in an interior scene where a large bear is seated at a cluttered desk, engaged in writing. The background includes bookshelves, decorations like trophies and framed photos, and a window with a curtain drawn.",
            "C. The scene begins in a detailed indoor environment where an animated bear character is prominently featured with a concerned expression, facing the left side. The room's interior includes light brown wooden walls, a wooden door, blue wallpaper with an intricate pattern, and a red and beige plaid curtain.",
            "D. The event sequence commences with an indoor scene featuring a prominent animated bear character positioned centrally within a well-lit, rustic room. As the bear looks directly ahead with a focused expression, the background reveals a segmented wooden ceiling and an elaborately designed curtain."
        ],
        "answer": "A",
        "qa_level": "long_term",
        "qa_type": "mcqa",
        "old_answer": "A"
    }
]