[
    {
        "qa_idx": 0,
        "qa_type": "qa",
        "qa_level": "frame",
        "qa_task": "object understanding",
        "question": "Are the individuals in the frame wearing casual clothing at 3013.0 seconds into the video?",
        "answer": "Yes",
        "old_answer": "Yes"
    },
    {
        "qa_idx": 1,
        "qa_task": "object understanding",
        "question": "What is the man wearing at 3063.0 seconds into the video?",
        "options": [
            "A. A red outfit with black accents.",
            "B. A blue outfit with white accents.",
            "C. A green outfit with yellow accents.",
            "D. A black outfit with silver accents."
        ],
        "answer": "B",
        "qa_level": "frame",
        "qa_type": "mcqa",
        "old_answer": "B"
    },
    {
        "qa_idx": 2,
        "qa_type": "qa",
        "qa_level": "frame",
        "qa_task": "object understanding",
        "question": "Is the man wearing a light-colored trench coat in the video frame at 1522.0 seconds?",
        "answer": "Yes",
        "old_answer": "Yes"
    },
    {
        "qa_idx": 3,
        "qa_task": "character-understanding",
        "question": "What is the woman holding in the video frame at 572.0 seconds?",
        "options": [
            "A. A book.",
            "B. A coffee cup.",
            "C. A phone.",
            "D. A remote control."
        ],
        "answer": "B",
        "qa_level": "frame",
        "qa_type": "mcqa",
        "old_answer": "B"
    },
    {
        "qa_idx": 4,
        "qa_task": "character-understanding",
        "question": "What is the man on the right side of the scene doing at the 35.0-second mark in the video?",
        "options": [
            "A. He is standing near a stack of books.",
            "B. He is engaged in an activity.",
            "C. He is sitting in the armchair.",
            "D. He is opening the wardrobe."
        ],
        "answer": "B",
        "qa_level": "frame",
        "qa_type": "mcqa",
        "old_answer": "B"
    },
    {
        "qa_idx": 6,
        "qa_type": "qa",
        "qa_level": "cross_event",
        "qa_task": "speed",
        "question": "Between 2118.0 to 2175.0 and 2181.0 to 2244.0, do the interactions and discussions among the men in lab coats and suits appear to be happening at a fast pace?",
        "answer": "No",
        "old_answer": "No"
    },
    {
        "qa_idx": 7,
        "qa_type": "qa",
        "qa_level": "long_term",
        "qa_task": "object understanding",
        "question": "Is there a decorative tie visible in the room with rustic decor between 1.0 and 4342.0 seconds?",
        "answer": "Yes",
        "old_answer": "Yes"
    },
    {
        "qa_idx": 9,
        "qa_type": "qa",
        "qa_level": "long_term",
        "qa_task": "action-understanding",
        "question": "After the man in the formal suit finished his presentation, did he immediately start painting on the large blank white canvas on an easel? (Time: 1.0 to 4342.0 seconds)",
        "answer": "No",
        "old_answer": "No"
    },
    {
        "qa_idx": 10,
        "qa_task": "attribute-change",
        "question": "How does the setting change throughout the video event from 3590.0 to 3645.0 seconds?",
        "options": [
            "A. The setting remains entirely indoors.",
            "B. The setting shifts between indoor and outdoor scenarios.",
            "C. The setting changes from a rural to an urban environment.",
            "D. The setting transitions from a daytime to a nighttime scene."
        ],
        "answer": "B",
        "qa_level": "within_event",
        "qa_type": "mcqa",
        "old_answer": "B"
    },
    {
        "qa_idx": 11,
        "qa_task": "object understanding",
        "question": "What is the appearance and function of the black pedestal in the vibrant indoor scene from 770.0 to 830.0 seconds?",
        "options": [
            "A. A black pedestal with decor that stands central to the room, splitting it into distinct areas.",
            "B. A black pedestal used for cooking utensils in the kitchen area.",
            "C. A black pedestal with a stereo system placed on it.",
            "D. A black pedestal used as a dining table in the living room area."
        ],
        "answer": "A",
        "qa_level": "cross_event",
        "qa_type": "mcqa",
        "old_answer": "A"
    },
    {
        "qa_idx": 12,
        "qa_task": "time-order",
        "question": "What is the correct sequence of events in the video from 3510.0 to 3589.0 seconds?",
        "options": [
            "A. Man in studio -> Car scene with man and woman -> Outdoor car scene -> Man in studio.",
            "B. Car scene with man and woman -> Man in studio -> Outdoor car scene -> Man in studio.",
            "C. Outdoor car scene -> Man in studio -> Car scene with man and woman -> Man in studio.",
            "D. Man in studio -> Outdoor car scene -> Car scene with man and woman -> Man in studio."
        ],
        "answer": "A",
        "qa_level": "cross_event",
        "qa_type": "mcqa",
        "old_answer": "A"
    },
    {
        "qa_idx": 13,
        "qa_task": "temporal-relationship",
        "question": "What happens after the man in a formal suit with a dark burgundy jacket and black bow tie is seen holding a colorful booklet or pamphlet?",
        "options": [
            "A. The scene transitions to a person dressed in a light blue shirt and green apron, holding a paint roller next to a large blank white canvas on an easel.",
            "B. The scene transitions to a room with rustic decor, including a wooden giraffe's head mount, exposed brick walls, picture frames, and a vibrant decorative tie.",
            "C. The scene transitions to a vibrant indoor stage setup with a faux urban exterior, brightly illuminated and featuring prominently displayed art pieces.",
            "D. The scene transitions to a brightly lit gallery or studio featuring dark blue walls and artworks on display."
        ],
        "answer": "A",
        "qa_level": "long_term",
        "qa_type": "mcqa",
        "old_answer": "A"
    },
    {
        "qa_idx": 14,
        "qa_task": "spatial-relationship",
        "question": "What is the main decorative element in the room with the two men seated on a black couch?",
        "options": [
            "A. A large window with patterned curtains.",
            "B. A wooden giraffe's head mount.",
            "C. A red shelf with various items.",
            "D. A stereo system and a butterfly-themed box."
        ],
        "answer": "D",
        "qa_level": "long_term",
        "qa_type": "mcqa",
        "old_answer": "D"
    },
    {
        "qa_idx": 18,
        "qa_task": "camera-direction",
        "question": "How does the camera movement change from the beginning to the end of the video event from 1.0 to 4342.0 seconds?",
        "options": [
            "A. The camera moves from abstract scenes to a dynamic stage performance.",
            "B. The camera remains static throughout the video.",
            "C. The camera moves from a static indoor setting to an outdoor scene.",
            "D. The camera focuses only on the audience throughout the video."
        ],
        "answer": "A",
        "qa_level": "long_term",
        "qa_type": "mcqa",
        "old_answer": "A"
    },
    {
        "qa_idx": 19,
        "qa_task": "speed",
        "question": "During the event from 1.0 to 4342.0 seconds, which activity was performed at a faster pace?",
        "options": [
            "A. The man standing by an open refrigerator.",
            "B. The audience clapping and displaying engagement.",
            "C. The man in brightly colored clothing standing confidently in the foreground.",
            "D. The artist applying green paint with a brush in an arching motion."
        ],
        "answer": "B",
        "qa_level": "long_term",
        "qa_type": "mcqa",
        "old_answer": "B"
    },
    {
        "qa_idx": 21,
        "qa_task": "character-understanding",
        "question": "What is the man in the formal suit holding while standing against the dark blue curtains?",
        "options": [
            "A. A colorful booklet or pamphlet.",
            "B. A microphone.",
            "C. A paintbrush.",
            "D. A framed picture."
        ],
        "answer": "A",
        "qa_level": "long_term",
        "qa_type": "mcqa",
        "old_answer": "A"
    },
    {
        "qa_idx": 22,
        "qa_task": "object understanding",
        "question": "What kind of decorative elements are present in the room with lime green striped walls?",
        "options": [
            "A. A wooden giraffe's head mount, exposed brick walls, and picture frames.",
            "B. A black couch, a stereo system, and a butterfly-themed box.",
            "C. A chandelier, red curtains, and ornate wall decorations.",
            "D. A bed with checkered bedspreads, a well-organized kitchen, and utensils."
        ],
        "answer": "B",
        "qa_level": "long_term",
        "qa_type": "mcqa",
        "old_answer": "B"
    },
    {
        "qa_idx": 23,
        "qa_task": "time-order",
        "question": "In which order do the events occur in the video from 1.0 to 4342.0 seconds?",
        "options": [
            "A. Abstract scenes with black and white circular objects on a yellow background, rustic decor room, man standing by an open refrigerator, audience in an auditorium, stage performance with a banner inviting participants to 'Draw the model - get a PRIZE!!!'.",
            "B. Man standing by an open refrigerator, abstract scenes with black and white circular objects on a yellow background, rustic decor room, audience in an auditorium, stage performance with a banner inviting participants to 'Draw the model - get a PRIZE!!!'.",
            "C. Audience in an auditorium, abstract scenes with black and white circular objects on a yellow background, rustic decor room, man standing by an open refrigerator, stage performance with a banner inviting participants to 'Draw the model - get a PRIZE!!!'.",
            "D. Stage performance with a banner inviting participants to 'Draw the model - get a PRIZE!!!', abstract scenes with black and white circular objects on a yellow background, rustic decor room, man standing by an open refrigerator, audience in an auditorium."
        ],
        "answer": "A",
        "qa_level": "long_term",
        "qa_type": "mcqa",
        "old_answer": "A"
    }
]