[
    {
        "qa_idx": 0,
        "qa_task": "object understanding",
        "question": "What is the appearance of the character at the 40.0 second mark of the video?",
        "options": [
            "A. The character has a light tan face and prominent whiskers, with wide eyes and an open mouth.",
            "B. The character has a dark brown face and no whiskers, with narrow eyes and a closed mouth.",
            "C. The character has a green face and long ears, with small eyes and a frown.",
            "D. The character has a blue face and short whiskers, with large eyes and a neutral expression."
        ],
        "answer": "A",
        "qa_level": "frame",
        "qa_type": "mcqa",
        "old_answer": "A"
    },
    {
        "qa_idx": 1,
        "qa_task": "character-understanding",
        "question": "What is the largest pig carrying in one hand in the video frame at 831.0 seconds?",
        "options": [
            "A. A blue suitcase.",
            "B. A green suitcase.",
            "C. A red suitcase.",
            "D. A yellow suitcase."
        ],
        "answer": "B",
        "qa_level": "frame",
        "qa_type": "mcqa",
        "old_answer": "B"
    },
    {
        "qa_idx": 2,
        "qa_type": "qa",
        "qa_level": "within_event",
        "qa_task": "object understanding",
        "question": "Are there two rabbits in the initial scene of the video event from 64.0 to 123.0 seconds?",
        "answer": "Yes",
        "old_answer": "Yes"
    },
    {
        "qa_idx": 3,
        "qa_type": "qa",
        "qa_level": "within_event",
        "qa_task": "action-understanding",
        "question": "During the nighttime outdoor setting from 1083.0 to 1144.0 seconds, does the yellow van with pink polka-dotted curtains drive away from the grassy hill?",
        "answer": "No",
        "old_answer": "No"
    },
    {
        "qa_idx": 4,
        "qa_task": "character-understanding",
        "question": "What are the anthropomorphic pigs doing in the video from 1012.0 to 1075.0 seconds?",
        "options": [
            "A. Riding in a yellow car through the countryside.",
            "B. Playing in a playground.",
            "C. Cooking in a kitchen.",
            "D. Swimming in a pool."
        ],
        "answer": "A",
        "qa_level": "within_event",
        "qa_type": "mcqa",
        "old_answer": "A"
    },
    {
        "qa_idx": 5,
        "qa_type": "qa",
        "qa_level": "long_term",
        "qa_task": "action-understanding",
        "question": "After the classroom activities, do the characters engage in a cooking session in the kitchen? (Time: 3.0 to 1914.0 seconds)",
        "answer": "No",
        "old_answer": "No"
    },
    {
        "qa_idx": 6,
        "qa_type": "qa",
        "qa_level": "long_term",
        "qa_task": "object understanding",
        "question": "Is there a chalkboard displaying 'ABC' in the classroom scenes between 3.0 and 123.0 seconds?",
        "answer": "Yes",
        "old_answer": "Yes"
    },
    {
        "qa_idx": 7,
        "qa_task": "speed",
        "question": "Between the two pig characters in the foreground, which one moves faster during the scene from 663.0 to 723.0 seconds?",
        "options": [
            "A. The pig in the blue outfit with a sailor's hat.",
            "B. The pig in the red dress with a wide-brimmed hat.",
            "C. Both move at the same speed.",
            "D. Neither of them moves."
        ],
        "answer": "A",
        "qa_level": "within_event",
        "qa_type": "mcqa",
        "old_answer": "A"
    },
    {
        "qa_idx": 8,
        "qa_task": "time-order",
        "question": "What event occurs immediately after the weather shifts to rain in the video from 1219.0 to 1290.0 seconds?",
        "options": [
            "A. A central focus on a pig character wearing a sailor's hat and reacting with wide eyes and an open mouth against a plain blue background.",
            "B. The scene opens with an animated character from a children's cartoon set against a pastel background of light blue and purple.",
            "C. Several anthropomorphic animals eating chocolate bars in a grassy field amidst flowers and scattered star-shaped objects.",
            "D. A cheerful white bunny holding a large yellow egg with orange spots against a simple background with a partial view of a purple structure and a small flower."
        ],
        "answer": "A",
        "qa_level": "cross_event",
        "qa_type": "mcqa",
        "old_answer": "A"
    },
    {
        "qa_idx": 11,
        "qa_task": "temporal-relationship",
        "question": "What happens after the scene with the firefighter character in yellow gear using a ladder extended from a nearby red fire truck?",
        "options": [
            "A. The scene transitions to a brightly colored classroom with books.",
            "B. The scene shifts to an animated indoor setting with anthropomorphic animal characters, including a rabbit and another figure, surrounded by playful, child-friendly items.",
            "C. The scene transitions to a vibrant outdoor soccer field, with a cartoon rhinoceros in a blue jersey numbered 2 interacting with a soccer ball.",
            "D. The scene shifts to an indoor environment where the same pigs are sitting on a purple couch, both wearing seat belts in what appears to be an imaginative scenario inside a cartoonish living room featuring a kitchen setup."
        ],
        "answer": "B",
        "qa_level": "long_term",
        "qa_type": "mcqa",
        "old_answer": "B"
    },
    {
        "qa_idx": 12,
        "qa_task": "spatial-relationship",
        "question": "Where is the mouse-like character with prominent cheeks and a large nose seen interacting with other characters?",
        "options": [
            "A. In a vibrant classroom with educational materials.",
            "B. In a garden with young plants.",
            "C. In a kitchen with household appliances.",
            "D. In a bedroom with a bunk bed."
        ],
        "answer": "A",
        "qa_level": "long_term",
        "qa_type": "mcqa",
        "old_answer": "A"
    },
    {
        "qa_idx": 13,
        "qa_task": "time-order",
        "question": "In which order do the events occur in the video from 3.0 to 1914.0 seconds?",
        "options": [
            "A. Title sequence of 'Peppa Pig' -> Classroom activities -> Musical room -> Outdoor scene with firefighter -> Family home activities -> Soccer game -> Bedtime routine -> Travel in yellow van -> Picnic near a lake -> Nighttime scene with house and bus.",
            "B. Title sequence of 'Peppa Pig' -> Musical room -> Classroom activities -> Outdoor scene with firefighter -> Family home activities -> Soccer game -> Bedtime routine -> Travel in yellow van -> Picnic near a lake -> Nighttime scene with house and bus.",
            "C. Title sequence of 'Peppa Pig' -> Classroom activities -> Outdoor scene with firefighter -> Musical room -> Family home activities -> Soccer game -> Bedtime routine -> Travel in yellow van -> Picnic near a lake -> Nighttime scene with house and bus.",
            "D. Title sequence of 'Peppa Pig' -> Classroom activities -> Outdoor scene with firefighter -> Family home activities -> Musical room -> Soccer game -> Bedtime routine -> Travel in yellow van -> Picnic near a lake -> Nighttime scene with house and bus."
        ],
        "answer": "A",
        "qa_level": "long_term",
        "qa_type": "mcqa",
        "old_answer": "A"
    },
    {
        "qa_idx": 15,
        "qa_task": "speed",
        "question": "Which character moves faster in the video from 3.0 to 1914.0 seconds, the fox character or the pig characters?",
        "options": [
            "A. The fox character.",
            "B. The pig characters.",
            "C. Both move at the same speed.",
            "D. None of the above."
        ],
        "answer": "A",
        "qa_level": "long_term",
        "qa_type": "mcqa",
        "old_answer": "A"
    },
    {
        "qa_idx": 16,
        "qa_task": "attribute-change",
        "question": "How does the setting change from the beginning to the end of the video from 3.0 to 1914.0 seconds?",
        "options": [
            "A. From a classroom to a nighttime bedroom.",
            "B. From an outdoor scene to a kitchen.",
            "C. From a garden to a soccer field.",
            "D. From a picnic to a control panel."
        ],
        "answer": "A",
        "qa_level": "long_term",
        "qa_type": "mcqa",
        "old_answer": "A"
    },
    {
        "qa_idx": 18,
        "qa_task": "object understanding",
        "question": "What kind of educational materials are present in the classroom scenes from 3.0 to 1914.0 seconds?",
        "options": [
            "A. Chalkboard displaying 'ABC', abacus, building blocks, and books.",
            "B. Musical instruments, guitars, and drums.",
            "C. Picnic basket, sandwiches, and salad.",
            "D. Control panel with colorful buttons and gauges."
        ],
        "answer": "A",
        "qa_level": "long_term",
        "qa_type": "mcqa",
        "old_answer": "A"
    },
    {
        "qa_idx": 19,
        "qa_task": "descriptive-scene",
        "question": "Where do the animated characters engage in playful and educational activities from 3.0 to 1914.0 seconds?",
        "options": [
            "A. In a classroom.",
            "B. In a garden.",
            "C. In a kitchen.",
            "D. In a bedroom."
        ],
        "answer": "A",
        "qa_level": "long_term",
        "qa_type": "mcqa",
        "old_answer": "A"
    }
]