[
    {
        "qa_idx": 0,
        "qa_type": "qa",
        "qa_level": "frame",
        "qa_task": "character-understanding",
        "question": "Is the cartoon character in the video frame a pink anthropomorphic pig at 2416.0 seconds?",
        "answer": "Yes",
        "old_answer": "Yes"
    },
    {
        "qa_idx": 1,
        "qa_task": "spatial-relationship",
        "question": "What is positioned atop the green head of lettuce at 3086.0 seconds into the video?",
        "options": [
            "A. A red ladybug.",
            "B. A yellow and white snail shell.",
            "C. A small rock.",
            "D. A piece of plastic."
        ],
        "answer": "B",
        "qa_level": "frame",
        "qa_type": "mcqa",
        "old_answer": "B"
    },
    {
        "qa_idx": 2,
        "qa_type": "qa",
        "qa_level": "frame",
        "qa_task": "object understanding",
        "question": "Is the larger figure in the frame at 2552.0 seconds dressed in red?",
        "answer": "Yes",
        "old_answer": "Yes"
    },
    {
        "qa_idx": 3,
        "qa_task": "object understanding",
        "question": "What is the central focus of the frame at 2136.0 seconds into the video?",
        "options": [
            "A. A white house on a grassy hill.",
            "B. A multicolored hot air balloon with a woven basket.",
            "C. Various trees of different sizes.",
            "D. A couple of small cultivated garden patches."
        ],
        "answer": "B",
        "qa_level": "frame",
        "qa_type": "mcqa",
        "old_answer": "B"
    },
    {
        "qa_idx": 4,
        "qa_type": "qa",
        "qa_level": "within_event",
        "qa_task": "character-understanding",
        "question": "Were the animated animal characters positioned in a hole or pit at the beginning of the sequence from 660.0 to 669.0 seconds?",
        "answer": "Yes",
        "old_answer": "Yes"
    },
    {
        "qa_idx": 5,
        "qa_task": "character-understanding",
        "question": "What is the character holding in the video frame at 1959.0 seconds?",
        "options": [
            "A. A blue ticket.",
            "B. A red ticket.",
            "C. A green bottle.",
            "D. A gray circular object."
        ],
        "answer": "B",
        "qa_level": "frame",
        "qa_type": "mcqa",
        "old_answer": "B"
    },
    {
        "qa_idx": 6,
        "qa_type": "qa",
        "qa_level": "within_event",
        "qa_task": "plot-understanding",
        "question": "Does the video event from 2725.0 to 2782.0 seconds depict a birthday celebration?",
        "answer": "Yes",
        "old_answer": "Yes"
    },
    {
        "qa_idx": 7,
        "qa_task": "spatial-relationship",
        "question": "Where is the Rabbit character located in the frame at 1345.0 seconds?",
        "options": [
            "A. On the left side of the frame.",
            "B. In the center of the frame.",
            "C. On the right side of the frame.",
            "D. At the top of the frame."
        ],
        "answer": "C",
        "qa_level": "frame",
        "qa_type": "mcqa",
        "old_answer": "C"
    },
    {
        "qa_idx": 8,
        "qa_type": "qa",
        "qa_level": "cross_event",
        "qa_task": "camera-direction",
        "question": "Does the camera move to focus on the kitchen setting from the time of 65.0 to 75.0 and 89.0 to 171.0?",
        "answer": "Yes",
        "old_answer": "Yes"
    },
    {
        "qa_idx": 9,
        "qa_task": "character-understanding",
        "question": "What is the main activity of the animated characters in the outdoor scene from 3279.0 to 3340.0 seconds?",
        "options": [
            "A. The characters are playing musical instruments.",
            "B. The characters are engaging in a lively activity and carrying sandwiches.",
            "C. The characters are painting a mural.",
            "D. The characters are building a sandcastle."
        ],
        "answer": "B",
        "qa_level": "within_event",
        "qa_type": "mcqa",
        "old_answer": "B"
    },
    {
        "qa_idx": 10,
        "qa_type": "qa",
        "qa_level": "cross_event",
        "qa_task": "camera-direction",
        "question": "From the time of 2259.0 to 2329.0, does the camera capture detailed interactions of the pig characters in the children's room?",
        "answer": "Yes",
        "old_answer": "Yes"
    },
    {
        "qa_idx": 11,
        "qa_task": "speed",
        "question": "Between 1619.0 seconds and 1670.0 seconds, which characters are seen moving faster in the final frames of the video?",
        "options": [
            "A. The pink pig and the orange cat.",
            "B. The pigs in the classroom.",
            "C. The family of pigs outdoors.",
            "D. The green dinosaur and the small figure in red."
        ],
        "answer": "C",
        "qa_level": "within_event",
        "qa_type": "mcqa",
        "old_answer": "C"
    },
    {
        "qa_idx": 13,
        "qa_task": "scene-understanding",
        "question": "What is the setting of the video event from 65.0 to 75.0 seconds?",
        "options": [
            "A. A park with a playground.",
            "B. An indoor scene with a kitchen and living area.",
            "C. A classroom with students.",
            "D. An office with desks and computers."
        ],
        "answer": "B",
        "qa_level": "within_event",
        "qa_type": "mcqa",
        "old_answer": "B"
    },
    {
        "qa_idx": 14,
        "qa_task": "attribute-change",
        "question": "How does the setting change from the beginning to the end of the event from 2330.0 to 2396.0 seconds?",
        "options": [
            "A. The setting changes from an indoor classroom to an outdoor scene with a truck.",
            "B. The setting changes from a colorful indoor scene to an outdoor scene with a goat pressing a doorbell.",
            "C. The setting changes from a vibrant indoor scene to an outdoor scene with a yellow building and a blue truck.",
            "D. The setting changes from a colorful and vibrant indoor scene to an educational classroom filled with anthropomorphic characters."
        ],
        "answer": "D",
        "qa_level": "cross_event",
        "qa_type": "mcqa",
        "old_answer": "D"
    },
    {
        "qa_idx": 15,
        "qa_task": "time-order",
        "question": "In which order do the events occur in the video from 4.0 to 3827.0 seconds?",
        "options": [
            "A. The scene begins with a cheerful anthropomorphic pig introducing 'Peppa Pig', followed by a daytime setting showcasing a yellow house, then an interior bedroom scene, and finally a lively family bedroom.",
            "B. The scene begins with a lively family bedroom, followed by a daytime setting showcasing a yellow house, then an interior bedroom scene, and finally a cheerful anthropomorphic pig introducing 'Peppa Pig'.",
            "C. The scene begins with an interior bedroom scene, followed by a lively family bedroom, then a cheerful anthropomorphic pig introducing 'Peppa Pig', and finally a daytime setting showcasing a yellow house.",
            "D. The scene begins with a daytime setting showcasing a yellow house, followed by a cheerful anthropomorphic pig introducing 'Peppa Pig', then a lively family bedroom, and finally an interior bedroom scene."
        ],
        "answer": "A",
        "qa_level": "long_term",
        "qa_type": "mcqa",
        "old_answer": "A"
    },
    {
        "qa_idx": 17,
        "qa_task": "camera-direction",
        "question": "How does the camera move when the scene transitions from the indoor kitchen setting to the outdoor grassy hill with the yellow house at 4.0 to 3827.0 seconds?",
        "options": [
            "A. The camera zooms in on the kitchen clock.",
            "B. The camera pans from the kitchen to the outdoor scene.",
            "C. The camera cuts directly to the outdoor scene.",
            "D. The camera follows the characters as they move outside."
        ],
        "answer": "C",
        "qa_level": "long_term",
        "qa_type": "mcqa",
        "old_answer": "C"
    },
    {
        "qa_idx": 18,
        "qa_task": "attribute-change",
        "question": "How does the time displayed on the clocks change from the beginning to the end of the video from 4.0 to 3827.0 seconds?",
        "options": [
            "A. The time remains the same throughout the video.",
            "B. The time changes from 9:00 to 8:00 and then to 10:08.",
            "C. The time changes from 8:00 to 9:00 and then to 10:08.",
            "D. The time changes from 10:08 to 9:00 and then to 8:00."
        ],
        "answer": "B",
        "qa_level": "long_term",
        "qa_type": "mcqa",
        "old_answer": "B"
    }
]