[
    {
        "qa_idx": 0,
        "qa_task": "descriptive-scene",
        "question": "Where does the scene at 814.0 seconds into the video take place?",
        "options": [
            "A. In a quiet village.",
            "B. In a bustling urban street.",
            "C. In a suburban neighborhood.",
            "D. In a rural countryside."
        ],
        "answer": "B",
        "qa_level": "frame",
        "qa_type": "mcqa",
        "old_answer": "B"
    },
    {
        "qa_idx": 1,
        "qa_type": "qa",
        "qa_level": "within_event",
        "qa_task": "object understanding",
        "question": "Is there a prominent boulder with sparse vegetation visible in the video from 354.0 to 414.0 seconds?",
        "answer": "Yes",
        "old_answer": "Yes"
    },
    {
        "qa_idx": 3,
        "qa_type": "qa",
        "qa_level": "cross_event",
        "qa_task": "plot-understanding",
        "question": "Do both video events from 468.0 to 528.0 and 529.0 to 593.0 depict outdoor scenes in cold environments?",
        "answer": "Yes",
        "old_answer": "Yes"
    },
    {
        "qa_idx": 5,
        "qa_type": "qa",
        "qa_level": "cross_event",
        "qa_task": "object understanding",
        "question": "Is there a red canopy present in both events from 2596.0 to 2653.0 and 2654.0 to 2716.0?",
        "answer": "Yes",
        "old_answer": "Yes"
    },
    {
        "qa_idx": 6,
        "qa_task": "scene-understanding",
        "question": "What is the setting of the initial scene from 2049.0 to 2110.0 seconds?",
        "options": [
            "A. A well-lit room with wooden flooring and a stone-textured wall.",
            "B. A grassy field under an overcast sky.",
            "C. A wooden deck beside a body of water and mountains.",
            "D. A deck with a woman in swimwear gazing towards distant mountains."
        ],
        "answer": "A",
        "qa_level": "within_event",
        "qa_type": "mcqa",
        "old_answer": "A"
    },
    {
        "qa_idx": 7,
        "qa_task": "descriptive-scene",
        "question": "Where does the event primarily take place in the video from 2741.0 to 2807.0 seconds?",
        "options": [
            "A. A historic location with stone structures and pathways.",
            "B. A modern indoor setting with a wooden and glass ceiling.",
            "C. A bustling city street with vibrant street art.",
            "D. A serene beach with an urban skyline."
        ],
        "answer": "A",
        "qa_level": "cross_event",
        "qa_type": "mcqa",
        "old_answer": "A"
    },
    {
        "qa_idx": 8,
        "qa_task": "causal",
        "question": "Why did the man in a blue jacket stand beside the cabin on the boat?",
        "options": [
            "A. To interact with the camera.",
            "B. To enjoy the view of the calm waters and cloudy skies.",
            "C. To check the items visible through the window.",
            "D. To prepare for a rescue effort."
        ],
        "answer": "B",
        "qa_level": "long_term",
        "qa_type": "mcqa",
        "old_answer": "B"
    },
    {
        "qa_idx": 9,
        "qa_task": "plot-understanding",
        "question": "What is the main theme depicted in the video from 27.0 to 2833.0 seconds?",
        "options": [
            "A. Various serene and picturesque landscapes.",
            "B. A continuous narrative of urban and rural activities.",
            "C. A series of historical and cultural events.",
            "D. A focus on indoor and outdoor sports activities."
        ],
        "answer": "B",
        "qa_level": "long_term",
        "qa_type": "mcqa",
        "old_answer": "B"
    },
    {
        "qa_idx": 10,
        "qa_task": "object-direction",
        "question": "In the video from 27.0 to 2833.0 seconds, which direction is the woman leaning out of the boat window and smiling towards the water?",
        "options": [
            "A. Towards the front of the boat.",
            "B. Towards the back of the boat.",
            "C. Towards the left side of the boat.",
            "D. Towards the right side of the boat."
        ],
        "answer": "C",
        "qa_level": "long_term",
        "qa_type": "mcqa",
        "old_answer": "C"
    },
    {
        "qa_idx": 11,
        "qa_task": "attribute-change",
        "question": "How does the environment change from the beginning to the end of the video from 27.0 seconds to 2833.0 seconds?",
        "options": [
            "A. From a modern building exterior to a serene park and urban landscape.",
            "B. From a snowy landscape to a bustling city street.",
            "C. From a serene beach to a busy pedestrian walkway.",
            "D. From a rural countryside to a vibrant festival."
        ],
        "answer": "A",
        "qa_level": "long_term",
        "qa_type": "mcqa",
        "old_answer": "A"
    }
]