[
    {
        "qa_idx": 0,
        "qa_type": "qa",
        "qa_level": "frame",
        "qa_task": "object understanding",
        "question": "Is there a dog facing towards the camera at the 209.0-second mark of the video?",
        "answer": "Yes",
        "old_answer": "Yes"
    },
    {
        "qa_idx": 1,
        "qa_task": "descriptive-scene",
        "question": "Where is the small pet resting at 3627.0 seconds into the video?",
        "options": [
            "A. In a cozy, pink bed within a white enclosed pen.",
            "B. On a striped rug.",
            "C. On a wooden bookshelf.",
            "D. In a metal food bowl."
        ],
        "answer": "A",
        "qa_level": "frame",
        "qa_type": "mcqa",
        "old_answer": "A"
    },
    {
        "qa_idx": 2,
        "qa_type": "qa",
        "qa_level": "frame",
        "qa_task": "character-understanding",
        "question": "Is there a small dog sleeping in the pet cage at 3708.0 seconds into the video?",
        "answer": "Yes",
        "old_answer": "Yes"
    },
    {
        "qa_idx": 4,
        "qa_type": "qa",
        "qa_level": "within_event",
        "qa_task": "speed",
        "question": "Is the drawing activity taking place at a fast pace from 4315.0 seconds to 4566.0 seconds?",
        "answer": "No",
        "old_answer": "No"
    },
    {
        "qa_idx": 5,
        "qa_task": "object understanding",
        "question": "What is the hand holding near the partially sketched notebook at 4115.0 seconds into the video?",
        "options": [
            "A. A paintbrush.",
            "B. A pen.",
            "C. A pencil.",
            "D. A marker."
        ],
        "answer": "B",
        "qa_level": "frame",
        "qa_type": "mcqa",
        "old_answer": "B"
    },
    {
        "qa_idx": 7,
        "qa_type": "qa",
        "qa_level": "cross_event",
        "qa_task": "object understanding",
        "question": "Is there a purple rug present in both video events from 631.0 to 779.0 and 1323.0 to 1413.0?",
        "answer": "Yes",
        "old_answer": "Yes"
    },
    {
        "qa_idx": 8,
        "qa_task": "temporal-relationship",
        "question": "What was the dog doing at the beginning of the video event from 3154.0 to 3709.0 seconds?",
        "options": [
            "A. The dog was playing with a toy.",
            "B. The dog was eating from a metal bowl.",
            "C. The dog was sleeping on a pink cushioned bed.",
            "D. The dog was running around the room."
        ],
        "answer": "C",
        "qa_level": "within_event",
        "qa_type": "mcqa",
        "old_answer": "C"
    },
    {
        "qa_idx": 10,
        "qa_type": "qa",
        "qa_level": "long_term",
        "qa_task": "plot-understanding",
        "question": "Does the video depict a blend of human creative activities and pet care in a domestic setting from 180.0 seconds to 4566.0 seconds?",
        "answer": "Yes",
        "old_answer": "Yes"
    },
    {
        "qa_idx": 11,
        "qa_task": "camera-direction",
        "question": "During the event from 3915.0 to 4008.0 seconds, what does the camera focus on as it moves through various angles and close-ups?",
        "options": [
            "A. The pet resting inside the cage.",
            "B. The striped carpet and white filing cabinet.",
            "C. The person's hands and pen movements while sketching.",
            "D. The books and items on the shelves."
        ],
        "answer": "C",
        "qa_level": "within_event",
        "qa_type": "mcqa",
        "old_answer": "C"
    },
    {
        "qa_idx": 12,
        "qa_type": "qa",
        "qa_level": "long_term",
        "qa_task": "object understanding",
        "question": "Is there a striped carpet present in the indoor scenes from 180.0 to 4566.0 seconds?",
        "answer": "Yes",
        "old_answer": "Yes"
    },
    {
        "qa_idx": 13,
        "qa_task": "spatial-relationship",
        "question": "What is the spatial relationship between the pet area and the individual sketching in the video event from 2782.0 to 3007.0 seconds?",
        "options": [
            "A. The pet area is on the left side of the individual sketching.",
            "B. The pet area is on the right side of the individual sketching.",
            "C. The pet area is directly in front of the individual sketching.",
            "D. The pet area is behind the individual sketching."
        ],
        "answer": "B",
        "qa_level": "cross_event",
        "qa_type": "mcqa",
        "old_answer": "B"
    },
    {
        "qa_idx": 15,
        "qa_task": "object-direction",
        "question": "In the video events from 2162.0 to 2413.0 seconds and H to e seconds, what is the direction of the dog's movement?",
        "options": [
            "A. The dog moves from left to right.",
            "B. The dog moves from right to left.",
            "C. The dog remains stationary.",
            "D. The dog moves in a circular direction."
        ],
        "answer": "C",
        "qa_level": "cross_event",
        "qa_type": "mcqa",
        "old_answer": "C"
    },
    {
        "qa_idx": 17,
        "qa_task": "temporal-relationship",
        "question": "What was the dog doing before it was seen resting comfortably in a pink bed inside a white wire cage from 631.0 seconds to 779.0 seconds?",
        "options": [
            "A. The dog was playing with a toy.",
            "B. The dog was standing on a striped mat.",
            "C. The dog was eating from a stainless steel bowl.",
            "D. The dog was interacting with a person."
        ],
        "answer": "B",
        "qa_level": "long_term",
        "qa_type": "mcqa",
        "old_answer": "B"
    },
    {
        "qa_idx": 18,
        "qa_task": "spatial-relationship",
        "question": "Where is the dog located in the indoor room from 631.0 seconds to 779.0 seconds?",
        "options": [
            "A. On a striped carpet.",
            "B. Inside a white wire cage.",
            "C. On a desk.",
            "D. On a chair."
        ],
        "answer": "A",
        "qa_level": "long_term",
        "qa_type": "mcqa",
        "old_answer": "A"
    },
    {
        "qa_idx": 22,
        "qa_task": "object-direction",
        "question": "In which direction does the hand reach out towards the dog in the scene from 631.0 seconds to 779.0 seconds?",
        "options": [
            "A. From the left side of the frame.",
            "B. From the right side of the frame.",
            "C. From the top of the frame.",
            "D. From the bottom of the frame."
        ],
        "answer": "B",
        "qa_level": "long_term",
        "qa_type": "mcqa",
        "old_answer": "B"
    },
    {
        "qa_idx": 23,
        "qa_task": "camera-direction",
        "question": "How does the camera movement change from 180.0 seconds to 4566.0 seconds in the video?",
        "options": [
            "A. The camera moves closer to the dog and then focuses on the person sketching.",
            "B. The camera moves away from the dog and then focuses on the person sketching.",
            "C. The camera remains static throughout the video.",
            "D. The camera moves around the room without focusing on any specific object."
        ],
        "answer": "A",
        "qa_level": "long_term",
        "qa_type": "mcqa",
        "old_answer": "A"
    },
    {
        "qa_idx": 24,
        "qa_task": "speed",
        "question": "How does the speed of the dog's movements change from the beginning to the end of the video event sequence from 180.0 to 4566.0 seconds?",
        "options": [
            "A. The dog remains stationary throughout the video.",
            "B. The dog moves quickly at the beginning and slows down towards the end.",
            "C. The dog moves slowly at the beginning and becomes more active towards the end.",
            "D. The dog is active throughout the video."
        ],
        "answer": "A",
        "qa_level": "long_term",
        "qa_type": "mcqa",
        "old_answer": "A"
    },
    {
        "qa_idx": 28,
        "qa_task": "time-order",
        "question": "In which order do the events occur in the video from 180.0 seconds to 4566.0 seconds?",
        "options": [
            "A. The dog stands on a striped mat, a hand reaches out to the dog, the dog is in a wire cage, the dog rests in a pink bed, a person sketches in a notebook.",
            "B. The dog rests in a pink bed, the dog stands on a striped mat, a hand reaches out to the dog, a person sketches in a notebook, the dog is in a wire cage.",
            "C. A person sketches in a notebook, the dog stands on a striped mat, the dog rests in a pink bed, a hand reaches out to the dog, the dog is in a wire cage.",
            "D. The dog is in a wire cage, the dog stands on a striped mat, a person sketches in a notebook, the dog rests in a pink bed, a hand reaches out to the dog."
        ],
        "answer": "A",
        "qa_level": "long_term",
        "qa_type": "mcqa",
        "old_answer": "A"
    }
]