[
    {
        "qa_idx": 0,
        "qa_type": "qa",
        "qa_level": "frame",
        "qa_task": "character-understanding",
        "question": "At 2914.0 seconds into the video, are there hands interacting with a large, white sack?",
        "answer": "Yes",
        "old_answer": "Yes"
    },
    {
        "qa_idx": 1,
        "qa_task": "descriptive-scene",
        "question": "What is the main focus of the video frame at 3048.0 seconds?",
        "options": [
            "A. The rodent's face.",
            "B. The rodent's tail.",
            "C. The rodent's habitat.",
            "D. The rodent's food."
        ],
        "answer": "A",
        "qa_level": "frame",
        "qa_type": "mcqa",
        "old_answer": "A"
    },
    {
        "qa_idx": 2,
        "qa_task": "object understanding",
        "question": "What is the person in the video frame at 1455.0 seconds manipulating?",
        "options": [
            "A. A book.",
            "B. A device involving liquids.",
            "C. A musical instrument.",
            "D. A piece of clothing."
        ],
        "answer": "B",
        "qa_level": "frame",
        "qa_type": "mcqa",
        "old_answer": "B"
    },
    {
        "qa_idx": 4,
        "qa_task": "object understanding",
        "question": "What type of clothing are the individuals wearing at 1331.0 seconds into the video?",
        "options": [
            "A. Formal attire.",
            "B. Casual attire.",
            "C. Sports uniforms.",
            "D. Traditional costumes."
        ],
        "answer": "B",
        "qa_level": "frame",
        "qa_type": "mcqa",
        "old_answer": "B"
    },
    {
        "qa_idx": 5,
        "qa_task": "character-understanding",
        "question": "What are the individuals in the room potentially engaged in at 1667.0 seconds into the video?",
        "options": [
            "A. Playing a game.",
            "B. Engaged in a communal or meditative activity.",
            "C. Having a meal.",
            "D. Watching television."
        ],
        "answer": "B",
        "qa_level": "frame",
        "qa_type": "mcqa",
        "old_answer": "B"
    },
    {
        "qa_idx": 6,
        "qa_type": "qa",
        "qa_level": "cross_event",
        "qa_task": "speed",
        "question": "Did the transition between scenes in the event from 3.0 to 102.0 seconds occur at a faster pace compared to the event from 103.0 to 139.0 seconds?",
        "answer": "Yes",
        "old_answer": "Yes"
    },
    {
        "qa_idx": 7,
        "qa_task": "scene-understanding",
        "question": "What is the setting of the initial scene in the video event from 1765.0 to 1825.0 seconds?",
        "options": [
            "A. An outdoor garden.",
            "B. An indoor setting with a wooden door.",
            "C. A busy street.",
            "D. A kitchen."
        ],
        "answer": "B",
        "qa_level": "within_event",
        "qa_type": "mcqa",
        "old_answer": "B"
    },
    {
        "qa_idx": 8,
        "qa_type": "qa",
        "qa_level": "long_term",
        "qa_task": "character-understanding",
        "question": "Does the video feature a man interacting with animals in a controlled environment between 103.0 and 3081.0 seconds?",
        "answer": "Yes",
        "old_answer": "Yes"
    },
    {
        "qa_idx": 9,
        "qa_task": "object-direction",
        "question": "In the video events from 458.0 to 518.0 seconds and H to e seconds, what is the direction of the monkey's movement inside the cage?",
        "options": [
            "A. The monkey moves from left to right inside the cage.",
            "B. The monkey moves from right to left inside the cage.",
            "C. The monkey remains stationary inside the cage.",
            "D. The monkey moves in a circular pattern inside the cage."
        ],
        "answer": "C",
        "qa_level": "cross_event",
        "qa_type": "mcqa",
        "old_answer": "C"
    },
    {
        "qa_idx": 10,
        "qa_task": "object understanding",
        "question": "What is the function of the large cage-like structures seen in the interior scene from 394.0 to 454.0 seconds?",
        "options": [
            "A. Housing animals or equipment.",
            "B. Storing food supplies.",
            "C. Displaying art pieces.",
            "D. Providing seating for people."
        ],
        "answer": "A",
        "qa_level": "cross_event",
        "qa_type": "mcqa",
        "old_answer": "A"
    },
    {
        "qa_idx": 11,
        "qa_task": "temporal-relationship",
        "question": "What happens after the scene of a mantis clinging to a branch?",
        "options": [
            "A. A lizard navigating a worn, peeling, white-painted wall.",
            "B. A man in a wooded area.",
            "C. A woman in traditional attire.",
            "D. Promotional frames with bold messages."
        ],
        "answer": "A",
        "qa_level": "long_term",
        "qa_type": "mcqa",
        "old_answer": "A"
    },
    {
        "qa_idx": 12,
        "qa_task": "spatial-relationship",
        "question": "Where is the man standing when he is seen wearing a beanie and a prominent pendant necklace?",
        "options": [
            "A. In a wooded area.",
            "B. Inside a car.",
            "C. In a large building with multiple windows.",
            "D. Near a weathered house surrounded by debris."
        ],
        "answer": "A",
        "qa_level": "long_term",
        "qa_type": "mcqa",
        "old_answer": "A"
    },
    {
        "qa_idx": 13,
        "qa_task": "plot-understanding",
        "question": "What is the main focus of the video from 3.0 to 3081.0 seconds?",
        "options": [
            "A. The interaction between humans and animals in various controlled environments.",
            "B. The promotion of a streaming platform and its documentary series.",
            "C. The depiction of rural and urban life and activities.",
            "D. The detailed observation of small animals in natural and controlled settings."
        ],
        "answer": "A",
        "qa_level": "long_term",
        "qa_type": "mcqa",
        "old_answer": "A"
    },
    {
        "qa_idx": 14,
        "qa_task": "camera-direction",
        "question": "How does the camera movement change from the beginning to the end of the video between 3.0 and 3081.0 seconds?",
        "options": [
            "A. The camera moves from a close-up of a mantis to a wide shot of a natural landscape.",
            "B. The camera moves from a wide shot of a natural landscape to a close-up of a mantis.",
            "C. The camera remains static throughout the video.",
            "D. The camera moves from a close-up of a mantis to a close-up of a rodent."
        ],
        "answer": "B",
        "qa_level": "long_term",
        "qa_type": "mcqa",
        "old_answer": "B"
    },
    {
        "qa_idx": 15,
        "qa_task": "attribute-change",
        "question": "How does the environment change from the beginning to the end of the video from 3.0 to 3081.0 seconds?",
        "options": [
            "A. From a bright orange gradient background to a serene natural landscape.",
            "B. From a dark indoor setting to a bustling urban market.",
            "C. From a rural agricultural field to a busy city street.",
            "D. From a quiet laboratory to a lively football field."
        ],
        "answer": "A",
        "qa_level": "long_term",
        "qa_type": "mcqa",
        "old_answer": "A"
    },
    {
        "qa_idx": 16,
        "qa_task": "character-understanding",
        "question": "What is the man wearing while standing amidst lush green foliage in the serene outdoor setting?",
        "options": [
            "A. A beanie and a prominent pendant necklace.",
            "B. A white shirt and blue cap.",
            "C. A gray t-shirt with the word 'HOOPS' and a Nike logo.",
            "D. A red sports uniform."
        ],
        "answer": "A",
        "qa_level": "long_term",
        "qa_type": "mcqa",
        "old_answer": "A"
    },
    {
        "qa_idx": 18,
        "qa_task": "time-order",
        "question": "In which order do the events occur in the video from 3.0 to 3081.0 seconds?",
        "options": [
            "A. Promotional frames, animal interactions, newborn animals, industrial setting, rural activities, market scenes, communal gathering.",
            "B. Animal interactions, promotional frames, newborn animals, rural activities, industrial setting, market scenes, communal gathering.",
            "C. Promotional frames, newborn animals, animal interactions, industrial setting, rural activities, market scenes, communal gathering.",
            "D. Newborn animals, promotional frames, animal interactions, rural activities, industrial setting, market scenes, communal gathering."
        ],
        "answer": "A",
        "qa_level": "long_term",
        "qa_type": "mcqa",
        "old_answer": "A"
    }
]