[
    {
        "qa_idx": 1,
        "qa_type": "qa",
        "qa_level": "frame",
        "qa_task": "character-understanding",
        "question": "Is the Gmail account in the video frame showing emails from Linus Sebastian at 5709.0 seconds?",
        "answer": "Yes",
        "old_answer": "Yes"
    },
    {
        "qa_idx": 2,
        "qa_type": "qa",
        "qa_level": "within_event",
        "qa_task": "object understanding",
        "question": "Is the individual wearing large headphones in the video event from 2495.0 to 2653.0 seconds?",
        "answer": "Yes",
        "old_answer": "Yes"
    },
    {
        "qa_idx": 3,
        "qa_type": "qa",
        "qa_level": "within_event",
        "qa_task": "speed",
        "question": "Did the man move his hands slowly during the virtual conversation or interactive session from 3482.0 to 3820.0 seconds?",
        "answer": "No",
        "old_answer": "No"
    },
    {
        "qa_idx": 4,
        "qa_task": "descriptive-scene",
        "question": "What is the main setting of the video frame at 4777.0 seconds?",
        "options": [
            "A. A kitchen.",
            "B. A YouTube webpage.",
            "C. A park.",
            "D. A classroom."
        ],
        "answer": "B",
        "qa_level": "frame",
        "qa_type": "mcqa",
        "old_answer": "B"
    },
    {
        "qa_idx": 5,
        "qa_type": "qa",
        "qa_level": "cross_event",
        "qa_task": "action-understanding",
        "question": "In both events from 1032.0 to 1154.0 and 1284.0 to 1530.0, does the man wearing headphones and a striped shirt interact with a computer monitor emitting a blueish glow?",
        "answer": "Yes",
        "old_answer": "Yes"
    },
    {
        "qa_idx": 6,
        "qa_task": "camera-direction",
        "question": "Does the camera move closer to the man or does it stay stationary throughout the video event from 2654.0 to 2773.0 seconds?",
        "options": [
            "A. The camera moves closer to the man.",
            "B. The camera stays stationary.",
            "C. The camera moves away from the man.",
            "D. The camera pans around the man."
        ],
        "answer": "B",
        "qa_level": "within_event",
        "qa_type": "mcqa",
        "old_answer": "B"
    },
    {
        "qa_idx": 7,
        "qa_type": "qa",
        "qa_level": "cross_event",
        "qa_task": "object understanding",
        "question": "In the event from 1967.0 to 2072.0, is the man holding a cat?",
        "answer": "No",
        "old_answer": "No"
    },
    {
        "qa_idx": 8,
        "qa_task": "scene-understanding",
        "question": "What are the two different settings shown in the video event from 1537.0 to 1651.0 seconds?",
        "options": [
            "A. A dark, indoor environment and a well-lit room.",
            "B. A park and a beach.",
            "C. A kitchen and a living room.",
            "D. An office and a garden."
        ],
        "answer": "A",
        "qa_level": "within_event",
        "qa_type": "mcqa",
        "old_answer": "A"
    },
    {
        "qa_idx": 10,
        "qa_task": "character-understanding",
        "question": "What is the person wearing who is holding rectangular hardware in the video from 5048.0 to 5085.0 seconds?",
        "options": [
            "A. A red shirt and jeans.",
            "B. A camouflage cap and black shirt.",
            "C. A white lab coat.",
            "D. A blue hoodie."
        ],
        "answer": "B",
        "qa_level": "within_event",
        "qa_type": "mcqa",
        "old_answer": "B"
    },
    {
        "qa_idx": 12,
        "qa_task": "object understanding",
        "question": "What is the man holding and demonstrating in the video event from 1883.0 seconds to 1943.0 seconds?",
        "options": [
            "A. A small yellow electronic device or connector.",
            "B. A large blue mechanical tool.",
            "C. A red book.",
            "D. A green plant."
        ],
        "answer": "A",
        "qa_level": "cross_event",
        "qa_type": "mcqa",
        "old_answer": "A"
    },
    {
        "qa_idx": 13,
        "qa_task": "temporal-relationship",
        "question": "What was the man doing before he started interacting with the computer screen displaying a social media interface?",
        "options": [
            "A. He was holding a camera.",
            "B. He was demonstrating a yellow electronic device.",
            "C. He was holding a black backpack.",
            "D. He was interacting with a cat."
        ],
        "answer": "B",
        "qa_level": "long_term",
        "qa_type": "mcqa",
        "old_answer": "B"
    },
    {
        "qa_idx": 14,
        "qa_task": "spatial-relationship",
        "question": "What is visible in the background of the room where the man wearing headphones is engaging with his environment from 87.0 to 6007.0 seconds?",
        "options": [
            "A. A large window with nighttime visible outside.",
            "B. A wall-mounted shelf with various items.",
            "C. A plant adding greenery to the scene.",
            "D. All of the above."
        ],
        "answer": "D",
        "qa_level": "long_term",
        "qa_type": "mcqa",
        "old_answer": "D"
    },
    {
        "qa_idx": 17,
        "qa_task": "speed",
        "question": "Which activity is the man performing faster, interacting with the computer screen or demonstrating the electronic device?",
        "options": [
            "A. Interacting with the computer screen.",
            "B. Demonstrating the electronic device.",
            "C. Both activities are performed at the same speed.",
            "D. None of the above."
        ],
        "answer": "A",
        "qa_level": "long_term",
        "qa_type": "mcqa",
        "old_answer": "A"
    },
    {
        "qa_idx": 18,
        "qa_task": "attribute-change",
        "question": "How does the lighting in the room change from the beginning to the end of the video sequence from 87.0 to 6007.0 seconds?",
        "options": [
            "A. The lighting remains consistently bright throughout.",
            "B. The lighting changes from bright to dim.",
            "C. The lighting changes from dim to bright.",
            "D. The lighting remains consistently dim throughout."
        ],
        "answer": "B",
        "qa_level": "long_term",
        "qa_type": "mcqa",
        "old_answer": "B"
    },
    {
        "qa_idx": 19,
        "qa_task": "character-understanding",
        "question": "What is the man wearing in the video sequence from 87.0 to 6007.0 seconds?",
        "options": [
            "A. A striped shirt and headphones.",
            "B. A black suit and tie.",
            "C. A white t-shirt and jeans.",
            "D. A red hoodie and glasses."
        ],
        "answer": "A",
        "qa_level": "long_term",
        "qa_type": "mcqa",
        "old_answer": "A"
    },
    {
        "qa_idx": 21,
        "qa_task": "time-order",
        "question": "In which order do the events occur in the video from 87.0 to 6007.0 seconds?",
        "options": [
            "A. The man is seen holding a small yellow electronic device close to the camera, then he interacts with a cat, and finally, he demonstrates a computer case.",
            "B. The man is seen holding a small yellow electronic device close to the camera, then he demonstrates a computer case, and finally, he interacts with a cat.",
            "C. The man interacts with a cat, then he is seen holding a small yellow electronic device close to the camera, and finally, he demonstrates a computer case.",
            "D. The man demonstrates a computer case, then he interacts with a cat, and finally, he is seen holding a small yellow electronic device close to the camera."
        ],
        "answer": "A",
        "qa_level": "long_term",
        "qa_type": "mcqa",
        "old_answer": "A"
    }
]