[
    {
        "qa_idx": 0,
        "qa_type": "qa",
        "qa_level": "frame",
        "qa_task": "character-understanding",
        "question": "Is the boy showing an animated expression at 2155.0 seconds into the video?",
        "answer": "Yes",
        "old_answer": "Yes"
    },
    {
        "qa_idx": 1,
        "qa_task": "character-understanding",
        "question": "What is the young boy wearing in the video frame at 1825.0 seconds?",
        "options": [
            "A. A red shirt and black pants.",
            "B. A yellow shirt, blue shorts, and striped socks.",
            "C. A green shirt and white shorts.",
            "D. A blue shirt and yellow pants."
        ],
        "answer": "B",
        "qa_level": "frame",
        "qa_type": "mcqa",
        "old_answer": "B"
    },
    {
        "qa_idx": 2,
        "qa_type": "qa",
        "qa_level": "within_event",
        "qa_task": "action-understanding",
        "question": "During the event from 919.0 to 979.0 seconds, does the child in the yellow shirt with red accents start cooking a meal on the stove?",
        "answer": "No",
        "old_answer": "No"
    },
    {
        "qa_idx": 4,
        "qa_task": "spatial-relationship",
        "question": "What is the older individual showing to the boy at 367.0 seconds into the video?",
        "options": [
            "A. A map.",
            "B. A bottle.",
            "C. A compass.",
            "D. A book."
        ],
        "answer": "B",
        "qa_level": "frame",
        "qa_type": "mcqa",
        "old_answer": "B"
    },
    {
        "qa_idx": 5,
        "qa_type": "qa",
        "qa_level": "cross_event",
        "qa_task": "object understanding",
        "question": "Is there a stethoscope visible in the medical environment from 83.0 to 170.0 seconds?",
        "answer": "Yes",
        "old_answer": "Yes"
    },
    {
        "qa_idx": 6,
        "qa_type": "qa",
        "qa_level": "cross_event",
        "qa_task": "speed",
        "question": "From the time of 853.0 to 914.0, did the boy in the pumpkin patch move slowly through the field?",
        "answer": "Yes",
        "old_answer": "Yes"
    },
    {
        "qa_idx": 7,
        "qa_type": "qa",
        "qa_level": "long_term",
        "qa_task": "object understanding",
        "question": "Is there a blue car present in the outdoor scenes from 1.0 to 2290.0 seconds?",
        "answer": "Yes",
        "old_answer": "Yes"
    },
    {
        "qa_idx": 8,
        "qa_task": "attribute-change",
        "question": "How does the setting change from the beginning to the end of the event from 1346.0 to 1403.0 seconds?",
        "options": [
            "A. The scene changes from an outdoor Halloween setting to an indoor children's playroom.",
            "B. The scene changes from a beach setting to a mountain setting.",
            "C. The scene changes from a daytime park to a nighttime cityscape.",
            "D. The scene changes from a classroom to a playground."
        ],
        "answer": "A",
        "qa_level": "within_event",
        "qa_type": "mcqa",
        "old_answer": "A"
    },
    {
        "qa_idx": 10,
        "qa_task": "temporal-relationship",
        "question": "What were the children doing before the woman dressed in light colors appeared in the scene from 1120.0 to 1187.0 seconds?",
        "options": [
            "A. Playing with a stuffed toy and sandbox toys.",
            "B. Eating snacks.",
            "C. Reading books.",
            "D. Sleeping."
        ],
        "answer": "A",
        "qa_level": "cross_event",
        "qa_type": "mcqa",
        "old_answer": "A"
    },
    {
        "qa_idx": 11,
        "qa_task": "causal",
        "question": "Why did the bus stop near a distinct blue building with a yellow roof and red fence in the animated bus setting from 1840.0 to 1902.0 seconds?",
        "options": [
            "A. To pick up more passengers.",
            "B. To allow children to play basketball.",
            "C. To drop off passengers at a suburban location.",
            "D. To allow the bus driver to take a break."
        ],
        "answer": "C",
        "qa_level": "cross_event",
        "qa_type": "mcqa",
        "old_answer": "C"
    },
    {
        "qa_idx": 12,
        "qa_task": "spatial-relationship",
        "question": "In the scenes from 1596.0 to 1656.0 seconds and H to e seconds, where is the child dressed as a wizard with a blue hat and yellow stars located in relation to the green foliage?",
        "options": [
            "A. Standing against the green foliage under a dark sky.",
            "B. Standing in front of a light blue door with a handle and keyhole.",
            "C. Standing next to a framed picture of a person with orange hair.",
            "D. Standing in a brightly lit room adorned with colorful decorations."
        ],
        "answer": "A",
        "qa_level": "cross_event",
        "qa_type": "mcqa",
        "old_answer": "A"
    },
    {
        "qa_idx": 13,
        "qa_task": "descriptive-scene",
        "question": "What is the main setting of the events described in the video from 556.0 to 624.0 seconds?",
        "options": [
            "A. A bustling city street.",
            "B. A serene beach.",
            "C. A vibrant rural market.",
            "D. A quiet library."
        ],
        "answer": "C",
        "qa_level": "cross_event",
        "qa_type": "mcqa",
        "old_answer": "C"
    },
    {
        "qa_idx": 14,
        "qa_task": "temporal-relationship",
        "question": "What happened after the scene in the supermarket setting where an adult and child are seen shopping together?",
        "options": [
            "A. The scene shifts to a colorful interior depicting a warm and friendly environment with an adult and child embracing.",
            "B. The event wraps up with a cozy and colorful bedroom scene, where a child is seen sleeping with a teddy bear.",
            "C. The scene transitions to a hospital building situated amidst a cluster of trees.",
            "D. The scene shifts to a domestic setting featuring playful activities."
        ],
        "answer": "B",
        "qa_level": "long_term",
        "qa_type": "mcqa",
        "old_answer": "B"
    },
    {
        "qa_idx": 15,
        "qa_task": "spatial-relationship",
        "question": "What is the background setting when the child is seen sleeping with a teddy bear?",
        "options": [
            "A. A supermarket with vivid signage indicating discounts.",
            "B. A cozy and colorful bedroom with polka-dot wallpaper, a bedside lamp, colorful rugs, and playful decor elements.",
            "C. A hospital building with a large red cross symbol.",
            "D. A lush, green forest with dense foliage and greenery."
        ],
        "answer": "B",
        "qa_level": "long_term",
        "qa_type": "mcqa",
        "old_answer": "B"
    },
    {
        "qa_idx": 16,
        "qa_task": "causal",
        "question": "Why did the boy use a stethoscope on an adult dressed in vibrant red attire in the domestic setting?",
        "options": [
            "A. To playfully mimic a medical check-up.",
            "B. To listen to the adult's heartbeat.",
            "C. To check the adult's temperature.",
            "D. To measure the adult's blood pressure."
        ],
        "answer": "A",
        "qa_level": "long_term",
        "qa_type": "mcqa",
        "old_answer": "A"
    },
    {
        "qa_idx": 18,
        "qa_task": "object-direction",
        "question": "In the video event from 1.0 to 2290.0 seconds, which direction does the blue car move relative to the red car?",
        "options": [
            "A. The blue car moves towards the red car.",
            "B. The blue car moves away from the red car.",
            "C. The blue car moves parallel to the red car.",
            "D. The blue car does not move."
        ],
        "answer": "D",
        "qa_level": "long_term",
        "qa_type": "mcqa",
        "old_answer": "D"
    },
    {
        "qa_idx": 19,
        "qa_task": "camera-direction",
        "question": "What is the camera doing when the scene transitions from the supermarket setting to the cozy and colorful bedroom scene (from 1.0 to 2290.0 seconds)?",
        "options": [
            "A. The camera is zooming in on the characters.",
            "B. The camera is panning across the room.",
            "C. The camera is moving closer to the characters.",
            "D. The camera is zooming out to show the entire room."
        ],
        "answer": "C",
        "qa_level": "long_term",
        "qa_type": "mcqa",
        "old_answer": "C"
    },
    {
        "qa_idx": 20,
        "qa_task": "attribute-change",
        "question": "How does the scene change from the beginning to the end of the video event from 1.0 to 2290.0 seconds?",
        "options": [
            "A. From a minimalistic white background with an abstract shape to a vibrant and lively beach scene.",
            "B. From a hospital setting to a colorful and playful child's bedroom.",
            "C. From a supermarket setting to a serene outdoor forest scene.",
            "D. From a cozy kitchen scene to a bustling market environment."
        ],
        "answer": "A",
        "qa_level": "long_term",
        "qa_type": "mcqa",
        "old_answer": "A"
    },
    {
        "qa_idx": 21,
        "qa_task": "character-understanding",
        "question": "What is the young boy wearing while standing outdoors in the lush, green forest?",
        "options": [
            "A. A yellow shirt with red accents.",
            "B. A blue shirt with green accents.",
            "C. A red shirt with yellow accents.",
            "D. A green shirt with blue accents."
        ],
        "answer": "A",
        "qa_level": "long_term",
        "qa_type": "mcqa",
        "old_answer": "A"
    },
    {
        "qa_idx": 22,
        "qa_task": "object understanding",
        "question": "What objects are featured in the child's bedroom scene at the beginning of the video?",
        "options": [
            "A. Alphabet blocks, a toy ambulance, and a stethoscope.",
            "B. A laptop, a multi-tiered bookshelf, and a globe.",
            "C. A blender, various utensils, and a cutting board.",
            "D. A large orange pumpkin, a green stem, and a vast pumpkin patch."
        ],
        "answer": "A",
        "qa_level": "long_term",
        "qa_type": "mcqa",
        "old_answer": "A"
    }
]