[
    {
        "qa_idx": 0,
        "qa_type": "qa",
        "qa_level": "frame",
        "qa_task": "character-understanding",
        "question": "Is there a rabbit in motion in the garden at 2497.0 seconds into the video?",
        "answer": "Yes",
        "old_answer": "Yes"
    },
    {
        "qa_idx": 1,
        "qa_task": "descriptive-scene",
        "question": "Where does the scene at 1815.0 seconds take place?",
        "options": [
            "A. In a forest.",
            "B. In a cozy indoor setting.",
            "C. In a busy street.",
            "D. In a classroom."
        ],
        "answer": "B",
        "qa_level": "frame",
        "qa_type": "mcqa",
        "old_answer": "B"
    },
    {
        "qa_idx": 2,
        "qa_task": "character-understanding",
        "question": "What is the animated character wearing in the video frame at 2618.0 seconds?",
        "options": [
            "A. A colorful outfit.",
            "B. A plain white shirt.",
            "C. A black suit.",
            "D. A red dress."
        ],
        "answer": "A",
        "qa_level": "frame",
        "qa_type": "mcqa",
        "old_answer": "A"
    },
    {
        "qa_idx": 3,
        "qa_type": "qa",
        "qa_level": "within_event",
        "qa_task": "object understanding",
        "question": "Is there a blue towel hanging on a hook on the wooden wall behind the bear in the video event from 3075.0 to 3133.0 seconds?",
        "answer": "Yes",
        "old_answer": "Yes"
    },
    {
        "qa_idx": 4,
        "qa_type": "qa",
        "qa_level": "cross_event",
        "qa_task": "action-understanding",
        "question": "In the event from 3137.0 to 3199.0, does the tiger interact with a book indoors before moving outdoors?",
        "answer": "Yes",
        "old_answer": "Yes"
    },
    {
        "qa_idx": 5,
        "qa_type": "qa",
        "qa_level": "cross_event",
        "qa_task": "action-understanding",
        "question": "In the event from 2180.0 to 2244.0, does the scene transition from an indoor setting to an outdoor nighttime scene with heavy rain?",
        "answer": "Yes",
        "old_answer": "Yes"
    },
    {
        "qa_idx": 6,
        "qa_type": "qa",
        "qa_level": "long_term",
        "qa_task": "speed",
        "question": "Did the bear move quickly while interacting with the piano in the indoor scenes between 2501.0 and 3793.0 seconds?",
        "answer": "No",
        "old_answer": "No"
    },
    {
        "qa_idx": 7,
        "qa_task": "temporal-relationship",
        "question": "What was the bear doing before it was seen interacting with a small girl in a purple outfit in a warmly lit room?",
        "options": [
            "A. The bear was ascending a spiral wooden staircase.",
            "B. The bear was reading a book titled 'Hat Tricks for Dummies'.",
            "C. The bear was holding a teapot and engaging with a smaller figure dressed in bright pink.",
            "D. The bear was playing a grand piano in a well-furnished cabin."
        ],
        "answer": "A",
        "qa_level": "long_term",
        "qa_type": "mcqa",
        "old_answer": "A"
    },
    {
        "qa_idx": 8,
        "qa_task": "spatial-relationship",
        "question": "Where is the doll positioned in the outdoor scene?",
        "options": [
            "A. At the base of a large tree.",
            "B. In the middle ground on a small pathway or clearing.",
            "C. In the foreground to the left.",
            "D. On a branch of a tree."
        ],
        "answer": "B",
        "qa_level": "long_term",
        "qa_type": "mcqa",
        "old_answer": "B"
    },
    {
        "qa_idx": 10,
        "qa_task": "camera-direction",
        "question": "In the video sequence from 17.0 to 3793.0 seconds, what is the camera movement when the scene transitions from the outdoor forest setting to the indoor depiction with the bear engaging in various domestic activities?",
        "options": [
            "A. The camera moves closer to the bear.",
            "B. The camera moves away from the bear.",
            "C. The camera pans from left to right.",
            "D. The camera zooms in on the bear."
        ],
        "answer": "A",
        "qa_level": "long_term",
        "qa_type": "mcqa",
        "old_answer": "A"
    },
    {
        "qa_idx": 11,
        "qa_task": "attribute-change",
        "question": "How does the environment change from the beginning to the end of the video sequence from 17.0 to 3793.0 seconds?",
        "options": [
            "A. From a vibrant outdoor autumn scene to a cozy indoor setting.",
            "B. From a cozy indoor setting to a vibrant outdoor autumn scene.",
            "C. From a vibrant outdoor autumn scene to a dense forest environment.",
            "D. From a dense forest environment to a vibrant outdoor autumn scene."
        ],
        "answer": "A",
        "qa_level": "long_term",
        "qa_type": "mcqa",
        "old_answer": "A"
    },
    {
        "qa_idx": 12,
        "qa_task": "character-understanding",
        "question": "What is the bear doing in the cozy room with wooden paneling and detailed wallpaper?",
        "options": [
            "A. The bear is ascending a spiral wooden staircase.",
            "B. The bear is interacting with a shelf containing various food items.",
            "C. The bear is reading a book titled 'Hat Tricks for Dummies'.",
            "D. The bear is playing a piano."
        ],
        "answer": "A",
        "qa_level": "long_term",
        "qa_type": "mcqa",
        "old_answer": "A"
    },
    {
        "qa_idx": 13,
        "qa_task": "object understanding",
        "question": "What objects are featured on the shelf in the cozy room with wooden paneling and detailed wallpaper?",
        "options": [
            "A. A green-shaded lamp, a jar of red berries preserve, and a box of corn flakes.",
            "B. A blue vase, a stack of books, and a photo frame.",
            "C. A red candle, a glass bowl, and a silver spoon.",
            "D. A black hat, a pair of gloves, and a scarf."
        ],
        "answer": "A",
        "qa_level": "long_term",
        "qa_type": "mcqa",
        "old_answer": "A"
    }
]