[
    {
        "qa_idx": 0,
        "qa_type": "qa",
        "qa_level": "frame",
        "qa_task": "object understanding",
        "question": "Is the central character in the frame a pink pig wearing glasses at the 523.0-second mark?",
        "answer": "Yes",
        "old_answer": "Yes"
    },
    {
        "qa_idx": 1,
        "qa_task": "descriptive-scene",
        "question": "Where is the animated pink character located in the video frame at 1014.0 seconds?",
        "options": [
            "A. In a park.",
            "B. In a car.",
            "C. Indoors.",
            "D. On a street."
        ],
        "answer": "C",
        "qa_level": "frame",
        "qa_type": "mcqa",
        "old_answer": "C"
    },
    {
        "qa_idx": 2,
        "qa_task": "descriptive-scene",
        "question": "Where are the cartoon characters gathered in the video frame at 797.0 seconds?",
        "options": [
            "A. Indoors in a room.",
            "B. Outdoors on a grassy area.",
            "C. In a forest.",
            "D. On a beach."
        ],
        "answer": "B",
        "qa_level": "frame",
        "qa_type": "mcqa",
        "old_answer": "B"
    },
    {
        "qa_idx": 3,
        "qa_type": "qa",
        "qa_level": "within_event",
        "qa_task": "speed",
        "question": "Did the pig characters move quickly during their interactions in the children's bedroom from 671.0 to 781.0 seconds?",
        "answer": "No",
        "old_answer": "No"
    },
    {
        "qa_idx": 4,
        "qa_type": "qa",
        "qa_level": "cross_event",
        "qa_task": "speed",
        "question": "Did the spider in the first event (1117.0 to 1179.0) move faster than the spider in the second event (1185.0 to 1247.0)?",
        "answer": "No",
        "old_answer": "No"
    },
    {
        "qa_idx": 6,
        "qa_task": "spatial-relationship",
        "question": "In the video events from 1738.0 to 1819.0 seconds, where is the pink animated pig character holding a yellow spiral seashell to its ear?",
        "options": [
            "A. In an indoor setting with a treasure chest.",
            "B. In an outdoor setting with a small pond.",
            "C. In a natural, playful setting.",
            "D. In a relaxed domestic environment."
        ],
        "answer": "C",
        "qa_level": "cross_event",
        "qa_type": "mcqa",
        "old_answer": "C"
    },
    {
        "qa_idx": 7,
        "qa_task": "spatial-relationship",
        "question": "Where is the hopscotch game grid located in the classroom scene?",
        "options": [
            "A. On the ceiling.",
            "B. On the ground.",
            "C. On the wall.",
            "D. On the table."
        ],
        "answer": "B",
        "qa_level": "long_term",
        "qa_type": "mcqa",
        "old_answer": "B"
    },
    {
        "qa_idx": 8,
        "qa_task": "causal",
        "question": "Why are the characters in the classroom holding national flags and dressed in traditional costumes from 3.0 to 1851.0 seconds?",
        "options": [
            "A. They are celebrating a multicultural-themed activity.",
            "B. They are preparing for a sports event.",
            "C. They are participating in a gardening activity.",
            "D. They are attending a music concert."
        ],
        "answer": "A",
        "qa_level": "long_term",
        "qa_type": "mcqa",
        "old_answer": "A"
    },
    {
        "qa_idx": 9,
        "qa_task": "counting",
        "question": "How many animated characters are holding national flags in the classroom scene at the beginning of the event?",
        "options": [
            "A. 3.",
            "B. 5.",
            "C. 6.",
            "D. 8."
        ],
        "answer": "C",
        "qa_level": "long_term",
        "qa_type": "mcqa",
        "old_answer": "C"
    },
    {
        "qa_idx": 11,
        "qa_task": "camera-direction",
        "question": "How does the camera move in the scene from 3.0 to 1851.0 seconds?",
        "options": [
            "A. The camera moves closer to the characters.",
            "B. The camera moves away from the characters.",
            "C. The camera remains stationary.",
            "D. The camera pans across the scene."
        ],
        "answer": "D",
        "qa_level": "long_term",
        "qa_type": "mcqa",
        "old_answer": "D"
    },
    {
        "qa_idx": 13,
        "qa_task": "time-order",
        "question": "In which order do the events occur in the video from 3.0 to 1851.0 seconds?",
        "options": [
            "A. The event opens with an animated scene colored in light blue, showcasing the title 'Peppa Pig' in large, pink font on a dark blue background. This transitions into a vibrant classroom scene where children in traditional costumes hold national flags. The event concludes with a lively scene where characters, including anthropomorphic animals, dressed in costumes, hold various flags highlighting a multicultural celebration.",
            "B. The event initiates with an animated outdoor scene featuring a toy character standing on a hopscotch grid. The background includes a green field with scattered yellow flowers and a clear blue sky. The scene at 106.0 seconds depicts animated characters in various animal costumes engaged in play, with one central character wearing a cowboy hat and holding a green bucket. The event culminates on a basketball court with an adult character instructing children, two basketball hoops, and a background of a green field with flowers.",
            "C. The event begins with a vibrant and lively classroom scene at 361.0 seconds into the video. Two circular tables are positioned centrally, adorned with educational items such as books, drawing materials, and toys. The scene concludes with characters gathered around a table, engaging in interactive and lively activities, creating an educational and engaging classroom atmosphere.",
            "D. The event begins with a group of animated characters inside a building, visible through two windows. Inside the left window, there is a pig family, while the right window features a rodent and another child pig. The scene extends to the roof, where four yellow ducks are lined up against a clear blue sky. The event concludes with multiple characters, including a pig with a red outfit and a rodent character visible in a clear, bright outdoor scene featuring a building with a glass-paneled door and four yellow ducks."
        ],
        "answer": "A",
        "qa_level": "long_term",
        "qa_type": "mcqa",
        "old_answer": "A"
    },
    {
        "qa_idx": 14,
        "qa_task": "descriptive-scene",
        "question": "Where do the animated characters gather to play and interact in the video from 95.0 seconds to 669.0 seconds?",
        "options": [
            "A. In a classroom.",
            "B. On a basketball court.",
            "C. In a playground or sports court.",
            "D. In a children's bedroom."
        ],
        "answer": "C",
        "qa_level": "long_term",
        "qa_type": "mcqa",
        "old_answer": "C"
    }
]