[
    {
        "qa_idx": 0,
        "qa_type": "qa",
        "qa_level": "frame",
        "qa_task": "object understanding",
        "question": "Is there a large boat prominently positioned in the center of the frame at 89.0 seconds into the video?",
        "answer": "Yes",
        "old_answer": "Yes"
    },
    {
        "qa_idx": 1,
        "qa_task": "spatial-relationship",
        "question": "What is the symbol displayed on the door at 1247.0 seconds into the video?",
        "options": [
            "A. A male figure in blue.",
            "B. A female figure in red.",
            "C. A wheelchair symbol.",
            "D. A no entry sign."
        ],
        "answer": "B",
        "qa_level": "frame",
        "qa_type": "mcqa",
        "old_answer": "B"
    },
    {
        "qa_idx": 2,
        "qa_type": "qa",
        "qa_level": "within_event",
        "qa_task": "object understanding",
        "question": "Is there a large heart-shaped signage on the glass wall in the 'Kids Room' area from 774.0 to 834.0 seconds?",
        "answer": "Yes",
        "old_answer": "Yes"
    },
    {
        "qa_idx": 3,
        "qa_task": "object understanding",
        "question": "What is the color scheme of the large boat prominently situated in the center of the image at 144.0 seconds into the video?",
        "options": [
            "A. Blue and white.",
            "B. Red and white.",
            "C. Green and yellow.",
            "D. Black and gray."
        ],
        "answer": "B",
        "qa_level": "frame",
        "qa_type": "mcqa",
        "old_answer": "B"
    },
    {
        "qa_idx": 4,
        "qa_task": "character-understanding",
        "question": "What is prominently displayed on the left side of the image at 1451.0 seconds into the video?",
        "options": [
            "A. AUSTAL logo with the number 396.",
            "B. AUSTAL logo with the number 123.",
            "C. AUSTAL logo with the number 789.",
            "D. AUSTAL logo with the number 456."
        ],
        "answer": "A",
        "qa_level": "frame",
        "qa_type": "mcqa",
        "old_answer": "A"
    },
    {
        "qa_idx": 5,
        "qa_type": "qa",
        "qa_level": "cross_event",
        "qa_task": "camera-direction",
        "question": "In the events from 1532.0 to 1565.0 and 1597.0 to 1616.0, does the camera move to capture different parts of the indoor environment?",
        "answer": "Yes",
        "old_answer": "Yes"
    },
    {
        "qa_idx": 6,
        "qa_task": "attribute-change",
        "question": "How does the sky change from the beginning to the end of the event from 143.0 to 198.0 seconds?",
        "options": [
            "A. The sky becomes completely overcast.",
            "B. The sky remains clear with minimal clouds.",
            "C. The sky changes from clear to partly cloudy.",
            "D. The sky becomes darker and stormy."
        ],
        "answer": "C",
        "qa_level": "within_event",
        "qa_type": "mcqa",
        "old_answer": "C"
    },
    {
        "qa_idx": 7,
        "qa_type": "qa",
        "qa_level": "cross_event",
        "qa_task": "plot-understanding",
        "question": "Do both events from 839.0 to 899.0 and 913.0 to 923.0 take place in a well-organized and structured environment?",
        "answer": "Yes",
        "old_answer": "Yes"
    },
    {
        "qa_idx": 8,
        "qa_type": "qa",
        "qa_level": "long_term",
        "qa_task": "object understanding",
        "question": "Is there a model ship named 'Queen Beetle' encased in glass in the video from 8.0 to 1937.0 seconds?",
        "answer": "Yes",
        "old_answer": "Yes"
    },
    {
        "qa_idx": 10,
        "qa_task": "time-order",
        "question": "What is the correct sequence of events from the time of 395.0 seconds to 460.0 seconds?",
        "options": [
            "A. The scene starts with a decorated glass partition, transitions to a public transport vehicle interior, and ends with a spacious and well-lit passenger area.",
            "B. The scene starts with a public transport vehicle interior, transitions to a decorated glass partition, and ends with a spacious and well-lit passenger area.",
            "C. The scene starts with a spacious and well-lit passenger area, transitions to a decorated glass partition, and ends with a public transport vehicle interior.",
            "D. The scene starts with a decorated glass partition, transitions to a spacious and well-lit passenger area, and ends with a public transport vehicle interior."
        ],
        "answer": "A",
        "qa_level": "cross_event",
        "qa_type": "mcqa",
        "old_answer": "A"
    },
    {
        "qa_idx": 11,
        "qa_task": "temporal-relationship",
        "question": "What happens after the scene showcasing the 'Queen Beetle' model ship encased in glass?",
        "options": [
            "A. The event captures a series of frames highlighting various scenes at a waterfront or dock area.",
            "B. The scene transitions to an indoor children's play area with a ball pit.",
            "C. The scene transitions to a modern passenger train with a teal reclining seat.",
            "D. The scene transitions to a serene coastal scene viewed from a ship at a harbor."
        ],
        "answer": "A",
        "qa_level": "long_term",
        "qa_type": "mcqa",
        "old_answer": "A"
    },
    {
        "qa_idx": 12,
        "qa_task": "spatial-relationship",
        "question": "Where is the 'Queen Beetle' model ship displayed?",
        "options": [
            "A. In a glass case indoors.",
            "B. On the dock.",
            "C. In a children's play area.",
            "D. In a modern passenger train."
        ],
        "answer": "A",
        "qa_level": "long_term",
        "qa_type": "mcqa",
        "old_answer": "A"
    },
    {
        "qa_idx": 15,
        "qa_task": "object-direction",
        "question": "In which direction is the large red boat named 'Queen Beetle' moving in the video from 8.0 to 1937.0 seconds?",
        "options": [
            "A. Towards the dock.",
            "B. Away from the dock.",
            "C. Parallel to the dock.",
            "D. Stationary at the dock."
        ],
        "answer": "D",
        "qa_level": "long_term",
        "qa_type": "mcqa",
        "old_answer": "D"
    },
    {
        "qa_idx": 16,
        "qa_task": "camera-direction",
        "question": "How does the camera move in the video from 8.0 to 1937.0 seconds?",
        "options": [
            "A. The camera moves from indoor scenes to outdoor scenes.",
            "B. The camera moves from outdoor scenes to indoor scenes.",
            "C. The camera remains stationary throughout the video.",
            "D. The camera only focuses on outdoor scenes."
        ],
        "answer": "A",
        "qa_level": "long_term",
        "qa_type": "mcqa",
        "old_answer": "A"
    },
    {
        "qa_idx": 17,
        "qa_task": "speed",
        "question": "Which boat is moving faster in the video from 8.0 to 1937.0 seconds, the 'Queen Beetle' or the other vessels?",
        "options": [
            "A. The 'Queen Beetle'.",
            "B. The other vessels.",
            "C. Both are moving at the same speed.",
            "D. None of the boats are moving."
        ],
        "answer": "A",
        "qa_level": "long_term",
        "qa_type": "mcqa",
        "old_answer": "A"
    },
    {
        "qa_idx": 18,
        "qa_task": "attribute-change",
        "question": "How does the setting change from the beginning to the end of the video event from 8.0 to 1937.0 seconds?",
        "options": [
            "A. From an indoor children's play area to a bustling port area.",
            "B. From a modern passenger train to a serene coastal scene.",
            "C. From a detailed view of a door to a bustling and active seaport.",
            "D. From a food display setting to a modern transportation vehicle."
        ],
        "answer": "C",
        "qa_level": "long_term",
        "qa_type": "mcqa",
        "old_answer": "C"
    },
    {
        "qa_idx": 19,
        "qa_task": "character-understanding",
        "question": "What is the girl wearing in the video from 676.0 to 1937.0 seconds?",
        "options": [
            "A. A red jacket with a blue strap.",
            "B. A green jacket with a pink and blue strap.",
            "C. A yellow jacket with a red strap.",
            "D. A blue jacket with a green strap."
        ],
        "answer": "B",
        "qa_level": "long_term",
        "qa_type": "mcqa",
        "old_answer": "B"
    },
    {
        "qa_idx": 20,
        "qa_task": "object understanding",
        "question": "What is the name of the model ship encased in glass in the indoor exhibit?",
        "options": [
            "A. Queen Beetle.",
            "B. Camellia Line.",
            "C. Austal.",
            "D. Queen Mary."
        ],
        "answer": "A",
        "qa_level": "long_term",
        "qa_type": "mcqa",
        "old_answer": "A"
    },
    {
        "qa_idx": 21,
        "qa_task": "time-order",
        "question": "In which order do the events occur in the video from 8.0 to 1937.0 seconds?",
        "options": [
            "A. The event begins with a detailed view of a door featuring geometric cutouts, transitions to an indoor children's play area, then to a modern passenger train, followed by an outdoor scene showcasing a contemporary building, and concludes with a display of the model ship 'Queen Beetle' encased in glass.",
            "B. The event begins with a detailed view of a door featuring geometric cutouts, transitions to an indoor children's play area, then to a modern passenger train, followed by an outdoor scene showcasing a contemporary building, and concludes with a bustling port area featuring a large red and white boat.",
            "C. The event begins with a detailed view of a door featuring geometric cutouts, transitions to an indoor children's play area, then to a modern passenger train, followed by an outdoor scene showcasing a contemporary building, and concludes with a serene coastal scene viewed from a ship at a harbor.",
            "D. The event begins with a detailed view of a door featuring geometric cutouts, transitions to an indoor children's play area, then to a modern passenger train, followed by an outdoor scene showcasing a contemporary building, and concludes with an organized, modern indoor seating area."
        ],
        "answer": "A",
        "qa_level": "long_term",
        "qa_type": "mcqa",
        "old_answer": "A"
    }
]