[
    {
        "qa_idx": 0,
        "qa_task": "spatial-relationship",
        "question": "What is adjacent to the text on the left side of the image at 152.0 seconds into the video?",
        "options": [
            "A. A stylized, pixelated representation of a person wearing a blue top and grey pants, carrying a black briefcase or bag.",
            "B. A logo for 'THE WAN SHOW'.",
            "C. Three hexagonal shapes, two grey and one red.",
            "D. A bold font with 'WAN' emphasized in red."
        ],
        "answer": "A",
        "qa_level": "frame",
        "qa_type": "mcqa",
        "old_answer": "A"
    },
    {
        "qa_idx": 1,
        "qa_type": "qa",
        "qa_level": "frame",
        "qa_task": "character-understanding",
        "question": "Were there two people seated at a table or desk in the bottom left corner of the frame at 6596.0 seconds?",
        "answer": "Yes",
        "old_answer": "Yes"
    },
    {
        "qa_idx": 2,
        "qa_task": "spatial-relationship",
        "question": "Where is the pink speech bubble located in the frame at 133.0 seconds?",
        "options": [
            "A. Near the top of the frame.",
            "B. Near the bottom of the frame.",
            "C. In the center of the frame.",
            "D. On the left side of the frame."
        ],
        "answer": "B",
        "qa_level": "frame",
        "qa_type": "mcqa",
        "old_answer": "B"
    },
    {
        "qa_idx": 3,
        "qa_type": "qa",
        "qa_level": "within_event",
        "qa_task": "action-understanding",
        "question": "Are the two men seated in gaming chairs branded with 'Secret Lab' during the conversation from 919.0 to 979.0 seconds?",
        "answer": "Yes",
        "old_answer": "Yes"
    },
    {
        "qa_idx": 4,
        "qa_task": "spatial-relationship",
        "question": "Where is the character wearing a green hat positioned in the frame at 8,065.0 seconds?",
        "options": [
            "A. On the right.",
            "B. In the center.",
            "C. On the left.",
            "D. Above the dialogue box."
        ],
        "answer": "C",
        "qa_level": "frame",
        "qa_type": "mcqa",
        "old_answer": "C"
    },
    {
        "qa_idx": 5,
        "qa_type": "qa",
        "qa_level": "within_event",
        "qa_task": "character-understanding",
        "question": "Was there a bearded character in the video event from 8061.0 to 8066.0 seconds?",
        "answer": "Yes",
        "old_answer": "Yes"
    },
    {
        "qa_idx": 7,
        "qa_type": "qa",
        "qa_level": "cross_event",
        "qa_task": "action-understanding",
        "question": "In both video events from 919.0 to 979.0 and 1169.0 to 1670.0, are the two men seated in gaming chairs branded with 'Secret Lab'?",
        "answer": "Yes",
        "old_answer": "Yes"
    },
    {
        "qa_idx": 8,
        "qa_type": "qa",
        "qa_level": "cross_event",
        "qa_task": "camera-direction",
        "question": "In the video events from 1169.0 to 1670.0 and 1919.0 to 2420.0, does the camera move to focus on the promotional text at the bottom of the frame?",
        "answer": "No",
        "old_answer": "No"
    },
    {
        "qa_idx": 9,
        "qa_task": "object-direction",
        "question": "In which direction are the two men facing while seated at the desk during 'The WAN Show' from 919.0 to 979.0 seconds?",
        "options": [
            "A. Towards each other.",
            "B. Away from each other.",
            "C. Towards the camera.",
            "D. Away from the camera."
        ],
        "answer": "C",
        "qa_level": "within_event",
        "qa_type": "mcqa",
        "old_answer": "C"
    },
    {
        "qa_idx": 10,
        "qa_task": "speed",
        "question": "During the time from 5410.0 to 8026.0 seconds, how does the speed of the conversation between the two individuals on 'The WAN Show' change?",
        "options": [
            "A. The conversation speeds up significantly.",
            "B. The conversation slows down significantly.",
            "C. The conversation maintains a consistent speed.",
            "D. The conversation stops and starts frequently."
        ],
        "answer": "C",
        "qa_level": "within_event",
        "qa_type": "mcqa",
        "old_answer": "C"
    },
    {
        "qa_idx": 11,
        "qa_type": "qa",
        "qa_level": "long_term",
        "qa_task": "object understanding",
        "question": "Are the chairs used by the individuals in 'The WAN Show' branded with 'Secret Lab' throughout the video from 123.0 to 8066.0 seconds?",
        "answer": "Yes",
        "old_answer": "Yes"
    },
    {
        "qa_idx": 12,
        "qa_task": "camera-direction",
        "question": "During the time from 669.0 to 729.0 seconds, what is the primary direction of the camera movement in the studio setting?",
        "options": [
            "A. The camera moves forward to focus on the details of the desk.",
            "B. The camera pans left to capture the entire studio.",
            "C. The camera remains stationary, focusing on the two men.",
            "D. The camera zooms out to show the background hexagonal pattern."
        ],
        "answer": "C",
        "qa_level": "cross_event",
        "qa_type": "mcqa",
        "old_answer": "C"
    },
    {
        "qa_idx": 15,
        "qa_task": "temporal-relationship",
        "question": "What were the two individuals doing before they started their discussion or presentation in the scene from 2669.0 to 2729.0 seconds?",
        "options": [
            "A. They were setting up their equipment.",
            "B. They were adjusting their headsets and microphones.",
            "C. They were seated and preparing their laptops and beverage containers.",
            "D. They were testing the audio equipment."
        ],
        "answer": "C",
        "qa_level": "cross_event",
        "qa_type": "mcqa",
        "old_answer": "C"
    },
    {
        "qa_idx": 16,
        "qa_task": "temporal-relationship",
        "question": "What happens after the scene featuring two men engaged in a discussion on 'The WAN Show'?",
        "options": [
            "A. The men continue their discussion with more promotional content displayed.",
            "B. A pixelated scene with a character on a boat addressing a penguin named Tux appears.",
            "C. The men start a new topic related to gaming.",
            "D. The scene transitions to a different podcast show."
        ],
        "answer": "B",
        "qa_level": "long_term",
        "qa_type": "mcqa",
        "old_answer": "B"
    },
    {
        "qa_idx": 21,
        "qa_task": "object-direction",
        "question": "In the pixelated scene from 123.0 to 8066.0 seconds, where is the penguin located relative to the human figure on the boat?",
        "options": [
            "A. On the same boat.",
            "B. On an ice floe.",
            "C. On a different boat.",
            "D. On the shore."
        ],
        "answer": "B",
        "qa_level": "long_term",
        "qa_type": "mcqa",
        "old_answer": "B"
    },
    {
        "qa_idx": 22,
        "qa_task": "camera-direction",
        "question": "How does the camera movement change from the initial scene of 'The WAN Show' to the pixelated scene with the character on the boat?",
        "options": [
            "A. The camera zooms in on the hosts and then transitions to the pixelated scene.",
            "B. The camera remains static on the hosts and then cuts to the pixelated scene.",
            "C. The camera pans around the studio before transitioning to the pixelated scene.",
            "D. The camera moves closer to the hosts and then fades into the pixelated scene."
        ],
        "answer": "B",
        "qa_level": "long_term",
        "qa_type": "mcqa",
        "old_answer": "B"
    },
    {
        "qa_idx": 23,
        "qa_task": "speed",
        "question": "Which character is moving faster in the pixelated scenes, the human figure on the boat or the character in the volcanic backdrop?",
        "options": [
            "A. The human figure on the boat.",
            "B. The character in the volcanic backdrop.",
            "C. Both are moving at the same speed.",
            "D. Neither character is moving."
        ],
        "answer": "B",
        "qa_level": "long_term",
        "qa_type": "mcqa",
        "old_answer": "B"
    },
    {
        "qa_idx": 24,
        "qa_task": "attribute-change",
        "question": "How does the background change from the beginning to the end of the video event from 123.0 to 8066.0 seconds?",
        "options": [
            "A. From a dark hexagonal pattern to a pixelated volcanic scene.",
            "B. From a pixelated volcanic scene to a dark hexagonal pattern.",
            "C. From a dark hexagonal pattern to a pixelated marine scene.",
            "D. From a pixelated marine scene to a dark hexagonal pattern."
        ],
        "answer": "A",
        "qa_level": "long_term",
        "qa_type": "mcqa",
        "old_answer": "A"
    },
    {
        "qa_idx": 26,
        "qa_task": "object understanding",
        "question": "What brand of chairs are the two men seated on during 'The WAN Show'?",
        "options": [
            "A. Secret Lab.",
            "B. DXRacer.",
            "C. Herman Miller.",
            "D. Steelcase."
        ],
        "answer": "A",
        "qa_level": "long_term",
        "qa_type": "mcqa",
        "old_answer": "A"
    },
    {
        "qa_idx": 27,
        "qa_task": "time-order",
        "question": "In which order do the events occur in the video from 123.0 to 8066.0 seconds?",
        "options": [
            "A. The WAN Show setup with two men discussing, followed by a pixelated scene on a boat, then a volcanic backdrop, and finally an abstract geometric transition.",
            "B. A pixelated scene on a boat, followed by The WAN Show setup with two men discussing, then a volcanic backdrop, and finally an abstract geometric transition.",
            "C. The WAN Show setup with two men discussing, followed by a volcanic backdrop, then a pixelated scene on a boat, and finally an abstract geometric transition.",
            "D. A volcanic backdrop, followed by The WAN Show setup with two men discussing, then a pixelated scene on a boat, and finally an abstract geometric transition."
        ],
        "answer": "A",
        "qa_level": "long_term",
        "qa_type": "mcqa",
        "old_answer": "A"
    }
]