[
    {
        "qa_idx": 0,
        "qa_type": "qa",
        "qa_level": "frame",
        "qa_task": "object understanding",
        "question": "Is there a worm-like figure with a blue head in the scene at 308.0 seconds?",
        "answer": "Yes",
        "old_answer": "Yes"
    },
    {
        "qa_idx": 1,
        "qa_task": "character-understanding",
        "question": "What is the main feature of the scene at the 355.0-second mark of the video?",
        "options": [
            "A. A bustling cityscape.",
            "B. A vibrant array of flowers.",
            "C. A serene beach.",
            "D. A snowy mountain."
        ],
        "answer": "B",
        "qa_level": "frame",
        "qa_type": "mcqa",
        "old_answer": "B"
    },
    {
        "qa_idx": 2,
        "qa_type": "qa",
        "qa_level": "frame",
        "qa_task": "character-understanding",
        "question": "Is there a large, green, animated Statue of Liberty-like character in the foreground at 856.0 seconds?",
        "answer": "Yes",
        "old_answer": "Yes"
    },
    {
        "qa_idx": 3,
        "qa_task": "descriptive-scene",
        "question": "Where does the scene at 308.0 seconds take place?",
        "options": [
            "A. In a desert.",
            "B. In a natural outdoor environment.",
            "C. In a city park.",
            "D. In a snowy landscape."
        ],
        "answer": "B",
        "qa_level": "frame",
        "qa_type": "mcqa",
        "old_answer": "B"
    },
    {
        "qa_idx": 5,
        "qa_type": "qa",
        "qa_level": "within_event",
        "qa_task": "plot-understanding",
        "question": "Do the animated characters interact in an outdoor setting throughout the event from 213.0 to 242.0 seconds?",
        "answer": "Yes",
        "old_answer": "Yes"
    },
    {
        "qa_idx": 6,
        "qa_task": "descriptive-scene",
        "question": "What is the overall environment of the video frame at 1583.0 seconds?",
        "options": [
            "A. A bustling cityscape.",
            "B. A serene night sky with numerous stars.",
            "C. A sunny beach with waves.",
            "D. A dense forest with tall trees."
        ],
        "answer": "B",
        "qa_level": "frame",
        "qa_type": "mcqa",
        "old_answer": "B"
    },
    {
        "qa_idx": 7,
        "qa_type": "qa",
        "qa_level": "cross_event",
        "qa_task": "speed",
        "question": "Did the characters in the first event (from 882.0 to 907.0) move at a slower pace compared to the characters in the second event (from 919.0 to 979.0)?",
        "answer": "Yes",
        "old_answer": "Yes"
    },
    {
        "qa_idx": 9,
        "qa_type": "qa",
        "qa_level": "long_term",
        "qa_task": "camera-direction",
        "question": "Did the camera capture both close-up and aerial views of the urban cityscape from 2.0 to 2098.0 seconds?",
        "answer": "Yes",
        "old_answer": "Yes"
    },
    {
        "qa_idx": 10,
        "qa_task": "plot-understanding",
        "question": "What is the primary setting of the video sequence from 1040.0 to 1105.0 seconds?",
        "options": [
            "A. A tidy indoor room.",
            "B. A cluttered and industrial outdoor environment.",
            "C. A clean and organized park.",
            "D. A quiet library."
        ],
        "answer": "B",
        "qa_level": "within_event",
        "qa_type": "mcqa",
        "old_answer": "B"
    },
    {
        "qa_idx": 11,
        "qa_task": "camera-direction",
        "question": "How does the camera movement direction change from the beginning to the end of the event from 1750.0 to 1813.0 seconds?",
        "options": [
            "A. The camera moves from an outdoor setting to an indoor setting, focusing on the anthropomorphic characters and their interactions.",
            "B. The camera remains stationary throughout the event, capturing the characters in a single frame.",
            "C. The camera moves from an indoor setting to an outdoor setting, focusing on the natural environment.",
            "D. The camera moves from a brightly lit setting to a dimly lit setting, focusing on the background foliage."
        ],
        "answer": "A",
        "qa_level": "cross_event",
        "qa_type": "mcqa",
        "old_answer": "A"
    },
    {
        "qa_idx": 12,
        "qa_task": "time-order",
        "question": "What is the correct sequence of events involving the green frog, gray mouse, and blue bird from 1106.0 to 1167.0 seconds?",
        "options": [
            "A. The characters are positioned near a cardboard box, then the frog engages with a toy, followed by the mouse wearing a blindfold.",
            "B. The characters interact near a colorful toy, then the frog engages with a toy, followed by the mouse wearing a blindfold.",
            "C. The characters are positioned near a cardboard box, then the mouse wears a blindfold, followed by the frog engaging with a toy.",
            "D. The characters interact near a colorful toy, then the mouse wears a blindfold, followed by the frog engaging with a toy."
        ],
        "answer": "A",
        "qa_level": "cross_event",
        "qa_type": "mcqa",
        "old_answer": "A"
    },
    {
        "qa_idx": 13,
        "qa_task": "temporal-relationship",
        "question": "What happens after the scene transitions to a dramatic sky filled with clouds and a large, dark spherical object?",
        "options": [
            "A. The scene transitions to a serene seascape with a distant city skyline.",
            "B. The scene transitions to a group of birds soaring above soft, golden clouds.",
            "C. The scene transitions to a yellow animated character resembling a caterpillar lying on the ground.",
            "D. The scene transitions to a whimsical hand-drawn style with peculiar cartoonish characters."
        ],
        "answer": "A",
        "qa_level": "long_term",
        "qa_type": "mcqa",
        "old_answer": "A"
    },
    {
        "qa_idx": 14,
        "qa_task": "spatial-relationship",
        "question": "Where is the large yellow slug-like character displaying a shocked expression positioned in the urban cityscape?",
        "options": [
            "A. Near the tall buildings and construction elements.",
            "B. Next to the sunflowers and playful characters.",
            "C. Against the backdrop of a partly cloudy sky.",
            "D. Near the large, dark spherical object in the sky."
        ],
        "answer": "A",
        "qa_level": "long_term",
        "qa_type": "mcqa",
        "old_answer": "A"
    },
    {
        "qa_idx": 15,
        "qa_task": "causal",
        "question": "Why did the large yellow slug-like character display a shocked expression in the urban cityscape?",
        "options": [
            "A. Because it saw a large dark spherical object in the sky.",
            "B. Because it was riding a bicycle.",
            "C. Because it was interacting with a mouse.",
            "D. Because it was in a serene garden-like area."
        ],
        "answer": "A",
        "qa_level": "long_term",
        "qa_type": "mcqa",
        "old_answer": "A"
    },
    {
        "qa_idx": 18,
        "qa_task": "speed",
        "question": "Which character is moving faster in the video from 2.0 to 2098.0 seconds?",
        "options": [
            "A. The dog riding a bicycle.",
            "B. The mouse riding a bicycle.",
            "C. The large yellow slug-like character.",
            "D. The animated caterpillar."
        ],
        "answer": "A",
        "qa_level": "long_term",
        "qa_type": "mcqa",
        "old_answer": "A"
    },
    {
        "qa_idx": 19,
        "qa_task": "attribute-change",
        "question": "How does the background change from the beginning to the end of the video from 2.0 to 2098.0 seconds?",
        "options": [
            "A. From a whimsical animated setting to a serene indoor garden.",
            "B. From a serene indoor garden to a whimsical animated setting.",
            "C. From an urban cityscape to a serene seascape.",
            "D. From a serene seascape to an urban cityscape."
        ],
        "answer": "A",
        "qa_level": "long_term",
        "qa_type": "mcqa",
        "old_answer": "A"
    },
    {
        "qa_idx": 20,
        "qa_task": "character-understanding",
        "question": "What are the main activities of the animated characters in the video from 2.0 to 2098.0 seconds?",
        "options": [
            "A. Riding bicycles, interacting dynamically, and displaying expressive emotions.",
            "B. Cooking food, cleaning the house, and reading books.",
            "C. Playing musical instruments, dancing, and singing.",
            "D. Swimming, fishing, and sunbathing."
        ],
        "answer": "A",
        "qa_level": "long_term",
        "qa_type": "mcqa",
        "old_answer": "A"
    }
]