[
    {
        "qa_idx": 0,
        "qa_task": "character-understanding",
        "question": "What activity is the adult on the right engaged in at 1843.0 seconds into the video?",
        "options": [
            "A. Building a sandcastle.",
            "B. Blowing bubbles.",
            "C. Flying a kite.",
            "D. Reading a book."
        ],
        "answer": "B",
        "qa_level": "frame",
        "qa_type": "mcqa",
        "old_answer": "B"
    },
    {
        "qa_idx": 1,
        "qa_type": "qa",
        "qa_level": "frame",
        "qa_task": "object understanding",
        "question": "Is there a yellow bell on the structure in the video frame at 4286.0 seconds?",
        "answer": "Yes",
        "old_answer": "Yes"
    },
    {
        "qa_idx": 2,
        "qa_task": "character-understanding",
        "question": "What is the smaller pig wearing in the video frame at 5331.0 seconds?",
        "options": [
            "A. A purple outfit.",
            "B. A yellow and red striped outfit and a blue cap with a nautical anchor symbol.",
            "C. A green outfit.",
            "D. A blue outfit."
        ],
        "answer": "B",
        "qa_level": "frame",
        "qa_type": "mcqa",
        "old_answer": "B"
    },
    {
        "qa_idx": 3,
        "qa_type": "qa",
        "qa_level": "within_event",
        "qa_task": "character-understanding",
        "question": "Were the anthropomorphic characters using flotation devices in the swimming pool from 2321.0 to 2371.0 seconds?",
        "answer": "Yes",
        "old_answer": "Yes"
    },
    {
        "qa_idx": 4,
        "qa_task": "descriptive-scene",
        "question": "Where are the animated pigs seated at 4660.0 seconds into the video?",
        "options": [
            "A. In a house.",
            "B. In a vehicle interior.",
            "C. In a park.",
            "D. In a classroom."
        ],
        "answer": "B",
        "qa_level": "frame",
        "qa_type": "mcqa",
        "old_answer": "B"
    },
    {
        "qa_idx": 5,
        "qa_type": "qa",
        "qa_level": "within_event",
        "qa_task": "action-understanding",
        "question": "During the event from 4680.0 to 4740.0 seconds, do the pig characters engage in a dance performance inside the vehicle?",
        "answer": "No",
        "old_answer": "No"
    },
    {
        "qa_idx": 6,
        "qa_task": "object understanding",
        "question": "What is the larger brown dog-like figure holding in the frame at 1192.0 seconds?",
        "options": [
            "A. A red ball.",
            "B. A blue paper with a lighthouse illustration.",
            "C. A green book.",
            "D. A yellow hat."
        ],
        "answer": "B",
        "qa_level": "frame",
        "qa_type": "mcqa",
        "old_answer": "B"
    },
    {
        "qa_idx": 7,
        "qa_type": "qa",
        "qa_level": "cross_event",
        "qa_task": "character-understanding",
        "question": "In the event from 2587.0 to 2648.0, did the pink pig character wear a red outfit?",
        "answer": "Yes",
        "old_answer": "Yes"
    },
    {
        "qa_idx": 8,
        "qa_task": "character-understanding",
        "question": "Who are the two main characters introduced at the beginning of the event from 2587.0 to 2648.0 seconds?",
        "options": [
            "A. A pink pig wearing a red shirt and a larger purple elephant with yellow tusks and a red bow tie.",
            "B. A green dinosaur and a blue bird.",
            "C. A yellow cat and a brown dog.",
            "D. A red fox and a blue rabbit."
        ],
        "answer": "A",
        "qa_level": "within_event",
        "qa_type": "mcqa",
        "old_answer": "A"
    },
    {
        "qa_idx": 9,
        "qa_type": "qa",
        "qa_level": "long_term",
        "qa_task": "speed",
        "question": "Did the red convertible car with the family of pigs travel faster than the train marked with the number 5 from 151.0 seconds to 213.0 seconds?",
        "answer": "No",
        "old_answer": "No"
    },
    {
        "qa_idx": 10,
        "qa_task": "character-understanding",
        "question": "What is the attire of the characters on the second boat in the video from 1005.0 to 1063.0 seconds?",
        "options": [
            "A. Pink dresses.",
            "B. Black-and-white striped outfits.",
            "C. Red shirts.",
            "D. Blue uniforms."
        ],
        "answer": "B",
        "qa_level": "within_event",
        "qa_type": "mcqa",
        "old_answer": "B"
    },
    {
        "qa_idx": 11,
        "qa_task": "object understanding",
        "question": "What is the appearance and function of the house in the nighttime scene from 3642.0 to 3703.0 seconds?",
        "options": [
            "A. A house with a red gable roof illuminated under moonlight, amidst the rain.",
            "B. A house with a blue gable roof illuminated under sunlight, amidst the snow.",
            "C. A house with a green gable roof illuminated under moonlight, amidst the fog.",
            "D. A house with a yellow gable roof illuminated under sunlight, amidst the rain."
        ],
        "answer": "A",
        "qa_level": "cross_event",
        "qa_type": "mcqa",
        "old_answer": "A"
    },
    {
        "qa_idx": 12,
        "qa_task": "temporal-relationship",
        "question": "What were the animated characters doing before they were seen holding clipboards and engaging in interactive activities inside the train carriage?",
        "options": [
            "A. They were shopping in a grocery store.",
            "B. They were playing in a playground.",
            "C. They were gathered near a blue and yellow train at a lively train station.",
            "D. They were driving in a red convertible car."
        ],
        "answer": "C",
        "qa_level": "long_term",
        "qa_type": "mcqa",
        "old_answer": "C"
    },
    {
        "qa_idx": 15,
        "qa_task": "camera-direction",
        "question": "What is the camera doing when the scene transitions from the train station to the interior of the moving train between 7.0 and 5519.0 seconds?",
        "options": [
            "A. The camera is zooming in on the train.",
            "B. The camera is panning across the train station.",
            "C. The camera is moving inside the train.",
            "D. The camera is focusing on the landscape outside the train."
        ],
        "answer": "C",
        "qa_level": "long_term",
        "qa_type": "mcqa",
        "old_answer": "C"
    },
    {
        "qa_idx": 16,
        "qa_task": "attribute-change",
        "question": "How does the setting change from the beginning to the end of the video event from 7.0 to 5519.0 seconds?",
        "options": [
            "A. From a train station to a playground.",
            "B. From a grocery store to a beach.",
            "C. From a construction site to a classroom.",
            "D. From a picnic to a nautical adventure."
        ],
        "answer": "A",
        "qa_level": "long_term",
        "qa_type": "mcqa",
        "old_answer": "A"
    },
    {
        "qa_idx": 17,
        "qa_task": "character-understanding",
        "question": "What is the rabbit character wearing in the scene at the train station?",
        "options": [
            "A. A red dress.",
            "B. A yellow outfit and blue cap.",
            "C. A green outfit and glasses.",
            "D. A blue sailor's outfit."
        ],
        "answer": "B",
        "qa_level": "long_term",
        "qa_type": "mcqa",
        "old_answer": "B"
    },
    {
        "qa_idx": 18,
        "qa_task": "object understanding",
        "question": "What object is the rabbit character holding while standing next to a white pole against a minimalistic background of a clear blue sky?",
        "options": [
            "A. A yellow toy truck.",
            "B. A paper boat.",
            "C. A clipboard.",
            "D. A green object."
        ],
        "answer": "B",
        "qa_level": "long_term",
        "qa_type": "mcqa",
        "old_answer": "B"
    },
    {
        "qa_idx": 19,
        "qa_task": "time-order",
        "question": "In which order do the events occur in the video from 7.0 to 5519.0 seconds?",
        "options": [
            "A. Peppa Pig and friends enjoy a train ride, followed by a family outing in a red convertible, then a playful playground scene, and finally a cheerful grocery shopping trip.",
            "B. Peppa Pig and friends enjoy a train ride, followed by a cheerful grocery shopping trip, then a family outing in a red convertible, and finally a playful playground scene.",
            "C. Peppa Pig and friends enjoy a cheerful grocery shopping trip, followed by a train ride, then a family outing in a red convertible, and finally a playful playground scene.",
            "D. Peppa Pig and friends enjoy a family outing in a red convertible, followed by a train ride, then a cheerful grocery shopping trip, and finally a playful playground scene."
        ],
        "answer": "A",
        "qa_level": "long_term",
        "qa_type": "mcqa",
        "old_answer": "A"
    }
]