[
    {
        "qa_idx": 0,
        "qa_type": "qa",
        "qa_level": "frame",
        "qa_task": "character-understanding",
        "question": "Is the anthropomorphic bear playing the piano at the 825.0-second mark of the video?",
        "answer": "Yes",
        "old_answer": "Yes"
    },
    {
        "qa_idx": 1,
        "qa_task": "spatial-relationship",
        "question": "What is visible in the background of the scene at 846.0 seconds?",
        "options": [
            "A. A forest.",
            "B. A wooden door and interior walls.",
            "C. A mountain range.",
            "D. A river."
        ],
        "answer": "B",
        "qa_level": "frame",
        "qa_type": "mcqa",
        "old_answer": "B"
    },
    {
        "qa_idx": 3,
        "qa_type": "qa",
        "qa_level": "within_event",
        "qa_task": "plot-understanding",
        "question": "Does the event feature a dynamic interaction between a bear and a child in a snowy forest from 1403.0 to 1467.0 seconds?",
        "answer": "Yes",
        "old_answer": "Yes"
    },
    {
        "qa_idx": 4,
        "qa_task": "spatial-relationship",
        "question": "Where is the wooden fence located in the frame at 1210.0 seconds?",
        "options": [
            "A. In the center of the frame.",
            "B. In the right part of the frame.",
            "C. In the left part of the frame.",
            "D. At the top of the frame."
        ],
        "answer": "C",
        "qa_level": "frame",
        "qa_type": "mcqa",
        "old_answer": "C"
    },
    {
        "qa_idx": 5,
        "qa_type": "qa",
        "qa_level": "within_event",
        "qa_task": "speed",
        "question": "From 1822.0 to 1883.0 seconds, does the young girl in purple and white clothing move quickly through the garden-like area?",
        "answer": "No",
        "old_answer": "No"
    },
    {
        "qa_idx": 6,
        "qa_type": "qa",
        "qa_level": "cross_event",
        "qa_task": "object understanding",
        "question": "Is there a model ship present in the scene from 43.0 to 110.0?",
        "answer": "Yes",
        "old_answer": "Yes"
    },
    {
        "qa_idx": 8,
        "qa_type": "qa",
        "qa_level": "cross_event",
        "qa_task": "action-understanding",
        "question": "Between 1217.0 and 1342.0 seconds, does the bear build an igloo with the help of the small figure in pink winter clothing?",
        "answer": "No",
        "old_answer": "No"
    },
    {
        "qa_idx": 9,
        "qa_task": "camera-direction",
        "question": "Does the camera move closer to the animated character dressed in a detective's outfit or does it stay at a fixed distance in the video from 1884.0 to 1903.0 seconds?",
        "options": [
            "A. The camera moves closer to the animated character.",
            "B. The camera stays at a fixed distance.",
            "C. The camera moves away from the animated character.",
            "D. The camera circles around the animated character."
        ],
        "answer": "B",
        "qa_level": "within_event",
        "qa_type": "mcqa",
        "old_answer": "B"
    },
    {
        "qa_idx": 10,
        "qa_task": "object-direction",
        "question": "In which direction do the child and the bear move in relation to the piano during the event from 986.0 to 1061.0 seconds?",
        "options": [
            "A. Towards the piano.",
            "B. Away from the piano.",
            "C. Around the piano.",
            "D. Above the piano."
        ],
        "answer": "A",
        "qa_level": "within_event",
        "qa_type": "mcqa",
        "old_answer": "A"
    },
    {
        "qa_idx": 15,
        "qa_task": "object understanding",
        "question": "What objects are prominently featured in the cozy, educational, and homely scenes from 43.0 to 1903.0 seconds?",
        "options": [
            "A. A wooden model, a model sailboat, and a vintage television.",
            "B. A bicycle, a bell, and a clock.",
            "C. A piano, a keyboard, and a musical sheet.",
            "D. A snow-covered tree, a shovel, and a bouquet of flowers."
        ],
        "answer": "A",
        "qa_level": "long_term",
        "qa_type": "mcqa",
        "old_answer": "A"
    }
]