[
    {
        "qa_idx": 1,
        "qa_type": "qa",
        "qa_level": "frame",
        "qa_task": "character-understanding",
        "question": "Were the individuals engaged in an interactive or collaborative activity at 1239.0 seconds into the video?",
        "answer": "Yes",
        "old_answer": "Yes"
    },
    {
        "qa_idx": 3,
        "qa_type": "qa",
        "qa_level": "within_event",
        "qa_task": "object understanding",
        "question": "Is there a green toy-like object on the desk in the video from 2699.0 to 2700.0 seconds?",
        "answer": "Yes",
        "old_answer": "Yes"
    },
    {
        "qa_idx": 6,
        "qa_type": "qa",
        "qa_level": "cross_event",
        "qa_task": "action-understanding",
        "question": "In the event from 2258.0 to 2357.0, do the individuals engage in a dance performance around the table with the laptop?",
        "answer": "No",
        "old_answer": "No"
    },
    {
        "qa_idx": 9,
        "qa_type": "qa",
        "qa_level": "long_term",
        "qa_task": "action-understanding",
        "question": "Throughout the video from 105.0 to 2808.0 seconds, do the individuals ever remove the laptop from the table?",
        "answer": "No",
        "old_answer": "No"
    },
    {
        "qa_idx": 10,
        "qa_task": "speed",
        "question": "From 579.0 to 639.0 seconds, who is more animated in their movements?",
        "options": [
            "A. The man in a patterned outfit.",
            "B. The woman in a brown top.",
            "C. Both are equally animated.",
            "D. Neither of them."
        ],
        "answer": "B",
        "qa_level": "within_event",
        "qa_type": "mcqa",
        "old_answer": "B"
    },
    {
        "qa_idx": 11,
        "qa_task": "scene-understanding",
        "question": "What is the common setting in both video events from 2449.0 to 2537.0 seconds and H to e seconds?",
        "options": [
            "A. A busy street.",
            "B. A professional workspace.",
            "C. A park.",
            "D. A home kitchen."
        ],
        "answer": "B",
        "qa_level": "cross_event",
        "qa_type": "mcqa",
        "old_answer": "B"
    },
    {
        "qa_idx": 13,
        "qa_task": "attribute-change",
        "question": "How does the setting and atmosphere change from the beginning to the end of the event from 2258.0 seconds to 2357.0 seconds?",
        "options": [
            "A. The setting changes from an outdoor environment to an indoor environment, and the atmosphere becomes more formal.",
            "B. The setting remains the same, but the atmosphere changes from casual to more professional.",
            "C. The setting changes from an indoor environment to a modern office building, and the atmosphere remains casual yet professional.",
            "D. The setting changes from a modern office building to an indoor environment, and the atmosphere becomes more informal."
        ],
        "answer": "C",
        "qa_level": "cross_event",
        "qa_type": "mcqa",
        "old_answer": "C"
    },
    {
        "qa_idx": 19,
        "qa_task": "camera-direction",
        "question": "How does the camera movement change from the beginning to the end of the video between 105.0 seconds and 2808.0 seconds?",
        "options": [
            "A. The camera moves closer to the individuals.",
            "B. The camera moves further away from the individuals.",
            "C. The camera remains stationary.",
            "D. The camera pans around the room."
        ],
        "answer": "A",
        "qa_level": "long_term",
        "qa_type": "mcqa",
        "old_answer": "A"
    },
    {
        "qa_idx": 20,
        "qa_task": "speed",
        "question": "Which individual is likely to be more animated and engaged in the activities based on their movements and interactions from 105.0 to 2808.0 seconds?",
        "options": [
            "A. The individual in the patterned shirt with blue hair.",
            "B. The individual in the brown off-the-shoulder top.",
            "C. The individual in the orange top.",
            "D. The individual in the patterned black and gold jacket."
        ],
        "answer": "B",
        "qa_level": "long_term",
        "qa_type": "mcqa",
        "old_answer": "B"
    },
    {
        "qa_idx": 21,
        "qa_task": "attribute-change",
        "question": "How did the woman's clothing change from the beginning to the end of the video between 105.0 seconds and 2808.0 seconds?",
        "options": [
            "A. From a brown off-the-shoulder top to an orange top.",
            "B. From an orange top to a brown off-the-shoulder top.",
            "C. From a patterned shirt to a solid-colored top.",
            "D. From a solid-colored top to a patterned shirt."
        ],
        "answer": "A",
        "qa_level": "long_term",
        "qa_type": "mcqa",
        "old_answer": "A"
    },
    {
        "qa_idx": 22,
        "qa_task": "object understanding",
        "question": "What objects are consistently present on the table throughout the scenes from 105.0 to 2808.0 seconds?",
        "options": [
            "A. A laptop, a camera, flowers, and stationery.",
            "B. A laptop, a book, a cup, and a phone.",
            "C. A laptop, a tablet, a lamp, and a notebook.",
            "D. A laptop, a printer, a plant, and a mouse."
        ],
        "answer": "A",
        "qa_level": "long_term",
        "qa_type": "mcqa",
        "old_answer": "A"
    },
    {
        "qa_idx": 23,
        "qa_task": "time-order",
        "question": "In which order do the events occur in the video from 105.0 to 2808.0 seconds?",
        "options": [
            "A. Three individuals seated behind a table in an indoor setting -> Two people seated at a desk with one holding up a piece of clothing -> Two people seated next to each other with one holding a drawing of a mouse -> A pair of individuals sitting side by side in a grey-themed environment.",
            "B. Two individuals seated at a table in an indoor setting -> A man in a patterned outfit and a woman in a brown top in an indoor setting -> An office setting with two individuals seated side by side at a desk -> An organized and modern indoor office setting with two individuals.",
            "C. A creative office environment with two individuals seated at a desk -> An indoor scene in a well-lit room with two individuals seated at a desk -> An indoor setting where two individuals are seated side by side at a table -> An indoor office environment with two individuals seated behind a desk.",
            "D. Three individuals situated in a room or workspace -> An office building where a woman is seated in front of a laptop -> Two individuals seated at a table or desk in an environment with a patterned backdrop -> An indoor office setting where two individuals are seated at a desk."
        ],
        "answer": "A",
        "qa_level": "long_term",
        "qa_type": "mcqa",
        "old_answer": "A"
    }
]