[
    {
        "qa_idx": 0,
        "qa_type": "qa",
        "qa_level": "frame",
        "qa_task": "character-understanding",
        "question": "Is the person's hand interacting with a bowl at 6678.0 seconds into the video?",
        "answer": "Yes",
        "old_answer": "Yes"
    },
    {
        "qa_idx": 1,
        "qa_task": "character-understanding",
        "question": "What is the person in the video doing at 5773.0 seconds?",
        "options": [
            "A. The person is driving the vehicle.",
            "B. The person is interacting with the rear seating area or another unseen person.",
            "C. The person is sleeping.",
            "D. The person is eating."
        ],
        "answer": "B",
        "qa_level": "frame",
        "qa_type": "mcqa",
        "old_answer": "B"
    },
    {
        "qa_idx": 2,
        "qa_type": "qa",
        "qa_level": "within_event",
        "qa_task": "speed",
        "question": "Did the people move quickly within the open, sunny savanna-like terrain from 5924.0 to 5989.0 seconds?",
        "answer": "No",
        "old_answer": "No"
    },
    {
        "qa_idx": 3,
        "qa_task": "object understanding",
        "question": "What is the woman on the right holding at 145.0 seconds into the video?",
        "options": [
            "A. A book.",
            "B. A bag.",
            "C. A phone.",
            "D. A hat."
        ],
        "answer": "B",
        "qa_level": "frame",
        "qa_type": "mcqa",
        "old_answer": "B"
    },
    {
        "qa_idx": 4,
        "qa_task": "spatial-relationship",
        "question": "What is in front of the thatched structure at 8014.0 seconds into the video?",
        "options": [
            "A. A wooden table.",
            "B. Green plastic basins.",
            "C. A bicycle.",
            "D. A cooking pot."
        ],
        "answer": "B",
        "qa_level": "frame",
        "qa_type": "mcqa",
        "old_answer": "B"
    },
    {
        "qa_idx": 5,
        "qa_type": "qa",
        "qa_level": "cross_event",
        "qa_task": "character-understanding",
        "question": "Were there individuals interacting with boats in both events from 1320.0 to 1397.0 and 1398.0 to 1458.0?",
        "answer": "Yes",
        "old_answer": "Yes"
    },
    {
        "qa_idx": 6,
        "qa_task": "spatial-relationship",
        "question": "What is prominently positioned atop the rocky outcrop at 876.0 seconds into the video?",
        "options": [
            "A. A distinctive tree with twisted and gnarled branches.",
            "B. A large boulder.",
            "C. A small pond.",
            "D. A wooden cabin."
        ],
        "answer": "A",
        "qa_level": "frame",
        "qa_type": "mcqa",
        "old_answer": "A"
    },
    {
        "qa_idx": 7,
        "qa_type": "qa",
        "qa_level": "long_term",
        "qa_task": "object understanding",
        "question": "Is there a boat visible in the coastal scenes from 5.0 to 8223.0 seconds?",
        "answer": "Yes",
        "old_answer": "Yes"
    },
    {
        "qa_idx": 8,
        "qa_task": "object understanding",
        "question": "What is one of the individuals wearing at 712.0 seconds into the video?",
        "options": [
            "A. A red and blue sports jersey.",
            "B. A yellow and green sports jersey.",
            "C. A white and black sports jersey.",
            "D. A blue and yellow sports jersey."
        ],
        "answer": "B",
        "qa_level": "frame",
        "qa_type": "mcqa",
        "old_answer": "B"
    },
    {
        "qa_idx": 11,
        "qa_task": "character-understanding",
        "question": "What is the position of the individual in the frame at 597.0 seconds?",
        "options": [
            "A. The individual is standing upright.",
            "B. The individual is sitting down.",
            "C. The individual is bending over or leaning in.",
            "D. The individual is lying down."
        ],
        "answer": "C",
        "qa_level": "frame",
        "qa_type": "mcqa",
        "old_answer": "C"
    },
    {
        "qa_idx": 12,
        "qa_task": "character-understanding",
        "question": "What animal is prominently positioned towards the left side of the image at 5879.0 seconds into the video?",
        "options": [
            "A. Lion.",
            "B. Elephant.",
            "C. Giraffe.",
            "D. Zebra."
        ],
        "answer": "B",
        "qa_level": "frame",
        "qa_type": "mcqa",
        "old_answer": "B"
    },
    {
        "qa_idx": 15,
        "qa_task": "character-understanding",
        "question": "What are the elephants doing in the video from 5834.0 to 5862.0 seconds?",
        "options": [
            "A. The elephants are playing with each other.",
            "B. The elephants are drinking and socializing.",
            "C. The elephants are running away.",
            "D. The elephants are sleeping."
        ],
        "answer": "B",
        "qa_level": "within_event",
        "qa_type": "mcqa",
        "old_answer": "B"
    },
    {
        "qa_idx": 16,
        "qa_task": "camera-direction",
        "question": "In the video event from 4794.0 to 4823.0 seconds, does the camera move towards the marketplace or away from it?",
        "options": [
            "A. The camera moves towards the marketplace.",
            "B. The camera moves away from the marketplace.",
            "C. The camera remains stationary.",
            "D. The camera moves towards the parked vehicle."
        ],
        "answer": "A",
        "qa_level": "within_event",
        "qa_type": "mcqa",
        "old_answer": "A"
    },
    {
        "qa_idx": 17,
        "qa_task": "descriptive-scene",
        "question": "What is the overall environment of the video event from 1459.0 to 1519.0 seconds?",
        "options": [
            "A. A bustling city street during the day.",
            "B. A serene scene set during sunset over a large body of water.",
            "C. A crowded beach with people playing volleyball.",
            "D. A busy market with vendors selling goods."
        ],
        "answer": "B",
        "qa_level": "within_event",
        "qa_type": "mcqa",
        "old_answer": "B"
    },
    {
        "qa_idx": 19,
        "qa_task": "camera-direction",
        "question": "How does the camera movement emphasize the environment in the events from 5924.0 to 5989.0 seconds?",
        "options": [
            "A. The camera moves forward to capture the details of the objects being examined.",
            "B. The camera remains stationary, focusing on the interaction between the men.",
            "C. The camera pans across the landscape to highlight the dry, open savanna.",
            "D. The camera zooms in on the uniform patches to emphasize official duties."
        ],
        "answer": "C",
        "qa_level": "cross_event",
        "qa_type": "mcqa",
        "old_answer": "C"
    },
    {
        "qa_idx": 21,
        "qa_task": "temporal-relationship",
        "question": "What activity is depicted after the scene of the bustling waterfront with numerous boats and canoes closely docked at the shore?",
        "options": [
            "A. A serene beach scene during sunrise or sunset.",
            "B. A group of men standing outdoors under a large tree.",
            "C. A bustling outdoor market area in Lilongwe, Malawi.",
            "D. A person leaning over the edge of a small boat illuminated by lanterns."
        ],
        "answer": "D",
        "qa_level": "long_term",
        "qa_type": "mcqa",
        "old_answer": "D"
    },
    {
        "qa_idx": 22,
        "qa_task": "spatial-relationship",
        "question": "Where are the small boats located in the coastal scene during dawn or dusk?",
        "options": [
            "A. Close to the shore.",
            "B. Far from the shore.",
            "C. On the beach.",
            "D. In the sky."
        ],
        "answer": "A",
        "qa_level": "long_term",
        "qa_type": "mcqa",
        "old_answer": "A"
    },
    {
        "qa_idx": 23,
        "qa_task": "causal",
        "question": "Why are the people handling a large quantity of small fish spread out on a surface at 5.0 to 8223.0 seconds?",
        "options": [
            "A. They are preparing the fish for drying.",
            "B. They are sorting the fish for a market.",
            "C. They are cleaning the fish for cooking.",
            "D. They are discarding the fish."
        ],
        "answer": "B",
        "qa_level": "long_term",
        "qa_type": "mcqa",
        "old_answer": "B"
    },
    {
        "qa_idx": 26,
        "qa_task": "plot-understanding",
        "question": "What is the main focus of the video from 5.0 to 8223.0 seconds?",
        "options": [
            "A. The daily life and activities of a coastal and rural community.",
            "B. The exploration of urban architecture and city life.",
            "C. The development of modern transportation systems.",
            "D. The history and evolution of industrial machinery."
        ],
        "answer": "A",
        "qa_level": "long_term",
        "qa_type": "mcqa",
        "old_answer": "A"
    },
    {
        "qa_idx": 27,
        "qa_task": "object-direction",
        "question": "In which direction did the boats move relative to the shore in the video from 5.0 to 8223.0 seconds?",
        "options": [
            "A. Towards the shore.",
            "B. Away from the shore.",
            "C. Parallel to the shore.",
            "D. Perpendicular to the shore."
        ],
        "answer": "A",
        "qa_level": "long_term",
        "qa_type": "mcqa",
        "old_answer": "A"
    },
    {
        "qa_idx": 29,
        "qa_task": "speed",
        "question": "Which is faster, the small boats near the shore or the boats in the bustling waterfront scene?",
        "options": [
            "A. The small boats near the shore.",
            "B. The boats in the bustling waterfront scene.",
            "C. Both are at the same speed.",
            "D. None of the above."
        ],
        "answer": "B",
        "qa_level": "long_term",
        "qa_type": "mcqa",
        "old_answer": "B"
    },
    {
        "qa_idx": 30,
        "qa_task": "attribute-change",
        "question": "How does the coastal scene change from the beginning to the end of the video event descriptions from 5.0 to 8223.0 seconds?",
        "options": [
            "A. The coastal scene transitions from a tranquil dawn or dusk setting to a bustling waterfront with numerous boats and people engaged in various activities.",
            "B. The coastal scene remains the same throughout the video.",
            "C. The coastal scene transitions from a bustling market to a serene beach with no human activity.",
            "D. The coastal scene transitions from a rural agricultural setting to an urban environment."
        ],
        "answer": "A",
        "qa_level": "long_term",
        "qa_type": "mcqa",
        "old_answer": "A"
    },
    {
        "qa_idx": 31,
        "qa_task": "character-understanding",
        "question": "What are the individuals wearing while handling a large quantity of small fish spread out on a surface?",
        "options": [
            "A. White shirts.",
            "B. Black jackets.",
            "C. Red hats.",
            "D. Blue jeans."
        ],
        "answer": "A",
        "qa_level": "long_term",
        "qa_type": "mcqa",
        "old_answer": "A"
    },
    {
        "qa_idx": 33,
        "qa_task": "time-order",
        "question": "In which order do the events occur in the video from 5.0 to 8223.0 seconds?",
        "options": [
            "A. Coastal scene during dawn or dusk, bustling waterfront scene, rural agricultural setting, bustling outdoor market, serene beach scene, underwater scene, rural village scene.",
            "B. Coastal scene during dawn or dusk, bustling waterfront scene, rural agricultural setting, bustling outdoor market, underwater scene, serene beach scene, rural village scene.",
            "C. Coastal scene during dawn or dusk, rural agricultural setting, bustling waterfront scene, bustling outdoor market, serene beach scene, underwater scene, rural village scene.",
            "D. Coastal scene during dawn or dusk, bustling waterfront scene, rural agricultural setting, bustling outdoor market, rural village scene, underwater scene, serene beach scene."
        ],
        "answer": "A",
        "qa_level": "long_term",
        "qa_type": "mcqa",
        "old_answer": "A"
    }
]