[
    {
        "qa_idx": 0,
        "qa_task": "object understanding",
        "question": "What is the central object on the windowsill in the frame captured at 1395.0 seconds into the video?",
        "options": [
            "A. A houseplant in a glass vase.",
            "B. A blue flowerpot with pink flower decorations.",
            "C. A terracotta pot with a houseplant.",
            "D. A tall clear vase with a bouquet of flowers."
        ],
        "answer": "B",
        "qa_level": "frame",
        "qa_type": "mcqa",
        "old_answer": "B"
    },
    {
        "qa_idx": 1,
        "qa_type": "qa",
        "qa_level": "frame",
        "qa_task": "object understanding",
        "question": "Is the toy in the video frame at 1973.0 seconds colored in gradients of yellow and blue?",
        "answer": "Yes",
        "old_answer": "Yes"
    },
    {
        "qa_idx": 2,
        "qa_task": "object understanding",
        "question": "What objects are present in the background at 127.0 seconds into the video?",
        "options": [
            "A. A smooth wooden floor and a red brick wall.",
            "B. A rough cement ground and a blue cylindrical container against a greenish wall.",
            "C. A grassy field and a white picket fence.",
            "D. A sandy beach and a blue ocean."
        ],
        "answer": "B",
        "qa_level": "frame",
        "qa_type": "mcqa",
        "old_answer": "B"
    },
    {
        "qa_idx": 3,
        "qa_type": "qa",
        "qa_level": "within_event",
        "qa_task": "action-understanding",
        "question": "In the scene from 1721.0 to 1789.0 seconds, does the animated red character near the bottle cap start dancing?",
        "answer": "No",
        "old_answer": "No"
    },
    {
        "qa_idx": 4,
        "qa_task": "counting",
        "question": "How many bananas are there in the frame at 644.0 seconds?",
        "options": [
            "A.1.",
            "B.2.",
            "C.3.",
            "D.Multiple."
        ],
        "answer": "D",
        "qa_level": "frame",
        "qa_type": "mcqa",
        "old_answer": "D"
    },
    {
        "qa_idx": 5,
        "qa_task": "descriptive-scene",
        "question": "Where are the animated caterpillars located at 1430.0 seconds into the video?",
        "options": [
            "A. In a forest.",
            "B. In a garden.",
            "C. In a desert.",
            "D. In a house."
        ],
        "answer": "B",
        "qa_level": "frame",
        "qa_type": "mcqa",
        "old_answer": "B"
    },
    {
        "qa_idx": 6,
        "qa_type": "qa",
        "qa_level": "cross_event",
        "qa_task": "speed",
        "question": "Did the mouse character in the first event (998.0 to 1080.0) move at a slower pace compared to the animated insect characters in the second event (1085.0 to 1102.0)?",
        "answer": "No",
        "old_answer": "No"
    },
    {
        "qa_idx": 7,
        "qa_task": "attribute-change",
        "question": "How does the background change from 2034.0 seconds to 2035.0 seconds?",
        "options": [
            "A. The background changes from a whimsical cityscape to an urban cityscape with architectural landmarks.",
            "B. The background changes from a forest to a desert.",
            "C. The background changes from a beach to a mountain range.",
            "D. The background remains the same throughout."
        ],
        "answer": "A",
        "qa_level": "within_event",
        "qa_type": "mcqa",
        "old_answer": "A"
    },
    {
        "qa_idx": 8,
        "qa_type": "qa",
        "qa_level": "long_term",
        "qa_task": "speed",
        "question": "Did the animated characters interact at a slow pace throughout the video from 1.0 to 2035.0 seconds?",
        "answer": "No",
        "old_answer": "No"
    },
    {
        "qa_idx": 9,
        "qa_task": "speed",
        "question": "Between the time of 1520.0 to 1586.0 seconds and H to e seconds, which animated character or object shows a noticeable change in speed?",
        "options": [
            "A. The large bug with red antennae.",
            "B. The hotdog-shaped character.",
            "C. The toy positioned centrally in the frame.",
            "D. The animated insect interacting with a tall plant."
        ],
        "answer": "D",
        "qa_level": "cross_event",
        "qa_type": "mcqa",
        "old_answer": "D"
    },
    {
        "qa_idx": 12,
        "qa_task": "speed",
        "question": "Which character is faster in the video from 1.0 to 2035.0 seconds, the yellow worm-like character or the red and yellow-striped worm?",
        "options": [
            "A. The yellow worm-like character.",
            "B. The red and yellow-striped worm.",
            "C. Both are at the same speed.",
            "D. None of the above."
        ],
        "answer": "B",
        "qa_level": "long_term",
        "qa_type": "mcqa",
        "old_answer": "B"
    }
]