[
    {
        "qa_idx": 0,
        "qa_type": "qa",
        "qa_level": "frame",
        "qa_task": "character-understanding",
        "question": "Is one of the children dressed in a wizard costume at 2070.0 seconds into the video?",
        "answer": "Yes",
        "old_answer": "Yes"
    },
    {
        "qa_idx": 1,
        "qa_type": "qa",
        "qa_level": "within_event",
        "qa_task": "plot-understanding",
        "question": "Does the boy use a magnifying glass to explore his surroundings in the video event from 701.0 to 764.0 seconds?",
        "answer": "Yes",
        "old_answer": "Yes"
    },
    {
        "qa_idx": 2,
        "qa_task": "spatial-relationship",
        "question": "What is the character doing with their hand at 611.0 seconds into the video?",
        "options": [
            "A. Waving.",
            "B. Resting on the chin.",
            "C. Pointing.",
            "D. Holding a flower."
        ],
        "answer": "B",
        "qa_level": "frame",
        "qa_type": "mcqa",
        "old_answer": "B"
    },
    {
        "qa_idx": 3,
        "qa_type": "qa",
        "qa_level": "within_event",
        "qa_task": "camera-direction",
        "question": "Does the camera remain stationary while showcasing the animated character seated at the dining table from 1108.0 to 1179.0 seconds?",
        "answer": "No",
        "old_answer": "No"
    },
    {
        "qa_idx": 4,
        "qa_task": "spatial-relationship",
        "question": "Where is the white flower located in the frame at 1178.0 seconds?",
        "options": [
            "A. Top right quadrant.",
            "B. Bottom left quadrant.",
            "C. Center.",
            "D. Top left quadrant."
        ],
        "answer": "B",
        "qa_level": "frame",
        "qa_type": "mcqa",
        "old_answer": "B"
    },
    {
        "qa_idx": 5,
        "qa_type": "qa",
        "qa_level": "cross_event",
        "qa_task": "object understanding",
        "question": "In the scene from 1816.0 to 1880.0, are the characters holding swords?",
        "answer": "Yes",
        "old_answer": "Yes"
    },
    {
        "qa_idx": 6,
        "qa_type": "qa",
        "qa_level": "cross_event",
        "qa_task": "character-understanding",
        "question": "Were children wearing party hats in both events from 1558.0 to 1613.0 and 1622.0 to 1681.0?",
        "answer": "Yes",
        "old_answer": "Yes"
    },
    {
        "qa_idx": 7,
        "qa_task": "object understanding",
        "question": "What health condition is suggested by the visible red spots on the child's face in the video from 62.0 to 75.0 seconds?",
        "options": [
            "A. Measles.",
            "B. Chickenpox.",
            "C. Allergic reaction.",
            "D. Sunburn."
        ],
        "answer": "B",
        "qa_level": "within_event",
        "qa_type": "mcqa",
        "old_answer": "B"
    },
    {
        "qa_idx": 8,
        "qa_type": "qa",
        "qa_level": "long_term",
        "qa_task": "action-understanding",
        "question": "After the child with red spots on their face was seen playing with a toy truck in a domestic room, did they immediately go outside to play in the sandbox with other children? (Time: 1.0 - 2292.0 seconds)",
        "answer": "No",
        "old_answer": "No"
    },
    {
        "qa_idx": 9,
        "qa_task": "speed",
        "question": "In the video events from 966.0 to 1029.0 seconds and H to e seconds, which character is depicted as moving faster relative to the other characters in the marketplace?",
        "options": [
            "A. The person with the multicolored hat and bright yellow shirt.",
            "B. The boy dressed in yellow clothing.",
            "C. The goat or deer.",
            "D. The figures interacting with produce and market items."
        ],
        "answer": "B",
        "qa_level": "cross_event",
        "qa_type": "mcqa",
        "old_answer": "B"
    },
    {
        "qa_idx": 10,
        "qa_task": "temporal-relationship",
        "question": "What happens after the child with red spots on their face is seen standing next to furniture in a domestic room?",
        "options": [
            "A. The child is seen interacting with an adult female in brightly colored clothing.",
            "B. The child is seen playing with a blue toy dinosaur in bed.",
            "C. The child is seen standing on a green stool in a bathroom.",
            "D. The child is seen playing with a toy truck in a domestic room."
        ],
        "answer": "A",
        "qa_level": "long_term",
        "qa_type": "mcqa",
        "old_answer": "A"
    },
    {
        "qa_idx": 12,
        "qa_task": "causal",
        "question": "Why does the child have visible red spots on their face in the video from 280.0 to 1613.0 seconds?",
        "options": [
            "A. The child has chickenpox.",
            "B. The child has been playing with paint.",
            "C. The child has been in the sun for too long.",
            "D. The child has an allergic reaction."
        ],
        "answer": "A",
        "qa_level": "long_term",
        "qa_type": "mcqa",
        "old_answer": "A"
    },
    {
        "qa_idx": 13,
        "qa_task": "plot-understanding",
        "question": "What is the main theme of the video from 1.0 to 2292.0 seconds?",
        "options": [
            "A. A child's birthday celebration.",
            "B. A child's daily life and adventures.",
            "C. A Halloween party.",
            "D. A family vacation."
        ],
        "answer": "B",
        "qa_level": "long_term",
        "qa_type": "mcqa",
        "old_answer": "B"
    },
    {
        "qa_idx": 14,
        "qa_task": "camera-direction",
        "question": "In the video event from 280.0 seconds to 478.0 seconds, how does the camera movement change when transitioning from the indoor scenes to the outdoor scenes?",
        "options": [
            "A. The camera zooms in on the characters.",
            "B. The camera pans out to show the entire environment.",
            "C. The camera remains static.",
            "D. The camera follows the characters closely."
        ],
        "answer": "B",
        "qa_level": "long_term",
        "qa_type": "mcqa",
        "old_answer": "B"
    },
    {
        "qa_idx": 15,
        "qa_task": "speed",
        "question": "Which is faster, the blue car traveling on a road amidst a lush, green landscape or the children playing in a sandbox?",
        "options": [
            "A. The blue car.",
            "B. The children playing in a sandbox.",
            "C. Both are at the same speed.",
            "D. None of the above."
        ],
        "answer": "A",
        "qa_level": "long_term",
        "qa_type": "mcqa",
        "old_answer": "A"
    },
    {
        "qa_idx": 17,
        "qa_task": "character-understanding",
        "question": "What is the child with visible red spots on their face doing in the domestic indoor setting from 280.0 to 478.0 seconds?",
        "options": [
            "A. Playing with a blue toy dinosaur.",
            "B. Interacting with an adult female.",
            "C. Standing on a green stool in the bathroom.",
            "D. All of the above."
        ],
        "answer": "D",
        "qa_level": "long_term",
        "qa_type": "mcqa",
        "old_answer": "D"
    },
    {
        "qa_idx": 18,
        "qa_task": "object understanding",
        "question": "What kind of toy is the child playing with in the domestic room with green floral decor?",
        "options": [
            "A. A blue toy dinosaur.",
            "B. A green and blue toy truck.",
            "C. A teddy bear.",
            "D. A stuffed bunny."
        ],
        "answer": "B",
        "qa_level": "long_term",
        "qa_type": "mcqa",
        "old_answer": "B"
    },
    {
        "qa_idx": 19,
        "qa_task": "time-order",
        "question": "In which order do the events occur in the video from 1.0 to 2292.0 seconds?",
        "options": [
            "A. The video starts with a minimalist scene featuring a white background with a central red shape, then transitions to a brightly colored interior with human faces interacting, followed by an animated outdoor park with children playing, and ends with a vibrant indoor setting including a child's bedroom.",
            "B. The video starts with a child standing in a bathtub, then transitions to a serene park setting with benches and pathways, followed by a lively domestic environment featuring a young child with red spots on their face, and ends with a vibrant indoor setting including a child's bedroom.",
            "C. The video starts with a minimalist scene featuring a white background with a central red shape, then transitions to a lively domestic environment featuring a young child with red spots on their face, followed by a serene park setting with benches and pathways, and ends with a vibrant indoor setting including a child's bedroom.",
            "D. The video starts with a child standing in a bathtub, then transitions to a lively domestic environment featuring a young child with red spots on their face, followed by a serene park setting with benches and pathways, and ends with a vibrant indoor setting including a child's bedroom."
        ],
        "answer": "A",
        "qa_level": "long_term",
        "qa_type": "mcqa",
        "old_answer": "A"
    }
]