[
    {
        "qa_idx": 0,
        "qa_type": "qa",
        "qa_level": "frame",
        "qa_task": "object understanding",
        "question": "Is there a bandage on the knee of one of the individuals in the video frame at 1946.0 seconds?",
        "answer": "Yes",
        "old_answer": "Yes"
    },
    {
        "qa_idx": 1,
        "qa_task": "descriptive-scene",
        "question": "Where are the women gathered in the video frame at 2152.0 seconds?",
        "options": [
            "A. In a domestic setting with makeshift walls made of woven materials.",
            "B. In a commercial kitchen.",
            "C. In an office.",
            "D. In a garden."
        ],
        "answer": "A",
        "qa_level": "frame",
        "qa_type": "mcqa",
        "old_answer": "A"
    },
    {
        "qa_idx": 2,
        "qa_type": "qa",
        "qa_level": "frame",
        "qa_task": "character-understanding",
        "question": "Is there a woman dressed in a striped shirt walking beside a concrete wall at 443.0 seconds into the video?",
        "answer": "Yes",
        "old_answer": "Yes"
    },
    {
        "qa_idx": 3,
        "qa_task": "object understanding",
        "question": "What objects are visible in the indoor scene at 1365.0 seconds into the video?",
        "options": [
            "A. Multiple chairs, a large pot, and various kitchen items.",
            "B. A sofa, a television, and a coffee table.",
            "C. A bed, a wardrobe, and a nightstand.",
            "D. A desk, a computer, and a bookshelf."
        ],
        "answer": "A",
        "qa_level": "frame",
        "qa_type": "mcqa",
        "old_answer": "A"
    },
    {
        "qa_idx": 4,
        "qa_type": "qa",
        "qa_level": "within_event",
        "qa_task": "speed",
        "question": "Is the car traveling at a high speed along the rural road from 2234.0 to 2292.0 seconds?",
        "answer": "No",
        "old_answer": "No"
    },
    {
        "qa_idx": 5,
        "qa_type": "qa",
        "qa_level": "within_event",
        "qa_task": "camera-direction",
        "question": "Does the camera follow the two individuals as they stroll along the sandy beach from 2548.0 to 2602.0 seconds?",
        "answer": "No",
        "old_answer": "No"
    },
    {
        "qa_idx": 6,
        "qa_task": "character-understanding",
        "question": "What are the women in the video wearing at the 7.0-second mark?",
        "options": [
            "A. Casual clothing.",
            "B. Sportswear.",
            "C. Vibrant traditional clothing.",
            "D. Business suits."
        ],
        "answer": "C",
        "qa_level": "frame",
        "qa_type": "mcqa",
        "old_answer": "C"
    },
    {
        "qa_idx": 7,
        "qa_task": "speed",
        "question": "From 1306.0 to 1346.0 seconds, which activity is depicted as being performed more quickly?",
        "options": [
            "A. The woman holding a container near an open suitcase.",
            "B. The close-up of hands holding a large, clear jar filled with dried food items.",
            "C. Individuals lounging in hammocks.",
            "D. The man dressed in a blue shirt interacting in the background."
        ],
        "answer": "B",
        "qa_level": "within_event",
        "qa_type": "mcqa",
        "old_answer": "B"
    },
    {
        "qa_idx": 8,
        "qa_type": "qa",
        "qa_level": "cross_event",
        "qa_task": "speed",
        "question": "From the time of 240.0 to 325.0, does the person handle the fish quickly?",
        "answer": "No",
        "old_answer": "No"
    },
    {
        "qa_idx": 9,
        "qa_type": "qa",
        "qa_level": "long_term",
        "qa_task": "object understanding",
        "question": "Is there a large golden star featured prominently against a warm, geometrically patterned background in the video between 6.0 and 2663.0 seconds?",
        "answer": "Yes",
        "old_answer": "Yes"
    },
    {
        "qa_idx": 11,
        "qa_task": "scene-understanding",
        "question": "How does the scene transition from the beginning to the end in the event from 1084.0 to 1149.0 seconds?",
        "options": [
            "A. From a serene garden to a bustling urban street and then to a cozy indoor setting.",
            "B. From a crowded waterway to a serene garden and then to a bustling urban street.",
            "C. From a nighttime street to a lush green garden and then to a residential area.",
            "D. From a residential area to a crowded waterway and then to a serene garden."
        ],
        "answer": "A",
        "qa_level": "cross_event",
        "qa_type": "mcqa",
        "old_answer": "A"
    },
    {
        "qa_idx": 12,
        "qa_task": "scene-understanding",
        "question": "How does the setting transition from the beginning to the end of the event from 1988.0 to 2077.0 seconds?",
        "options": [
            "A. From an indoor domestic scene to an outdoor communal environment.",
            "B. From an outdoor communal environment to an indoor domestic scene.",
            "C. From a rural area to an urban setting.",
            "D. From a busy street to a quiet indoor scene."
        ],
        "answer": "A",
        "qa_level": "cross_event",
        "qa_type": "mcqa",
        "old_answer": "A"
    },
    {
        "qa_idx": 13,
        "qa_task": "speed",
        "question": "How does the speed of activities in the kitchen compare between the two events from 1786.0 to 1859.0 seconds and H to e seconds?",
        "options": [
            "A. The activities in the kitchen are faster in the first event compared to the second event.",
            "B. The activities in the kitchen are slower in the first event compared to the second event.",
            "C. The speed of activities in the kitchen is the same in both events.",
            "D. The speed of activities in the kitchen cannot be determined from the descriptions."
        ],
        "answer": "D",
        "qa_level": "cross_event",
        "qa_type": "mcqa",
        "old_answer": "D"
    },
    {
        "qa_idx": 14,
        "qa_task": "temporal-relationship",
        "question": "What happens after the scene featuring a large golden star against a warm, geometrically patterned background?",
        "options": [
            "A. A serene picturesque outdoor scene with a tree in the foreground and a distant mountain range.",
            "B. A bustling fish market with racks of dried fish outside a storefront.",
            "C. A dynamic rural scene highlighting a woman in traditional dress surrounded by pastoral elements.",
            "D. An indoor scene with two individuals sorting and arranging piles of fish."
        ],
        "answer": "A",
        "qa_level": "long_term",
        "qa_type": "mcqa",
        "old_answer": "A"
    },
    {
        "qa_idx": 15,
        "qa_task": "spatial-relationship",
        "question": "What is the common element found in the scenes featuring traditional rural life and the fish processing facility from 6.0 to 2663.0 seconds?",
        "options": [
            "A. Animals like cows and goats.",
            "B. Modern urban buildings.",
            "C. High-tech machinery.",
            "D. Large crowds of people."
        ],
        "answer": "A",
        "qa_level": "long_term",
        "qa_type": "mcqa",
        "old_answer": "A"
    },
    {
        "qa_idx": 16,
        "qa_task": "counting",
        "question": "How many women are seen in traditional clothing amidst traditional buildings and greenery in the rural area?",
        "options": [
            "A. Two women.",
            "B. Three women.",
            "C. Four women.",
            "D. Five women."
        ],
        "answer": "C",
        "qa_level": "long_term",
        "qa_type": "mcqa",
        "old_answer": "C"
    },
    {
        "qa_idx": 17,
        "qa_task": "descriptive-scene",
        "question": "Where does the event featuring a girl in a red jacket amidst lush green natural surroundings take place?",
        "options": [
            "A. In a park or garden.",
            "B. In a fish market.",
            "C. In a kitchen.",
            "D. In a warehouse."
        ],
        "answer": "A",
        "qa_level": "long_term",
        "qa_type": "mcqa",
        "old_answer": "A"
    },
    {
        "qa_idx": 19,
        "qa_task": "camera-direction",
        "question": "How does the camera move in the video from 6.0 to 2663.0 seconds?",
        "options": [
            "A. The camera moves closer to the subjects.",
            "B. The camera moves away from the subjects.",
            "C. The camera remains stationary.",
            "D. The camera pans across different scenes."
        ],
        "answer": "D",
        "qa_level": "long_term",
        "qa_type": "mcqa",
        "old_answer": "D"
    },
    {
        "qa_idx": 20,
        "qa_task": "speed",
        "question": "Which mode of transportation is faster in the video from 6.0 to 2663.0 seconds, the vehicle carrying multiple individuals and goods or the motorized vessel laden with bags?",
        "options": [
            "A. The vehicle carrying multiple individuals and goods.",
            "B. The motorized vessel laden with bags.",
            "C. Both are at the same speed.",
            "D. None of the above."
        ],
        "answer": "A",
        "qa_level": "long_term",
        "qa_type": "mcqa",
        "old_answer": "A"
    },
    {
        "qa_idx": 21,
        "qa_task": "attribute-change",
        "question": "How does the setting change from the beginning to the end of the video event from 6.0 to 2663.0 seconds?",
        "options": [
            "A. From a chaotic scene with explosions to a serene outdoor park.",
            "B. From a bustling fish market to a quiet indoor kitchen.",
            "C. From a rural agricultural area to a busy urban street.",
            "D. From a traditional rural setting to a modern urban environment."
        ],
        "answer": "D",
        "qa_level": "long_term",
        "qa_type": "mcqa",
        "old_answer": "D"
    },
    {
        "qa_idx": 22,
        "qa_task": "time-order",
        "question": "In which order do the events occur in the video from 6.0 to 2663.0 seconds?",
        "options": [
            "A. A sequence of scenes unfolds with human figures and a large explosion, followed by two women in traditional clothing, then a dynamic rural scene, and finally a girl in a red jacket in a park.",
            "B. The event opens with an outdoor scene featuring a person in a bright pink shirt, followed by a woman in vibrant pink clothing, then a fish processing facility, and finally a bustling seafood processing facility.",
            "C. The event begins in an industrial environment, followed by a domestic scene with three girls, then a serene picturesque outdoor scene, and finally a bustling fish market.",
            "D. The event starts with a rural landscape featuring vast agricultural fields, followed by a serene rural area, then a bustling kitchen, and finally a communal meal in a cozy environment."
        ],
        "answer": "A",
        "qa_level": "long_term",
        "qa_type": "mcqa",
        "old_answer": "A"
    }
]