[
    {
        "qa_idx": 0,
        "qa_type": "qa",
        "qa_level": "frame",
        "qa_task": "character-understanding",
        "question": "At 978.0 seconds into the video, is the wolf holding a toy rocket?",
        "answer": "Yes",
        "old_answer": "Yes"
    },
    {
        "qa_idx": 1,
        "qa_task": "object understanding",
        "question": "What toy is the character in the top bunk clutching at the 589.0-second mark?",
        "options": [
            "A. A green dinosaur toy.",
            "B. A blue teddy bear.",
            "C. A red car.",
            "D. A yellow ball."
        ],
        "answer": "A",
        "qa_level": "frame",
        "qa_type": "mcqa",
        "old_answer": "A"
    },
    {
        "qa_idx": 2,
        "qa_type": "qa",
        "qa_level": "frame",
        "qa_task": "object understanding",
        "question": "Are the balloons in the video frame at 1360.0 seconds marked with the number '2'?",
        "answer": "Yes",
        "old_answer": "Yes"
    },
    {
        "qa_idx": 3,
        "qa_task": "descriptive-scene",
        "question": "Where is the character likely located in the video frame at 1582.0 seconds?",
        "options": [
            "A. Outdoors in a park.",
            "B. Indoors or near a built structure.",
            "C. In a forest.",
            "D. On a beach."
        ],
        "answer": "B",
        "qa_level": "frame",
        "qa_type": "mcqa",
        "old_answer": "B"
    },
    {
        "qa_idx": 4,
        "qa_type": "qa",
        "qa_level": "within_event",
        "qa_task": "speed",
        "question": "Did the characters carry the large rectangular package up the staircase quickly between 767.0 and 827.0 seconds?",
        "answer": "No",
        "old_answer": "No"
    },
    {
        "qa_idx": 6,
        "qa_task": "character-understanding",
        "question": "What is the character wearing on their feet in the video frame at 473.0 seconds?",
        "options": [
            "A. Sandals.",
            "B. Sneakers.",
            "C. Red boots.",
            "D. Barefoot."
        ],
        "answer": "C",
        "qa_level": "frame",
        "qa_type": "mcqa",
        "old_answer": "C"
    },
    {
        "qa_idx": 7,
        "qa_task": "character-understanding",
        "question": "What is prominently displayed in the center of the scene at 933.0 seconds into the video?",
        "options": [
            "A. A toy character.",
            "B. A colorful bookshelf.",
            "C. A children's playroom.",
            "D. An educational space."
        ],
        "answer": "A",
        "qa_level": "frame",
        "qa_type": "mcqa",
        "old_answer": "A"
    },
    {
        "qa_idx": 8,
        "qa_task": "character-understanding",
        "question": "What is the pink anthropomorphic character wearing in the video frame at 1233.0 seconds?",
        "options": [
            "A. A red hat with a dark band.",
            "B. A blue hat with a dark band.",
            "C. A green hat with a dark band.",
            "D. A yellow hat with a dark band."
        ],
        "answer": "C",
        "qa_level": "frame",
        "qa_type": "mcqa",
        "old_answer": "C"
    },
    {
        "qa_idx": 9,
        "qa_task": "descriptive-scene",
        "question": "Where does the scene at 1687.0 seconds into the video take place?",
        "options": [
            "A. In a busy city street.",
            "B. In a serene aquatic setting.",
            "C. In a crowded marketplace.",
            "D. In a dense forest."
        ],
        "answer": "B",
        "qa_level": "frame",
        "qa_type": "mcqa",
        "old_answer": "B"
    },
    {
        "qa_idx": 11,
        "qa_task": "spatial-relationship",
        "question": "What is running horizontally across the frame in the foreground at 1501.0 seconds?",
        "options": [
            "A. A river.",
            "B. A road.",
            "C. A fence.",
            "D. A row of trees."
        ],
        "answer": "B",
        "qa_level": "frame",
        "qa_type": "mcqa",
        "old_answer": "B"
    },
    {
        "qa_idx": 12,
        "qa_task": "descriptive-scene",
        "question": "Where does the scene at 1426.0 seconds into the video take place?",
        "options": [
            "A. In a retail or convenience store.",
            "B. In a kitchen.",
            "C. In an office.",
            "D. In a living room."
        ],
        "answer": "A",
        "qa_level": "frame",
        "qa_type": "mcqa",
        "old_answer": "A"
    },
    {
        "qa_idx": 13,
        "qa_task": "object understanding",
        "question": "What objects are the animated characters holding at 1328.0 seconds into the video?",
        "options": [
            "A. Balloons with the number '2' on them.",
            "B. Books about dinosaurs.",
            "C. Toy cars.",
            "D. Musical instruments."
        ],
        "answer": "A",
        "qa_level": "frame",
        "qa_type": "mcqa",
        "old_answer": "A"
    },
    {
        "qa_idx": 14,
        "qa_task": "character-understanding",
        "question": "What is visible on the right side of the frame at 1711.0 seconds into the video?",
        "options": [
            "A. A full view of a person.",
            "B. A partial view of a figure's arm.",
            "C. A small white flower.",
            "D. A red chimney-like projection."
        ],
        "answer": "B",
        "qa_level": "frame",
        "qa_type": "mcqa",
        "old_answer": "B"
    },
    {
        "qa_idx": 15,
        "qa_task": "object understanding",
        "question": "What is the appearance and function of the green toy dinosaur in the scenes from 567.0 to 627.0 seconds?",
        "options": [
            "A. The green toy dinosaur is a large, realistic-looking toy that serves as a decorative piece in the room.",
            "B. The green toy dinosaur is a small, cartoonish toy that adds a comforting or playful element to the scene.",
            "C. The green toy dinosaur is a medium-sized, mechanical toy that moves and makes sounds.",
            "D. The green toy dinosaur is a plush toy that is used as a pillow."
        ],
        "answer": "B",
        "qa_level": "cross_event",
        "qa_type": "mcqa",
        "old_answer": "B"
    },
    {
        "qa_idx": 16,
        "qa_task": "time-order",
        "question": "What is the correct sequence of events in the video from 1267.0 to 1327.0 seconds?",
        "options": [
            "A. The cartoon pig family explores a museum, then they are in a room with a golden chair, followed by a dinosaur-themed exhibit.",
            "B. The cartoon pig family starts in a room with a golden chair, then explores a museum, and ends with a dinosaur-themed exhibit.",
            "C. The cartoon pig family explores a dinosaur-themed exhibit first, then they are in a room with a golden chair, followed by exploring a museum.",
            "D. The cartoon pig family starts in a dinosaur-themed exhibit, then explores a museum, and ends in a room with a golden chair."
        ],
        "answer": "A",
        "qa_level": "cross_event",
        "qa_type": "mcqa",
        "old_answer": "A"
    },
    {
        "qa_idx": 17,
        "qa_task": "attribute-change",
        "question": "How does the setting change from the beginning to the end of the video events between 1203.0 seconds to 1266.0 seconds?",
        "options": [
            "A. The setting remains the same throughout the video.",
            "B. The setting changes from a colorful and lively animated kitchen to a colorful bedroom scene.",
            "C. The setting changes from an outdoor environment to an indoor environment.",
            "D. The setting changes from a dark and gloomy room to a bright and sunny room."
        ],
        "answer": "B",
        "qa_level": "cross_event",
        "qa_type": "mcqa",
        "old_answer": "B"
    },
    {
        "qa_idx": 18,
        "qa_task": "temporal-relationship",
        "question": "What were the characters doing before they gathered around a jack-in-the-box toy?",
        "options": [
            "A. They were interacting energetically in a classroom.",
            "B. They were playing with a green dinosaur toy outdoors.",
            "C. They were inspecting a trail of brown crumbs in the kitchen.",
            "D. They were rolling in the mud outdoors."
        ],
        "answer": "A",
        "qa_level": "long_term",
        "qa_type": "mcqa",
        "old_answer": "A"
    },
    {
        "qa_idx": 19,
        "qa_task": "spatial-relationship",
        "question": "Where is the goldfish located in the living room scene?",
        "options": [
            "A. On the bookshelf.",
            "B. On the television.",
            "C. On the table.",
            "D. On the floor."
        ],
        "answer": "B",
        "qa_level": "long_term",
        "qa_type": "mcqa",
        "old_answer": "B"
    },
    {
        "qa_idx": 22,
        "qa_task": "camera-direction",
        "question": "What does the camera do when the scene transitions from the classroom setting to the domestic setting featuring a family of animated pigs?",
        "options": [
            "A. The camera zooms in on the characters.",
            "B. The camera pans to the left.",
            "C. The camera moves closer to the family.",
            "D. The camera zooms out to show the entire room."
        ],
        "answer": "C",
        "qa_level": "long_term",
        "qa_type": "mcqa",
        "old_answer": "C"
    },
    {
        "qa_idx": 23,
        "qa_task": "speed",
        "question": "Which character is moving faster in the video from 3.0 to 1789.0 seconds, the pig in the red dress or the pig in the blue outfit?",
        "options": [
            "A. The pig in the red dress.",
            "B. The pig in the blue outfit.",
            "C. Both are moving at the same speed.",
            "D. None of the above."
        ],
        "answer": "A",
        "qa_level": "long_term",
        "qa_type": "mcqa",
        "old_answer": "A"
    },
    {
        "qa_idx": 24,
        "qa_task": "attribute-change",
        "question": "How does the environment change from the beginning to the end of the video from 3.0 to 1789.0 seconds?",
        "options": [
            "A. From a classroom setting to a rainy outdoor scene.",
            "B. From a domestic setting to a museum exhibit.",
            "C. From a vibrant indoor setting to a playful outdoor environment.",
            "D. From a kitchen setting to a vehicle-related activity."
        ],
        "answer": "C",
        "qa_level": "long_term",
        "qa_type": "mcqa",
        "old_answer": "C"
    },
    {
        "qa_idx": 25,
        "qa_task": "character-understanding",
        "question": "What is the adult pig character wearing while holding a jack-in-the-box toy in the living room scene from 3.0 to 1789.0 seconds?",
        "options": [
            "A. A green shirt.",
            "B. A red dress.",
            "C. A blue outfit.",
            "D. An orange dress."
        ],
        "answer": "A",
        "qa_level": "long_term",
        "qa_type": "mcqa",
        "old_answer": "A"
    },
    {
        "qa_idx": 26,
        "qa_task": "object understanding",
        "question": "What objects are featured in the classroom setting in the video?",
        "options": [
            "A. Blackboards displaying the alphabet, colorful curtains, clocks, and height charts.",
            "B. A purple couch, a blue armchair, and a red lamp.",
            "C. A green toy house, a clock, and a washing machine.",
            "D. A yellow house, a red roof, and a green hill."
        ],
        "answer": "A",
        "qa_level": "long_term",
        "qa_type": "mcqa",
        "old_answer": "A"
    }
]