[
    {
        "qa_idx": 0,
        "qa_task": "object understanding",
        "question": "What kind of objects are primarily featured in the frame at 2273.0 seconds into the video?",
        "options": [
            "A. Blue cubes.",
            "B. Green pyramids.",
            "C. Red, spherical objects resembling balloons.",
            "D. Yellow stars."
        ],
        "answer": "C",
        "qa_level": "frame",
        "qa_type": "mcqa",
        "old_answer": "C"
    },
    {
        "qa_idx": 1,
        "qa_task": "character-understanding",
        "question": "What is visible on the left side of the frame at 1891.0 seconds into the video?",
        "options": [
            "A. A pair of red, textured objects connected by a wooden element.",
            "B. A metallic or plastic structure with blue and white lighting.",
            "C. A person interacting with mechanical components.",
            "D. A green, organic shape with a metallic base."
        ],
        "answer": "A",
        "qa_level": "frame",
        "qa_type": "mcqa",
        "old_answer": "A"
    },
    {
        "qa_idx": 2,
        "qa_task": "character-understanding",
        "question": "What is the title of the episode displayed in the frame at 1447.0 seconds?",
        "options": [
            "A. Larva.",
            "B. Season 1.",
            "C. Cavity.",
            "D. Storyboard."
        ],
        "answer": "C",
        "qa_level": "frame",
        "qa_type": "mcqa",
        "old_answer": "C"
    },
    {
        "qa_idx": 3,
        "qa_type": "qa",
        "qa_level": "within_event",
        "qa_task": "speed",
        "question": "From 225.0 to 284.0 seconds, is the animated dog dressed in blue jumping playfully at a slow pace?",
        "answer": "No",
        "old_answer": "No"
    },
    {
        "qa_idx": 4,
        "qa_task": "speed",
        "question": "During the event from 682.0 to 741.0 seconds, which scene transition occurs more quickly?",
        "options": [
            "A. From the animated toy character to the animated insects.",
            "B. From the bustling urban street scene to the domestic indoor setting.",
            "C. From the detailed objects on the wooden surface to the serene indoor scenes of potted plants.",
            "D. From the animated characters around the plant pot to the toy on the wooden surface."
        ],
        "answer": "B",
        "qa_level": "within_event",
        "qa_type": "mcqa",
        "old_answer": "B"
    },
    {
        "qa_idx": 5,
        "qa_type": "qa",
        "qa_level": "long_term",
        "qa_task": "plot-understanding",
        "question": "Do the animated characters interact with both natural and industrial environments throughout the video from 19.0 to 2439.0 seconds?",
        "answer": "Yes",
        "old_answer": "Yes"
    },
    {
        "qa_idx": 6,
        "qa_task": "attribute-change",
        "question": "How does the lighting change from the beginning to the end of the event sequence from 385.0 to 444.0 seconds?",
        "options": [
            "A. The lighting remains consistently warm throughout.",
            "B. The lighting changes from warm golden light to dimly lit and then back to warm natural lighting.",
            "C. The lighting changes from bright white light to dark and then to blue light.",
            "D. The lighting changes from dim light to bright white light and then to warm golden light."
        ],
        "answer": "B",
        "qa_level": "within_event",
        "qa_type": "mcqa",
        "old_answer": "B"
    },
    {
        "qa_idx": 7,
        "qa_task": "counting",
        "question": "How many different types of animated creatures and objects are mentioned in the event from 755.0 to 822.0 seconds?",
        "options": [
            "A. 5.",
            "B. 7.",
            "C. 9.",
            "D. 11."
        ],
        "answer": "C",
        "qa_level": "cross_event",
        "qa_type": "mcqa",
        "old_answer": "C"
    },
    {
        "qa_idx": 8,
        "qa_task": "object understanding",
        "question": "What is the appearance and function of the insect-like character in the video events from 1713.0 to 1778.0 seconds?",
        "options": [
            "A. The insect-like character has a slender build and is seen holding the hand of another character, indicating curiosity or surprise.",
            "B. The insect-like character is bulky and is seen flying around, indicating aggression.",
            "C. The insect-like character is small and is seen hiding, indicating fear.",
            "D. The insect-like character is large and is seen running, indicating urgency."
        ],
        "answer": "A",
        "qa_level": "cross_event",
        "qa_type": "mcqa",
        "old_answer": "A"
    },
    {
        "qa_idx": 9,
        "qa_task": "temporal-relationship",
        "question": "What happens after the setting transforms to a parchment-like background with elaborate floral and vine motifs in the event from 98.0 to 160.0 seconds?",
        "options": [
            "A. The scene shifts to a whimsical outdoor area with discarded human objects.",
            "B. The focus is on a partially rolled-up ornate scroll featuring dynamic sketches of small skeletons in motion.",
            "C. The environment becomes associated with 'Larva Season 2' with colorful buildings and whimsical characters.",
            "D. The lighting becomes slightly brighter."
        ],
        "answer": "B",
        "qa_level": "cross_event",
        "qa_type": "mcqa",
        "old_answer": "B"
    },
    {
        "qa_idx": 10,
        "qa_task": "temporal-relationship",
        "question": "What happens after the scene with the two colorful slug-like creatures observing a small water dish containing a tiny animated slug?",
        "options": [
            "A. The scene transitions to an industrial and rustic environment with animated worm-like creatures.",
            "B. The scene shifts to a cozy domestic interior with a living space and a birdcage.",
            "C. The scene moves to a whimsical outdoor area with discarded human objects.",
            "D. The scene changes to a parchment-like background with floral and vine motifs."
        ],
        "answer": "A",
        "qa_level": "long_term",
        "qa_type": "mcqa",
        "old_answer": "A"
    },
    {
        "qa_idx": 11,
        "qa_task": "spatial-relationship",
        "question": "Where are the two colorful slug-like creatures positioned in relation to the fish in the bag in the scene from 19.0 to 2439.0 seconds?",
        "options": [
            "A. Behind the fish tank.",
            "B. In front of the fish.",
            "C. On top of the fish tank.",
            "D. Next to the fish tank."
        ],
        "answer": "B",
        "qa_level": "long_term",
        "qa_type": "mcqa",
        "old_answer": "B"
    },
    {
        "qa_idx": 13,
        "qa_task": "object-direction",
        "question": "In the video from 19.0 to 2439.0 seconds, which direction do the animated characters move relative to the large green bottle?",
        "options": [
            "A. Towards the bottle.",
            "B. Away from the bottle.",
            "C. Around the bottle.",
            "D. Above the bottle."
        ],
        "answer": "A",
        "qa_level": "long_term",
        "qa_type": "mcqa",
        "old_answer": "A"
    },
    {
        "qa_idx": 14,
        "qa_task": "camera-direction",
        "question": "How does the camera movement change from the scene at 19.0 seconds to the scene at 2439.0 seconds?",
        "options": [
            "A. The camera moves from a close-up of a textured wall to a wide shot of an urban alleyway.",
            "B. The camera moves from a wide shot of an urban alleyway to a close-up of a textured wall.",
            "C. The camera remains static throughout the scenes.",
            "D. The camera moves from a close-up of a toy to a wide shot of a garden."
        ],
        "answer": "A",
        "qa_level": "long_term",
        "qa_type": "mcqa",
        "old_answer": "A"
    },
    {
        "qa_idx": 15,
        "qa_task": "speed",
        "question": "Which character moves faster in the video sequence from 19.0 to 2439.0 seconds, the yellow slug or the red slug?",
        "options": [
            "A. The yellow slug.",
            "B. The red slug.",
            "C. Both move at the same speed.",
            "D. None of the above."
        ],
        "answer": "A",
        "qa_level": "long_term",
        "qa_type": "mcqa",
        "old_answer": "A"
    },
    {
        "qa_idx": 17,
        "qa_task": "character-understanding",
        "question": "What are the two main animated characters doing in the scene from 19.0 to 2439.0 seconds?",
        "options": [
            "A. Observing a small blue bird.",
            "B. Engaging in a confrontation with a beetle-like creature.",
            "C. Interacting with a fish inside a plastic water bag.",
            "D. Playing with a green chameleon."
        ],
        "answer": "C",
        "qa_level": "long_term",
        "qa_type": "mcqa",
        "old_answer": "C"
    },
    {
        "qa_idx": 18,
        "qa_task": "time-order",
        "question": "In which order do the events occur in the video from 19.0 to 2439.0 seconds?",
        "options": [
            "A. The scene begins with a textured wall and a fish in a plastic bag, followed by animated slugs interacting with the fish, then transitions to an industrial environment with worm-like creatures, and ends with a vibrant cityscape and whimsical characters.",
            "B. The scene begins with a vibrant cityscape and whimsical characters, followed by an industrial environment with worm-like creatures, then transitions to animated slugs interacting with the fish, and ends with a textured wall and a fish in a plastic bag.",
            "C. The scene begins with animated slugs interacting with the fish, followed by a textured wall and a fish in a plastic bag, then transitions to a vibrant cityscape and whimsical characters, and ends with an industrial environment with worm-like creatures.",
            "D. The scene begins with an industrial environment with worm-like creatures, followed by a vibrant cityscape and whimsical characters, then transitions to a textured wall and a fish in a plastic bag, and ends with animated slugs interacting with the fish."
        ],
        "answer": "A",
        "qa_level": "long_term",
        "qa_type": "mcqa",
        "old_answer": "A"
    },
    {
        "qa_idx": 19,
        "qa_task": "descriptive-scene",
        "question": "Where do the animated characters interact with a fish inside a plastic water bag?",
        "options": [
            "A. In a cozy domestic interior.",
            "B. In an industrial and rustic environment.",
            "C. In a dimly lit, enclosed space with dark, paneled walls.",
            "D. In a whimsical outdoor area with discarded human objects."
        ],
        "answer": "C",
        "qa_level": "long_term",
        "qa_type": "mcqa",
        "old_answer": "C"
    }
]