[
    {
        "qa_idx": 0,
        "qa_type": "qa",
        "qa_level": "frame",
        "qa_task": "character-understanding",
        "question": "Is a hand holding a partially eaten piece of stuffed flatbread or wrap at 1690.0 seconds into the video?",
        "answer": "Yes",
        "old_answer": "Yes"
    },
    {
        "qa_idx": 1,
        "qa_task": "object understanding",
        "question": "What types of vehicles are visible at the road intersection at 433.0 seconds into the video?",
        "options": [
            "A. Bicycles and motorcycles.",
            "B. Cars, a van, and a bus.",
            "C. Trains and airplanes.",
            "D. Boats and ships."
        ],
        "answer": "B",
        "qa_level": "frame",
        "qa_type": "mcqa",
        "old_answer": "B"
    },
    {
        "qa_idx": 2,
        "qa_task": "object understanding",
        "question": "What is the individual holding in their hands at 1083.0 seconds into the video?",
        "options": [
            "A. A piece of bread topped with various ingredients.",
            "B. A cup of coffee.",
            "C. A book.",
            "D. A smartphone."
        ],
        "answer": "A",
        "qa_level": "frame",
        "qa_type": "mcqa",
        "old_answer": "A"
    },
    {
        "qa_idx": 3,
        "qa_type": "qa",
        "qa_level": "within_event",
        "qa_task": "character-understanding",
        "question": "Was the person seated at a table in a dining establishment from 1633.0 to 1694.0 seconds?",
        "answer": "Yes",
        "old_answer": "Yes"
    },
    {
        "qa_idx": 5,
        "qa_type": "qa",
        "qa_level": "within_event",
        "qa_task": "object understanding",
        "question": "Is there a chandelier in the interior setting of the building from 870.0 to 884.0 seconds?",
        "answer": "Yes",
        "old_answer": "Yes"
    },
    {
        "qa_idx": 6,
        "qa_task": "descriptive-scene",
        "question": "What is the main focus of the scene at the 12.0-second mark of the video?",
        "options": [
            "A. A silver platter filled with seasoned, cooked meat.",
            "B. A bowl of salad.",
            "C. A glass of wine.",
            "D. A dessert plate."
        ],
        "answer": "A",
        "qa_level": "frame",
        "qa_type": "mcqa",
        "old_answer": "A"
    },
    {
        "qa_idx": 7,
        "qa_type": "qa",
        "qa_level": "cross_event",
        "qa_task": "action-understanding",
        "question": "In the bustling marketplace in front of the historical Nuruosmaniye Mosque from 1370.0 to 1431.0, do people engage in a traditional dance performance in the middle of the market?",
        "answer": "No",
        "old_answer": "No"
    },
    {
        "qa_idx": 9,
        "qa_type": "qa",
        "qa_level": "long_term",
        "qa_task": "object understanding",
        "question": "Is there a plate of food prominently displaying a seasoned meat dish in the video between 3.0 and 1931.0 seconds?",
        "answer": "Yes",
        "old_answer": "Yes"
    },
    {
        "qa_idx": 10,
        "qa_task": "object-direction",
        "question": "In the video events from 1044.0 to 1105.0 seconds and H to e seconds, what is the direction of the focus shift in the scenes?",
        "options": [
            "A. From the man in the black shirt to the man in the white shirt.",
            "B. From the outdoor dining scene to close-ups of food items.",
            "C. From the close-ups of food items to the outdoor dining scene.",
            "D. From the man in the white shirt to the man in the black shirt."
        ],
        "answer": "B",
        "qa_level": "cross_event",
        "qa_type": "mcqa",
        "old_answer": "B"
    },
    {
        "qa_idx": 11,
        "qa_task": "time-order",
        "question": "What is the correct sequence of events in the two video descriptions from the time of 1633.0 to 1694.0 seconds and H to e seconds?",
        "options": [
            "A. The person starts with a freshly prepared salad and then moves on to eating fast food.",
            "B. The person is first seen holding a piece of fast food and then the focus shifts to a freshly prepared salad.",
            "C. The person is seen interacting with a variety of food items and then the scene shifts to a different location.",
            "D. The person is first seen with a freshly prepared salad and then the scene shifts to a different location."
        ],
        "answer": "B",
        "qa_level": "cross_event",
        "qa_type": "mcqa",
        "old_answer": "B"
    },
    {
        "qa_idx": 12,
        "qa_task": "temporal-relationship",
        "question": "What happens after the person inspects and prepares the meat on the grill in the bustling kitchen environment?",
        "options": [
            "A. The scene shifts to a vibrant urban setting with a man standing in front of a storefront.",
            "B. The person continues to handle the skewers on the grill.",
            "C. The scene transitions to a close-up of a plate of food prominently displaying a seasoned meat dish.",
            "D. The person starts cleaning the kitchen area."
        ],
        "answer": "A",
        "qa_level": "long_term",
        "qa_type": "mcqa",
        "old_answer": "A"
    },
    {
        "qa_idx": 14,
        "qa_task": "plot-understanding",
        "question": "What is the main theme of the video from 3.0 to 1931.0 seconds?",
        "options": [
            "A. Urban exploration and historical landmarks.",
            "B. Culinary experiences and dining scenes.",
            "C. Outdoor sports and activities.",
            "D. Shopping and market scenes."
        ],
        "answer": "B",
        "qa_level": "long_term",
        "qa_type": "mcqa",
        "old_answer": "B"
    },
    {
        "qa_idx": 15,
        "qa_task": "camera-direction",
        "question": "How does the camera movement change from the bustling kitchen environment to the vibrant urban setting between 3.0 seconds and 1931.0 seconds?",
        "options": [
            "A. The camera moves from a close-up of food preparation to a wide shot of an urban setting.",
            "B. The camera moves from a wide shot of the kitchen to a close-up of the urban setting.",
            "C. The camera remains static throughout the scenes.",
            "D. The camera moves from a close-up of the urban setting to a wide shot of the kitchen."
        ],
        "answer": "A",
        "qa_level": "long_term",
        "qa_type": "mcqa",
        "old_answer": "A"
    },
    {
        "qa_idx": 16,
        "qa_task": "speed",
        "question": "Which is faster, the bustling kitchen environment or the vibrant urban setting?",
        "options": [
            "A. The bustling kitchen environment.",
            "B. The vibrant urban setting.",
            "C. Both are at the same speed.",
            "D. None of the above."
        ],
        "answer": "B",
        "qa_level": "long_term",
        "qa_type": "mcqa",
        "old_answer": "B"
    },
    {
        "qa_idx": 17,
        "qa_task": "attribute-change",
        "question": "How does the food preparation change from the beginning to the end of the video from 3.0 to 1931.0 seconds?",
        "options": [
            "A. The food preparation starts with grilling meat and ends with serving a variety of dishes including salads, kebabs, and baked goods.",
            "B. The food preparation starts with baking bread and ends with grilling meat.",
            "C. The food preparation starts with making desserts and ends with preparing drinks.",
            "D. The food preparation starts with making salads and ends with baking bread."
        ],
        "answer": "A",
        "qa_level": "long_term",
        "qa_type": "mcqa",
        "old_answer": "A"
    },
    {
        "qa_idx": 20,
        "qa_task": "time-order",
        "question": "In which order do the events occur in the video from 3.0 to 1931.0 seconds?",
        "options": [
            "A. The event initiates in a bustling kitchen environment, then shifts to a vibrant urban setting, followed by a close-up of a plate of food, and concludes inside Lades Menemen Restaurant.",
            "B. The event starts with a scenic urban waterfront, transitions to an expansive cityscape, then to a bustling marketplace, and ends with a grand architectural structure.",
            "C. The event begins with a bustling marketplace, transitions to a grand architectural structure, then to a busy street scene, and concludes with a vibrant food scene.",
            "D. The event starts with a close-up view of a white plate containing multiple cubes of cheese, transitions to a bustling marketplace, then to a grand architectural structure, and ends with a vibrant food scene."
        ],
        "answer": "A",
        "qa_level": "long_term",
        "qa_type": "mcqa",
        "old_answer": "A"
    }
]