[
    {
        "qa_idx": 0,
        "qa_type": "qa",
        "qa_level": "frame",
        "qa_task": "object understanding",
        "question": "Is the man standing near several large rocks at 896.0 seconds into the video?",
        "answer": "Yes",
        "old_answer": "Yes"
    },
    {
        "qa_idx": 1,
        "qa_task": "object understanding",
        "question": "What type of plants dominate the background of the scene at 1340.0 seconds into the video?",
        "options": [
            "A. Tall bamboo stalks.",
            "B. Pine trees.",
            "C. Flowering bushes.",
            "D. Cacti."
        ],
        "answer": "A",
        "qa_level": "frame",
        "qa_type": "mcqa",
        "old_answer": "A"
    },
    {
        "qa_idx": 2,
        "qa_type": "qa",
        "qa_level": "frame",
        "qa_task": "character-understanding",
        "question": "Is the person seated on the floor in the video frame at 1339.0 seconds?",
        "answer": "Yes",
        "old_answer": "Yes"
    },
    {
        "qa_idx": 3,
        "qa_task": "character-understanding",
        "question": "What is the primary focus of the scene at 1173.0 seconds into the video?",
        "options": [
            "A. A large lake.",
            "B. A modest house.",
            "C. A bustling city.",
            "D. A mountain range."
        ],
        "answer": "B",
        "qa_level": "frame",
        "qa_type": "mcqa",
        "old_answer": "B"
    },
    {
        "qa_idx": 4,
        "qa_type": "qa",
        "qa_level": "within_event",
        "qa_task": "object understanding",
        "question": "Is the man wearing light-colored clothing in the video from 1917.0 to 1963.0 seconds?",
        "answer": "Yes",
        "old_answer": "Yes"
    },
    {
        "qa_idx": 6,
        "qa_type": "qa",
        "qa_level": "within_event",
        "qa_task": "action-understanding",
        "question": "Does the individual climb a ladder attached to a tree trunk during the event from 390.0 to 445.0 seconds?",
        "answer": "Yes",
        "old_answer": "Yes"
    },
    {
        "qa_idx": 8,
        "qa_type": "qa",
        "qa_level": "cross_event",
        "qa_task": "plot-understanding",
        "question": "Do both video events from 1917.0 to 1963.0 and 2011.0 to 2079.0 take place in a lush green environment?",
        "answer": "Yes",
        "old_answer": "Yes"
    },
    {
        "qa_idx": 9,
        "qa_type": "qa",
        "qa_level": "cross_event",
        "qa_task": "character-understanding",
        "question": "In both events from 1209.0 to 1252.0 and 1339.0 to 1399.0, were individuals seen holding framed objects?",
        "answer": "Yes",
        "old_answer": "Yes"
    },
    {
        "qa_idx": 11,
        "qa_task": "speed",
        "question": "From 60.0 to 73.0 seconds, how does the speed of the ripples in the water compare to the movement of the silhouetted figure?",
        "options": [
            "A. The ripples move faster than the silhouetted figure.",
            "B. The silhouetted figure moves faster than the ripples.",
            "C. Both the ripples and the silhouetted figure move at the same speed.",
            "D. Neither the ripples nor the silhouetted figure move."
        ],
        "answer": "D",
        "qa_level": "within_event",
        "qa_type": "mcqa",
        "old_answer": "D"
    },
    {
        "qa_idx": 12,
        "qa_task": "temporal-relationship",
        "question": "What happens after the person is seen seated on a rock slab in a relaxed or meditative pose amidst dense greenery?",
        "options": [
            "A. The scene transitions to a dark, murky environment with a body of water and a silhouetted figure.",
            "B. The person starts climbing a ladder attached to a rugged tree trunk.",
            "C. The scene shifts to an outdoor kitchen environment with various utensils scattered around.",
            "D. The person is seen holding a framed piece of paper in a modest stone-walled room."
        ],
        "answer": "A",
        "qa_level": "long_term",
        "qa_type": "mcqa",
        "old_answer": "A"
    },
    {
        "qa_idx": 13,
        "qa_task": "spatial-relationship",
        "question": "What is the person wearing while standing amidst dense vegetation in the final frames of the first event?",
        "options": [
            "A. A sun hat.",
            "B. A traditional attire.",
            "C. A dark-colored shirt.",
            "D. A blue jacket."
        ],
        "answer": "A",
        "qa_level": "long_term",
        "qa_type": "mcqa",
        "old_answer": "A"
    },
    {
        "qa_idx": 14,
        "qa_task": "causal",
        "question": "Why is the person seen wearing a sun hat and standing amidst dense vegetation in the final frames of the first event (1.0 to 2847.0 seconds)?",
        "options": [
            "A. To capture the serene beauty of the natural environment.",
            "B. To prepare food in the rustic outdoor kitchen.",
            "C. To perform a gesture towards religious statues.",
            "D. To navigate through the dense forest."
        ],
        "answer": "A",
        "qa_level": "long_term",
        "qa_type": "mcqa",
        "old_answer": "A"
    },
    {
        "qa_idx": 16,
        "qa_task": "camera-direction",
        "question": "In the video from 1.0 to 2847.0 seconds, what is the camera movement when the scene transitions from the dense forest environment to the rustic house?",
        "options": [
            "A. The camera moves closer to the rustic house.",
            "B. The camera moves away from the rustic house.",
            "C. The camera remains stationary.",
            "D. The camera pans left."
        ],
        "answer": "A",
        "qa_level": "long_term",
        "qa_type": "mcqa",
        "old_answer": "A"
    },
    {
        "qa_idx": 17,
        "qa_task": "speed",
        "question": "Which scene depicts a faster pace of activity compared to the others from 1.0 to 2847.0 seconds?",
        "options": [
            "A. The serene outdoor scene with lush greenery and a person in a meditative pose.",
            "B. The dark, murky scene with a silhouetted figure against an illuminated graphic.",
            "C. The rustic cooking setup under a canopy of greenery.",
            "D. The man navigating his way across a makeshift bridge composed of logs."
        ],
        "answer": "D",
        "qa_level": "long_term",
        "qa_type": "mcqa",
        "old_answer": "D"
    },
    {
        "qa_idx": 19,
        "qa_task": "character-understanding",
        "question": "What is the person wearing while standing amidst dense vegetation and capturing the serene beauty of the natural environment in the final frames of the event from 1.0 to 2847.0 seconds?",
        "options": [
            "A. A sun hat.",
            "B. A traditional attire.",
            "C. A blue shirt.",
            "D. A dark jacket."
        ],
        "answer": "A",
        "qa_level": "long_term",
        "qa_type": "mcqa",
        "old_answer": "A"
    },
    {
        "qa_idx": 20,
        "qa_task": "object understanding",
        "question": "What kind of items are seen on the table in the rustic shelter at the beginning of the video?",
        "options": [
            "A. Bottles, a box of Kiwi Tea, bread, and other packages.",
            "B. Books, a laptop, and a coffee mug.",
            "C. Tools, a toolbox, and a helmet.",
            "D. Toys, a game console, and a TV remote."
        ],
        "answer": "A",
        "qa_level": "long_term",
        "qa_type": "mcqa",
        "old_answer": "A"
    },
    {
        "qa_idx": 21,
        "qa_task": "time-order",
        "question": "In which order do the events occur in the video from 1.0 to 2847.0 seconds?",
        "options": [
            "A. The video starts with a serene outdoor scene with lush greenery, followed by a dark, murky scene with a body of water, then transitions to a large tree with sunlight filtering through, and ends with a rustic shelter made of green corrugated metal.",
            "B. The video starts with a dark, murky scene with a body of water, followed by a serene outdoor scene with lush greenery, then transitions to a large tree with sunlight filtering through, and ends with a rustic shelter made of green corrugated metal.",
            "C. The video starts with a large tree with sunlight filtering through, followed by a serene outdoor scene with lush greenery, then transitions to a dark, murky scene with a body of water, and ends with a rustic shelter made of green corrugated metal.",
            "D. The video starts with a rustic shelter made of green corrugated metal, followed by a serene outdoor scene with lush greenery, then transitions to a large tree with sunlight filtering through, and ends with a dark, murky scene with a body of water."
        ],
        "answer": "A",
        "qa_level": "long_term",
        "qa_type": "mcqa",
        "old_answer": "A"
    }
]