[
    {
        "qa_idx": 0,
        "qa_type": "qa",
        "qa_level": "frame",
        "qa_task": "object understanding",
        "question": "Is one of the individuals wearing a helmet with a yellow and silver design at 829.0 seconds into the video?",
        "answer": "Yes",
        "old_answer": "Yes"
    },
    {
        "qa_idx": 1,
        "qa_task": "object understanding",
        "question": "What is the woman wearing in the frame captured at 843.0 seconds into the video?",
        "options": [
            "A. A red shirt and a denim jacket.",
            "B. A mustard yellow top.",
            "C. A blue dress.",
            "D. A green sweater."
        ],
        "answer": "B",
        "qa_level": "frame",
        "qa_type": "mcqa",
        "old_answer": "B"
    },
    {
        "qa_idx": 2,
        "qa_task": "spatial-relationship",
        "question": "What is visible on the right side of the frame at 1713.0 seconds?",
        "options": [
            "A. A tree.",
            "B. A part of a figure or object.",
            "C. A bicycle.",
            "D. A car."
        ],
        "answer": "B",
        "qa_level": "frame",
        "qa_type": "mcqa",
        "old_answer": "B"
    },
    {
        "qa_idx": 3,
        "qa_type": "qa",
        "qa_level": "within_event",
        "qa_task": "speed",
        "question": "Did the individuals in colorful costumes move quickly during the intense and dynamic scene in the dense forest from 874.0 to 1041.0 seconds?",
        "answer": "Yes",
        "old_answer": "Yes"
    },
    {
        "qa_idx": 4,
        "qa_type": "qa",
        "qa_level": "cross_event",
        "qa_task": "speed",
        "question": "From the time of 1275.0 to 1343.0, did the individuals in colorful costumes engage in their battle-like stances and movements at a fast pace compared to the interactions and experiments performed by the individuals and robots in the laboratory from the time of 1344.0 to 1425.0?",
        "answer": "Yes",
        "old_answer": "Yes"
    },
    {
        "qa_idx": 5,
        "qa_type": "qa",
        "qa_level": "cross_event",
        "qa_task": "character-understanding",
        "question": "In both events from 375.0 to 410.0 and 414.0 to 474.0, were individuals shown wearing helmets while seated in a high-tech control environment?",
        "answer": "Yes",
        "old_answer": "Yes"
    },
    {
        "qa_idx": 6,
        "qa_task": "scene-understanding",
        "question": "What is the setting of the scene at the beginning of the event from 306.0 to 307.0 seconds?",
        "options": [
            "A. A medieval castle.",
            "B. A sci-fi or fantasy setting with an industrial or futuristic background.",
            "C. A suburban neighborhood.",
            "D. A dense forest."
        ],
        "answer": "B",
        "qa_level": "within_event",
        "qa_type": "mcqa",
        "old_answer": "B"
    },
    {
        "qa_idx": 7,
        "qa_task": "causal",
        "question": "Why are the two individuals wearing vibrant attire and helmets at the beginning of the event sequence from 678.0 to 713.0 seconds?",
        "options": [
            "A. They are preparing for a futuristic battle.",
            "B. They are attending a costume party.",
            "C. They are filming a movie.",
            "D. They are going for a bike ride."
        ],
        "answer": "A",
        "qa_level": "within_event",
        "qa_type": "mcqa",
        "old_answer": "A"
    },
    {
        "qa_idx": 8,
        "qa_type": "qa",
        "qa_level": "long_term",
        "qa_task": "object understanding",
        "question": "Is there a toy robot present in the modern laboratory scene from 1.0 to 1825.0 seconds?",
        "answer": "Yes",
        "old_answer": "Yes"
    },
    {
        "qa_idx": 9,
        "qa_task": "attribute-change",
        "question": "How does the setting change from the beginning to the end of the event from 1054.0 to 1139.0 seconds?",
        "options": [
            "A. From an indoor scene to an outdoor scene.",
            "B. From a vibrant title card to a dynamic urban setting with supernatural elements.",
            "C. From a nighttime scene to a daytime scene.",
            "D. From a forested area to an urban park."
        ],
        "answer": "B",
        "qa_level": "cross_event",
        "qa_type": "mcqa",
        "old_answer": "B"
    },
    {
        "qa_idx": 10,
        "qa_task": "causal",
        "question": "Why did the person in yellow attire move from the laboratory to an outdoor setting surrounded by tall grasses and bushes between the time of 1.0 to 64.0 seconds?",
        "options": [
            "A. To conduct an archaeological or research activity.",
            "B. To take a break from the laboratory work.",
            "C. To meet with other researchers.",
            "D. To test the toy robot in a different environment."
        ],
        "answer": "A",
        "qa_level": "cross_event",
        "qa_type": "mcqa",
        "old_answer": "A"
    },
    {
        "qa_idx": 11,
        "qa_task": "temporal-relationship",
        "question": "What was the person in yellow attire doing before they were seen tumbling down a dirt path?",
        "options": [
            "A. Engaged in an archaeological or research activity outdoors.",
            "B. Interacting with a wrist device in a laboratory.",
            "C. Standing near a suspension bridge.",
            "D. Engaging in a confrontation in a post-apocalyptic setting."
        ],
        "answer": "A",
        "qa_level": "long_term",
        "qa_type": "mcqa",
        "old_answer": "A"
    },
    {
        "qa_idx": 12,
        "qa_task": "spatial-relationship",
        "question": "Where is the toy robot positioned in the modern laboratory?",
        "options": [
            "A. On a desk to the left.",
            "B. On a desk to the right.",
            "C. On the floor in the center.",
            "D. On a shelf in the background."
        ],
        "answer": "A",
        "qa_level": "long_term",
        "qa_type": "mcqa",
        "old_answer": "A"
    },
    {
        "qa_idx": 13,
        "qa_task": "causal",
        "question": "Why did the person in yellow attire tumble down the dirt path amidst a backdrop of green grass, bushes, and a forested area?",
        "options": [
            "A. The person was engaged in dynamic movement.",
            "B. The person was pushed by someone.",
            "C. The person tripped over a rock.",
            "D. The person was running away from an animal."
        ],
        "answer": "A",
        "qa_level": "long_term",
        "qa_type": "mcqa",
        "old_answer": "A"
    },
    {
        "qa_idx": 14,
        "qa_task": "counting",
        "question": "How many individuals are dressed in colorful, uniform-like outfits engaged in coordinated activities in the grassy field scene?",
        "options": [
            "A. Three.",
            "B. Five.",
            "C. Seven.",
            "D. Fourteen."
        ],
        "answer": "B",
        "qa_level": "long_term",
        "qa_type": "mcqa",
        "old_answer": "B"
    },
    {
        "qa_idx": 17,
        "qa_task": "camera-direction",
        "question": "What is the camera movement when the scene transitions from the modern laboratory to the outdoor archaeological activity at the end of the segment from 1.0 to 1825.0 seconds?",
        "options": [
            "A. The camera zooms in on the person in yellow attire.",
            "B. The camera pans from the laboratory to the outdoor scene.",
            "C. The camera remains static.",
            "D. The camera zooms out to show the entire laboratory."
        ],
        "answer": "B",
        "qa_level": "long_term",
        "qa_type": "mcqa",
        "old_answer": "B"
    },
    {
        "qa_idx": 18,
        "qa_task": "speed",
        "question": "Which is faster, the yellow robot toy or the large blue truck in the urban setting from 1.0 to 1825.0 seconds?",
        "options": [
            "A. The yellow robot toy.",
            "B. The large blue truck.",
            "C. Both are at the same speed.",
            "D. None of the above."
        ],
        "answer": "B",
        "qa_level": "long_term",
        "qa_type": "mcqa",
        "old_answer": "B"
    },
    {
        "qa_idx": 19,
        "qa_task": "attribute-change",
        "question": "How does the environment change from the beginning to the end of the video from 1.0 to 1825.0 seconds?",
        "options": [
            "A. From a modern laboratory to a high-tech urban environment.",
            "B. From a modern laboratory to a dense forest.",
            "C. From a modern laboratory to a post-apocalyptic setting.",
            "D. From a modern laboratory to an outdoor industrial site."
        ],
        "answer": "A",
        "qa_level": "long_term",
        "qa_type": "mcqa",
        "old_answer": "A"
    },
    {
        "qa_idx": 20,
        "qa_task": "character-understanding",
        "question": "What is the person in yellow attire doing in the final frames of the first segment (1.0 to 1825.0 seconds)?",
        "options": [
            "A. Engaged in an archaeological or research activity outdoors.",
            "B. Interacting with a wrist device in a laboratory.",
            "C. Standing in a high-tech control room.",
            "D. Engaged in a dynamic action sequence in a forest."
        ],
        "answer": "A",
        "qa_level": "long_term",
        "qa_type": "mcqa",
        "old_answer": "A"
    },
    {
        "qa_idx": 22,
        "qa_task": "time-order",
        "question": "In which order do the events occur in the video from 1.0 to 1825.0 seconds?",
        "options": [
            "A. The video begins in a modern laboratory with a toy robot on a desk, followed by an outdoor scene with a person in yellow tumbling down a dirt path, then a woman in a black and purple combat outfit holding a rifle, and finally a group of individuals in colorful suits in a forested area.",
            "B. The video begins with a person in yellow tumbling down a dirt path, followed by a modern laboratory with a toy robot on a desk, then a woman in a black and purple combat outfit holding a rifle, and finally a group of individuals in colorful suits in a forested area.",
            "C. The video begins with a woman in a black and purple combat outfit holding a rifle, followed by a modern laboratory with a toy robot on a desk, then a person in yellow tumbling down a dirt path, and finally a group of individuals in colorful suits in a forested area.",
            "D. The video begins with a group of individuals in colorful suits in a forested area, followed by a modern laboratory with a toy robot on a desk, then a person in yellow tumbling down a dirt path, and finally a woman in a black and purple combat outfit holding a rifle."
        ],
        "answer": "A",
        "qa_level": "long_term",
        "qa_type": "mcqa",
        "old_answer": "A"
    },
    {
        "qa_idx": 23,
        "qa_task": "descriptive-scene",
        "question": "Where does the scene transition to after the modern laboratory setting?",
        "options": [
            "A. A dense forest.",
            "B. An outdoor grassy field.",
            "C. A futuristic urban environment.",
            "D. A high-tech control room."
        ],
        "answer": "B",
        "qa_level": "long_term",
        "qa_type": "mcqa",
        "old_answer": "B"
    }
]