[
    {
        "qa_idx": 0,
        "qa_type": "qa",
        "qa_level": "frame",
        "qa_task": "object understanding",
        "question": "Are there two tires visible in the frame at 1142.0 seconds into the video?",
        "answer": "Yes",
        "old_answer": "Yes"
    },
    {
        "qa_idx": 2,
        "qa_type": "qa",
        "qa_level": "frame",
        "qa_task": "character-understanding",
        "question": "Is the figure in the frame engaged in an activity involving a ladder and several white boxes at 493.0 seconds?",
        "answer": "Yes",
        "old_answer": "Yes"
    },
    {
        "qa_idx": 5,
        "qa_task": "descriptive-scene",
        "question": "Where is the bear relaxing at 1305.0 seconds into the video?",
        "options": [
            "A. On a bed.",
            "B. On an orange-striped couch.",
            "C. On a chair.",
            "D. On the floor."
        ],
        "answer": "B",
        "qa_level": "frame",
        "qa_type": "mcqa",
        "old_answer": "B"
    },
    {
        "qa_idx": 7,
        "qa_task": "scene-understanding",
        "question": "What is the setting of the event from 593.0 to 653.0 seconds?",
        "options": [
            "A. A cozy, finely decorated indoor setting.",
            "B. A bustling outdoor market.",
            "C. A quiet library.",
            "D. A busy city street."
        ],
        "answer": "A",
        "qa_level": "within_event",
        "qa_type": "mcqa",
        "old_answer": "A"
    },
    {
        "qa_idx": 9,
        "qa_task": "time-order",
        "question": "What is the correct sequence of events in the video from 1480.0 to 1541.0 seconds?",
        "options": [
            "A. The bear character is seen indoors, then the scene transitions to the exterior of a rustic wooden building, and finally back indoors.",
            "B. The bear character is seen outdoors, then the scene transitions to the interior of a rustic wooden building, and finally back outdoors.",
            "C. The bear character is seen indoors, then the scene transitions to a different indoor setting, and finally to the exterior of a rustic wooden building.",
            "D. The bear character is seen outdoors, then the scene transitions to another outdoor setting, and finally back indoors."
        ],
        "answer": "A",
        "qa_level": "cross_event",
        "qa_type": "mcqa",
        "old_answer": "A"
    },
    {
        "qa_idx": 10,
        "qa_task": "plot-understanding",
        "question": "What is the primary focus of the bear's activities in the indoor setting from 593.0 to 653.0 seconds?",
        "options": [
            "A. The bear is primarily focused on interacting with a young girl and examining various household objects.",
            "B. The bear is primarily focused on preparing food in the kitchen.",
            "C. The bear is primarily focused on cleaning the room and organizing items.",
            "D. The bear is primarily focused on playing musical instruments."
        ],
        "answer": "A",
        "qa_level": "cross_event",
        "qa_type": "mcqa",
        "old_answer": "A"
    },
    {
        "qa_idx": 11,
        "qa_task": "temporal-relationship",
        "question": "What was the bear doing before it started baking a pie?",
        "options": [
            "A. The bear was fishing in a pond.",
            "B. The bear was operating a camera on a tripod.",
            "C. The bear was interacting with a child dressed in purple.",
            "D. The bear was holding a red strawberry."
        ],
        "answer": "B",
        "qa_level": "long_term",
        "qa_type": "mcqa",
        "old_answer": "B"
    },
    {
        "qa_idx": 12,
        "qa_task": "spatial-relationship",
        "question": "Where is the bear standing when it is holding a fishing rod and a bucket?",
        "options": [
            "A. In a cozy indoor kitchen.",
            "B. On a dirt path along a riverbank.",
            "C. Inside a rustic cabin.",
            "D. In a vibrant garden."
        ],
        "answer": "B",
        "qa_level": "long_term",
        "qa_type": "mcqa",
        "old_answer": "B"
    },
    {
        "qa_idx": 15,
        "qa_task": "object-direction",
        "question": "In the event sequence from 12.0 to 1993.0 seconds, which direction does the bear walk towards while holding a fishing rod and a bucket?",
        "options": [
            "A. Towards the riverbank.",
            "B. Towards the forest.",
            "C. Towards the cabin.",
            "D. Towards the garden."
        ],
        "answer": "A",
        "qa_level": "long_term",
        "qa_type": "mcqa",
        "old_answer": "A"
    },
    {
        "qa_idx": 16,
        "qa_task": "camera-direction",
        "question": "In the event sequence from 12.0 to 1993.0 seconds, what is the camera movement when the bear is seen holding a fishing rod and a bucket in a serene forest setting?",
        "options": [
            "A. The camera moves closer to the bear.",
            "B. The camera moves away from the bear.",
            "C. The camera remains stationary.",
            "D. The camera pans left to right."
        ],
        "answer": "A",
        "qa_level": "long_term",
        "qa_type": "mcqa",
        "old_answer": "A"
    },
    {
        "qa_idx": 17,
        "qa_task": "speed",
        "question": "Which character is depicted moving faster in the video sequence from 790.0 to 1993.0 seconds?",
        "options": [
            "A. The bear riding the red bicycle.",
            "B. The bear walking on a dirt path.",
            "C. The bear interacting with the fishing rod.",
            "D. The bear holding a plate of fresh strawberries."
        ],
        "answer": "A",
        "qa_level": "long_term",
        "qa_type": "mcqa",
        "old_answer": "A"
    },
    {
        "qa_idx": 18,
        "qa_task": "attribute-change",
        "question": "How does the environment change from the beginning to the end of the event sequence from 12.0 to 1993.0 seconds?",
        "options": [
            "A. The environment changes from a lush green forest to a snowy and icy landscape.",
            "B. The environment changes from a cozy indoor setting to a vibrant outdoor garden.",
            "C. The environment changes from a rustic kitchen to a dynamic outdoor scene with mechanical equipment.",
            "D. The environment changes from a serene forest to a bustling indoor tea party."
        ],
        "answer": "A",
        "qa_level": "long_term",
        "qa_type": "mcqa",
        "old_answer": "A"
    },
    {
        "qa_idx": 19,
        "qa_task": "character-understanding",
        "question": "What activities is the bear engaged in throughout the event sequence from 12.0 to 1993.0 seconds?",
        "options": [
            "A. Operating a camera, baking a pie, and interacting with a child.",
            "B. Fishing, riding a bicycle, and playing a guitar.",
            "C. Flying an airplane, repairing a vehicle, and holding a magnifying glass.",
            "D. Painting, reading a book, and playing chess."
        ],
        "answer": "A",
        "qa_level": "long_term",
        "qa_type": "mcqa",
        "old_answer": "A"
    },
    {
        "qa_idx": 20,
        "qa_task": "time-order",
        "question": "In which order do the events occur in the video from 12.0 to 1993.0 seconds?",
        "options": [
            "A. The bear operates a camera, the bear bakes a pie, the bear interacts with a child, the bear holds a fishing rod, the bear examines a compass, the bear rides a bicycle, the bear interacts with wolves, the bear holds a doll, the bear interacts with a red mechanical device, the bear holds a toy airplane, the bear interacts with a nurse character, the bear interacts with a detective character.",
            "B. The bear bakes a pie, the bear operates a camera, the bear interacts with a child, the bear holds a fishing rod, the bear examines a compass, the bear rides a bicycle, the bear interacts with wolves, the bear holds a doll, the bear interacts with a red mechanical device, the bear holds a toy airplane, the bear interacts with a nurse character, the bear interacts with a detective character.",
            "C. The bear interacts with a child, the bear operates a camera, the bear bakes a pie, the bear holds a fishing rod, the bear examines a compass, the bear rides a bicycle, the bear interacts with wolves, the bear holds a doll, the bear interacts with a red mechanical device, the bear holds a toy airplane, the bear interacts with a nurse character, the bear interacts with a detective character.",
            "D. The bear operates a camera, the bear bakes a pie, the bear interacts with a child, the bear examines a compass, the bear holds a fishing rod, the bear rides a bicycle, the bear interacts with wolves, the bear holds a doll, the bear interacts with a red mechanical device, the bear holds a toy airplane, the bear interacts with a nurse character, the bear interacts with a detective character."
        ],
        "answer": "A",
        "qa_level": "long_term",
        "qa_type": "mcqa",
        "old_answer": "A"
    }
]