[
    {
        "qa_idx": 0,
        "qa_type": "qa",
        "qa_level": "frame",
        "qa_task": "object understanding",
        "question": "Is there a stylized microphone with a black hat and devilish horns on the promotional poster at the 1250.0-second mark?",
        "answer": "Yes",
        "old_answer": "Yes"
    },
    {
        "qa_idx": 1,
        "qa_task": "spatial-relationship",
        "question": "What is depicted on the left side of the poster at 1000.0 seconds into the video?",
        "options": [
            "A. A red circular logo with a microphone and hat.",
            "B. A blue square logo with a guitar.",
            "C. A green triangular logo with a tree.",
            "D. A yellow star logo with a moon."
        ],
        "answer": "A",
        "qa_level": "frame",
        "qa_type": "mcqa",
        "old_answer": "A"
    },
    {
        "qa_idx": 2,
        "qa_type": "qa",
        "qa_level": "frame",
        "qa_task": "character-understanding",
        "question": "Does the poster at 1499.0 seconds into the video feature a microphone icon?",
        "answer": "Yes",
        "old_answer": "Yes"
    },
    {
        "qa_idx": 3,
        "qa_task": "spatial-relationship",
        "question": "What is prominently featured in the frame at 2749.0 seconds into the video?",
        "options": [
            "A. A vintage microphone.",
            "B. A poster for 'Radio Squad'.",
            "C. A dark, eerie forest.",
            "D. A misty background."
        ],
        "answer": "B",
        "qa_level": "frame",
        "qa_type": "mcqa",
        "old_answer": "B"
    },
    {
        "qa_idx": 4,
        "qa_type": "qa",
        "qa_level": "within_event",
        "qa_task": "object understanding",
        "question": "Is there a microphone wearing a hat in the poster featured in the video from 4249.0 to 4500.0 seconds?",
        "answer": "Yes",
        "old_answer": "Yes"
    },
    {
        "qa_idx": 5,
        "qa_task": "descriptive-scene",
        "question": "What is the title of the promotional design on the poster at 3250.0 seconds into the video?",
        "options": [
            "A. Radio Squad.",
            "B. Miedosos Pero Sabrosos.",
            "C. Miércoles 11:30 PM.",
            "D. Hat-Wearing Microphone."
        ],
        "answer": "A",
        "qa_level": "frame",
        "qa_type": "mcqa",
        "old_answer": "A"
    },
    {
        "qa_idx": 6,
        "qa_type": "qa",
        "qa_level": "cross_event",
        "qa_task": "speed",
        "question": "Is there any indication of speed or movement in the promotional poster scenes from 1499.0 to 1750.0 and 1999.0 to 2250.0?",
        "answer": "No",
        "old_answer": "No"
    },
    {
        "qa_idx": 8,
        "qa_task": "plot-understanding",
        "question": "What is the title of the show being advertised in the video frames from 3999.0 to 4050.0 seconds?",
        "options": [
            "A. Miedosos Pero Sabrosos.",
            "B. Radio Squad.",
            "C. Thrilling Stories.",
            "D. Mystery Nights."
        ],
        "answer": "A",
        "qa_level": "within_event",
        "qa_type": "mcqa",
        "old_answer": "A"
    },
    {
        "qa_idx": 9,
        "qa_type": "qa",
        "qa_level": "long_term",
        "qa_task": "character-understanding",
        "question": "Is there any human depicted in the video frames from 249.0 to 6750.0 seconds?",
        "answer": "No",
        "old_answer": "No"
    },
    {
        "qa_idx": 10,
        "qa_type": "qa",
        "qa_level": "long_term",
        "qa_task": "object understanding",
        "question": "Does the poster prominently feature a vintage microphone adorned with a hat and devil horns in the video from 249.0 to 6750.0 seconds?",
        "answer": "Yes",
        "old_answer": "Yes"
    },
    {
        "qa_idx": 13,
        "qa_task": "attribute-change",
        "question": "How does the visual attribute of the poster change from the beginning to the end of the event from 4249.0 seconds to 4500.0 seconds?",
        "options": [
            "A. The poster gradually becomes brighter.",
            "B. The poster's background changes from a dark forest to a sunny beach.",
            "C. The poster's text changes from 'Miedosos Pero Sabrosos' to 'Radio Squad'.",
            "D. The poster remains the same with a dark and eerie forest background and the same text."
        ],
        "answer": "D",
        "qa_level": "cross_event",
        "qa_type": "mcqa",
        "old_answer": "D"
    },
    {
        "qa_idx": 14,
        "qa_task": "temporal-relationship",
        "question": "What is the scheduled broadcast time for the show 'Miedosos Pero Sabrosos' as depicted in the video from 249.0 to 6750.0 seconds?",
        "options": [
            "A. Monday 10:00 PM.",
            "B. Tuesday 9:00 PM.",
            "C. Wednesday 11:30 PM.",
            "D. Thursday 8:00 PM."
        ],
        "answer": "C",
        "qa_level": "long_term",
        "qa_type": "mcqa",
        "old_answer": "C"
    },
    {
        "qa_idx": 17,
        "qa_task": "counting",
        "question": "How many times is the promotional poster for 'Miedosos Pero Sabrosos' featuring the 'Radio Squad' logo and the broadcast time 'Miércoles 11:30 PM' depicted in the video from 249.0 to 6750.0 seconds?",
        "options": [
            "A. 5 times.",
            "B. 10 times.",
            "C. 15 times.",
            "D. 20 times."
        ],
        "answer": "B",
        "qa_level": "long_term",
        "qa_type": "mcqa",
        "old_answer": "B"
    },
    {
        "qa_idx": 20,
        "qa_task": "object-direction",
        "question": "In which direction is the 'Radio Squad' poster positioned in the video frames from 249.0 to 6750.0 seconds?",
        "options": [
            "A. Left side of the frame.",
            "B. Right side of the frame.",
            "C. Center of the frame.",
            "D. Top of the frame."
        ],
        "answer": "C",
        "qa_level": "long_term",
        "qa_type": "mcqa",
        "old_answer": "C"
    },
    {
        "qa_idx": 21,
        "qa_task": "camera-direction",
        "question": "What is the camera movement in the video from 249.0 to 6750.0 seconds?",
        "options": [
            "A. The camera moves closer to the poster.",
            "B. The camera moves away from the poster.",
            "C. The camera remains stationary.",
            "D. The camera pans left and right."
        ],
        "answer": "C",
        "qa_level": "long_term",
        "qa_type": "mcqa",
        "old_answer": "C"
    },
    {
        "qa_idx": 22,
        "qa_task": "speed",
        "question": "How quickly does the poster for 'Radio Squad' with the tagline 'Miedosos Pero Sabrosos' appear consistently in the video?",
        "options": [
            "A. Instantly.",
            "B. Gradually over several seconds.",
            "C. Slowly over several minutes.",
            "D. It does not appear consistently."
        ],
        "answer": "A",
        "qa_level": "long_term",
        "qa_type": "mcqa",
        "old_answer": "A"
    },
    {
        "qa_idx": 23,
        "qa_task": "attribute-change",
        "question": "How does the background of the promotional poster for 'Radio Squad' change over the course of the video from 249.0 to 6750.0 seconds?",
        "options": [
            "A. The background changes from a bright sunny day to a dark, eerie forest.",
            "B. The background changes from a cityscape to a dark, eerie forest.",
            "C. The background remains consistently a dark, eerie forest with silhouetted trees.",
            "D. The background changes from a beach scene to a dark, eerie forest."
        ],
        "answer": "C",
        "qa_level": "long_term",
        "qa_type": "mcqa",
        "old_answer": "C"
    },
    {
        "qa_idx": 25,
        "qa_task": "object understanding",
        "question": "What is the central design element of the promotional poster for 'Radio Squad' consistently depicted from 249.0 to 6750.0 seconds?",
        "options": [
            "A. A red circle containing a vintage microphone adorned with a hat and devil horns.",
            "B. A blue circle containing a modern microphone with angel wings.",
            "C. A green square with a picture of a forest.",
            "D. A yellow triangle with a picture of a radio."
        ],
        "answer": "A",
        "qa_level": "long_term",
        "qa_type": "mcqa",
        "old_answer": "A"
    },
    {
        "qa_idx": 26,
        "qa_task": "time-order",
        "question": "In which order do the events occur in the video from 249.0 to 6750.0 seconds?",
        "options": [
            "A. The poster is displayed with a dark, eerie forest backdrop and the text 'RADIO SQUAD' in bold white letters.",
            "B. The poster features a red circle containing a vintage microphone adorned with a hat and devil horns.",
            "C. The text 'MIEDOSOS PERO SABROSOS' is prominently displayed in large white letters.",
            "D. The broadcast time 'MIERCOLES 11:30 PM' is indicated on a red banner at the bottom of the poster."
        ],
        "answer": "A",
        "qa_level": "long_term",
        "qa_type": "mcqa",
        "old_answer": "A"
    }
]