[
    {
        "qa_idx": 0,
        "qa_type": "qa",
        "qa_level": "frame",
        "qa_task": "character-understanding",
        "question": "Is there a woman dressed in traditional attire with her back to the camera at 1307.0 seconds into the video?",
        "answer": "Yes",
        "old_answer": "Yes"
    },
    {
        "qa_idx": 1,
        "qa_task": "object understanding",
        "question": "What type of attire are the individuals wearing in the frame at the 71.0-second mark of the video?",
        "options": [
            "A. Casual clothing.",
            "B. Combat gear.",
            "C. Formal suits.",
            "D. Sports uniforms."
        ],
        "answer": "B",
        "qa_level": "frame",
        "qa_type": "mcqa",
        "old_answer": "B"
    },
    {
        "qa_idx": 2,
        "qa_type": "qa",
        "qa_level": "frame",
        "qa_task": "character-understanding",
        "question": "Does the frame at the 881.0-second mark show any human figures?",
        "answer": "No",
        "old_answer": "No"
    },
    {
        "qa_idx": 3,
        "qa_task": "character-understanding",
        "question": "What is the man doing at 2611.0 seconds into the video?",
        "options": [
            "A. The man is sitting on a chair.",
            "B. The man is lying on a bed.",
            "C. The man is standing by a window.",
            "D. The man is walking in a park."
        ],
        "answer": "B",
        "qa_level": "frame",
        "qa_type": "mcqa",
        "old_answer": "B"
    },
    {
        "qa_idx": 4,
        "qa_type": "qa",
        "qa_level": "within_event",
        "qa_task": "speed",
        "question": "From 4.0 to 34.0 seconds, are the soldiers moving quickly during the military action?",
        "answer": "No",
        "old_answer": "No"
    },
    {
        "qa_idx": 5,
        "qa_task": "spatial-relationship",
        "question": "Where is the man positioned in the frame at 458.0 seconds?",
        "options": [
            "A. Center.",
            "B. Slightly off-center to the left.",
            "C. Slightly off-center to the right.",
            "D. In the background."
        ],
        "answer": "B",
        "qa_level": "frame",
        "qa_type": "mcqa",
        "old_answer": "B"
    },
    {
        "qa_idx": 6,
        "qa_task": "object understanding",
        "question": "What objects are housed in the illuminated display cases in the exhibition space at 2518.0 seconds into the video?",
        "options": [
            "A. Various documents.",
            "B. Sculptures.",
            "C. Paintings.",
            "D. Jewelry."
        ],
        "answer": "A",
        "qa_level": "frame",
        "qa_type": "mcqa",
        "old_answer": "A"
    },
    {
        "qa_idx": 7,
        "qa_type": "qa",
        "qa_level": "cross_event",
        "qa_task": "action-understanding",
        "question": "Between 1468.0 and 1528.0 seconds, do the uniformed individuals engage in any ceremonial or formal activities before the conflict escalates?",
        "answer": "Yes",
        "old_answer": "Yes"
    },
    {
        "qa_idx": 8,
        "qa_type": "qa",
        "qa_level": "long_term",
        "qa_task": "object understanding",
        "question": "Is there a thatched-roof building visible in the scenes from 4.0 to 2761.0 seconds?",
        "answer": "Yes",
        "old_answer": "Yes"
    },
    {
        "qa_idx": 12,
        "qa_task": "scene-understanding",
        "question": "What are the primary settings depicted in the two video event descriptions from the time of 1173.0 to 1247.0 seconds and H to e seconds, respectively?",
        "options": [
            "A. A traditional wooden building and an outdoor wooded area.",
            "B. A modern office and a city street.",
            "C. A classroom and a playground.",
            "D. A hospital and a park."
        ],
        "answer": "A",
        "qa_level": "cross_event",
        "qa_type": "mcqa",
        "old_answer": "A"
    },
    {
        "qa_idx": 13,
        "qa_task": "spatial-relationship",
        "question": "In the video segment from 1381.0 to 1455.0 seconds, where is the man in a dark suit with a microphone initially located?",
        "options": [
            "A. In an outdoor park or memorial.",
            "B. In front of a rustic building with a bell.",
            "C. Seated indoors with a rustic background.",
            "D. In a historical village setting."
        ],
        "answer": "C",
        "qa_level": "cross_event",
        "qa_type": "mcqa",
        "old_answer": "C"
    },
    {
        "qa_idx": 14,
        "qa_task": "temporal-relationship",
        "question": "What happens after the scene showing a man in a formal dark suit and tie in a serious interview setting with Korean subtitles?",
        "options": [
            "A. The scene transitions to a bustling marketplace with thatched-roof buildings.",
            "B. The scene shifts to an outdoor market scene with a man holding a piece of paper.",
            "C. The scene shows a group of men dressed in traditional clothing around a large central table.",
            "D. The scene transitions to a serene village with traditional thatched-roof buildings."
        ],
        "answer": "B",
        "qa_level": "long_term",
        "qa_type": "mcqa",
        "old_answer": "B"
    },
    {
        "qa_idx": 15,
        "qa_task": "spatial-relationship",
        "question": "Where were the soldiers aiming their rifles in the video from 4.0 to 2761.0 seconds?",
        "options": [
            "A. At a thatched-roof building.",
            "B. At a modern skyscraper.",
            "C. At a river.",
            "D. At a mountain."
        ],
        "answer": "A",
        "qa_level": "long_term",
        "qa_type": "mcqa",
        "old_answer": "A"
    },
    {
        "qa_idx": 16,
        "qa_task": "causal",
        "question": "Why were the soldiers aiming rifles at the burning building with thick black smoke and chaotic atmosphere from 4.0 to 2761.0 seconds?",
        "options": [
            "A. To protect the village from an enemy attack.",
            "B. To participate in a ceremonial event.",
            "C. To engage in a historical reenactment.",
            "D. To control a fire outbreak."
        ],
        "answer": "A",
        "qa_level": "long_term",
        "qa_type": "mcqa",
        "old_answer": "A"
    },
    {
        "qa_idx": 17,
        "qa_task": "time-order",
        "question": "In which order do the events occur in the video from 4.0 to 2761.0 seconds?",
        "options": [
            "A. Military action, historical photographs, traditional village scenes, formal meetings, historical maps, traditional village scenes, military office, modern exhibition, interview.",
            "B. Traditional village scenes, military action, historical photographs, formal meetings, historical maps, traditional village scenes, military office, modern exhibition, interview.",
            "C. Historical photographs, military action, traditional village scenes, formal meetings, historical maps, traditional village scenes, military office, modern exhibition, interview.",
            "D. Military action, traditional village scenes, historical photographs, formal meetings, historical maps, traditional village scenes, military office, modern exhibition, interview."
        ],
        "answer": "A",
        "qa_level": "long_term",
        "qa_type": "mcqa",
        "old_answer": "A"
    },
    {
        "qa_idx": 21,
        "qa_task": "speed",
        "question": "Which is faster, the spreading flames or the soldiers' movements in the video from 4.0 to 2761.0 seconds?",
        "options": [
            "A. The spreading flames.",
            "B. The soldiers' movements.",
            "C. Both are at the same speed.",
            "D. None of the above."
        ],
        "answer": "A",
        "qa_level": "long_term",
        "qa_type": "mcqa",
        "old_answer": "A"
    },
    {
        "qa_idx": 22,
        "qa_task": "attribute-change",
        "question": "How does the setting change from the beginning to the end of the video from 4.0 to 2761.0 seconds?",
        "options": [
            "A. From a peaceful village to a chaotic battlefield.",
            "B. From a modern city to a historical village.",
            "C. From a serene forest to a bustling marketplace.",
            "D. From a quiet library to a lively festival."
        ],
        "answer": "A",
        "qa_level": "long_term",
        "qa_type": "mcqa",
        "old_answer": "A"
    }
]