[
    {
        "qa_idx": 0,
        "qa_type": "qa",
        "qa_level": "frame",
        "qa_task": "object understanding",
        "question": "Is there a large yellow balloon in the foreground of the frame at 2515.0 seconds?",
        "answer": "Yes",
        "old_answer": "Yes"
    },
    {
        "qa_idx": 1,
        "qa_type": "qa",
        "qa_level": "within_event",
        "qa_task": "action-understanding",
        "question": "During the nighttime forest scene from 2178.0 to 2234.0 seconds, does the pink character sit down on a bench to rest?",
        "answer": "No",
        "old_answer": "No"
    },
    {
        "qa_idx": 2,
        "qa_task": "object understanding",
        "question": "What are the two anthropomorphic animals doing at 1890.0 seconds into the video?",
        "options": [
            "A. Playing a musical instrument.",
            "B. Engaging in a fishing activity.",
            "C. Cooking food.",
            "D. Building a house."
        ],
        "answer": "B",
        "qa_level": "frame",
        "qa_type": "mcqa",
        "old_answer": "B"
    },
    {
        "qa_idx": 3,
        "qa_task": "speed",
        "question": "Between 1129.0 seconds and 1133.0 seconds, how do the dinosaurs' reactions change?",
        "options": [
            "A. They become more relaxed.",
            "B. They become more urgent.",
            "C. They remain the same.",
            "D. They disappear from the scene."
        ],
        "answer": "B",
        "qa_level": "within_event",
        "qa_type": "mcqa",
        "old_answer": "B"
    },
    {
        "qa_idx": 4,
        "qa_type": "qa",
        "qa_level": "cross_event",
        "qa_task": "action-understanding",
        "question": "In the events from 443.0 to 503.0 and 504.0 to 564.0, do the animated mice characters appear in a vehicle in both events?",
        "answer": "Yes",
        "old_answer": "Yes"
    },
    {
        "qa_idx": 5,
        "qa_task": "camera-direction",
        "question": "Does the camera move closer to the hand placing the blue building block or does it stay at a distance in the video from 565.0 to 627.0 seconds?",
        "options": [
            "A. The camera moves closer to the hand.",
            "B. The camera stays at a distance.",
            "C. The camera moves away from the hand.",
            "D. The camera moves to the side of the hand."
        ],
        "answer": "A",
        "qa_level": "within_event",
        "qa_type": "mcqa",
        "old_answer": "A"
    },
    {
        "qa_idx": 6,
        "qa_type": "qa",
        "qa_level": "long_term",
        "qa_task": "plot-understanding",
        "question": "Does the video depict a continuous narrative involving various animated characters engaging in dynamic and humorous interactions across different settings from 2.0 to 3293.0 seconds?",
        "answer": "Yes",
        "old_answer": "Yes"
    },
    {
        "qa_idx": 7,
        "qa_task": "speed",
        "question": "Which character is depicted as actively engaging with various tools and woodworking activities in the indoor workshop scene from 1458.0 to 1510.0 seconds?",
        "options": [
            "A. The pink cartoon character.",
            "B. The startled dog next to a dirt pile.",
            "C. The dog-like animated character holding a mallet.",
            "D. The cartoon dog in the flooded workshop."
        ],
        "answer": "D",
        "qa_level": "within_event",
        "qa_type": "mcqa",
        "old_answer": "D"
    },
    {
        "qa_idx": 9,
        "qa_task": "character-understanding",
        "question": "What are the main actions of the anthropomorphic characters in the video from 822.0 to 882.0 seconds?",
        "options": [
            "A. The characters are engaged in a playful atmosphere, interacting near a red car, and emitting laser beams.",
            "B. The characters are sitting quietly in a park, reading books.",
            "C. The characters are cooking in a kitchen, preparing a meal.",
            "D. The characters are playing musical instruments in a concert."
        ],
        "answer": "A",
        "qa_level": "cross_event",
        "qa_type": "mcqa",
        "old_answer": "A"
    },
    {
        "qa_idx": 10,
        "qa_task": "descriptive-scene",
        "question": "Where does the vibrant and animated sequence primarily take place between 757.0 seconds to 819.0 seconds?",
        "options": [
            "A. A grey and yellow tiled surface with a green-bricked wall.",
            "B. A dark and gloomy forest.",
            "C. A sandy beach with palm trees.",
            "D. A snowy mountain peak."
        ],
        "answer": "A",
        "qa_level": "cross_event",
        "qa_type": "mcqa",
        "old_answer": "A"
    },
    {
        "qa_idx": 11,
        "qa_task": "temporal-relationship",
        "question": "What happened after the yellow vehicle driven by the pink character appeared on the path?",
        "options": [
            "A. The pink character was covered in mud and displayed an exaggerated facial reaction.",
            "B. The scene transitioned to an outdoor setting featuring three anthropomorphic animals under large trees.",
            "C. The yellow vehicle was shown in motion with linear streaks and a trail of dust or smoke.",
            "D. The scene depicted a yellow tractor tilling the soil in an expansive open field."
        ],
        "answer": "C",
        "qa_level": "long_term",
        "qa_type": "mcqa",
        "old_answer": "C"
    },
    {
        "qa_idx": 12,
        "qa_task": "spatial-relationship",
        "question": "Where is the yellow vehicle first seen in the video?",
        "options": [
            "A. On a dirt path in a green landscape.",
            "B. In a suburban backyard.",
            "C. In a park-like environment.",
            "D. In a flooded workshop."
        ],
        "answer": "A",
        "qa_level": "long_term",
        "qa_type": "mcqa",
        "old_answer": "A"
    },
    {
        "qa_idx": 14,
        "qa_task": "camera-direction",
        "question": "What does the camera do when the yellow vehicle appears on the path and the animated character with pink fur is behind the controls of the vehicle from 2.0 to 3293.0 seconds?",
        "options": [
            "A. The camera moves closer to the vehicle.",
            "B. The camera moves away from the vehicle.",
            "C. The camera remains stationary.",
            "D. The camera pans to the left."
        ],
        "answer": "A",
        "qa_level": "long_term",
        "qa_type": "mcqa",
        "old_answer": "A"
    },
    {
        "qa_idx": 15,
        "qa_task": "speed",
        "question": "Which character is depicted moving rapidly in the video event from 2.0 to 3293.0 seconds?",
        "options": [
            "A. The pink anthropomorphic character covered in mud.",
            "B. The yellow vehicle driven by the pink fur character.",
            "C. The gray mouse character with green eyes and white gloves.",
            "D. The large yellow character enjoying a sunny day in a neighborhood park."
        ],
        "answer": "B",
        "qa_level": "long_term",
        "qa_type": "mcqa",
        "old_answer": "B"
    },
    {
        "qa_idx": 16,
        "qa_task": "attribute-change",
        "question": "How does the appearance of the pink character change from the beginning to the end of the video event sequence from 2.0 to 3293.0 seconds?",
        "options": [
            "A. The pink character starts clean and ends up covered in mud.",
            "B. The pink character starts small and grows larger.",
            "C. The pink character starts with a hat and ends without it.",
            "D. The pink character starts with a different color and changes to pink."
        ],
        "answer": "A",
        "qa_level": "long_term",
        "qa_type": "mcqa",
        "old_answer": "A"
    },
    {
        "qa_idx": 17,
        "qa_task": "character-understanding",
        "question": "What is the pink anthropomorphic character doing in the video from 2.0 to 3293.0 seconds?",
        "options": [
            "A. Driving a yellow vehicle.",
            "B. Interacting with a large dinosaur-like creature.",
            "C. Holding a fishing rod near a waterbody.",
            "D. Engaging in playful activities with other characters."
        ],
        "answer": "A",
        "qa_level": "long_term",
        "qa_type": "mcqa",
        "old_answer": "A"
    },
    {
        "qa_idx": 18,
        "qa_task": "time-order",
        "question": "In which order do the events occur in the video from 2.0 to 3293.0 seconds?",
        "options": [
            "A. The video begins with a vibrant outdoor scene featuring a group of common sunflowers, followed by a yellow vehicle appearing on the path, and then an animated character with pink fur behind the controls of the yellow vehicle.",
            "B. The video begins with a yellow vehicle appearing on the path, followed by a vibrant outdoor scene featuring a group of common sunflowers, and then an animated character with pink fur behind the controls of the yellow vehicle.",
            "C. The video begins with an animated character with pink fur behind the controls of the yellow vehicle, followed by a yellow vehicle appearing on the path, and then a vibrant outdoor scene featuring a group of common sunflowers.",
            "D. The video begins with a yellow vehicle appearing on the path, followed by an animated character with pink fur behind the controls of the yellow vehicle, and then a vibrant outdoor scene featuring a group of common sunflowers."
        ],
        "answer": "A",
        "qa_level": "long_term",
        "qa_type": "mcqa",
        "old_answer": "A"
    },
    {
        "qa_idx": 19,
        "qa_task": "descriptive-scene",
        "question": "Where do the animated characters engage in various dynamic and humorous interactions, including a red dog, three anthropomorphic mice, and a purple character?",
        "options": [
            "A. In a park-like environment with greenery, pathways, and a waterbody.",
            "B. In an expansive open field under a clear sky.",
            "C. In a brightly colored setting with a large cushion and table with a vase.",
            "D. In a suburban backyard featuring a multicolored umbrella and several animated figures."
        ],
        "answer": "D",
        "qa_level": "long_term",
        "qa_type": "mcqa",
        "old_answer": "D"
    }
]