[
    {
        "qa_idx": 0,
        "qa_type": "qa",
        "qa_level": "frame",
        "qa_task": "object understanding",
        "question": "Is there a computer mouse prominently placed on a smooth, reflective surface in the frame at 1424.0 seconds?",
        "answer": "Yes",
        "old_answer": "Yes"
    },
    {
        "qa_idx": 2,
        "qa_type": "qa",
        "qa_level": "frame",
        "qa_task": "character-understanding",
        "question": "At 799.0 seconds into the video, are both individuals wearing light-colored shirts?",
        "answer": "Yes",
        "old_answer": "Yes"
    },
    {
        "qa_idx": 3,
        "qa_task": "spatial-relationship",
        "question": "What is positioned centrally in the scene at 2212.0 seconds into the video?",
        "options": [
            "A. A yellow sign with black text.",
            "B. A man dressed in a white shirt and a tie.",
            "C. A pair of glasses.",
            "D. A vertically-striped curtain or partition."
        ],
        "answer": "B",
        "qa_level": "frame",
        "qa_type": "mcqa",
        "old_answer": "B"
    },
    {
        "qa_idx": 4,
        "qa_type": "qa",
        "qa_level": "within_event",
        "qa_task": "plot-understanding",
        "question": "Does the video event from 2305.0 to 2366.0 seconds depict various social interactions in indoor settings?",
        "answer": "Yes",
        "old_answer": "Yes"
    },
    {
        "qa_idx": 6,
        "qa_task": "scene-understanding",
        "question": "What is the initial setting of the scene from 730.0 to 801.0 seconds?",
        "options": [
            "A. A formal interaction between two men in an indoor setting with abstract art pieces on the wall.",
            "B. A woman in yellowish attire holding a corded phone.",
            "C. A man in dark clothing holding a telephone.",
            "D. A woman seated in a formal environment decorated with trophies and awards."
        ],
        "answer": "A",
        "qa_level": "within_event",
        "qa_type": "mcqa",
        "old_answer": "A"
    },
    {
        "qa_idx": 7,
        "qa_type": "qa",
        "qa_level": "cross_event",
        "qa_task": "camera-direction",
        "question": "Does the camera remain stationary while capturing the scenes from 585.0 to 596.0 and 597.0 to 666.0?",
        "answer": "No",
        "old_answer": "No"
    },
    {
        "qa_idx": 8,
        "qa_task": "camera-direction",
        "question": "Does the camera move closer to the woman in the patterned outfit or does it move away from her in the video from 1321.0 to 1387.0 seconds?",
        "options": [
            "A. The camera moves closer to the woman in the patterned outfit.",
            "B. The camera moves away from the woman in the patterned outfit.",
            "C. The camera remains stationary.",
            "D. The camera moves closer to the man in the suit."
        ],
        "answer": "A",
        "qa_level": "within_event",
        "qa_type": "mcqa",
        "old_answer": "A"
    },
    {
        "qa_idx": 9,
        "qa_type": "qa",
        "qa_level": "long_term",
        "qa_task": "speed",
        "question": "Did the video depict any scenes where individuals were moving at a fast pace between 19.0 and 2636.0 seconds?",
        "answer": "No",
        "old_answer": "No"
    },
    {
        "qa_idx": 10,
        "qa_task": "camera-direction",
        "question": "How does the camera movement direction change from the beginning to the end of the sequence between 865.0 seconds and 926.0 seconds?",
        "options": [
            "A. The camera moves from a wide shot of multiple individuals to a close-up of a woman's upper body.",
            "B. The camera moves from a close-up of a woman's upper body to a wide shot of multiple individuals.",
            "C. The camera remains stationary throughout the sequence.",
            "D. The camera moves from an outdoor setting to an indoor setting."
        ],
        "answer": "A",
        "qa_level": "cross_event",
        "qa_type": "mcqa",
        "old_answer": "A"
    },
    {
        "qa_idx": 12,
        "qa_task": "temporal-relationship",
        "question": "What happens after the boy stands at the entrance of a room holding a tray with food items?",
        "options": [
            "A. The scene transitions to a person lying on a bed covered with a floral-patterned blanket.",
            "B. The boy starts eating the food items on the tray.",
            "C. The boy walks into the room and places the tray on a table.",
            "D. The boy leaves the room and goes outside."
        ],
        "answer": "A",
        "qa_level": "long_term",
        "qa_type": "mcqa",
        "old_answer": "A"
    },
    {
        "qa_idx": 13,
        "qa_task": "spatial-relationship",
        "question": "Where is the boy wearing a striped shirt standing at the beginning of the video?",
        "options": [
            "A. At the entrance of a room.",
            "B. In the middle of a room.",
            "C. Near a window.",
            "D. On a balcony."
        ],
        "answer": "A",
        "qa_level": "long_term",
        "qa_type": "mcqa",
        "old_answer": "A"
    },
    {
        "qa_idx": 14,
        "qa_task": "counting",
        "question": "How many individuals are shown in traditional attire engaging in a potential prayer gesture before an ornate architectural backdrop?",
        "options": [
            "A. One.",
            "B. Two.",
            "C. Several.",
            "D. None."
        ],
        "answer": "C",
        "qa_level": "long_term",
        "qa_type": "mcqa",
        "old_answer": "C"
    },
    {
        "qa_idx": 15,
        "qa_task": "time-order",
        "question": "In which order do the events occur in the video from 19.0 to 2636.0 seconds?",
        "options": [
            "A. A boy stands at the entrance of a room holding a tray with food items. -> A person lies on a bed covered with a floral-patterned blanket. -> A man wearing a cream-colored garment appears indoors with patterned walls and posters in the background.",
            "B. A person lies on a bed covered with a floral-patterned blanket. -> A boy stands at the entrance of a room holding a tray with food items. -> A man wearing a cream-colored garment appears indoors with patterned walls and posters in the background.",
            "C. A man wearing a cream-colored garment appears indoors with patterned walls and posters in the background. -> A boy stands at the entrance of a room holding a tray with food items. -> A person lies on a bed covered with a floral-patterned blanket.",
            "D. A boy stands at the entrance of a room holding a tray with food items. -> A man wearing a cream-colored garment appears indoors with patterned walls and posters in the background. -> A person lies on a bed covered with a floral-patterned blanket."
        ],
        "answer": "A",
        "qa_level": "long_term",
        "qa_type": "mcqa",
        "old_answer": "A"
    },
    {
        "qa_idx": 16,
        "qa_task": "plot-understanding",
        "question": "What is the main theme of the video from 19.0 to 2636.0 seconds?",
        "options": [
            "A. A series of formal and cultural events with various individuals in traditional attire.",
            "B. A sports event featuring basketball games and players.",
            "C. A cooking show with detailed recipes and kitchen scenes.",
            "D. A travel documentary showcasing different landscapes and tourist spots."
        ],
        "answer": "A",
        "qa_level": "long_term",
        "qa_type": "mcqa",
        "old_answer": "A"
    },
    {
        "qa_idx": 17,
        "qa_task": "camera-direction",
        "question": "How does the camera movement change from the scene at 19.0 seconds to the scene at 2636.0 seconds?",
        "options": [
            "A. The camera moves from an indoor setting to an outdoor setting.",
            "B. The camera moves from a close-up to a wide shot.",
            "C. The camera moves from a warm-toned indoor setting to a dimly lit indoor setting.",
            "D. The camera moves from a static shot to a dynamic shot."
        ],
        "answer": "A",
        "qa_level": "long_term",
        "qa_type": "mcqa",
        "old_answer": "A"
    },
    {
        "qa_idx": 18,
        "qa_task": "speed",
        "question": "Which character is depicted moving faster in the video sequence from 19.0 to 2636.0 seconds?",
        "options": [
            "A. The boy holding a tray with food items.",
            "B. The man reclining on a bed.",
            "C. The woman standing in front of an entrance with archways.",
            "D. The individuals engaging in ceremonial events."
        ],
        "answer": "A",
        "qa_level": "long_term",
        "qa_type": "mcqa",
        "old_answer": "A"
    },
    {
        "qa_idx": 20,
        "qa_task": "character-understanding",
        "question": "What is the boy wearing who stands at the entrance of a room holding a tray with food items?",
        "options": [
            "A. A striped shirt.",
            "B. A white shirt with a red tie.",
            "C. A school uniform.",
            "D. A cream-colored garment with brown patterns."
        ],
        "answer": "A",
        "qa_level": "long_term",
        "qa_type": "mcqa",
        "old_answer": "A"
    },
    {
        "qa_idx": 21,
        "qa_task": "object understanding",
        "question": "What decorative element is prominently featured in the indoor settings throughout the video from 19.0 to 2636.0 seconds?",
        "options": [
            "A. Bead curtains.",
            "B. Floral-patterned wallpaper.",
            "C. Modern art pieces.",
            "D. Neon lights."
        ],
        "answer": "A",
        "qa_level": "long_term",
        "qa_type": "mcqa",
        "old_answer": "A"
    }
]